Id,MSSubClass,MSZoning,LotFrontage,LotArea,Street,Alley,LotShape,LandContour,Utilities,LotConfig,LandSlope,Neighborhood,Condition1,Condition2,BldgType,HouseStyle,OverallQual,OverallCond,YearBuilt,YearRemodAdd,RoofStyle,RoofMatl,Exterior1st,Exterior2nd,MasVnrType,MasVnrArea,ExterQual,ExterCond,Foundation,BsmtQual,BsmtCond,BsmtExposure,BsmtFinType1,BsmtFinSF1,BsmtFinType2,BsmtFinSF2,BsmtUnfSF,TotalBsmtSF,Heating,HeatingQC,CentralAir,Electrical,1stFlrSF,2ndFlrSF,LowQualFinSF,GrLivArea,BsmtFullBath,BsmtHalfBath,FullBath,HalfBath,BedroomAbvGr,KitchenAbvGr,KitchenQual,TotRmsAbvGrd,Functional,Fireplaces,FireplaceQu,GarageType,GarageYrBlt,GarageFinish,GarageCars,GarageArea,GarageQual,GarageCond,PavedDrive,WoodDeckSF,OpenPorchSF,EnclosedPorch,3SsnPorch,ScreenPorch,PoolArea,PoolQC,Fence,MiscFeature,MiscVal,MoSold,YrSold,SaleType,SaleCondition,SalePrice
1,70,RH,23.7,59266.8,Grvl,,IR3,Bnk,NoSeWa,CulDSac,Mod,OldTown,PosA,Norm,2FmCon,2.5Fin,5,10,1914,1991,Shed,ClyTile,CBlock,AsbShng,Stone,600.6,Gd,Gd,CBlock,TA,TA,Gd,NA,2333.6,NA,305.0,66.8,4680.0,GasW,Gd,N,FuseP,637.5,228.7,0.0,2807.9,2,1,2,0,1,1,Ex,5,Min1,1,,NA,1979.0,NA,3,467.5,Fa,NA,P,445.7,444.6,550.5,154.1,107.7,696.0,,,,9433.7,3,2006,CWD,Partial,377920
2,45,RH,93.0,44571.3,Pave,,Reg,HLS,AllPub,CulDSac,Sev,NridgHt,PosA,Artery,TwnhsE,2.5Fin,1,9,1923,2010,Flat,WdShake,WdShing,Wd Sdng,Stone,386.5,Ex,Gd,Stone,Fa,NA,NA,GLQ,2606.3,GLQ,1172.8,2123.2,2772.8,Wall,TA,Y,Mix,2743.4,629.9,0.0,2771.4,1,2,0,1,3,1,Ex,8,Mod,0,,2Types,1913.0,NA,0,894.3,Fa,Ex,N,322.4,170.2,181.3,30.9,478.2,386.0,,,,14149.8,5,2010,ConLw,Normal,316195
3,150,RH,233.1,68441.7,Grvl,,IR1,Low,AllPub,Corner,Sev,Mitchel,RRNn,PosN,Twnhs,1.5Fin,3,10,1972,1993,Hip,WdShake,Plywood,ImStucc,BrkCmn,887.8,Ex,Ex,PConc,TA,TA,Av,LwQ,1447.2,Unf,931.0,1919.2,3851.0,Grav,TA,Y,FuseA,2843.1,74.1,0.0,5617.0,1,2,1,2,6,3,Ex,7,Min2,3,Gd,Basment,1905.0,Unf,2,718.6,TA,Fa,P,729.8,118.3,64.3,325.8,99.6,341.0,,,,3876.6,11,2006,CWD,Partial,556810
4,180,C,310.6,52967.9,Pave,,IR1,Low,NoSeWa,FR3,Sev,Mitchel,RRNe,Norm,1Fam,1Story,1,1,1927,1995,Gable,WdShngl,Plywood,Stucco,Stone,1273.9,Ex,Gd,PConc,Gd,Gd,NA,Rec,4107.2,Unf,468.4,2272.0,3296.8,Floor,Ex,N,FuseA,1268.1,307.5,0.0,5372.2,3,2,3,0,0,1,Ex,12,Typ,3,,Detchd,1941.0,Unf,2,654.5,TA,TA,N,493.4,440.4,12.0,222.1,319.4,107.0,,,,6943.9,12,2010,WD,Partial,497337
5,90,C,50.0,47279.5,Pave,,IR2,Bnk,NoSeWa,Inside,Gtl,SawyerW,RRNn,Artery,TwnhsE,1Story,5,3,1947,1982,Gable,Roll,WdShing,Plywood,BrkFace,6.0,Ex,Gd,Stone,NA,Gd,No,Rec,415.1,LwQ,342.2,136.0,319.6,GasA,Fa,Y,FuseA,2386.7,1444.3,0.0,3510.8,3,0,1,1,5,0,Fa,13,Min2,0,Ex,2Types,1916.0,Unf,2,1404.2,Fa,,Y,268.3,197.2,101.9,209.4,457.3,676.0,,,,4810.0,4,2009,ConLD,Alloca,383351
6,75,RM,138.2,92194.7,Grvl,,IR2,Bnk,NoSeWa,FR2,Mod,NoRidge,PosN,PosN,2FmCon,SFoyer,5,2,1939,1995,Flat,WdShake,MetalSd,CBlock,Stone,1010.2,Gd,Fa,CBlock,Ex,TA,Av,LwQ,1257.2,NA,1295.3,364.8,4538.5,Floor,TA,N,FuseP,2336.2,757.3,0.0,1066.4,1,1,2,1,4,3,Fa,4,Sev,2,,CarPort,1994.0,,3,715.2,NA,Ex,P,380.6,157.3,103.2,73.8,430.3,632.0,,,,7225.9,8,2008,VWD,Partial,434452
7,150,FV,,195527.5,Pave,,IR2,Lvl,NoSeWa,Corner,Mod,SawyerW,PosN,Feedr,Duplex,1.5Fin,6,8,2008,1963,Gable,WdShngl,VinylSd,CemntBd,BrkCmn,954.4,Fa,TA,BrkTil,TA,Gd,No,Rec,4224.9,ALQ,1231.9,246.0,1053.1,Floor,Po,N,FuseP,3048.5,933.5,0.0,1706.6,1,1,1,0,5,0,Fa,11,Min1,1,Gd,CarPort,1941.0,,1,45.4,Ex,Gd,N,305.8,184.2,473.7,222.4,212.8,401.0,,,Othr,10795.2,11,2008,ConLD,Abnorml,331380
8,50,RL,80.6,109782.9,Grvl,,IR2,HLS,NoSeWa,CulDSac,Gtl,Edwards,Artery,Feedr,TwnhsE,1.5Fin,8,7,1977,1957,Gambrel,ClyTile,Wd Sdng,CBlock,BrkCmn,509.0,Ex,Fa,Stone,NA,Fa,Gd,BLQ,2467.1,Rec,338.7,1596.5,194.3,OthW,Fa,Y,Mix,1465.4,324.2,0.0,2264.8,3,0,2,0,7,3,Ex,4,Sev,1,TA,2Types,1909.0,NA,1,888.3,,Po,P,368.6,36.3,86.2,198.2,306.0,595.0,,,,7472.0,4,2007,ConLD,AdjLand,419228
9,70,RH,,41504.6,Grvl,,IR1,Bnk,AllPub,FR2,Sev,NAmes,RRNe,Norm,Duplex,1.5Fin,10,2,1996,1997,Shed,ClyTile,ImStucc,Stone,Stone,722.3,Fa,Po,Wood,Ex,Gd,Av,Unf,3980.6,LwQ,52.5,1415.6,2756.6,Floor,Fa,Y,SBrkr,2869.3,1408.6,0.0,4969.0,3,0,1,2,0,3,TA,2,Mod,0,,Detchd,1945.0,Fin,0,1032.3,TA,Fa,P,61.1,422.9,476.2,194.9,254.0,301.0,,,,12935.3,6,2009,COD,Alloca,697960
10,85,RM,235.1,17767.7,Pave,,IR2,Lvl,NoSeWa,Corner,Gtl,IDOTRR,RRAe,RRNn,Twnhs,1.5Unf,1,6,1963,1963,Gambrel,Metal,Wd Sdng,Other,None,395.1,Gd,Fa,BrkTil,TA,Po,No,BLQ,3202.9,NA,1185.9,839.4,5289.0,OthW,Ex,Y,SBrkr,1384.1,1551.9,0.0,1239.7,3,0,3,1,2,2,Gd,14,Sev,2,Ex,2Types,1983.0,NA,1,1255.2,TA,TA,P,95.9,391.2,47.9,111.0,166.4,106.0,,,,8575.5,9,2006,New,Abnorml,343584
11,40,RL,200.9,150239.1,Pave,,IR3,Bnk,NoSeWa,Corner,Sev,NPkVill,RRAn,RRNn,Duplex,2Story,4,3,1894,1950,Shed,Metal,CemntBd,Wd Sdng,BrkFace,1263.8,Fa,TA,Wood,Fa,TA,No,Unf,5365.8,Rec,907.3,134.1,921.6,OthW,Po,Y,Mix,2279.6,374.0,0.0,1500.4,2,1,1,0,8,3,TA,6,Min2,2,,CarPort,1948.0,,0,897.1,Fa,Gd,Y,534.5,302.3,500.5,48.0,69.3,634.0,,MnWw,,5979.4,2,2008,VWD,Family,253291
12,70,RM,75.9,83197.9,Pave,,IR1,HLS,NoSeWa,FR3,Gtl,NPkVill,Feedr,PosN,1Fam,2.5Fin,10,8,1980,1965,Shed,CompShg,HdBoard,CBlock,BrkFace,1015.3,Fa,TA,CBlock,Fa,Fa,No,Unf,3374.0,GLQ,148.7,1494.3,78.6,GasW,Fa,Y,SBrkr,868.8,92.9,0.0,2188.5,0,0,0,1,7,3,Fa,9,Min2,0,,Attchd,1908.0,RFn,4,27.6,Ex,Gd,Y,586.2,391.7,141.5,132.4,385.6,584.0,,,,12126.0,8,2010,WD,AdjLand,425409
13,90,C,,177126.6,Grvl,,IR1,HLS,AllPub,Corner,Mod,BrkSide,RRAe,Feedr,Twnhs,1Story,1,10,1932,1967,Flat,WdShngl,MetalSd,ImStucc,None,852.3,TA,Fa,Wood,TA,TA,Gd,BLQ,83.9,GLQ,865.8,1331.8,672.0,Grav,TA,Y,FuseF,496.6,167.1,0.0,5254.0,0,0,1,2,3,0,Fa,13,Sev,1,Po,BuiltIn,1978.0,NA,2,169.8,Fa,NA,P,545.6,204.1,337.5,339.0,43.4,476.0,,,,6685.5,12,2010,Oth,AdjLand,374626
14,90,RH,249.9,142399.0,Pave,Pave,IR3,HLS,NoSeWa,Inside,Gtl,Somerst,PosA,Artery,Duplex,1.5Fin,9,3,1915,1956,Gable,Tar&Grv,MetalSd,BrkFace,BrkFace,628.0,Fa,Fa,Slab,Gd,Gd,NA,ALQ,1991.6,,666.5,263.7,2222.0,Grav,Ex,N,SBrkr,1731.1,1356.8,0.0,3008.2,1,0,3,0,8,0,Fa,7,Min1,1,,CarPort,1938.0,NA,3,228.6,TA,,Y,654.0,161.6,88.2,37.0,292.6,336.0,,,,7991.1,5,2006,Con,Alloca,477167
15,75,RL,182.8,171651.9,Pave,,Reg,HLS,AllPub,FR3,Mod,Blueste,PosA,PosN,TwnhsE,SFoyer,7,10,1887,1964,Gambrel,WdShngl,AsphShn,CemntBd,BrkCmn,466.2,Fa,Po,Stone,Fa,Fa,NA,NA,807.4,BLQ,1141.7,2123.2,3544.9,Floor,Ex,Y,FuseP,1530.6,279.8,0.0,3767.4,2,2,2,1,6,1,TA,9,Maj1,1,Ex,CarPort,1901.0,Unf,0,299.6,NA,Po,Y,808.6,471.7,215.3,194.2,285.3,459.0,,,,15417.4,10,2006,ConLI,Partial,443274
16,50,RL,22.5,59481.5,Grvl,,IR2,Low,NoSeWa,FR3,Sev,OldTown,PosA,Norm,1Fam,2.5Unf,7,9,1893,1973,Gable,Metal,CemntBd,Wd Sdng,BrkCmn,1316.4,Fa,Ex,PConc,NA,TA,NA,ALQ,5218.6,Unf,308.2,464.7,1179.3,GasW,Ex,Y,FuseP,2107.4,1019.9,0.0,2389.4,3,0,1,0,1,2,Fa,8,Maj1,2,,2Types,1967.0,Unf,3,1134.1,Fa,Ex,P,737.5,231.1,47.3,261.3,160.7,312.0,,GdWo,,12189.7,6,2009,ConLD,Alloca,358838
17,45,RL,243.2,149426.7,Pave,,IR1,HLS,NoSeWa,CulDSac,Gtl,Edwards,Norm,Norm,1Fam,1.5Unf,5,1,1928,1998,Hip,Membran,Plywood,Stone,BrkFace,722.3,Ex,TA,Wood,Gd,Gd,Gd,GLQ,587.0,NA,668.0,1736.8,4900.0,Wall,Gd,Y,FuseA,4526.3,315.2,0.0,1334.7,3,2,1,2,0,3,Fa,3,Maj2,0,Gd,2Types,1951.0,Fin,3,439.2,Po,Gd,P,358.7,107.2,319.9,489.3,65.0,153.0,,,,13254.7,3,2006,WD,Alloca,358153
18,75,RL,31.3,57794.7,Pave,,IR3,HLS,NoSeWa,CulDSac,Gtl,StoneBr,RRAe,PosN,2FmCon,2Story,7,5,1933,2000,Shed,Metal,BrkComm,MetalSd,None,802.3,Ex,Ex,Wood,Gd,Gd,NA,ALQ,2188.2,,230.3,2067.5,4602.6,Wall,Fa,N,FuseP,2609.9,351.4,0.0,1516.6,1,1,0,2,0,2,Ex,9,Sev,2,,Attchd,1987.0,RFn,2,442.9,TA,Gd,P,186.4,409.7,190.9,428.7,383.8,608.0,,,,9189.2,8,2006,New,Family,384858
19,75,RL,238.8,202209.0,Pave,,Reg,Lvl,AllPub,Inside,Gtl,Veenker,PosA,Artery,2FmCon,1.5Fin,2,3,1978,2004,Gable,WdShake,BrkFace,AsbShng,BrkFace,833.3,TA,Po,Slab,TA,TA,NA,NA,1276.1,GLQ,1411.4,1353.7,4251.7,Grav,Po,N,FuseF,2744.7,9.0,0.0,4594.6,1,1,2,2,2,1,Fa,5,Min2,1,NA,Attchd,1981.0,NA,4,1071.4,TA,TA,N,267.3,183.7,470.4,465.6,221.7,348.0,,,,5397.4,2,2006,ConLI,Alloca,469708
20,40,RM,80.1,137449.1,Pave,,Reg,HLS,NoSeWa,FR2,Gtl,Somerst,RRAn,Feedr,TwnhsE,1Story,4,6,1942,1962,Gable,CompShg,MetalSd,Other,Stone,717.4,TA,Gd,CBlock,NA,TA,Gd,,4778.9,LwQ,1147.9,576.6,2978.4,GasW,Po,Y,FuseF,4437.5,662.5,0.0,5076.6,2,1,2,2,1,2,Fa,12,Maj2,2,NA,Basment,1910.0,,4,584.8,TA,,Y,503.7,115.9,100.4,416.6,348.1,593.0,,,,15364.7,1,2008,Oth,Family,497395
21,60,RH,300.8,70727.7,Pave,,IR3,Bnk,NoSeWa,Inside,Mod,Veenker,Norm,Feedr,2FmCon,2.5Fin,7,10,1961,1958,Flat,Tar&Grv,Wd Sdng,MetalSd,BrkCmn,409.7,Fa,Gd,PConc,NA,TA,Av,LwQ,1741.5,ALQ,1085.9,722.4,2231.5,Floor,Gd,Y,FuseF,4348.4,185.4,0.0,2951.2,0,2,2,0,3,3,TA,6,Typ,1,,NA,1936.0,Unf,1,91.7,TA,Ex,N,733.8,14.9,154.6,299.3,7.9,528.0,,,,3782.3,11,2009,Oth,AdjLand,427860
22,50,C,128.4,58960.7,Pave,Grvl,IR1,Bnk,AllPub,FR3,Mod,StoneBr,RRNn,Artery,Duplex,2.5Unf,3,2,1943,2005,Hip,Roll,VinylSd,Wd Sdng,BrkCmn,,Ex,Ex,Stone,Ex,Fa,No,NA,5598.2,NA,1017.4,2069.1,2294.8,OthW,TA,N,FuseA,4187.0,813.5,0.0,2228.9,0,0,3,0,7,0,Gd,12,Sal,0,NA,Detchd,1989.0,Fin,4,829.7,TA,Fa,N,601.4,530.9,97.8,437.3,35.8,299.0,,MnWw,,13528.7,12,2006,Con,Partial,344260
23,30,C,116.5,42147.8,Grvl,,IR1,Bnk,NoSeWa,CulDSac,Gtl,StoneBr,PosN,Feedr,2FmCon,2.5Fin,2,9,1941,2005,Gambrel,CompShg,CBlock,CBlock,Stone,157.7,Fa,Fa,CBlock,Fa,Fa,No,GLQ,218.0,Rec,624.0,696.7,3073.8,GasA,Fa,N,SBrkr,761.1,1234.4,0.0,4622.0,3,1,3,1,4,2,Fa,14,Min2,1,Gd,Basment,1971.0,Fin,2,184.4,Gd,TA,N,465.4,255.6,311.2,287.1,84.4,691.0,,GdWo,,14125.2,1,2006,CWD,Family,445240
24,75,C,64.5,149915.0,Pave,,IR2,Low,AllPub,Inside,Mod,SawyerW,RRAe,RRNn,1Fam,2Story,10,6,1901,1964,Shed,WdShngl,Stucco,AsphShn,BrkCmn,1211.9,Ex,TA,Stone,Fa,Po,Gd,GLQ,724.0,,1360.9,1743.1,472.4,Grav,Ex,N,FuseA,3098.3,759.0,0.0,3906.8,1,0,0,1,4,3,Gd,9,Maj2,3,,CarPort,1921.0,Unf,3,810.6,Gd,Po,Y,515.8,88.5,61.7,181.7,54.6,727.0,,,,12672.1,8,2010,COD,Family,508702
25,120,C,110.2,48093.1,Pave,,IR2,Bnk,NoSeWa,CulDSac,Gtl,Timber,Feedr,RRNn,TwnhsE,1.5Unf,2,7,1974,2006,Shed,Membran,HdBoard,VinylSd,Stone,357.6,TA,Ex,Slab,Gd,Fa,NA,LwQ,1267.9,LwQ,107.5,2313.0,4168.9,OthW,Gd,N,FuseP,3855.7,1456.0,0.0,551.0,2,2,1,0,5,1,Gd,6,Sev,3,Ex,Detchd,1951.0,Unf,0,1105.5,Fa,Ex,P,452.7,414.5,104.5,189.1,92.0,533.0,,,,1768.3,2,2008,VWD,Normal,267544
26,160,RM,277.0,128662.2,Pave,,IR3,HLS,NoSeWa,Inside,Mod,NPkVill,Artery,Artery,Duplex,SLvl,1,5,1903,2007,Shed,ClyTile,CemntBd,CBlock,BrkCmn,89.1,Gd,Fa,Stone,Gd,Gd,Mn,BLQ,4577.9,BLQ,1184.0,2335.6,2147.7,Grav,Gd,N,FuseF,3975.4,1531.1,0.0,2195.7,3,1,3,0,4,3,Fa,6,Maj1,0,NA,NA,1904.0,NA,0,1318.0,NA,Ex,Y,832.7,485.5,374.5,287.3,329.5,235.0,,,,13238.8,5,2006,ConLD,AdjLand,271314
27,60,FV,311.9,57917.3,Grvl,,IR3,Low,AllPub,Inside,Mod,OldTown,PosN,RRNn,1Fam,SFoyer,5,9,1957,1984,Gambrel,WdShngl,Stucco,Stone,None,1276.0,Gd,Po,Wood,TA,Fa,NA,ALQ,4958.4,GLQ,317.3,1246.2,1373.3,GasA,Fa,N,FuseA,2852.5,1438.5,0.0,3955.0,0,0,2,1,4,2,Ex,7,Min2,2,Gd,Attchd,1901.0,RFn,4,95.1,Gd,Po,P,699.4,288.8,41.1,411.2,22.6,210.0,,,,10288.6,2,2008,ConLI,Alloca,410297
28,30,RH,128.5,142924.9,Grvl,,IR1,HLS,NoSeWa,Corner,Mod,BrkSide,RRAe,PosN,1Fam,1Story,6,1,1928,1973,Shed,Metal,AsphShn,VinylSd,BrkCmn,246.5,Fa,Fa,PConc,NA,TA,,GLQ,403.3,GLQ,477.6,1930.8,1700.6,Floor,Po,N,FuseA,410.2,1934.3,0.0,3379.1,0,0,1,0,6,3,Fa,8,Typ,2,,BuiltIn,1904.0,Fin,1,431.0,TA,TA,N,669.6,15.5,410.2,67.9,18.2,285.0,,,,10552.8,11,2009,WD,Family,403057
29,190,RL,152.0,175652.3,Pave,,IR1,Lvl,NoSeWa,Inside,Gtl,BrDale,PosN,Feedr,Twnhs,SLvl,6,5,1980,1982,Gable,WdShake,AsbShng,VinylSd,BrkFace,1000.2,TA,Po,Stone,Fa,TA,No,BLQ,183.2,ALQ,765.6,2313.2,1101.6,Wall,Fa,N,FuseF,4577.4,490.0,0.0,5525.6,2,1,1,2,5,3,TA,10,Sal,2,Ex,Detchd,1998.0,Fin,0,925.2,TA,Ex,N,443.4,199.7,57.6,19.9,15.2,422.0,,GdWo,,12191.2,4,2009,Oth,AdjLand,539818
30,120,FV,231.8,167754.6,Grvl,,IR3,HLS,NoSeWa,CulDSac,Gtl,Mitchel,Norm,PosN,2FmCon,1Story,9,10,1880,1965,Mansard,Tar&Grv,Wd Sdng,CBlock,BrkFace,541.8,Ex,Ex,Slab,Ex,,Gd,Unf,4202.3,NA,1153.6,875.2,5508.6,Grav,Po,N,Mix,2391.8,391.2,0.0,4931.3,3,0,1,2,1,2,Fa,12,Mod,1,Ex,Detchd,1931.0,,1,447.3,TA,Po,N,284.4,133.0,323.2,401.1,334.9,718.0,,,,7603.3,9,2007,New,Abnorml,570951
31,50,C,279.8,164080.3,Grvl,,IR3,Bnk,AllPub,Inside,Mod,OldTown,RRNe,Artery,Duplex,SFoyer,4,6,1902,1957,Mansard,Roll,HdBoard,Stucco,BrkFace,202.4,Fa,Gd,Slab,Fa,Gd,NA,Rec,752.6,GLQ,1236.0,589.6,1032.8,Floor,Fa,N,FuseF,2049.3,1259.1,0.0,651.1,2,2,0,2,0,2,Ex,8,Min2,3,,Attchd,2007.0,Unf,0,639.6,Gd,,N,16.7,348.1,550.8,329.0,257.3,493.0,,,,4140.9,2,2010,ConLI,Partial,262690
32,20,FV,194.2,41462.3,Grvl,,Reg,Lvl,NoSeWa,FR2,Sev,BrkSide,Norm,RRNn,TwnhsE,1.5Fin,1,7,1942,1978,Shed,Membran,AsphShn,Wd Sdng,BrkFace,663.2,Fa,TA,PConc,Fa,Po,Gd,Unf,750.6,NA,860.4,266.8,5394.7,GasW,Po,Y,Mix,2055.2,1228.4,0.0,4186.4,3,1,3,1,0,1,Fa,7,Min1,0,NA,2Types,1918.0,Fin,1,28.5,Gd,Ex,N,37.2,283.8,96.0,417.2,177.7,418.0,,,,8911.4,4,2007,COD,Normal,443120
33,120,RH,135.3,20209.5,Pave,,Reg,Lvl,NoSeWa,Corner,Mod,Edwards,Norm,PosN,TwnhsE,SLvl,6,4,2008,1972,Gambrel,WdShake,WdShing,ImStucc,None,23.7,Ex,Ex,BrkTil,Fa,TA,NA,BLQ,126.2,,594.1,329.1,3496.4,Wall,Gd,N,FuseF,2182.4,1053.4,0.0,2119.2,0,1,3,0,3,3,TA,13,Typ,2,Gd,Basment,2002.0,,1,983.4,NA,Po,P,25.9,194.6,144.1,496.2,324.3,344.0,,,,1684.5,10,2008,COD,Partial,450340
34,85,RL,141.5,150836.6,Grvl,,Reg,Lvl,AllPub,Inside,Gtl,Edwards,RRAn,PosN,TwnhsE,SLvl,5,1,1884,1994,Gable,Tar&Grv,VinylSd,WdShing,BrkCmn,1345.7,Fa,Gd,Wood,Gd,NA,NA,BLQ,281.1,BLQ,1395.1,1993.9,5300.1,Wall,Po,N,SBrkr,1389.4,9.0,0.0,3954.5,1,1,1,1,1,0,TA,11,Min2,2,,BuiltIn,,NA,3,1252.5,Ex,Gd,N,840.3,354.7,495.9,127.7,265.7,522.0,,,,10459.5,5,2010,New,Abnorml,493020
35,60,RL,,80106.0,Pave,,Reg,Lvl,NoSeWa,FR2,Sev,NAmes,RRAe,Norm,Twnhs,2Story,10,8,2002,1980,Gable,Membran,BrkFace,Stucco,BrkFace,821.6,Ex,Po,BrkTil,NA,Po,NA,Unf,1488.2,LwQ,363.4,1375.3,2896.5,OthW,Fa,Y,Mix,1760.5,1146.6,0.0,3610.2,1,1,0,1,5,2,Gd,5,Maj1,0,Gd,,1986.0,NA,2,1385.2,TA,Ex,N,98.1,319.7,345.7,98.7,3.5,318.0,,,,7485.6,10,2006,CWD,Normal,579867
36,150,RH,21.9,93798.3,Grvl,,Reg,Low,NoSeWa,CulDSac,Gtl,Blueste,Artery,PosN,Duplex,1.5Fin,6,10,1906,1989,Hip,CompShg,Stucco,Wd Sdng,BrkCmn,222.7,TA,TA,Stone,NA,NA,Mn,ALQ,366.9,,1183.8,2041.0,5667.8,GasW,TA,Y,Mix,4628.2,1926.2,0.0,3004.2,0,2,0,0,8,3,TA,12,Maj2,1,,NA,1945.0,Fin,0,1177.7,NA,Fa,P,121.8,495.9,271.9,173.2,402.5,341.0,,,,7786.1,10,2010,New,AdjLand,472667
37,120,RH,201.9,7964.2,Grvl,,IR3,HLS,NoSeWa,FR2,Sev,Blueste,Artery,RRNn,1Fam,SFoyer,3,4,1892,1998,Flat,Roll,CBlock,HdBoard,None,379.2,TA,Fa,Slab,Fa,NA,Gd,Rec,2082.0,ALQ,902.2,1844.2,1292.2,Floor,Fa,Y,FuseA,1938.5,690.9,0.0,4861.5,1,2,3,1,7,0,Gd,11,Min2,2,Po,Detchd,1982.0,RFn,4,45.1,NA,Po,Y,414.9,326.5,310.6,446.0,168.1,378.0,,GdWo,Elev,2880.2,5,2010,WD,Normal,400379
38,80,C,124.8,56835.1,Grvl,,IR2,Lvl,AllPub,Corner,Sev,NridgHt,RRNn,Feedr,Twnhs,2.5Unf,2,3,1935,2003,Mansard,Metal,ImStucc,Other,Stone,716.8,Gd,Ex,CBlock,NA,NA,No,GLQ,4700.2,ALQ,555.5,1573.9,3389.2,Grav,Gd,Y,Mix,2629.5,1998.1,0.0,4095.7,1,0,3,2,3,0,Ex,13,Maj2,1,,2Types,,NA,2,924.3,Ex,Po,N,412.6,277.7,163.1,7.1,191.8,545.0,,,,639.9,12,2009,Con,Alloca,469813
39,20,RL,252.9,8504.9,Pave,,IR3,Low,NoSeWa,CulDSac,Gtl,Gilbert,RRNn,Feedr,2FmCon,2.5Fin,6,7,1966,2004,Shed,WdShake,BrkFace,MetalSd,None,302.2,TA,Fa,CBlock,TA,TA,Av,Unf,1841.8,GLQ,2.0,1423.4,768.9,Grav,Po,N,FuseP,4030.9,736.7,0.0,5055.8,3,2,0,0,1,3,TA,3,Maj1,1,Po,Attchd,1949.0,NA,3,702.8,NA,Ex,P,788.4,450.5,472.1,5.4,375.5,632.0,,,,9474.7,12,2007,WD,Abnorml,498642
40,90,FV,48.2,189397.4,Pave,,Reg,Low,NoSeWa,Inside,Mod,SawyerW,Feedr,Feedr,1Fam,2Story,1,2,1905,1963,Gable,WdShngl,Stucco,CemntBd,BrkFace,429.8,Ex,TA,Slab,Gd,TA,Mn,LwQ,4107.9,Unf,658.3,112.9,2732.5,GasW,Po,N,FuseA,2632.5,288.8,0.0,1828.8,2,0,2,2,0,3,TA,12,Sev,1,Ex,Detchd,1925.0,RFn,3,1329.9,,Gd,N,63.0,110.7,411.4,110.1,89.8,694.0,,,,10211.9,5,2009,Oth,Family,282531
41,90,RM,192.8,53373.5,Grvl,,IR3,Low,AllPub,Inside,Gtl,Crawfor,RRAe,RRNn,TwnhsE,SLvl,7,8,1992,2008,Gambrel,Roll,AsbShng,Other,None,855.0,TA,Ex,CBlock,Gd,NA,No,GLQ,530.0,Rec,407.9,2037.6,3482.1,Wall,Po,Y,FuseA,1748.0,822.7,0.0,2181.9,3,0,0,2,6,3,Gd,14,Min1,2,,2Types,1970.0,RFn,3,1279.2,NA,Po,P,820.4,133.2,354.6,191.0,4.8,589.0,,GdPrv,,7723.5,10,2009,Con,Alloca,501760
42,180,RM,161.4,120539.5,Grvl,,IR1,HLS,AllPub,FR2,Gtl,Gilbert,RRAe,Feedr,2FmCon,1Story,7,6,1886,2002,Mansard,Metal,AsbShng,HdBoard,BrkFace,1332.2,TA,Ex,Wood,NA,NA,Gd,ALQ,3721.5,ALQ,153.8,976.1,3700.7,Grav,Gd,N,SBrkr,2616.5,1021.4,0.0,3635.3,2,1,2,0,2,0,TA,12,Mod,2,NA,CarPort,1931.0,Fin,4,1401.0,NA,Po,Y,185.4,428.6,514.3,153.6,436.2,634.0,,,,11868.8,10,2007,WD,Abnorml,568310
43,85,RH,208.6,9639.4,Pave,,IR3,Lvl,AllPub,Inside,Mod,NridgHt,RRAe,Feedr,Duplex,1.5Unf,10,7,1991,1979,Flat,Tar&Grv,Stone,BrkComm,None,642.9,Ex,Fa,PConc,Fa,Po,Av,NA,1787.7,GLQ,110.8,1307.7,2233.4,Grav,Fa,Y,FuseA,831.2,1299.8,0.0,5464.0,2,0,3,2,5,3,Fa,10,Maj1,0,,Basment,2010.0,Unf,0,1222.2,Ex,Gd,N,831.4,242.0,319.1,419.1,242.6,207.0,,,,8737.6,2,2009,ConLw,AdjLand,682041
44,190,C,39.9,143968.7,Grvl,,IR3,HLS,NoSeWa,CulDSac,Mod,NridgHt,RRAe,Artery,Duplex,1.5Unf,7,5,1967,2002,Gable,Roll,VinylSd,VinylSd,BrkFace,1147.2,Ex,Fa,Stone,Fa,TA,Av,Unf,4231.6,NA,512.3,51.3,466.4,Grav,Po,Y,FuseA,900.6,1042.6,0.0,2306.4,1,1,0,2,4,2,Gd,11,Min2,0,,Attchd,1996.0,Unf,0,775.5,NA,Fa,N,463.9,223.9,282.6,350.4,167.8,185.0,,,,13147.0,8,2010,COD,AdjLand,379976
45,120,RM,,70410.1,Pave,,IR2,Low,AllPub,CulDSac,Sev,Mitchel,Norm,Artery,Twnhs,SFoyer,10,9,1877,1988,Mansard,Membran,Wd Sdng,HdBoard,Stone,1402.7,TA,Gd,Slab,Fa,NA,Gd,GLQ,769.0,Rec,906.2,2186.7,4004.0,GasA,TA,N,FuseP,3358.9,1108.3,0.0,505.4,2,0,0,2,4,0,Ex,12,Sal,1,,2Types,1943.0,NA,1,1013.7,TA,Ex,Y,558.8,485.2,538.6,425.6,393.1,16.0,,GdWo,,4465.8,11,2008,New,Alloca,339093
46,120,RL,185.0,193405.3,Pave,,Reg,Low,NoSeWa,Inside,Sev,Crawfor,RRNe,Norm,Duplex,2Story,1,5,1980,1976,Gable,Roll,Stone,HdBoard,Stone,346.1,Fa,Fa,Stone,NA,Gd,Mn,ALQ,5067.7,GLQ,1234.5,2108.8,2984.3,GasW,TA,N,FuseA,4332.3,49.7,0.0,2700.8,2,2,0,0,1,2,TA,6,Min1,2,TA,NA,1925.0,Fin,1,1367.9,Gd,NA,Y,270.6,333.7,113.7,195.0,12.6,289.0,,,,3768.2,5,2006,ConLD,Abnorml,358028
47,190,RH,184.7,191308.4,Grvl,,Reg,HLS,NoSeWa,FR2,Mod,Blueste,RRNe,Norm,TwnhsE,2.5Unf,4,5,1968,1996,Shed,Metal,HdBoard,CBlock,BrkCmn,1291.5,TA,Po,PConc,Fa,TA,NA,ALQ,1369.1,LwQ,270.6,1269.1,836.3,GasA,Ex,Y,Mix,3496.5,523.7,0.0,3221.2,0,1,0,0,8,2,Ex,6,Sal,1,Fa,2Types,1960.0,RFn,1,819.8,TA,Ex,Y,524.3,439.2,78.4,302.7,97.1,253.0,,,,4047.8,6,2006,VWD,Abnorml,398373
48,180,FV,197.2,70894.3,Grvl,,IR3,Low,AllPub,Inside,Gtl,Veenker,Artery,PosN,Twnhs,1.5Fin,7,3,1903,1965,Flat,WdShngl,AsphShn,BrkComm,BrkCmn,1211.8,Ex,Gd,CBlock,NA,TA,NA,NA,1993.1,ALQ,625.9,1348.6,5718.2,GasA,TA,N,SBrkr,659.2,641.6,0.0,4585.6,2,0,1,0,3,3,Ex,12,Typ,0,Fa,Detchd,,Fin,4,1191.1,Gd,Ex,P,609.2,443.0,89.6,261.9,74.5,610.0,,GdWo,,473.0,8,2009,COD,AdjLand,529971
49,160,RH,218.5,194056.1,Pave,,IR3,Low,NoSeWa,FR3,Mod,MeadowV,Norm,PosN,Twnhs,2.5Unf,9,1,1954,2000,Hip,WdShngl,VinylSd,Wd Sdng,None,571.1,Ex,Fa,Slab,Ex,Gd,NA,GLQ,5362.8,GLQ,577.7,1646.9,5839.1,OthW,Ex,N,FuseP,2089.8,2038.3,0.0,4201.4,0,2,1,1,0,2,Fa,13,Min2,1,NA,CarPort,1950.0,Unf,2,1336.1,NA,TA,N,8.9,65.7,546.2,241.2,354.2,445.0,,,,13959.7,8,2007,CWD,Partial,600150
50,160,FV,256.1,214423.0,Grvl,,Reg,Bnk,AllPub,Inside,Mod,Mitchel,Norm,PosN,TwnhsE,1Story,5,2,1989,1955,Mansard,ClyTile,AsbShng,Plywood,Stone,1583.2,Fa,Ex,Wood,NA,NA,No,LwQ,3265.0,NA,756.7,618.3,5233.9,Grav,Po,N,FuseF,345.1,610.3,0.0,5454.4,3,2,3,2,1,3,Gd,4,Sal,3,,CarPort,1958.0,RFn,0,809.0,TA,Ex,P,29.3,357.6,360.0,146.4,149.8,455.0,,,,15487.4,10,2010,ConLI,Alloca,697149
51,180,RH,99.8,177893.6,Grvl,,IR1,Low,AllPub,Corner,Mod,Mitchel,Norm,Norm,Duplex,2.5Fin,2,8,1950,2004,Flat,Tar&Grv,MetalSd,CemntBd,BrkFace,420.1,Fa,Fa,PConc,TA,Fa,Gd,LwQ,2064.4,LwQ,1193.3,518.4,5156.0,GasA,Gd,Y,FuseF,2561.8,1851.4,0.0,4488.5,1,1,3,1,8,0,Gd,14,Maj2,1,Gd,NA,1986.0,Fin,1,225.7,Po,NA,Y,845.4,521.0,168.9,360.3,371.0,146.0,,GdWo,,12656.1,7,2009,Oth,Alloca,462713
52,160,RH,261.9,182056.0,Grvl,,Reg,HLS,AllPub,Inside,Gtl,NPkVill,PosN,Feedr,2FmCon,2Story,7,1,1949,1982,Hip,Metal,CBlock,Stucco,Stone,407.7,TA,TA,PConc,Fa,TA,Mn,GLQ,5359.6,GLQ,816.1,1574.5,602.9,GasW,Gd,N,FuseF,1176.0,629.3,0.0,1919.1,2,1,0,1,6,2,TA,4,Sal,2,Ex,Basment,1937.0,NA,4,220.6,,Gd,N,392.1,262.6,137.4,266.2,19.9,113.0,,,,6395.2,8,2010,CWD,Abnorml,351059
53,40,RH,166.5,54574.2,Pave,,IR1,Lvl,AllPub,FR3,Gtl,Edwards,PosN,PosN,Twnhs,1.5Unf,10,7,1978,1993,Hip,WdShake,BrkFace,Stucco,Stone,1235.6,TA,Gd,Wood,Fa,NA,Gd,NA,1857.3,BLQ,1248.0,243.9,6069.8,OthW,Gd,Y,FuseP,4117.4,198.5,0.0,3738.4,0,1,1,2,1,3,Ex,2,Sev,1,Gd,CarPort,1925.0,Fin,4,163.5,TA,Ex,Y,802.0,400.5,31.3,39.9,291.9,96.0,,,,5486.0,10,2010,ConLI,Family,627136
54,120,FV,,124682.6,Pave,,IR3,Lvl,NoSeWa,Corner,Sev,Timber,Artery,Feedr,2FmCon,1.5Unf,1,5,1997,1967,Flat,Metal,ImStucc,Wd Sdng,Stone,695.5,Gd,Ex,Stone,Gd,Gd,Av,Rec,535.5,GLQ,764.3,1060.7,2446.3,OthW,Po,N,FuseF,788.7,511.3,0.0,3902.3,3,0,3,0,6,1,Gd,13,Sal,1,,NA,1944.0,Fin,1,675.4,TA,NA,Y,625.5,310.0,72.8,0.3,152.7,381.0,,,,12007.6,11,2006,COD,Normal,433152
55,70,FV,,15689.1,Pave,,IR3,HLS,NoSeWa,FR2,Mod,NWAmes,Feedr,Feedr,2FmCon,SFoyer,7,3,1886,1965,Gambrel,Roll,Stone,Other,Stone,529.3,Ex,Fa,Slab,NA,Gd,No,BLQ,5626.2,NA,890.1,1151.1,996.7,Floor,Po,N,Mix,340.2,563.4,0.0,5631.5,3,1,2,1,3,3,TA,12,Sev,2,,NA,1930.0,RFn,3,680.8,TA,Fa,P,319.6,112.1,501.3,10.3,89.7,375.0,,,,7904.1,7,2008,VWD,Family,552677
56,45,RH,,21607.2,Pave,,IR1,HLS,NoSeWa,Corner,Mod,Veenker,RRAe,Norm,2FmCon,1.5Unf,6,7,2005,1961,Flat,WdShngl,Wd Sdng,HdBoard,BrkFace,285.9,TA,TA,Stone,Ex,TA,Mn,LwQ,1511.7,BLQ,644.7,890.8,4961.9,Wall,Fa,Y,FuseF,2300.1,2020.1,0.0,1070.4,3,2,1,0,1,1,Fa,6,Maj2,3,Po,Attchd,1969.0,RFn,3,875.4,Po,TA,P,129.3,106.8,412.5,38.6,392.0,505.0,,,,14561.6,10,2008,ConLD,AdjLand,447412
57,190,RM,250.2,215008.1,Pave,,Reg,Low,AllPub,CulDSac,Gtl,IDOTRR,RRAe,Artery,2FmCon,1Story,7,9,1944,1969,Gable,Membran,CBlock,Plywood,Stone,1224.5,Ex,Gd,Stone,,Gd,Av,ALQ,4804.5,ALQ,1213.2,432.8,1379.2,Wall,TA,Y,FuseF,1011.4,1392.4,0.0,1349.6,0,2,1,0,3,3,Ex,4,Sev,2,,Attchd,1944.0,NA,3,684.7,TA,Gd,N,838.3,237.3,519.7,188.4,197.9,321.0,,,,4333.5,6,2007,ConLw,Family,346635
58,80,C,227.6,71182.8,Pave,,IR3,HLS,AllPub,FR3,Mod,Gilbert,RRAn,Artery,TwnhsE,2Story,10,2,1972,1994,Gambrel,ClyTile,HdBoard,CBlock,Stone,1258.1,Ex,Gd,PConc,Gd,Gd,NA,LwQ,934.3,GLQ,1361.7,830.0,3214.9,OthW,Po,Y,SBrkr,3550.1,1923.9,0.0,1159.5,0,1,1,2,4,1,Fa,12,Maj2,0,Ex,Basment,1930.0,NA,1,1379.8,Fa,Gd,P,500.9,264.2,233.9,155.3,274.4,327.0,,,,5019.2,5,2008,VWD,AdjLand,450204
59,40,C,,161370.2,Pave,,Reg,HLS,NoSeWa,CulDSac,Gtl,Blueste,Feedr,RRNn,1Fam,2Story,3,8,1969,1989,Hip,Tar&Grv,CBlock,Stone,None,906.5,Ex,Gd,Stone,NA,NA,NA,Unf,4127.8,NA,942.1,788.5,782.2,GasW,TA,Y,FuseF,4343.1,1724.3,0.0,3460.7,1,1,0,1,3,2,TA,3,Sal,3,NA,BuiltIn,2010.0,Fin,4,413.1,Fa,Fa,N,164.8,275.2,331.9,79.6,15.9,348.0,,,,15481.8,5,2009,COD,Family,333820
60,50,C,172.0,173882.0,Pave,,IR3,Low,AllPub,CulDSac,Sev,NAmes,PosN,Artery,Duplex,2.5Unf,3,9,1897,2008,Mansard,CompShg,HdBoard,Stucco,BrkCmn,1531.7,Fa,Ex,CBlock,Gd,Gd,NA,Rec,2960.0,LwQ,1209.8,1166.3,2900.1,GasA,Gd,N,FuseF,516.8,1194.8,0.0,1052.2,2,2,2,1,2,1,Ex,12,Sev,3,TA,Detchd,1960.0,Unf,4,1239.1,Fa,Ex,Y,584.2,522.4,267.0,261.8,380.0,169.0,,NA,,15161.7,8,2006,WD,Partial,269906
61,40,FV,149.5,184869.8,Pave,,IR2,Bnk,NoSeWa,Corner,Sev,Timber,RRNe,PosN,1Fam,SFoyer,7,3,1963,1978,Hip,CompShg,BrkComm,Wd Sdng,BrkCmn,509.1,Ex,Fa,CBlock,Ex,Fa,Gd,GLQ,5536.2,ALQ,87.0,1576.1,3410.2,Wall,TA,N,FuseA,2057.9,1394.7,0.0,3816.1,3,0,0,0,5,2,Fa,10,Typ,2,,NA,1947.0,Unf,0,142.3,TA,NA,N,78.9,54.8,486.5,492.9,137.7,306.0,,,,13720.5,1,2006,COD,Normal,482793
62,70,FV,64.1,214737.6,Pave,,IR2,Bnk,AllPub,Corner,Sev,Blueste,RRAe,Norm,1Fam,1.5Fin,2,2,1996,1979,Mansard,Membran,MetalSd,BrkFace,BrkCmn,351.4,TA,Ex,PConc,NA,NA,Av,Rec,3120.2,ALQ,1335.6,2261.8,2724.6,GasA,Fa,N,Mix,4678.1,1290.3,0.0,4600.4,1,2,3,2,0,2,Ex,14,Maj2,1,Ex,2Types,,NA,3,853.5,NA,TA,Y,743.9,208.1,547.2,81.6,332.8,198.0,,,,6271.7,2,2010,ConLw,Normal,466453
63,50,RM,116.8,52967.0,Grvl,,IR2,Low,AllPub,CulDSac,Gtl,Somerst,Artery,Feedr,Twnhs,1Story,1,7,1944,1975,Mansard,Metal,BrkComm,BrkFace,BrkCmn,1083.9,Gd,Po,Stone,Fa,NA,Mn,BLQ,141.2,Unf,278.5,336.8,424.6,GasW,Gd,Y,FuseP,3527.0,1375.8,0.0,2631.3,0,2,2,1,7,3,TA,11,Sal,0,Po,NA,1944.0,RFn,1,919.3,Ex,NA,P,77.2,281.5,514.9,127.3,365.0,176.0,,,,12983.0,1,2009,WD,Normal,287027
64,80,C,147.7,9932.9,Pave,,IR1,Bnk,NoSeWa,FR2,Gtl,Mitchel,RRAe,Norm,1Fam,2.5Unf,9,5,1994,1971,Flat,WdShngl,MetalSd,CBlock,BrkFace,1213.5,Fa,Fa,CBlock,NA,TA,Av,NA,3408.3,BLQ,378.1,2039.4,2963.0,GasA,TA,N,SBrkr,4488.0,546.8,0.0,3310.1,1,2,0,0,4,2,Ex,7,Sal,0,Fa,Detchd,2008.0,Unf,0,1095.0,Ex,TA,Y,202.4,526.8,330.1,234.7,56.2,123.0,,,,4392.6,10,2009,Con,Partial,539365
65,70,C,46.9,89272.4,Pave,,Reg,Bnk,NoSeWa,Inside,Mod,NPkVill,Artery,RRNn,1Fam,2Story,9,5,1924,1982,Flat,Metal,Plywood,BrkFace,None,359.8,Gd,Po,BrkTil,Fa,NA,Mn,LwQ,820.2,ALQ,78.6,663.8,2865.2,OthW,Fa,N,FuseP,1049.1,842.8,0.0,5178.7,3,1,1,0,7,0,Fa,4,Maj2,3,Fa,NA,1959.0,NA,4,713.3,Gd,TA,P,78.4,275.9,34.1,325.5,142.0,156.0,,GdWo,,3948.7,7,2010,Con,AdjLand,571536
66,30,RH,85.4,29130.1,Grvl,,IR2,Low,NoSeWa,Inside,Sev,NPkVill,Feedr,RRNn,TwnhsE,2.5Unf,7,10,1949,2007,Hip,Tar&Grv,MetalSd,BrkFace,None,122.6,TA,Fa,BrkTil,TA,TA,No,Unf,4507.0,GLQ,1423.0,1381.4,1598.5,Wall,TA,N,FuseF,1298.7,1223.8,0.0,3357.3,3,0,2,0,3,1,Gd,8,Maj1,0,Fa,Basment,1960.0,Fin,0,279.7,NA,Gd,N,88.9,424.1,340.9,304.9,347.3,606.0,,,,8469.8,9,2010,COD,Normal,419758
67,45,FV,195.7,6097.9,Pave,,IR1,Bnk,AllPub,FR3,Gtl,Blmngtn,RRAn,RRNn,2FmCon,2.5Unf,7,5,1963,2002,Flat,WdShake,CBlock,AsbShng,None,1296.8,Fa,Gd,Stone,Fa,Gd,No,ALQ,4834.5,GLQ,1255.9,1277.2,5631.0,GasW,Fa,Y,FuseA,1008.7,74.2,0.0,1441.3,1,0,1,2,3,3,TA,13,Maj2,3,Po,2Types,1951.0,,3,523.2,Fa,Fa,N,448.9,409.9,53.6,264.8,111.4,285.0,,,,13334.1,7,2006,CWD,AdjLand,454509
68,80,C,235.8,78411.5,Pave,,IR2,HLS,NoSeWa,Corner,Sev,NWAmes,RRAe,Feedr,1Fam,2.5Unf,3,4,1959,1988,Hip,CompShg,ImStucc,Stucco,Stone,1562.4,Gd,Ex,PConc,Gd,Po,Mn,Unf,2720.9,BLQ,1346.0,1301.0,2552.7,OthW,TA,Y,FuseF,1651.7,997.1,0.0,2155.7,3,1,3,2,4,2,Ex,10,Sev,3,Gd,BuiltIn,1951.0,Fin,2,385.9,Po,Gd,N,588.8,309.8,76.6,374.5,407.1,610.0,,,,1510.8,9,2009,WD,AdjLand,308930
69,120,RM,312.5,168976.9,Grvl,,IR3,Bnk,NoSeWa,Inside,Sev,Blueste,Feedr,RRNn,1Fam,SFoyer,10,5,1884,1996,Flat,Metal,Stucco,Stone,Stone,1031.5,Fa,Po,CBlock,Ex,Fa,Av,NA,4420.5,GLQ,1248.8,1689.8,5279.7,GasW,Gd,Y,FuseF,3490.9,1775.3,0.0,3146.4,0,2,2,0,4,1,Ex,10,Sal,0,,CarPort,1975.0,Fin,3,594.3,Fa,Ex,Y,675.7,71.5,105.6,429.7,149.7,234.0,,,,8762.2,4,2008,VWD,Partial,545068
70,160,RM,,122431.5,Pave,,IR2,Bnk,AllPub,FR2,Sev,Gilbert,RRNe,RRNn,Twnhs,2Story,2,4,1914,1978,Flat,WdShngl,CemntBd,BrkFace,None,444.6,Ex,Gd,Slab,NA,Fa,Mn,ALQ,819.0,NA,706.8,891.6,670.0,Floor,Gd,Y,SBrkr,1052.8,1016.7,0.0,1156.2,3,1,3,0,5,1,Ex,2,Min1,3,,Basment,1980.0,RFn,3,751.5,Fa,Po,P,595.7,119.7,200.6,507.5,193.1,701.0,,,,9450.9,7,2008,ConLw,AdjLand,221595
71,30,C,208.6,68217.3,Grvl,,Reg,HLS,AllPub,FR3,Mod,ClearCr,PosA,RRNn,Duplex,SFoyer,7,6,1947,1971,Mansard,Membran,VinylSd,CBlock,BrkFace,1594.7,TA,Gd,Slab,TA,Gd,Mn,Rec,2777.3,,1362.1,745.4,1948.3,Wall,Ex,N,SBrkr,2618.6,1140.5,0.0,3585.3,2,1,3,2,4,0,Ex,3,Sev,1,Gd,Detchd,1961.0,Fin,1,886.3,,TA,N,311.5,131.4,326.7,236.5,47.9,293.0,,,,8986.9,12,2006,WD,Abnorml,492945
72,85,FV,144.0,141293.2,Pave,Pave,Reg,HLS,AllPub,Corner,Gtl,NridgHt,RRAe,Feedr,Twnhs,SFoyer,9,4,1922,1994,Gambrel,ClyTile,VinylSd,BrkComm,BrkCmn,1429.2,TA,Po,CBlock,TA,,NA,Unf,2223.4,BLQ,1429.0,1992.2,1077.4,GasA,Fa,Y,FuseP,1507.2,416.9,0.0,5638.0,2,0,3,0,4,1,Ex,9,Sal,3,,2Types,1925.0,Unf,2,1198.4,NA,TA,Y,477.6,21.1,184.1,505.4,70.9,17.0,,,TenC,3386.7,10,2008,New,AdjLand,646241
73,80,RM,206.8,50939.1,Pave,Pave,IR1,Lvl,AllPub,Inside,Gtl,Mitchel,RRNn,RRNn,Duplex,2Story,1,2,1890,1962,Flat,Roll,Stucco,ImStucc,BrkFace,821.4,TA,Fa,Stone,TA,NA,Mn,Unf,3450.3,Rec,740.8,514.1,2495.4,GasW,TA,N,FuseF,3947.6,1640.3,0.0,3797.7,3,0,2,0,7,3,Fa,12,Mod,1,,Attchd,1966.0,Fin,2,1290.4,Fa,TA,Y,795.0,207.4,249.7,371.1,132.2,173.0,,,,994.0,10,2008,New,Abnorml,356643
74,85,RH,250.4,4376.8,Grvl,,Reg,Low,AllPub,CulDSac,Gtl,Somerst,Norm,PosN,Duplex,2.5Unf,4,9,1993,2009,Shed,Roll,Wd Sdng,BrkComm,None,1320.5,Ex,Po,BrkTil,Gd,Po,NA,NA,251.0,BLQ,258.9,421.1,682.1,Wall,TA,Y,FuseP,362.7,741.1,0.0,2310.8,1,1,3,2,5,3,Fa,2,Min2,1,,2Types,,Fin,2,655.9,Ex,Gd,Y,332.2,334.0,26.1,333.9,23.5,402.0,,,,13872.4,7,2009,WD,Normal,357742
75,50,RM,55.6,164829.6,Pave,,IR2,Lvl,NoSeWa,FR2,Mod,NWAmes,RRNn,Norm,Duplex,2.5Fin,6,2,1895,1958,Shed,CompShg,Wd Sdng,ImStucc,BrkCmn,1305.3,Ex,Ex,BrkTil,Fa,NA,NA,GLQ,4245.0,LwQ,970.8,36.5,2694.7,Floor,TA,N,FuseF,1306.3,1975.4,0.0,2094.9,3,1,0,0,1,2,TA,12,Min1,1,Po,2Types,,Unf,4,125.7,Po,TA,N,216.3,78.9,342.1,325.0,92.7,380.0,,,,8904.9,10,2009,WD,Family,307307
76,30,RL,140.7,134746.7,Grvl,,IR3,Lvl,AllPub,FR2,Mod,Crawfor,RRAn,RRNn,TwnhsE,2.5Unf,7,9,1897,1973,Shed,CompShg,BrkComm,AsbShng,BrkCmn,1495.7,Ex,TA,CBlock,TA,NA,Mn,NA,446.6,LwQ,1437.8,491.9,2162.2,Floor,Po,Y,SBrkr,2971.6,2052.0,0.0,5279.0,2,0,0,0,3,2,TA,13,Min1,0,,Basment,2001.0,NA,0,1130.2,Ex,TA,Y,445.1,95.7,362.7,462.7,196.3,119.0,,,,11902.5,10,2007,ConLD,Abnorml,533221
77,45,RL,266.2,164390.8,Pave,,IR3,Bnk,NoSeWa,Corner,Mod,Crawfor,RRAn,RRNn,TwnhsE,SFoyer,10,10,1991,1964,Flat,WdShake,AsbShng,Stone,BrkCmn,1345.5,TA,Fa,Wood,Ex,NA,Gd,BLQ,3705.1,Unf,1285.5,1211.3,1364.5,OthW,Fa,Y,FuseA,755.5,1891.5,0.0,4960.0,0,0,3,0,3,3,Fa,12,Mod,1,Fa,BuiltIn,1987.0,RFn,4,676.6,Fa,Po,P,254.8,386.7,54.9,481.6,182.4,95.0,,,,5648.8,2,2009,New,Normal,578507
78,120,FV,133.1,9630.6,Grvl,,IR1,HLS,AllPub,FR2,Mod,Blueste,Artery,Norm,2FmCon,1.5Unf,7,6,1953,1985,Hip,Metal,ImStucc,AsbShng,BrkFace,1029.9,Ex,Gd,BrkTil,Ex,Po,Av,GLQ,104.2,GLQ,1270.3,1258.0,3923.7,Wall,TA,N,FuseP,2366.2,175.3,0.0,2841.3,2,2,1,2,4,1,Gd,4,Maj2,0,NA,2Types,1993.0,RFn,2,774.9,TA,Fa,P,224.4,92.6,433.4,90.7,95.4,30.0,,,,658.8,2,2007,Oth,Family,460718
79,180,C,188.0,180397.6,Grvl,,IR3,Lvl,AllPub,Corner,Gtl,Blueste,PosA,RRNn,Duplex,1Story,10,9,1971,1962,Mansard,WdShake,CBlock,CBlock,None,974.9,TA,Po,CBlock,NA,Gd,Mn,LwQ,4695.2,Rec,1376.4,594.3,5810.1,GasA,Ex,Y,FuseP,2235.0,688.0,0.0,2209.9,3,1,3,2,5,1,Fa,12,Maj1,2,Fa,CarPort,1943.0,Unf,1,844.8,,,N,667.4,74.0,357.4,250.7,38.6,96.0,,,,4023.3,8,2009,Con,Abnorml,568886
80,120,FV,192.6,133844.5,Pave,,IR1,Low,AllPub,FR2,Mod,Veenker,PosA,RRNn,TwnhsE,2.5Unf,2,9,1888,1976,Shed,WdShngl,MetalSd,ImStucc,Stone,747.8,Fa,TA,PConc,Ex,NA,No,Unf,986.0,LwQ,1317.7,168.8,1265.5,Wall,Gd,Y,Mix,4049.3,1951.7,0.0,4105.1,3,2,3,2,4,0,Gd,8,Maj2,1,,2Types,1935.0,Fin,3,947.0,Po,NA,Y,763.4,534.9,270.3,478.3,152.7,469.0,,,,1137.2,2,2010,Con,Abnorml,384519
81,70,FV,74.9,121835.6,Pave,,IR1,Lvl,AllPub,Inside,Gtl,ClearCr,Norm,PosN,TwnhsE,SFoyer,4,3,1939,1993,Mansard,WdShngl,HdBoard,CBlock,BrkCmn,1002.4,Fa,Po,BrkTil,Fa,Gd,Mn,Rec,2909.5,LwQ,1144.2,1739.5,4349.0,OthW,Po,N,Mix,3059.5,1661.4,0.0,2003.4,1,2,1,1,5,2,Fa,9,Maj2,3,Fa,NA,1952.0,Unf,3,1262.2,Gd,Gd,N,430.5,8.1,305.2,194.1,357.8,704.0,,,,1212.7,1,2009,New,Normal,428281
82,120,FV,126.8,134933.1,Pave,,IR1,Bnk,NoSeWa,Corner,Sev,NoRidge,RRNn,Artery,1Fam,1.5Fin,5,1,1915,1986,Gambrel,ClyTile,Wd Sdng,BrkComm,BrkCmn,1272.3,Ex,TA,Wood,Fa,NA,Mn,Rec,1475.9,LwQ,1058.7,1770.6,4535.9,OthW,Po,Y,FuseA,3121.8,1881.6,0.0,967.8,3,2,2,1,7,1,TA,6,Mod,2,,NA,1943.0,RFn,4,1350.1,Gd,Ex,Y,668.3,178.0,277.7,118.2,244.8,45.0,,MnPrv,,3324.1,1,2007,ConLw,Partial,341119
83,150,FV,118.7,186241.2,Grvl,,Reg,Lvl,NoSeWa,FR2,Gtl,Mitchel,RRAn,Feedr,Duplex,1.5Unf,1,1,1932,1956,Gambrel,ClyTile,CemntBd,ImStucc,BrkCmn,1550.5,Ex,Fa,Stone,TA,Gd,No,ALQ,4078.6,GLQ,390.3,2330.9,3043.5,GasW,Gd,Y,Mix,4482.0,1182.3,0.0,1980.3,3,0,2,1,3,1,TA,3,Mod,2,TA,BuiltIn,1990.0,RFn,4,1333.2,Po,Fa,N,160.3,19.1,29.7,52.1,454.5,235.0,,,,9820.5,1,2008,COD,AdjLand,318564
84,75,RH,,126872.1,Grvl,,IR2,HLS,NoSeWa,Inside,Sev,Veenker,RRNn,Feedr,Twnhs,1.5Fin,1,3,1994,1957,Gambrel,Metal,CBlock,Stucco,BrkCmn,747.7,Ex,Po,Wood,Fa,Gd,NA,LwQ,1813.7,ALQ,915.9,2102.5,5484.8,OthW,Po,N,FuseA,4615.1,992.0,0.0,2639.2,0,2,3,1,2,2,Ex,4,Sev,1,,BuiltIn,,NA,1,1147.8,Po,Ex,N,469.3,458.4,405.8,303.4,67.1,560.0,,MnWw,,12675.4,6,2009,VWD,Abnorml,460839
85,180,RH,28.1,125591.4,Pave,,Reg,HLS,AllPub,Inside,Mod,Edwards,RRNe,Norm,1Fam,SFoyer,10,5,1964,1986,Flat,CompShg,WdShing,Other,BrkCmn,917.8,Fa,Po,BrkTil,Fa,Gd,NA,ALQ,4089.7,ALQ,768.7,2163.3,5904.6,Grav,Ex,Y,FuseF,3181.5,219.9,0.0,1689.7,0,0,0,2,8,3,Gd,10,Mod,0,TA,CarPort,1901.0,Fin,3,1260.9,NA,Gd,P,545.2,319.2,282.5,355.7,99.5,336.0,,MnWw,,12731.0,5,2008,CWD,Alloca,515748
86,40,RM,,213250.9,Grvl,,IR3,Low,NoSeWa,Inside,Sev,NAmes,Norm,PosN,TwnhsE,1.5Unf,3,3,1945,1990,Hip,Tar&Grv,AsbShng,AsphShn,Stone,711.7,Ex,TA,CBlock,TA,TA,Gd,GLQ,1607.8,Unf,1270.5,1864.6,2213.3,OthW,Ex,N,Mix,2608.9,1733.5,0.0,1484.8,0,0,0,0,2,1,Gd,14,Maj2,2,,2Types,1906.0,Unf,4,70.4,,Po,Y,420.5,26.2,95.4,99.3,134.5,673.0,,NA,,14535.2,7,2008,VWD,Partial,282366
87,160,RL,100.7,163198.6,Grvl,,Reg,Lvl,NoSeWa,Corner,Mod,MeadowV,RRAe,Feedr,TwnhsE,1.5Unf,10,9,1938,1963,Shed,WdShake,Stone,HdBoard,BrkCmn,1069.6,Fa,Ex,Slab,NA,Po,Mn,,4247.0,ALQ,724.8,1437.8,3977.8,GasA,Gd,Y,Mix,2983.3,1538.7,0.0,366.6,1,0,0,2,7,0,Gd,12,Typ,1,,Attchd,1915.0,Fin,0,1204.0,Fa,Ex,P,100.2,336.6,375.8,342.2,6.2,284.0,,,,10173.9,3,2009,VWD,Family,399319
88,20,FV,,95926.5,Grvl,,IR1,HLS,NoSeWa,Corner,Gtl,NoRidge,Feedr,Norm,TwnhsE,1Story,3,9,1982,2007,Gable,Roll,Plywood,ImStucc,BrkCmn,1007.9,Gd,Gd,BrkTil,Fa,NA,Mn,Rec,172.7,Unf,188.3,300.3,4046.1,OthW,Fa,Y,FuseP,2000.7,121.6,0.0,3682.5,1,1,3,1,4,1,Ex,14,Sev,2,TA,Attchd,1987.0,RFn,4,102.5,Po,Fa,P,629.1,67.3,383.7,457.0,452.8,133.0,,,,307.8,5,2009,ConLD,AdjLand,457551
89,45,RM,,152644.1,Grvl,,Reg,Lvl,NoSeWa,FR2,Gtl,Crawfor,RRNe,Norm,TwnhsE,2.5Unf,8,3,1873,1961,Shed,CompShg,MetalSd,AsbShng,Stone,28.5,Ex,TA,Wood,Fa,NA,Av,Unf,1599.0,GLQ,7.3,1453.7,2466.2,GasW,Po,Y,FuseA,4637.3,432.4,0.0,3595.5,2,2,0,2,8,1,Gd,11,Sal,2,Ex,Attchd,1993.0,RFn,4,1058.1,NA,Gd,Y,719.1,271.2,117.8,123.7,213.8,694.0,,,,5849.7,2,2010,Oth,Partial,443284
90,30,RL,295.7,84573.9,Grvl,,Reg,Lvl,NoSeWa,CulDSac,Mod,IDOTRR,RRNn,Norm,Twnhs,1.5Unf,9,3,1960,1985,Shed,Membran,Wd Sdng,BrkComm,BrkFace,865.9,Gd,Po,CBlock,Gd,TA,NA,BLQ,2814.3,NA,999.2,130.7,1935.6,OthW,TA,N,FuseP,3406.5,1150.8,0.0,1332.0,1,0,0,0,2,0,Ex,8,Sev,1,TA,Basment,1943.0,Fin,2,240.2,TA,Fa,N,544.4,366.2,439.7,62.0,231.2,538.0,,,,1727.6,11,2007,Con,Partial,398762
91,75,C,96.7,50266.8,Pave,,IR3,HLS,AllPub,CulDSac,Gtl,SawyerW,RRAn,Feedr,2FmCon,SLvl,1,5,1897,2001,Hip,WdShngl,VinylSd,CBlock,None,141.6,TA,TA,BrkTil,NA,Gd,Mn,Unf,254.3,ALQ,810.6,2068.1,5705.2,Wall,TA,Y,Mix,1602.2,1413.3,0.0,5342.9,0,1,2,1,7,3,Ex,14,Maj2,3,Ex,Basment,2009.0,Fin,0,510.6,Fa,NA,Y,145.0,81.2,252.0,424.4,75.8,651.0,,,,12050.7,9,2009,New,Normal,506763
92,45,RH,146.5,128993.5,Pave,,IR2,HLS,AllPub,FR3,Sev,Somerst,RRAn,Artery,2FmCon,SLvl,2,2,1970,2010,Mansard,Roll,Plywood,AsphShn,BrkFace,42.2,TA,TA,BrkTil,TA,Gd,Av,GLQ,1050.0,NA,487.8,1125.5,4826.8,Floor,Ex,N,FuseF,585.7,284.3,0.0,2508.0,1,1,3,0,6,0,Ex,2,Min2,3,,Attchd,1964.0,,0,261.2,Po,Ex,Y,63.9,271.9,99.7,465.6,418.9,259.0,,,,1855.2,9,2008,ConLw,Alloca,360024
93,30,RL,275.8,199879.9,Grvl,,IR1,Bnk,AllPub,CulDSac,Sev,NoRidge,Norm,Norm,Duplex,1Story,10,6,1898,1989,Gambrel,WdShngl,Stone,Stone,BrkCmn,1265.9,Fa,Po,BrkTil,Gd,NA,Gd,LwQ,5274.5,Unf,249.1,1629.3,699.4,Floor,Fa,N,SBrkr,528.9,505.6,0.0,469.2,3,1,2,0,6,0,Ex,4,Mod,3,TA,Attchd,1990.0,Unf,1,628.8,NA,Gd,P,258.5,250.2,363.0,109.1,332.5,502.0,,GdPrv,,1641.8,4,2008,Con,AdjLand,354500
94,160,C,266.8,200084.8,Pave,,Reg,Bnk,AllPub,CulDSac,Sev,CollgCr,RRNe,RRNn,TwnhsE,1.5Fin,2,7,1960,1966,Gable,CompShg,MetalSd,MetalSd,BrkFace,413.8,Fa,Po,Slab,Gd,Fa,Av,BLQ,5513.3,BLQ,687.9,122.0,732.5,Wall,Fa,N,FuseA,1227.0,398.8,0.0,1500.5,1,0,1,0,8,2,Fa,10,Min2,2,TA,Attchd,1972.0,RFn,2,583.9,Gd,Ex,P,31.7,500.9,329.4,366.5,207.1,591.0,,,,437.2,2,2009,ConLD,Partial,250771
95,60,RL,75.3,74448.9,Grvl,,IR3,Low,NoSeWa,FR2,Mod,Crawfor,PosN,Artery,Duplex,SFoyer,4,9,1872,1989,Mansard,CompShg,HdBoard,Wd Sdng,Stone,545.0,Fa,Ex,CBlock,NA,NA,NA,Unf,4175.1,GLQ,147.8,1248.0,5636.7,Wall,Po,Y,FuseA,1349.0,454.3,0.0,4007.5,3,0,2,1,7,1,TA,8,Maj2,0,TA,BuiltIn,1970.0,Fin,0,68.2,Gd,NA,Y,719.2,544.6,94.1,300.2,421.4,179.0,,GdPrv,,14810.3,10,2007,CWD,Normal,452007
96,60,RH,255.4,114194.0,Grvl,,IR3,Low,NoSeWa,Corner,Sev,SWISU,Artery,Artery,Twnhs,2Story,2,6,1974,2002,Gambrel,Membran,MetalSd,VinylSd,BrkCmn,102.5,Gd,Ex,Wood,Fa,NA,NA,Rec,1423.4,GLQ,495.4,703.8,497.4,Grav,Po,Y,FuseF,2142.8,1901.3,0.0,1404.2,2,0,3,2,2,3,Gd,13,Sal,0,,NA,1968.0,Unf,2,1177.6,Gd,TA,Y,602.5,358.0,481.5,121.5,434.6,266.0,,,,12178.5,8,2008,Con,AdjLand,209745
97,85,RH,154.8,46578.4,Pave,Grvl,IR1,Low,NoSeWa,CulDSac,Sev,NAmes,PosN,RRNn,Duplex,SFoyer,7,3,2002,1978,Shed,WdShngl,MetalSd,CBlock,,287.2,TA,Ex,PConc,TA,TA,Gd,LwQ,1470.4,Rec,559.0,665.7,4206.3,GasW,Gd,Y,FuseF,1270.3,1478.2,0.0,620.2,3,1,0,1,5,1,TA,14,Maj2,2,,Detchd,1960.0,NA,2,1211.2,TA,Gd,N,483.1,467.6,471.7,418.4,23.8,563.0,,NA,,5166.3,4,2010,WD,Normal,394505
98,45,RM,162.0,214310.3,Grvl,,IR3,Lvl,NoSeWa,FR3,Sev,Crawfor,Feedr,Feedr,2FmCon,SFoyer,9,5,1912,1976,Gable,WdShake,CBlock,BrkComm,None,1225.0,Fa,Po,Wood,NA,Gd,Mn,ALQ,3644.8,LwQ,686.3,910.2,1385.5,Wall,Ex,Y,FuseA,3083.5,1522.1,0.0,3612.8,0,0,3,1,5,3,Gd,14,Sal,2,,Basment,1929.0,Fin,3,1116.7,Ex,,P,762.4,353.8,461.6,239.0,57.3,83.0,,,,5834.8,5,2008,COD,AdjLand,470807
99,60,FV,,211205.3,Pave,,IR2,Low,AllPub,FR2,Sev,BrDale,RRAn,Feedr,2FmCon,SLvl,7,4,1922,1950,Hip,WdShake,Wd Sdng,CemntBd,BrkFace,789.6,Fa,Fa,Stone,Gd,Po,Av,GLQ,663.7,Rec,687.8,1.5,215.0,Wall,Gd,N,FuseA,1254.6,1639.6,0.0,3085.4,2,2,2,2,4,0,TA,14,Mod,1,NA,NA,1941.0,Fin,0,1201.9,Fa,Ex,P,94.4,479.3,220.4,355.8,13.3,409.0,,,,921.1,4,2007,ConLD,Partial,442512
100,150,RL,,140259.2,Pave,Grvl,IR3,HLS,NoSeWa,Inside,Sev,Gilbert,RRNn,PosN,2FmCon,1.5Unf,6,5,1886,2001,Shed,CompShg,ImStucc,Stucco,,1409.1,Ex,Ex,Slab,Ex,NA,Mn,ALQ,5352.3,NA,378.8,1090.1,364.4,Floor,Gd,N,FuseF,1152.8,736.3,0.0,4374.8,2,0,3,2,2,2,Ex,3,Maj1,0,,Basment,1990.0,NA,3,1064.7,Ex,Gd,P,612.3,237.0,455.2,153.1,279.2,155.0,,,,2447.7,2,2006,WD,Abnorml,484846
101,180,RL,233.6,173400.4,Pave,,Reg,Low,NoSeWa,Inside,Sev,IDOTRR,RRAn,Feedr,Duplex,SFoyer,10,8,1879,1983,Mansard,Metal,Stucco,ImStucc,BrkCmn,635.6,Gd,Gd,Stone,TA,NA,Mn,Rec,1268.8,ALQ,1253.2,1136.6,2282.2,Wall,Fa,Y,FuseF,2387.7,1584.2,0.0,4435.1,2,0,3,2,8,0,TA,7,Maj1,2,,Basment,1973.0,NA,4,1329.4,Ex,Po,Y,125.7,332.6,466.3,414.4,104.6,489.0,,,,4827.5,6,2010,ConLD,Family,587643
102,30,C,166.0,154292.1,Pave,,IR2,Lvl,NoSeWa,FR3,Mod,Mitchel,Norm,PosN,TwnhsE,SLvl,1,8,1909,1953,Flat,WdShngl,Stone,BrkComm,BrkCmn,429.9,Gd,Fa,Stone,Ex,Po,Mn,BLQ,5641.9,GLQ,524.1,2016.3,474.1,Floor,Po,N,FuseF,4206.8,2020.4,0.0,5429.3,0,2,2,2,6,1,Ex,10,Mod,3,TA,Detchd,1924.0,Unf,4,817.3,Ex,NA,Y,52.2,462.3,550.1,134.3,405.6,327.0,,,,6012.0,1,2010,Con,Family,456367
103,85,RH,148.6,128203.2,Grvl,,IR2,Bnk,NoSeWa,Corner,Sev,BrDale,Feedr,Norm,1Fam,2Story,10,6,1985,1973,Shed,Tar&Grv,BrkFace,ImStucc,Stone,556.2,TA,Ex,PConc,Fa,TA,No,ALQ,2797.9,NA,338.4,1047.8,3645.5,Floor,TA,N,Mix,2374.9,1442.2,0.0,636.6,3,0,2,0,3,2,TA,5,Min1,0,,2Types,1981.0,RFn,3,826.2,Gd,,N,113.9,502.2,528.6,185.3,223.6,615.0,,NA,,9609.6,12,2006,Oth,Alloca,422602
104,120,RL,234.0,12713.5,Grvl,,IR3,Lvl,AllPub,Inside,Mod,CollgCr,PosA,Feedr,2FmCon,SFoyer,9,1,1954,1970,Gable,WdShngl,Plywood,AsbShng,BrkCmn,1140.4,TA,Gd,BrkTil,NA,Fa,Gd,Rec,4354.0,Unf,259.1,849.3,3954.7,GasW,Gd,Y,FuseA,2137.6,860.6,0.0,541.0,2,0,1,1,5,2,Ex,11,Min2,2,TA,Basment,1970.0,NA,4,1219.4,Fa,Fa,P,815.0,13.5,211.3,198.9,402.1,345.0,,,,5430.2,8,2010,ConLw,Family,447822
105,30,RH,244.5,98594.6,Grvl,,IR1,HLS,NoSeWa,Corner,Mod,IDOTRR,PosA,Feedr,Duplex,1Story,5,8,1927,1982,Gable,ClyTile,Stucco,Stone,BrkFace,888.0,Fa,Po,PConc,Fa,TA,Mn,,12.3,GLQ,475.5,2323.7,2281.9,Floor,Ex,Y,FuseA,2853.3,1479.3,0.0,5574.0,0,0,1,1,4,1,TA,3,Sal,1,,2Types,1956.0,Fin,3,495.5,Gd,Ex,P,377.5,56.9,109.4,104.9,266.7,96.0,,,,14796.3,11,2010,Con,Abnorml,519216
106,85,RL,,145667.2,Grvl,,IR1,Low,AllPub,CulDSac,Mod,NAmes,PosN,RRNn,1Fam,SFoyer,5,8,1974,1956,Shed,WdShake,MetalSd,Wd Sdng,None,1446.7,Gd,Gd,Stone,NA,,Gd,GLQ,5016.1,ALQ,99.6,1334.4,4539.0,Wall,Gd,N,FuseF,1454.9,1860.1,0.0,3756.9,2,0,2,1,0,3,Ex,4,Maj1,1,Po,BuiltIn,1994.0,Fin,1,71.0,Ex,Fa,N,42.0,509.4,161.4,444.2,382.2,636.0,,,Gar2,5313.3,1,2010,Con,Abnorml,478680
107,160,RM,199.2,146254.5,Grvl,,IR1,Low,AllPub,CulDSac,Sev,CollgCr,Norm,Norm,2FmCon,2.5Unf,6,2,2009,1950,Shed,WdShake,ImStucc,Plywood,BrkFace,963.5,TA,Ex,Slab,Gd,TA,Mn,ALQ,1523.9,Unf,48.5,1104.0,2994.2,Grav,TA,Y,FuseP,1874.3,265.9,0.0,4131.2,2,1,3,2,1,2,Gd,8,Typ,0,Ex,,1931.0,RFn,2,1063.3,NA,Ex,N,500.2,311.0,273.1,57.7,178.5,182.0,,,,14594.7,5,2008,Oth,Partial,597185
108,45,FV,60.5,81127.7,Pave,,Reg,HLS,NoSeWa,CulDSac,Sev,SWISU,PosN,PosN,2FmCon,2.5Fin,9,4,1973,1990,Hip,Tar&Grv,Stone,VinylSd,None,788.8,Gd,TA,Stone,Fa,Po,Av,GLQ,3769.8,LwQ,892.0,1158.5,2628.7,Wall,TA,Y,SBrkr,1265.9,547.8,0.0,846.1,0,0,2,1,0,3,Fa,5,Min1,3,Fa,Attchd,1949.0,RFn,1,361.0,NA,Gd,N,171.2,541.6,444.6,286.1,453.8,326.0,,,,11312.8,9,2008,VWD,Normal,440037
109,160,RL,,202770.3,Grvl,,IR3,Low,AllPub,Inside,Mod,Veenker,Artery,Norm,Twnhs,2.5Unf,8,2,1949,1952,Hip,WdShake,BrkFace,WdShing,BrkCmn,1257.2,Fa,TA,Stone,Ex,TA,Av,GLQ,4551.1,Rec,912.6,1890.2,2486.7,GasA,Ex,N,FuseA,2825.9,1898.3,0.0,704.6,1,2,0,0,8,3,Ex,8,Sal,0,,Attchd,2008.0,Unf,0,672.5,Po,Fa,P,5.9,433.6,399.1,413.6,320.2,565.0,,,,13948.4,1,2009,New,Alloca,342818
110,180,RH,212.8,37105.2,Pave,,IR1,Bnk,AllPub,Inside,Mod,NAmes,Norm,Artery,2FmCon,1Story,8,4,1954,1993,Mansard,Tar&Grv,BrkComm,WdShing,None,1516.1,Fa,Gd,PConc,Gd,NA,Gd,Unf,926.4,LwQ,780.6,795.8,2634.1,Grav,TA,N,Mix,3373.2,1954.0,0.0,1184.6,2,2,1,1,8,3,TA,6,Sev,2,,BuiltIn,1974.0,RFn,1,340.9,TA,TA,P,649.9,447.5,434.8,295.1,285.8,675.0,,,,10898.9,10,2009,Oth,Abnorml,362857
111,190,RM,300.3,108349.4,Grvl,,Reg,Lvl,NoSeWa,Corner,Sev,SawyerW,RRAn,RRNn,1Fam,SLvl,8,10,1901,2000,Flat,WdShake,AsphShn,BrkFace,Stone,569.4,Fa,Po,CBlock,NA,Po,Mn,LwQ,2497.5,ALQ,1123.6,909.1,5913.8,GasA,TA,N,SBrkr,3270.0,999.7,0.0,2601.6,1,1,0,1,4,2,Gd,9,Maj1,3,,Attchd,1909.0,RFn,1,1172.8,NA,Ex,P,132.7,211.2,209.7,166.1,169.1,660.0,,,,8813.1,7,2008,ConLD,Normal,499826
112,180,RL,,149111.2,Grvl,,IR2,Lvl,NoSeWa,Corner,Gtl,ClearCr,PosN,Artery,1Fam,SFoyer,1,7,1876,1964,Gambrel,Membran,Stone,HdBoard,Stone,399.8,Fa,Fa,Stone,Gd,Po,Gd,BLQ,2787.2,Rec,57.7,1765.7,4163.4,Wall,TA,Y,FuseP,1444.5,773.4,0.0,918.8,2,0,3,0,7,0,Ex,9,Min1,2,,BuiltIn,1921.0,Fin,4,1358.9,NA,Fa,P,807.7,140.9,136.3,396.9,449.8,377.0,,,,7890.8,7,2010,ConLw,Alloca,237672
113,75,C,,150448.7,Pave,,IR1,HLS,AllPub,FR3,Gtl,MeadowV,RRNe,PosN,TwnhsE,SLvl,1,9,1990,1980,Shed,Tar&Grv,HdBoard,Wd Sdng,Stone,985.9,Gd,TA,CBlock,Ex,NA,Gd,ALQ,1761.6,Rec,1379.6,170.5,1925.9,Wall,Gd,N,Mix,3731.7,583.9,0.0,2703.1,1,2,0,0,3,2,TA,6,Sal,3,,Attchd,1994.0,Fin,3,78.0,NA,Ex,N,508.0,327.2,13.3,253.6,162.1,86.0,,,,4515.7,5,2007,ConLI,Partial,278009
114,160,FV,103.4,140073.1,Grvl,,IR2,Bnk,NoSeWa,CulDSac,Gtl,Edwards,RRAn,Feedr,1Fam,1Story,8,8,1902,2003,Gable,Metal,AsphShn,Stone,Stone,798.2,Fa,Fa,BrkTil,TA,NA,No,NA,2719.0,LwQ,140.1,2021.0,4483.9,GasW,Ex,N,FuseF,1449.4,1029.9,0.0,3314.6,3,1,2,1,0,0,Fa,8,Maj2,3,Ex,BuiltIn,1940.0,RFn,0,330.9,TA,,N,74.6,480.8,345.7,82.8,401.2,673.0,,,,4621.7,4,2006,Con,Family,491375
115,70,RL,97.4,60196.5,Grvl,,IR1,HLS,NoSeWa,FR2,Sev,StoneBr,PosA,Feedr,Duplex,SLvl,5,9,1894,1965,Gable,WdShngl,Stone,ImStucc,Stone,1582.7,Gd,Po,Stone,NA,NA,Mn,Unf,1792.2,LwQ,993.5,1005.0,2017.9,Floor,Gd,Y,FuseP,989.1,1929.8,0.0,335.8,1,0,2,2,3,2,Fa,12,Sal,2,,BuiltIn,1946.0,Unf,4,268.8,NA,Po,N,186.7,397.0,438.9,161.0,194.1,679.0,,MnWw,,3459.7,9,2009,ConLw,Alloca,281004
116,120,RM,,34719.6,Pave,,IR3,HLS,AllPub,FR2,Mod,Mitchel,RRNe,Feedr,Duplex,1.5Fin,9,8,1919,1959,Mansard,ClyTile,ImStucc,HdBoard,None,739.8,Ex,TA,PConc,TA,Fa,No,Rec,2036.1,GLQ,196.6,1357.9,768.1,GasA,Ex,Y,FuseF,1858.5,309.4,0.0,940.4,1,1,2,2,6,0,TA,7,Min2,0,Po,Attchd,1913.0,NA,0,954.6,Ex,Fa,P,523.5,258.3,490.8,300.7,368.2,134.0,,MnWw,,5975.9,5,2010,CWD,Family,342681
117,80,C,,137356.3,Pave,,IR2,Bnk,AllPub,CulDSac,Gtl,Veenker,RRAe,PosN,2FmCon,2.5Unf,2,2,1980,2003,Gambrel,ClyTile,ImStucc,CemntBd,None,118.9,Fa,Po,Wood,Gd,NA,Mn,LwQ,3777.7,NA,1297.0,1769.5,2904.5,GasA,TA,N,Mix,2939.0,867.0,0.0,2325.5,1,0,0,1,1,0,Ex,14,Maj2,1,NA,2Types,1902.0,NA,2,607.9,,Po,N,289.8,412.0,262.9,334.7,437.7,89.0,,MnPrv,,1968.1,1,2009,COD,AdjLand,329156
118,160,RM,,129517.7,Grvl,,IR3,HLS,AllPub,FR3,Mod,Somerst,Feedr,Artery,TwnhsE,1Story,9,7,1911,1978,Gambrel,WdShake,Wd Sdng,ImStucc,BrkCmn,1563.8,Ex,Ex,BrkTil,Fa,TA,NA,NA,3570.4,GLQ,752.8,621.5,4588.8,OthW,TA,N,Mix,952.8,1882.5,0.0,617.1,1,1,0,1,1,2,Gd,9,Maj2,3,TA,Basment,1987.0,Unf,3,647.0,Fa,,P,456.0,377.6,512.1,278.5,223.5,487.0,,,,6007.9,9,2007,COD,Family,352966
119,75,RM,100.4,39672.3,Grvl,,Reg,Lvl,NoSeWa,Corner,Sev,OldTown,RRAe,PosN,2FmCon,SLvl,8,2,1877,2008,Shed,CompShg,Stucco,CemntBd,None,1349.7,TA,Fa,Slab,NA,Gd,NA,BLQ,1310.9,LwQ,121.3,2079.8,2307.5,OthW,Po,Y,FuseF,3158.4,720.9,0.0,1042.8,3,1,0,1,5,3,TA,10,Min1,3,Ex,Basment,1977.0,Fin,4,222.7,Gd,,N,685.2,499.4,111.7,138.2,252.5,592.0,,GdPrv,,12923.0,11,2010,VWD,Partial,352527
120,50,C,242.7,152161.0,Pave,,IR2,Low,AllPub,Inside,Mod,NPkVill,RRNn,PosN,TwnhsE,SFoyer,9,2,1909,2008,Gambrel,Tar&Grv,WdShing,Wd Sdng,None,285.2,Fa,Ex,Stone,Gd,Fa,No,LwQ,5065.4,Unf,909.1,2287.5,5310.7,OthW,TA,Y,SBrkr,4095.3,1586.1,0.0,1564.4,0,2,2,1,8,3,Fa,6,Sal,1,Po,NA,1952.0,NA,1,588.1,Fa,Gd,N,679.3,144.2,283.9,301.6,158.6,88.0,,,,13489.5,12,2008,WD,Abnorml,429911
121,190,RM,152.3,98681.8,Grvl,,Reg,Lvl,NoSeWa,FR3,Gtl,NWAmes,Norm,Artery,Twnhs,SLvl,4,4,1971,1955,Mansard,Tar&Grv,AsbShng,Other,BrkFace,1447.4,Gd,Po,PConc,NA,Fa,NA,ALQ,4869.6,ALQ,13.4,1154.6,2364.3,OthW,Ex,N,FuseA,1611.5,803.8,0.0,2614.3,1,2,2,2,2,0,TA,8,Typ,0,,Detchd,1915.0,Unf,2,430.0,Po,Fa,Y,598.2,65.3,118.0,168.9,26.3,292.0,,MnPrv,,9963.9,5,2007,ConLD,AdjLand,424551
122,150,C,247.8,144164.0,Pave,Grvl,IR1,Low,AllPub,FR3,Sev,NPkVill,Norm,Feedr,TwnhsE,2Story,1,1,1898,1978,Gable,Tar&Grv,Plywood,BrkComm,BrkCmn,545.1,TA,Po,Stone,Ex,Gd,No,Unf,2873.3,LwQ,1143.9,2188.7,2137.5,GasA,Fa,N,FuseA,2296.0,1662.2,0.0,4128.4,0,1,2,1,6,1,TA,2,Sal,1,TA,CarPort,1960.0,NA,1,866.7,Fa,Gd,P,759.3,257.1,103.8,114.3,313.2,445.0,,,,3980.6,9,2009,CWD,Normal,390687
123,30,RL,40.1,180450.5,Pave,,IR1,Low,AllPub,CulDSac,Mod,SawyerW,RRAn,RRNn,Twnhs,1.5Unf,1,5,1940,1966,Hip,WdShake,MetalSd,Stucco,None,603.4,Fa,Gd,PConc,Gd,TA,NA,ALQ,2445.3,Unf,959.0,2.6,6099.3,GasW,Ex,Y,Mix,1329.0,2025.8,0.0,1038.3,2,0,0,0,8,1,Gd,12,Sev,0,Ex,CarPort,1927.0,Unf,0,308.0,Fa,,P,170.9,197.5,526.3,480.3,57.4,398.0,,,,3725.4,11,2010,Con,Abnorml,273278
124,180,C,163.4,37612.5,Grvl,,IR1,Lvl,AllPub,Corner,Sev,Somerst,PosA,PosN,Twnhs,1Story,5,6,1928,2002,Gable,WdShngl,VinylSd,Wd Sdng,BrkCmn,1450.2,Ex,Gd,PConc,Fa,Fa,No,ALQ,2127.0,NA,313.4,2088.9,2947.9,OthW,TA,N,FuseP,1908.4,800.9,0.0,4251.1,0,0,0,2,8,2,Gd,9,Sal,3,,Detchd,1934.0,Fin,2,871.8,Po,Fa,Y,151.9,533.2,451.4,160.0,169.9,513.0,,,,4307.9,11,2010,COD,AdjLand,486148
125,50,C,30.8,5395.9,Pave,,Reg,HLS,AllPub,FR2,Gtl,BrkSide,RRAe,PosN,2FmCon,SLvl,2,9,1888,2009,Hip,CompShg,Plywood,Wd Sdng,Stone,848.2,TA,TA,CBlock,NA,Fa,NA,BLQ,3991.8,GLQ,552.4,726.6,4919.9,GasA,TA,Y,FuseF,429.7,1745.1,0.0,4872.7,1,0,3,2,3,2,TA,4,Min1,3,Ex,Attchd,,RFn,4,535.6,TA,TA,Y,685.0,4.1,6.5,170.5,167.8,394.0,,,,7750.6,8,2006,ConLw,Family,483442
126,75,FV,39.3,167985.1,Grvl,,IR1,Bnk,NoSeWa,FR2,Gtl,NAmes,Norm,Artery,Duplex,2.5Unf,8,10,1942,1971,Hip,Tar&Grv,BrkFace,BrkFace,None,220.4,Gd,Ex,Stone,Fa,NA,Gd,LwQ,3790.9,Rec,11.5,727.7,4918.5,GasW,Fa,N,FuseP,4490.5,2041.1,0.0,3792.0,0,0,1,0,1,2,TA,2,Maj2,2,Fa,Basment,1901.0,RFn,1,491.0,Fa,Po,P,275.0,510.6,148.2,455.6,72.5,733.0,,MnWw,,15134.9,12,2006,ConLI,Family,542573
127,85,C,285.7,131741.7,Grvl,,IR3,Low,AllPub,FR2,Gtl,Sawyer,RRAn,RRNn,TwnhsE,1.5Fin,10,8,1918,1973,Mansard,Roll,MetalSd,VinylSd,BrkFace,590.5,Gd,Ex,PConc,Fa,Po,Gd,Rec,1107.2,Unf,1022.5,532.8,5660.1,GasW,TA,N,FuseF,2146.4,2031.6,0.0,566.1,3,0,2,1,0,1,Gd,7,Sev,0,Po,CarPort,1960.0,Fin,1,433.3,Po,NA,Y,438.9,522.4,113.2,72.5,320.0,16.0,,,,1692.4,10,2006,Oth,Partial,452366
128,80,C,61.7,150984.4,Pave,,Reg,Bnk,NoSeWa,FR3,Sev,NridgHt,RRNe,PosN,2FmCon,2.5Unf,5,2,1950,2010,Shed,Tar&Grv,Stucco,Stucco,BrkFace,1155.4,Ex,Po,PConc,Ex,Fa,Gd,LwQ,3789.7,ALQ,475.6,740.5,518.7,OthW,Po,N,FuseP,3771.9,895.7,0.0,2673.0,3,2,0,1,5,3,Gd,14,Maj1,1,,Detchd,1955.0,Fin,0,955.5,Fa,Po,P,637.6,27.9,81.2,297.0,83.8,707.0,,,,7757.9,7,2008,Con,AdjLand,365145
129,120,RL,176.5,180619.1,Grvl,,Reg,Bnk,NoSeWa,Inside,Sev,CollgCr,Artery,Norm,Twnhs,2Story,5,1,1981,1966,Gambrel,Tar&Grv,VinylSd,BrkComm,Stone,278.7,Gd,Gd,BrkTil,TA,TA,Mn,BLQ,1424.7,GLQ,842.5,498.7,1657.2,GasA,Fa,Y,FuseF,955.6,1003.1,0.0,3837.6,1,1,1,1,4,2,Ex,9,Sev,0,Fa,Basment,1997.0,Fin,0,797.5,Gd,Po,Y,339.3,486.6,385.0,398.1,373.6,631.0,,,,10574.8,11,2010,ConLw,AdjLand,436084
130,120,FV,141.0,173057.4,Grvl,,IR2,Low,NoSeWa,Corner,Gtl,Sawyer,Norm,RRNn,Twnhs,1Story,2,2,1884,1970,Shed,Membran,BrkComm,Stone,BrkFace,944.4,Fa,Fa,Stone,Gd,Po,Av,GLQ,104.7,ALQ,1410.2,2116.1,4690.9,Grav,Gd,Y,Mix,3874.2,626.5,0.0,5527.9,0,2,0,1,5,2,Ex,12,Typ,0,,NA,1954.0,RFn,3,1207.7,Po,Gd,P,111.5,257.5,312.9,139.0,119.7,241.0,,GdPrv,,3807.7,12,2010,ConLw,Family,551237
131,120,RH,122.4,206884.1,Grvl,,IR1,Bnk,AllPub,Inside,Sev,Blueste,PosN,PosN,1Fam,2Story,7,7,2010,2000,Mansard,Tar&Grv,Plywood,ImStucc,BrkFace,1112.4,TA,Po,Wood,TA,Gd,No,GLQ,3946.3,ALQ,441.4,2100.1,3437.5,GasA,Po,N,SBrkr,4082.5,648.4,0.0,5386.2,2,0,0,1,6,3,Ex,4,Maj2,0,,BuiltIn,1917.0,Unf,3,342.6,Ex,Gd,Y,582.3,419.1,250.6,428.8,137.9,685.0,,,,15021.2,6,2009,COD,Family,583144
132,150,RL,283.8,115960.6,Pave,,IR2,Bnk,NoSeWa,FR2,Sev,Edwards,Feedr,RRNn,1Fam,SFoyer,8,4,1995,1999,Shed,CompShg,Plywood,CBlock,Stone,550.2,Fa,Ex,Wood,TA,Fa,,GLQ,3639.2,Rec,1459.6,238.8,3419.2,GasW,Ex,Y,FuseA,3452.0,1017.0,0.0,2434.4,3,1,2,0,8,0,Ex,2,Min2,0,,2Types,1970.0,,0,56.9,NA,TA,P,700.3,43.4,104.6,391.0,165.0,543.0,,GdWo,,5409.8,9,2008,Con,Abnorml,465248
133,80,RL,27.4,105811.2,Pave,,Reg,HLS,NoSeWa,Inside,Gtl,StoneBr,PosN,Norm,TwnhsE,1.5Fin,10,10,1980,1960,Shed,Tar&Grv,WdShing,ImStucc,None,1110.2,Gd,Ex,BrkTil,Ex,TA,Gd,Rec,2318.6,Unf,932.6,333.7,1015.6,Wall,Po,Y,FuseP,4270.2,414.1,0.0,3603.4,1,0,1,1,5,2,TA,4,Maj1,1,,BuiltIn,1948.0,RFn,3,258.1,Fa,Gd,N,11.0,522.5,153.2,246.9,73.3,706.0,,,,14451.5,12,2006,New,Family,463724
134,150,RH,214.8,87281.8,Grvl,,IR2,Bnk,AllPub,FR3,Gtl,Sawyer,PosA,Norm,Duplex,SFoyer,1,5,1961,2005,Hip,Membran,BrkFace,CemntBd,BrkFace,1414.7,Ex,Po,CBlock,Fa,Gd,No,BLQ,2967.0,GLQ,356.8,2013.7,1717.8,OthW,Po,N,FuseA,1062.6,1468.5,0.0,5062.4,3,0,0,0,5,1,TA,6,Min2,2,NA,Detchd,2001.0,Fin,1,486.9,Fa,NA,Y,482.1,332.3,196.6,60.3,208.4,3.0,,MnPrv,,9259.0,4,2010,New,AdjLand,411140
135,180,C,,34181.4,Grvl,,IR3,Lvl,AllPub,CulDSac,Mod,MeadowV,PosN,RRNn,1Fam,2.5Unf,2,7,1957,1956,Gable,CompShg,BrkFace,Other,BrkFace,755.4,Fa,Po,CBlock,Fa,NA,No,BLQ,5345.8,LwQ,643.8,931.9,3185.4,GasW,TA,N,FuseP,2410.5,1107.5,0.0,4745.2,1,1,1,0,2,1,Ex,12,Maj2,3,,Detchd,1941.0,Unf,0,254.8,Gd,Ex,N,402.3,491.6,433.6,492.8,38.6,280.0,,,,63.2,5,2006,Con,Alloca,505590
136,150,RM,184.6,123806.5,Pave,,IR1,Low,AllPub,Inside,Gtl,IDOTRR,Artery,Feedr,Twnhs,2.5Unf,10,3,1963,1991,Hip,CompShg,WdShing,Stone,None,612.7,Gd,Po,PConc,Gd,NA,,GLQ,3359.3,ALQ,1091.4,395.4,1693.6,Grav,Gd,Y,Mix,3036.4,1854.5,0.0,2878.8,0,0,1,0,7,2,TA,9,Sal,1,Po,Attchd,1906.0,NA,2,118.4,Gd,Ex,Y,222.5,368.1,546.0,317.1,205.0,532.0,,,,4822.2,12,2007,Con,Family,491761
137,20,FV,294.6,60565.4,Pave,,Reg,HLS,AllPub,Inside,Sev,Crawfor,Norm,RRNn,2FmCon,SLvl,4,10,1895,1988,Mansard,Tar&Grv,BrkFace,Plywood,Stone,401.9,Ex,Ex,PConc,Ex,Po,Av,BLQ,3713.1,ALQ,658.1,1192.9,1284.8,Grav,Fa,N,Mix,2932.2,1673.9,0.0,1720.7,0,2,2,1,8,1,Gd,10,Mod,1,Fa,2Types,1903.0,RFn,0,631.5,Ex,Fa,Y,138.0,293.6,101.6,262.7,163.2,470.0,,,,334.0,1,2008,VWD,Abnorml,304328
138,80,RM,36.3,198409.1,Grvl,,IR2,Lvl,NoSeWa,Inside,Mod,NoRidge,PosA,Artery,Duplex,2Story,5,2,1944,1954,Shed,Metal,MetalSd,CemntBd,BrkFace,966.7,Fa,Fa,PConc,NA,Gd,Av,BLQ,360.7,Rec,101.0,973.3,536.2,Grav,Po,N,FuseP,4086.4,665.9,0.0,1061.7,0,2,1,1,0,3,Gd,14,Maj1,3,,CarPort,1942.0,,4,959.9,Po,NA,P,161.1,94.4,188.5,449.8,162.4,237.0,,,,5912.9,7,2006,CWD,Alloca,288658
139,70,RH,143.3,126070.8,Grvl,,IR1,Bnk,AllPub,FR2,Sev,OldTown,Feedr,Feedr,TwnhsE,SFoyer,2,7,1875,1993,Shed,ClyTile,CemntBd,Other,BrkFace,1407.8,Gd,Ex,Stone,Fa,Po,NA,NA,936.9,Unf,248.5,512.0,951.5,Grav,TA,Y,FuseP,1274.0,1044.5,0.0,2924.2,0,2,3,2,5,0,Ex,13,Min1,2,,NA,1979.0,NA,4,1065.7,NA,NA,P,621.3,97.3,154.7,214.0,317.1,604.0,,,,14454.3,6,2008,CWD,AdjLand,322643
140,80,RL,97.0,128135.2,Grvl,,IR3,Bnk,AllPub,Inside,Mod,CollgCr,Artery,Norm,2FmCon,1.5Unf,1,5,1984,1997,Gable,CompShg,HdBoard,Plywood,Stone,519.5,Ex,Po,Stone,Gd,Gd,No,ALQ,1698.6,GLQ,1166.4,1683.7,4697.8,Floor,Po,N,FuseP,1099.5,1549.8,0.0,4170.9,0,0,3,2,6,0,TA,10,Min2,1,Gd,NA,1958.0,Unf,0,565.4,Ex,NA,P,459.5,258.5,24.3,286.3,369.1,477.0,,MnPrv,,12074.8,11,2010,ConLD,Family,502977
141,75,RL,,77234.4,Pave,,IR1,Lvl,AllPub,Corner,Sev,ClearCr,RRNn,Feedr,TwnhsE,SLvl,9,1,1917,2010,Gambrel,ClyTile,CemntBd,AsbShng,BrkFace,634.0,Ex,Gd,Wood,NA,Gd,Gd,Rec,3044.3,Unf,955.7,1474.7,4391.7,GasA,Gd,Y,Mix,1438.2,399.0,0.0,5481.5,1,2,2,0,7,2,Gd,5,Min1,3,Ex,,1948.0,Fin,2,677.9,Ex,Po,P,840.8,476.1,121.0,436.1,170.9,88.0,,MnPrv,,9612.0,7,2007,ConLI,Alloca,686231
142,20,FV,307.5,12422.9,Pave,,IR2,Lvl,AllPub,FR3,Mod,MeadowV,RRNn,Norm,2FmCon,1.5Fin,1,1,1889,2006,Mansard,Metal,VinylSd,HdBoard,None,650.6,Fa,Fa,Slab,,NA,NA,BLQ,4383.1,ALQ,839.9,232.8,280.0,GasW,Fa,Y,SBrkr,4219.4,65.2,0.0,4908.5,3,0,2,2,7,2,TA,9,Sev,2,,Basment,1959.0,Unf,0,1071.3,TA,Ex,Y,208.4,63.0,497.7,199.6,125.8,112.0,,,,8347.6,1,2009,VWD,Partial,368729
143,120,RL,95.9,8091.4,Pave,,IR3,HLS,AllPub,Corner,Mod,NWAmes,Artery,Norm,2FmCon,2.5Unf,4,9,1914,1970,Shed,CompShg,WdShing,Wd Sdng,BrkFace,897.3,Fa,TA,PConc,Ex,Po,NA,Unf,1813.1,ALQ,247.1,2161.7,1242.1,Grav,TA,N,SBrkr,4435.0,1760.0,0.0,1418.1,2,0,3,0,6,0,Gd,12,Sev,2,,Attchd,1905.0,RFn,2,500.1,NA,Gd,P,820.1,546.1,465.3,392.4,237.3,732.0,,,,5775.0,7,2007,WD,Family,288756
144,75,RL,212.0,91870.4,Grvl,,Reg,Bnk,NoSeWa,Corner,Sev,NAmes,PosN,Norm,Duplex,2.5Fin,2,5,1964,1967,Shed,Membran,MetalSd,CemntBd,BrkFace,365.5,Gd,Ex,Wood,NA,NA,No,GLQ,2011.4,BLQ,1234.9,1304.6,3424.4,GasW,Po,N,FuseP,2816.4,284.0,0.0,4154.6,3,2,2,2,7,0,TA,6,Sal,0,NA,2Types,1919.0,NA,1,1112.8,Ex,TA,Y,441.4,479.1,92.5,130.1,378.1,609.0,,,,3278.9,7,2008,Oth,Partial,469488
145,75,FV,78.8,19392.3,Pave,,IR3,Bnk,NoSeWa,FR2,Mod,Crawfor,Artery,Artery,TwnhsE,SFoyer,4,1,1974,1984,Flat,Roll,Wd Sdng,AsphShn,BrkFace,1315.5,TA,Fa,BrkTil,Fa,Gd,NA,LwQ,1445.7,BLQ,1416.1,584.5,1971.3,GasW,Gd,Y,FuseF,2519.0,1836.6,0.0,1868.5,0,2,1,1,8,2,Gd,4,Maj2,1,NA,Detchd,1930.0,NA,1,1371.7,Fa,Gd,P,125.1,214.7,202.1,356.8,309.4,141.0,,,,969.1,8,2007,Con,AdjLand,340005
146,180,FV,,131131.9,Grvl,,IR1,Bnk,AllPub,Inside,Sev,BrDale,PosN,Artery,1Fam,2Story,8,7,1995,1969,Shed,WdShake,Wd Sdng,AsbShng,None,473.0,Fa,Fa,Wood,Gd,NA,No,LwQ,1437.0,,60.3,481.9,5030.1,Wall,Ex,Y,SBrkr,2972.3,1886.6,0.0,3961.9,3,0,0,1,6,1,Gd,6,Typ,2,,BuiltIn,1982.0,NA,2,1248.5,Ex,Po,Y,127.0,138.5,171.6,259.3,18.2,661.0,,MnPrv,,2947.3,2,2010,COD,Alloca,606118
147,90,RH,156.5,189779.8,Pave,,Reg,Lvl,AllPub,FR3,Sev,Mitchel,PosN,PosN,2FmCon,SFoyer,8,9,1881,1964,Hip,Tar&Grv,Stucco,Stone,None,1128.6,Fa,Po,Slab,Gd,Po,No,Rec,5355.4,Unf,115.0,317.6,4796.3,GasA,Ex,Y,Mix,3019.9,951.3,0.0,3868.1,3,0,2,0,2,2,Gd,3,Min2,1,NA,,1921.0,Unf,3,643.2,NA,Po,N,521.5,504.3,81.6,83.8,230.4,559.0,,MnWw,,5448.6,1,2008,WD,AdjLand,524098
148,40,RL,304.8,190195.2,Pave,,IR1,Bnk,NoSeWa,FR3,Mod,Blueste,Artery,Artery,2FmCon,1.5Fin,9,1,1944,1954,Gambrel,WdShake,VinylSd,AsphShn,BrkCmn,821.1,Ex,Fa,Stone,Ex,Po,NA,BLQ,3586.5,NA,1304.1,992.0,5447.6,Wall,Gd,N,Mix,1076.2,1666.0,0.0,1780.1,1,0,3,0,8,3,Ex,12,Min2,3,,,1984.0,NA,1,821.8,,Ex,P,712.5,67.4,343.5,69.1,475.7,50.0,,,,8059.9,12,2008,Con,Partial,519578
149,20,RL,198.7,142299.5,Grvl,,Reg,Low,AllPub,FR3,Gtl,OldTown,RRAe,Norm,1Fam,SLvl,5,10,1902,1962,Gambrel,ClyTile,ImStucc,AsbShng,BrkFace,937.4,Gd,Ex,Stone,TA,TA,Gd,ALQ,879.9,Unf,1202.1,316.6,3439.5,OthW,Fa,Y,Mix,3325.4,750.0,0.0,1578.1,2,0,0,1,0,2,TA,12,Typ,1,Ex,CarPort,1981.0,NA,4,1015.9,Gd,Ex,P,640.8,190.0,307.6,232.5,169.5,207.0,,GdWo,,3168.3,1,2010,WD,Alloca,345096
150,75,RH,123.1,46492.0,Pave,,IR3,Low,NoSeWa,Inside,Gtl,NridgHt,RRAe,RRNn,Duplex,SFoyer,7,4,1931,2000,Shed,ClyTile,BrkFace,AsphShn,None,287.4,TA,Gd,PConc,Fa,NA,NA,BLQ,4076.4,Unf,910.8,971.3,2151.2,OthW,Po,N,FuseA,2305.3,1772.3,0.0,885.7,2,2,1,1,7,2,Ex,12,Typ,2,Po,2Types,1931.0,Fin,0,495.3,NA,Gd,P,561.9,45.9,235.7,361.1,211.5,522.0,,,,15102.1,8,2006,Oth,Partial,325463
151,40,C,54.3,185933.9,Grvl,,Reg,HLS,NoSeWa,FR3,Gtl,StoneBr,RRNe,Feedr,Duplex,SFoyer,3,3,2002,1961,Gable,CompShg,Stone,Plywood,BrkFace,1176.0,TA,Fa,BrkTil,TA,TA,Av,GLQ,4075.1,Rec,1392.9,347.5,3703.1,Floor,Po,Y,FuseA,2588.8,1703.0,0.0,602.3,0,0,0,1,5,2,TA,7,Typ,3,Gd,BuiltIn,1946.0,RFn,3,1133.3,Fa,Fa,P,147.5,521.5,472.2,306.5,138.0,507.0,,,,1191.2,7,2009,COD,Alloca,333905
152,40,C,65.2,190875.3,Pave,,IR1,HLS,NoSeWa,FR3,Sev,NAmes,Artery,RRNn,Duplex,2.5Unf,10,5,1989,2004,Mansard,WdShake,Plywood,ImStucc,Stone,301.8,Fa,Ex,BrkTil,Ex,Gd,No,Unf,3761.6,LwQ,952.8,1534.3,544.6,OthW,Gd,Y,Mix,466.1,162.1,0.0,4890.7,1,0,3,2,2,2,Gd,2,Maj2,3,,Detchd,1933.0,NA,4,619.5,TA,Gd,P,92.8,337.8,342.1,434.2,238.9,269.0,,MnWw,,1469.3,9,2007,COD,Family,635610
153,20,C,86.8,43373.1,Pave,,IR2,Lvl,NoSeWa,CulDSac,Sev,ClearCr,Feedr,Norm,Twnhs,1Story,4,7,1885,1970,Shed,Tar&Grv,AsphShn,Other,Stone,181.6,TA,Po,Wood,Ex,NA,Gd,BLQ,760.4,BLQ,318.4,1834.3,58.6,Wall,Po,N,SBrkr,3665.9,1203.1,0.0,598.6,1,0,0,2,8,2,Fa,7,Typ,0,,NA,1926.0,Unf,0,1200.8,Ex,NA,N,0.2,183.9,143.1,197.9,77.2,262.0,,,,10580.3,2,2009,COD,Abnorml,202072
154,90,RH,94.3,159068.6,Pave,Pave,IR2,Low,AllPub,CulDSac,Gtl,NWAmes,RRAe,RRNn,Twnhs,SLvl,10,8,1873,1986,Shed,ClyTile,ImStucc,Stone,BrkFace,874.7,TA,Fa,CBlock,TA,Fa,Mn,NA,2302.7,BLQ,1074.0,1283.7,104.4,GasW,Fa,Y,FuseA,3974.8,1321.6,0.0,805.0,1,0,3,2,5,2,Ex,14,Sev,3,,Basment,,RFn,4,361.2,Po,Ex,Y,87.2,150.7,206.3,428.6,118.6,708.0,,,Gar2,11703.5,4,2009,COD,AdjLand,344813
155,50,RL,269.4,62599.4,Grvl,,IR2,Lvl,AllPub,FR3,Sev,IDOTRR,PosA,Feedr,Duplex,1.5Unf,9,2,1895,1955,Hip,Roll,Plywood,Wd Sdng,Stone,1134.9,Ex,TA,PConc,NA,TA,Mn,LwQ,602.5,NA,951.8,1588.6,2490.1,Floor,Gd,N,FuseF,3033.4,1.8,0.0,1601.8,1,0,2,2,6,1,Gd,6,Sal,2,Po,Detchd,1943.0,NA,3,16.1,Gd,NA,Y,656.8,242.9,82.9,18.8,341.6,185.0,,,,15073.0,8,2010,ConLD,Family,405776
156,85,RH,184.9,173020.9,Pave,,Reg,HLS,AllPub,Corner,Gtl,Veenker,RRNe,PosN,Duplex,1.5Unf,10,7,1935,1956,Shed,Tar&Grv,Stucco,Other,None,80.1,Ex,TA,Stone,NA,Po,NA,NA,4609.0,GLQ,1453.0,2192.1,1393.6,OthW,Ex,N,FuseP,3596.9,2023.5,0.0,5045.7,1,1,2,0,1,2,Ex,14,Sal,0,Ex,NA,1929.0,RFn,2,897.2,Fa,Fa,P,767.2,50.0,326.4,185.8,66.4,220.0,,,,8221.9,6,2006,ConLD,Family,621302
157,70,RH,173.8,214654.1,Pave,,IR2,Lvl,AllPub,Inside,Sev,Blmngtn,Artery,PosN,1Fam,2.5Fin,10,1,1971,1975,Flat,Roll,AsphShn,WdShing,BrkFace,111.0,Ex,Gd,PConc,Ex,TA,Mn,NA,3697.8,LwQ,315.3,1491.2,961.3,Floor,Ex,N,FuseA,2612.0,839.6,0.0,2101.2,2,1,3,0,0,0,Fa,10,Mod,2,TA,2Types,1932.0,NA,0,640.8,Po,NA,N,206.0,486.5,323.8,37.1,444.5,80.0,,,,2572.0,2,2009,COD,Alloca,428119
158,85,C,54.5,7723.9,Grvl,,IR2,Lvl,AllPub,Corner,Sev,Blueste,RRNe,Artery,Twnhs,2.5Fin,1,7,1985,1991,Hip,CompShg,BrkComm,ImStucc,BrkFace,1284.3,Fa,Po,Wood,NA,NA,Av,LwQ,2862.7,BLQ,881.3,850.7,3759.6,OthW,TA,Y,FuseA,3028.8,1068.3,0.0,1352.1,2,1,2,2,0,2,TA,14,Sal,2,,NA,1926.0,NA,4,84.8,NA,Fa,P,681.2,279.5,480.3,467.0,147.8,733.0,,GdWo,,14537.9,10,2008,New,Family,268515
159,80,RM,272.2,193286.9,Pave,Pave,IR1,Bnk,NoSeWa,Corner,Sev,NAmes,PosA,RRNn,TwnhsE,1.5Unf,2,8,1895,1997,Shed,CompShg,CemntBd,MetalSd,BrkFace,1294.5,TA,Ex,PConc,NA,TA,NA,Rec,1936.0,LwQ,1150.0,1050.0,6080.0,Wall,Ex,N,SBrkr,2053.5,402.3,0.0,4132.2,3,2,1,0,2,1,TA,8,Min2,0,,,1955.0,NA,4,691.4,Ex,Ex,P,170.4,396.6,472.4,241.5,276.0,408.0,,MnWw,,15193.6,2,2006,Con,Family,432600
160,120,RL,232.1,134508.7,Pave,,IR3,HLS,NoSeWa,Inside,Gtl,BrkSide,PosA,Artery,Duplex,2.5Unf,5,2,1962,1957,Shed,Metal,CemntBd,WdShing,BrkCmn,392.5,Ex,Fa,CBlock,Gd,Po,NA,Unf,1039.9,LwQ,499.7,2010.2,1086.1,GasW,Po,N,SBrkr,3785.0,1261.5,0.0,2027.6,2,0,0,2,2,3,Fa,7,Maj2,0,Fa,NA,1922.0,Fin,3,239.0,Ex,Gd,P,213.6,127.9,462.0,160.6,154.5,681.0,,,,14314.5,7,2010,Oth,Alloca,284332
161,70,C,40.8,209550.3,Grvl,,Reg,Bnk,AllPub,Inside,Mod,Blmngtn,PosA,Artery,Duplex,1Story,3,9,1897,1958,Mansard,WdShngl,Plywood,BrkFace,BrkCmn,984.4,Gd,Ex,CBlock,TA,TA,Gd,NA,600.8,GLQ,559.6,305.4,3338.6,OthW,Fa,N,FuseF,2374.7,1673.9,0.0,2103.5,1,2,3,2,7,0,Fa,12,Maj2,1,,Detchd,1942.0,RFn,3,893.0,Ex,TA,P,192.1,275.6,303.0,250.2,229.5,85.0,,,,13510.7,9,2009,Oth,Abnorml,331795
162,80,RM,227.7,100786.5,Pave,,IR2,HLS,NoSeWa,FR2,Sev,NAmes,RRAe,RRNn,Duplex,1Story,2,1,1936,1976,Gambrel,Roll,Stone,CBlock,BrkCmn,709.1,TA,TA,Slab,Gd,TA,No,,5470.4,ALQ,1308.8,760.9,731.5,GasA,Fa,N,FuseF,3298.4,1209.9,0.0,4256.5,3,0,3,1,6,2,TA,13,Sev,2,Po,Detchd,1982.0,Fin,3,631.1,Po,Ex,Y,44.3,115.5,359.9,270.7,433.8,555.0,,,,1202.4,8,2010,New,Normal,400080
163,75,RM,179.7,182594.4,Pave,,IR1,Bnk,NoSeWa,FR2,Sev,Somerst,Norm,RRNn,2FmCon,2.5Unf,1,6,1991,1953,Flat,ClyTile,Plywood,Other,BrkFace,1012.3,Gd,Po,PConc,Gd,Fa,NA,Rec,1126.8,NA,595.8,1348.5,5708.2,OthW,TA,Y,FuseF,3042.2,1627.3,0.0,1669.8,2,1,3,2,7,2,Fa,8,Mod,1,Po,BuiltIn,1953.0,Fin,2,242.7,Ex,Gd,P,166.3,446.4,428.1,429.9,32.9,103.0,,,,13250.5,2,2007,WD,Abnorml,350393
164,120,FV,44.9,14648.9,Grvl,,Reg,HLS,NoSeWa,FR2,Gtl,Somerst,Norm,Feedr,Twnhs,1.5Fin,10,1,1875,1970,Gable,ClyTile,CBlock,HdBoard,BrkFace,1380.6,TA,Ex,Stone,Ex,Gd,NA,BLQ,337.9,ALQ,920.9,1580.0,1782.6,Wall,Po,N,FuseF,3394.7,1509.7,0.0,5094.0,3,0,1,0,0,0,Gd,11,Sev,3,,CarPort,1994.0,Unf,1,584.1,TA,TA,P,320.1,424.1,50.6,275.6,411.0,283.0,,,,14775.0,3,2010,ConLI,Alloca,563940
165,30,RL,,73031.3,Pave,,IR1,HLS,NoSeWa,FR3,Gtl,Blmngtn,RRNn,RRNn,TwnhsE,1.5Fin,3,3,1872,1980,Mansard,Roll,ImStucc,Wd Sdng,BrkCmn,127.8,Gd,Fa,Wood,Ex,Po,NA,Unf,5427.6,BLQ,1310.7,1783.5,5366.7,Wall,Gd,Y,FuseA,3756.0,490.8,0.0,3314.0,2,2,1,2,3,2,Ex,6,Mod,3,NA,Basment,1967.0,NA,4,330.0,Po,NA,P,347.5,81.1,165.9,219.1,267.6,459.0,,MnPrv,,8560.9,8,2008,ConLD,Family,426034
166,20,RM,,15637.9,Pave,,IR3,Low,AllPub,FR3,Sev,StoneBr,Norm,RRNn,2FmCon,2Story,1,6,1921,1970,Hip,WdShake,BrkFace,Other,Stone,1244.8,Gd,Po,Wood,Ex,Gd,Gd,ALQ,3098.3,GLQ,309.3,743.3,1729.6,GasA,TA,Y,FuseF,2568.4,900.0,0.0,3188.8,0,2,1,1,7,1,Ex,2,Sal,1,,CarPort,1952.0,Fin,2,926.1,Gd,Po,P,265.2,40.8,93.3,488.4,319.2,699.0,,,,11975.1,4,2010,CWD,Family,328248
167,190,C,69.4,209969.8,Grvl,,IR2,HLS,AllPub,FR3,Sev,ClearCr,RRAe,Artery,2FmCon,2.5Unf,1,3,1981,1989,Mansard,Metal,CemntBd,Plywood,None,788.8,Fa,Fa,CBlock,Gd,Fa,NA,Rec,4496.3,BLQ,1447.3,340.7,4925.0,GasW,Po,N,FuseF,3877.3,306.9,0.0,1739.3,2,0,3,0,1,2,Ex,10,Sev,0,Gd,Attchd,1982.0,Unf,4,418.5,NA,Po,N,441.1,450.8,282.3,492.0,26.8,460.0,,,,10243.9,6,2006,WD,Normal,328465
168,70,FV,,176087.5,Pave,,Reg,Lvl,NoSeWa,FR2,Mod,Somerst,Artery,PosN,TwnhsE,SLvl,1,8,2010,1974,Gable,Roll,AsphShn,Stucco,Stone,902.6,Gd,Fa,Slab,Fa,NA,No,LwQ,247.0,BLQ,1034.7,2230.5,1279.3,GasA,Gd,Y,Mix,2501.0,86.6,0.0,4766.7,3,2,1,1,6,3,Ex,6,Min1,3,,2Types,2001.0,RFn,2,1165.6,TA,Po,N,323.9,60.0,462.4,19.5,365.5,120.0,,,,4464.9,12,2007,ConLw,Family,435354
169,70,RL,269.2,183698.3,Pave,,Reg,Low,NoSeWa,Inside,Sev,Timber,Feedr,Norm,TwnhsE,SLvl,8,5,1945,1988,Hip,ClyTile,MetalSd,WdShing,BrkCmn,1046.3,Ex,Po,Slab,Gd,NA,No,GLQ,3199.8,Unf,731.3,178.5,1788.9,Floor,Ex,Y,FuseA,4503.0,130.2,0.0,3374.2,0,1,2,2,7,1,Ex,5,Min2,0,,2Types,1939.0,RFn,0,20.1,Fa,TA,Y,831.6,300.0,127.4,359.1,61.3,660.0,,,,9106.6,2,2008,Con,Partial,440208
170,160,RH,216.4,201973.0,Pave,,IR2,Bnk,AllPub,FR3,Sev,Timber,PosN,PosN,TwnhsE,1.5Fin,3,2,1933,1964,Flat,WdShake,HdBoard,AsbShng,None,1476.2,Ex,Po,Wood,,Fa,NA,,2247.5,ALQ,635.2,223.8,1176.0,OthW,Ex,N,FuseA,3614.1,1946.3,0.0,1159.5,1,0,0,2,8,2,Ex,7,Min2,1,NA,Detchd,1959.0,,1,572.0,Ex,Fa,N,691.9,292.4,403.5,188.9,463.1,351.0,,,,13785.3,1,2007,CWD,AdjLand,283555
171,75,C,156.0,19507.5,Grvl,,IR1,Lvl,AllPub,Inside,Sev,BrDale,RRAe,RRNn,TwnhsE,1.5Fin,1,4,1952,2002,Hip,ClyTile,WdShing,Wd Sdng,BrkCmn,90.8,TA,Fa,Slab,Gd,NA,Gd,GLQ,4357.0,GLQ,1406.7,1156.2,1614.6,Wall,Gd,N,FuseA,1079.8,2033.1,0.0,1429.0,3,1,2,2,6,3,TA,6,Sal,0,Fa,BuiltIn,1985.0,Unf,4,875.0,Fa,Po,N,797.8,111.0,224.0,343.0,383.7,439.0,,,,7694.0,6,2008,New,Normal,220074
172,50,RM,141.2,83796.7,Grvl,,IR3,Lvl,AllPub,FR2,Mod,Timber,RRNe,Norm,TwnhsE,1Story,7,9,1927,1984,Hip,Tar&Grv,BrkComm,BrkFace,None,47.2,Ex,TA,Stone,NA,NA,Mn,GLQ,216.9,LwQ,303.2,1913.8,5101.0,GasW,TA,Y,FuseP,3949.3,196.1,0.0,2819.5,1,1,2,2,8,0,TA,2,Maj2,2,Ex,BuiltIn,1908.0,NA,3,32.1,Gd,Po,N,477.7,323.5,498.5,323.6,236.6,568.0,,,,9147.3,8,2007,WD,Partial,487582
173,40,RM,211.1,16497.6,Grvl,,Reg,HLS,AllPub,Inside,Sev,NPkVill,PosN,RRNn,Duplex,1.5Fin,10,4,1982,1998,Gable,CompShg,ImStucc,HdBoard,None,285.2,Fa,Fa,Wood,NA,TA,NA,GLQ,2267.1,ALQ,459.4,1809.2,3904.5,OthW,Gd,Y,FuseF,2737.8,692.2,0.0,4472.3,1,2,1,0,1,1,Ex,3,Min2,3,,2Types,1994.0,RFn,1,306.1,Fa,,Y,581.3,275.0,346.0,167.7,443.6,188.0,,,,8237.7,5,2009,VWD,Family,575793
174,120,C,180.3,46398.1,Grvl,,Reg,HLS,NoSeWa,FR3,Mod,Sawyer,RRNe,Feedr,TwnhsE,1.5Unf,3,10,1892,1992,Hip,WdShake,Stucco,WdShing,None,1578.3,Ex,Po,CBlock,Ex,TA,NA,NA,4510.0,BLQ,453.7,2190.5,2479.9,GasA,Po,N,FuseF,4624.3,236.3,0.0,5319.8,3,0,3,2,0,2,Ex,5,Min2,0,,CarPort,1909.0,Unf,4,464.3,Gd,TA,N,142.8,278.5,539.1,501.2,81.2,549.0,,,,4377.3,1,2010,ConLI,Alloca,452578
175,75,RM,39.2,50371.7,Pave,,IR3,Lvl,NoSeWa,Inside,Gtl,NridgHt,Artery,RRNn,TwnhsE,SFoyer,8,10,1880,1990,Mansard,WdShngl,ImStucc,MetalSd,BrkCmn,1144.1,Fa,Gd,BrkTil,Gd,TA,Av,LwQ,2950.1,BLQ,426.0,330.8,5936.0,Floor,Gd,Y,FuseF,3466.6,1722.7,0.0,3855.9,1,1,2,1,0,2,Fa,9,Typ,0,TA,Attchd,1909.0,RFn,0,31.0,Fa,TA,Y,645.1,196.8,135.6,181.4,476.0,712.0,,,,9976.8,10,2006,ConLI,Normal,488368
176,60,FV,170.7,101663.1,Pave,,Reg,Low,NoSeWa,FR2,Sev,OldTown,PosA,Norm,Twnhs,SLvl,4,8,2010,1986,Gambrel,ClyTile,Wd Sdng,WdShing,BrkCmn,983.4,Ex,Ex,Stone,Gd,Fa,Gd,ALQ,3104.4,Rec,690.6,877.7,2840.3,OthW,Po,Y,SBrkr,701.8,1024.9,0.0,3020.6,3,1,0,0,3,0,Fa,6,Sev,2,,Attchd,1929.0,NA,4,775.2,Gd,Fa,Y,202.2,458.6,510.0,321.0,344.1,228.0,,,,7896.8,2,2006,New,Abnorml,412394
177,90,RL,256.5,58757.5,Grvl,,IR3,Lvl,AllPub,FR3,Sev,Blmngtn,Artery,Feedr,Duplex,2Story,4,5,1941,2006,Gable,Tar&Grv,MetalSd,Wd Sdng,None,75.3,Fa,Fa,Wood,Ex,NA,No,Rec,548.4,GLQ,1458.1,659.1,5925.2,GasA,Po,Y,SBrkr,2055.2,1282.9,0.0,1664.9,3,0,1,0,0,0,Fa,8,Maj1,0,,,1909.0,Unf,4,894.6,Po,Ex,N,125.0,46.2,197.1,413.2,47.2,385.0,,,,3604.5,3,2009,New,Family,399433
178,40,FV,155.1,22903.8,Grvl,,IR2,Lvl,NoSeWa,FR3,Sev,IDOTRR,RRNn,Norm,2FmCon,1Story,5,10,2000,1991,Gable,Membran,AsphShn,Plywood,BrkFace,1406.6,TA,Ex,PConc,TA,Gd,Gd,LwQ,746.9,LwQ,1310.1,2011.0,1201.1,Grav,Ex,N,SBrkr,2588.3,1114.9,0.0,3905.6,2,2,2,0,6,1,Ex,3,Sal,1,,Detchd,1957.0,NA,4,322.6,Po,Fa,P,35.9,239.9,343.3,73.9,257.6,130.0,,,,13878.4,12,2007,Con,AdjLand,431849
179,20,RM,36.2,37133.9,Grvl,Grvl,IR3,HLS,AllPub,FR2,Sev,StoneBr,RRAe,Feedr,Duplex,SFoyer,6,1,1989,1996,Gable,Tar&Grv,VinylSd,CBlock,BrkFace,1300.4,TA,Fa,BrkTil,Fa,,Gd,NA,3821.0,LwQ,483.4,1140.8,5527.3,Grav,Po,N,FuseP,3990.4,1466.7,0.0,5547.7,0,1,1,1,7,1,Fa,9,Min1,1,,2Types,1935.0,Fin,1,770.7,NA,Gd,P,404.7,142.1,96.3,152.7,341.2,170.0,,,,14725.7,2,2010,New,Family,610563
180,40,RH,250.6,32808.9,Pave,,IR3,HLS,NoSeWa,Corner,Mod,Gilbert,Feedr,Artery,1Fam,1.5Fin,7,7,1927,1977,Mansard,Metal,HdBoard,Stucco,BrkFace,1063.7,Ex,Fa,Stone,Fa,NA,NA,NA,3810.0,BLQ,623.3,62.7,84.5,Wall,Fa,N,FuseF,3512.5,659.0,0.0,2861.8,1,0,0,1,2,1,Ex,6,Min1,1,,CarPort,1981.0,NA,4,1416.8,NA,,P,245.8,464.1,419.4,101.1,294.3,329.0,,,,858.3,9,2009,Oth,Abnorml,417296
181,50,RL,79.8,209484.9,Pave,,IR1,HLS,NoSeWa,CulDSac,Gtl,MeadowV,RRAe,Norm,TwnhsE,2Story,4,3,1902,2010,Mansard,WdShngl,MetalSd,CBlock,BrkFace,542.6,TA,Gd,CBlock,TA,Fa,Av,Unf,5526.1,NA,986.8,1653.8,3331.8,GasW,Ex,N,FuseA,1943.7,283.9,0.0,1194.6,1,0,1,1,0,2,TA,5,Typ,3,,Attchd,1943.0,RFn,3,1257.7,Fa,Ex,N,845.6,123.1,540.0,397.2,203.5,34.0,,,,9646.4,10,2007,ConLw,Abnorml,332759
182,180,RL,96.5,163746.8,Pave,,IR3,Bnk,AllPub,FR2,Gtl,Gilbert,PosN,Artery,2FmCon,1.5Fin,8,10,1908,1963,Mansard,Tar&Grv,ImStucc,Stucco,Stone,112.8,TA,Po,Slab,Ex,TA,NA,ALQ,4018.3,Rec,25.3,908.0,2584.9,Wall,Ex,N,FuseA,3181.7,36.4,0.0,882.5,0,1,3,1,2,2,Gd,10,Sev,0,,NA,1956.0,Fin,2,83.2,TA,NA,P,214.1,419.6,434.7,407.0,119.1,200.0,,,,6433.2,2,2010,New,AdjLand,344435
183,160,C,69.1,208347.7,Pave,,IR2,Lvl,AllPub,Inside,Mod,ClearCr,RRNn,Artery,1Fam,2.5Unf,6,8,1962,1953,Shed,WdShngl,Wd Sdng,BrkComm,Stone,928.1,TA,TA,Stone,TA,Po,Gd,BLQ,2783.9,Rec,1208.9,1240.8,3208.3,OthW,Gd,N,Mix,2848.2,920.4,0.0,1763.2,0,1,2,2,1,1,TA,7,Mod,3,,Attchd,1942.0,NA,3,181.3,TA,Ex,N,742.6,334.5,339.9,130.0,114.4,167.0,,,,8152.3,3,2007,CWD,Abnorml,345490
184,40,C,,95380.3,Grvl,,Reg,Lvl,NoSeWa,Corner,Mod,Blueste,RRAn,RRNn,2FmCon,SFoyer,1,3,1985,2002,Mansard,CompShg,AsphShn,CBlock,BrkFace,1151.5,Ex,Po,PConc,Fa,Po,NA,NA,4838.8,GLQ,1296.8,2087.9,3381.5,Floor,Po,N,SBrkr,883.3,1874.7,0.0,3356.6,0,1,2,2,5,2,Ex,5,Maj1,3,,BuiltIn,1982.0,Fin,0,701.1,Po,Gd,N,271.2,478.5,247.4,2.1,444.9,508.0,,,,5794.4,9,2006,VWD,Alloca,413629
185,20,RH,,60855.5,Pave,,IR1,Bnk,NoSeWa,FR2,Mod,Blueste,Feedr,PosN,Duplex,2.5Unf,1,1,1999,1969,Hip,Membran,Stucco,WdShing,BrkCmn,150.8,Fa,Ex,PConc,TA,Po,Gd,NA,589.6,NA,1263.5,599.7,2377.0,Grav,Gd,Y,FuseP,1357.5,630.4,0.0,5359.6,0,2,3,1,6,0,Ex,9,Min1,0,Fa,Basment,2006.0,NA,1,347.7,Ex,Fa,N,642.0,324.8,190.6,215.1,112.7,510.0,,,NA,7352.6,11,2010,ConLD,Abnorml,497846
186,50,RL,,172090.8,Pave,,IR3,Lvl,NoSeWa,CulDSac,Mod,Timber,Artery,Feedr,1Fam,1.5Unf,9,5,1993,1983,Gable,Roll,BrkComm,AsphShn,BrkFace,1014.0,Ex,Ex,PConc,Gd,Gd,No,Rec,2535.8,NA,552.8,561.3,6099.0,Wall,Po,N,Mix,1820.6,404.7,0.0,1922.0,0,2,0,1,8,3,TA,4,Sal,0,,2Types,1922.0,Unf,2,114.8,Ex,TA,Y,565.5,304.4,231.3,349.1,462.0,245.0,,,,5013.2,3,2006,COD,Alloca,485080
187,85,RH,80.8,71100.4,Grvl,,IR1,Lvl,AllPub,FR3,Sev,Mitchel,Norm,Norm,TwnhsE,2.5Unf,10,2,1940,1961,Shed,WdShngl,CBlock,Plywood,None,458.2,Gd,Fa,Wood,NA,TA,NA,NA,1620.4,BLQ,681.0,614.8,5966.5,GasA,Ex,N,FuseP,1185.9,1912.3,0.0,1955.0,2,0,0,2,4,2,TA,14,Mod,1,TA,Basment,1903.0,Fin,1,361.0,TA,Gd,N,481.4,438.2,181.2,316.2,100.9,223.0,,,,1822.9,8,2006,ConLI,Abnorml,459760
188,70,C,277.3,65351.6,Grvl,,IR2,Lvl,AllPub,CulDSac,Sev,Blueste,PosN,Artery,TwnhsE,2Story,6,4,1907,1982,Gable,Metal,BrkComm,CemntBd,None,1222.8,Fa,Po,BrkTil,Gd,TA,NA,ALQ,590.6,BLQ,18.3,789.8,5876.3,GasW,Fa,N,FuseA,988.3,217.8,0.0,2888.1,3,0,1,2,3,1,Fa,11,Sev,3,,Attchd,1911.0,NA,1,86.8,Fa,Fa,Y,357.2,307.7,459.7,226.4,184.5,340.0,,,,4681.5,8,2010,ConLw,Family,460933
189,180,C,277.8,51043.5,Pave,,IR2,Low,AllPub,CulDSac,Mod,NoRidge,PosA,RRNn,1Fam,2.5Unf,10,1,1903,1973,Flat,Metal,BrkComm,WdShing,BrkCmn,863.4,Gd,Gd,Wood,Fa,TA,,BLQ,4309.2,NA,588.7,250.8,5982.2,Grav,Ex,Y,FuseF,587.6,107.0,0.0,5209.6,0,1,2,1,0,2,Fa,3,Sal,3,Ex,Basment,1948.0,Fin,4,751.4,TA,NA,Y,575.1,462.0,493.0,153.4,5.9,569.0,,MnPrv,,10390.2,11,2009,WD,Alloca,712922
190,160,RL,275.2,29044.2,Pave,,Reg,Bnk,AllPub,FR2,Sev,NridgHt,Feedr,Norm,Duplex,1.5Fin,8,9,1935,1969,Gambrel,WdShake,WdShing,AsbShng,None,206.5,Gd,TA,Slab,NA,TA,NA,,2882.9,BLQ,678.7,1628.7,4845.3,GasW,TA,Y,FuseA,4139.0,1816.0,0.0,2558.3,2,0,0,0,5,0,Gd,8,Min2,0,,NA,1923.0,NA,3,695.2,NA,Gd,N,349.0,27.0,524.2,241.0,433.5,536.0,,,,780.9,3,2007,ConLI,Normal,481701
191,70,FV,90.7,56169.0,Pave,,IR2,Bnk,NoSeWa,FR3,Sev,Edwards,RRNe,RRNn,1Fam,SFoyer,7,6,1919,1954,Hip,ClyTile,Stucco,BrkComm,BrkFace,842.4,TA,Po,Stone,NA,NA,,Rec,3142.4,GLQ,1336.9,484.5,6040.3,GasW,Gd,Y,FuseA,1593.2,1447.4,0.0,1518.9,0,2,3,0,7,1,Fa,13,Maj2,3,,Attchd,,NA,2,9.0,Po,TA,Y,469.7,270.8,230.9,7.7,50.1,439.0,,,,5932.4,10,2010,WD,Alloca,431016
192,90,RM,152.8,77318.9,Grvl,,IR2,Lvl,AllPub,FR3,Gtl,NWAmes,RRAn,Norm,Duplex,2.5Fin,6,8,1952,1987,Gambrel,Membran,Wd Sdng,AsbShng,BrkFace,633.2,Fa,Fa,BrkTil,TA,Po,Mn,NA,2321.1,LwQ,1317.7,2163.5,5452.3,Grav,Fa,N,SBrkr,1599.2,871.6,0.0,1199.9,0,0,3,1,3,3,Fa,5,Maj1,2,Po,CarPort,1967.0,Fin,4,684.2,Fa,NA,Y,505.5,444.5,301.5,37.5,171.5,543.0,,,,655.6,12,2006,New,Family,431343
193,80,C,,145497.7,Grvl,,IR3,HLS,NoSeWa,CulDSac,Sev,Edwards,PosN,RRNn,2FmCon,SFoyer,4,4,1931,1979,Hip,CompShg,Wd Sdng,Stucco,BrkCmn,288.6,Fa,Ex,Stone,Gd,Po,NA,Unf,2598.1,ALQ,1424.0,503.8,2541.3,GasA,Gd,Y,FuseA,1232.7,1553.6,0.0,2759.8,1,0,3,0,0,1,Fa,5,Maj1,0,Gd,BuiltIn,1990.0,Fin,2,737.1,Po,Gd,N,229.1,464.1,318.4,82.6,404.4,621.0,,,,5522.1,10,2007,VWD,AdjLand,413014
194,180,C,246.4,14685.4,Grvl,,IR2,Lvl,AllPub,FR2,Gtl,Somerst,Norm,RRNn,Duplex,2Story,7,9,1872,1973,Hip,CompShg,HdBoard,Other,BrkCmn,1346.4,Gd,Po,CBlock,TA,Po,No,BLQ,654.8,Rec,1304.6,597.2,4795.0,Floor,Po,N,FuseP,2405.8,1531.1,0.0,4584.0,1,1,0,2,4,1,Gd,11,Maj2,1,NA,CarPort,2001.0,Unf,3,858.9,TA,Gd,N,291.2,456.2,359.4,317.7,380.1,612.0,,,,1358.0,3,2010,New,Abnorml,518405
195,180,FV,28.9,46336.9,Grvl,,IR2,Lvl,NoSeWa,FR3,Sev,ClearCr,Artery,PosN,1Fam,2.5Fin,9,2,1936,1992,Hip,WdShngl,Wd Sdng,Other,BrkCmn,17.6,Gd,Ex,CBlock,Fa,Fa,No,LwQ,3797.9,,12.1,693.8,5572.7,GasA,Gd,N,FuseF,2575.1,82.7,0.0,1880.5,1,1,3,0,4,1,Fa,10,Min2,2,,Detchd,2002.0,Unf,4,1375.6,TA,TA,P,15.5,330.6,1.4,111.1,403.9,149.0,,,,5264.4,8,2009,COD,Family,551843
196,85,FV,40.0,174386.6,Grvl,,IR2,Low,AllPub,FR3,Gtl,Sawyer,Artery,Artery,1Fam,2.5Unf,10,9,1904,1989,Gable,Metal,CBlock,Stucco,Stone,499.4,TA,Fa,Stone,NA,TA,Mn,BLQ,2440.7,ALQ,945.5,1795.3,4354.0,GasA,Ex,Y,SBrkr,1241.7,1396.4,0.0,3054.5,1,2,2,1,1,2,Fa,3,Sal,2,Gd,NA,1971.0,Fin,2,1393.5,Po,Po,Y,730.3,543.7,465.2,215.1,438.8,704.0,,,,12990.4,3,2010,Oth,Normal,556978
197,85,RH,156.5,32733.2,Pave,,Reg,Low,NoSeWa,Inside,Gtl,NridgHt,RRNn,Feedr,2FmCon,2.5Unf,10,5,1909,1956,Gambrel,Metal,WdShing,CBlock,None,20.2,TA,Ex,BrkTil,TA,NA,Gd,Unf,4609.8,NA,100.6,998.9,2583.2,GasW,Ex,Y,Mix,2986.1,1323.4,0.0,3534.8,3,0,0,0,5,3,TA,2,Sal,1,,2Types,1989.0,,4,747.2,Fa,Gd,N,647.9,99.2,148.0,315.7,437.3,620.0,,,,9507.8,4,2010,WD,Abnorml,528453
198,120,RH,286.5,74607.2,Pave,,IR3,HLS,AllPub,CulDSac,Gtl,MeadowV,PosN,Feedr,1Fam,SFoyer,7,6,1896,1985,Gambrel,Metal,AsbShng,HdBoard,None,153.6,Ex,Fa,PConc,NA,NA,Av,NA,1107.8,NA,401.8,1914.0,402.0,GasA,Gd,N,FuseA,3484.8,1990.2,0.0,2725.1,3,0,0,0,8,0,TA,8,Min1,2,Po,Detchd,1933.0,NA,1,1198.5,Fa,Gd,N,157.3,95.4,260.6,421.9,369.8,355.0,,MnPrv,,10575.6,5,2008,ConLw,Family,376563
199,150,RM,178.3,186289.5,Pave,,IR3,Low,NoSeWa,Corner,Gtl,NAmes,Feedr,Norm,Twnhs,1.5Fin,1,3,1930,1987,Mansard,Roll,Plywood,CBlock,Stone,475.4,Fa,TA,BrkTil,Gd,Fa,Gd,NA,1157.3,NA,852.4,1833.4,4947.2,OthW,Po,N,SBrkr,1963.2,1996.1,0.0,1351.5,1,0,2,0,5,2,Fa,13,Sev,2,Ex,Basment,1908.0,Fin,0,120.8,Gd,Gd,N,310.3,18.0,464.5,279.2,279.6,532.0,,GdPrv,,7808.9,7,2007,CWD,Alloca,260360
200,40,RM,166.4,34445.5,Pave,,IR1,Lvl,AllPub,CulDSac,Mod,BrDale,Feedr,Norm,1Fam,2Story,10,4,1972,1965,Gambrel,CompShg,MetalSd,Other,None,86.8,Gd,Gd,Wood,Fa,Fa,NA,GLQ,3644.7,LwQ,1032.7,2171.3,5821.3,Floor,Po,Y,SBrkr,2885.4,780.2,0.0,5226.6,1,1,3,2,7,3,TA,9,Maj1,2,,Attchd,1909.0,Fin,2,753.2,Po,Ex,N,360.9,541.2,550.3,90.0,269.5,372.0,,,,14296.9,1,2010,VWD,Abnorml,664528
201,180,RL,51.8,19001.1,Pave,,IR2,Lvl,NoSeWa,FR2,Sev,Edwards,RRNe,PosN,Twnhs,2.5Unf,9,6,1998,2001,Mansard,Metal,Wd Sdng,Plywood,BrkCmn,954.6,Ex,Ex,BrkTil,Gd,,No,,4774.8,NA,964.9,1767.4,2214.7,OthW,Fa,N,SBrkr,2523.0,1218.0,0.0,3335.4,0,2,0,2,2,3,Ex,4,Typ,3,,Detchd,1964.0,NA,3,962.7,TA,Ex,N,286.6,190.4,438.8,483.5,6.2,411.0,,,,8388.0,8,2006,VWD,Family,519945
202,190,RH,212.8,104964.5,Pave,,IR1,Low,AllPub,FR3,Mod,BrDale,RRAn,Norm,1Fam,2.5Unf,4,7,1912,1964,Flat,WdShake,CBlock,Wd Sdng,None,139.0,TA,Po,Stone,TA,Po,No,LwQ,2665.1,LwQ,72.3,121.3,928.1,GasA,Ex,Y,FuseP,1186.2,291.9,0.0,4204.2,0,0,2,2,1,2,TA,3,Typ,2,Fa,BuiltIn,,RFn,2,800.8,Po,TA,Y,684.1,416.8,13.7,45.7,346.8,251.0,,,,1616.6,3,2006,Con,Partial,420037
203,70,C,261.1,66001.1,Pave,Pave,IR1,Low,AllPub,FR3,Sev,Gilbert,Norm,Feedr,1Fam,1Story,3,1,1928,1995,Mansard,Tar&Grv,CBlock,ImStucc,BrkFace,1122.7,Gd,TA,BrkTil,TA,Po,Gd,BLQ,4102.9,LwQ,152.7,1955.9,1994.9,GasA,Gd,Y,Mix,3515.4,137.2,0.0,3710.1,1,0,2,1,3,1,Gd,5,Typ,2,NA,NA,1973.0,RFn,0,327.2,Po,Fa,Y,621.7,32.7,203.6,186.5,108.8,13.0,,,,14463.1,7,2008,Con,Normal,408080
204,20,RH,132.1,121838.4,Grvl,,IR2,Bnk,NoSeWa,Inside,Mod,NWAmes,RRAe,Artery,2FmCon,2.5Fin,4,7,1919,1972,Shed,Metal,Plywood,BrkComm,Stone,84.2,Fa,Gd,CBlock,Ex,Po,Gd,LwQ,5640.2,LwQ,189.5,2191.3,3559.8,Grav,Fa,N,SBrkr,3826.7,893.7,0.0,5631.6,1,0,1,0,8,3,Fa,3,Maj2,0,,CarPort,1953.0,Fin,2,88.8,Ex,NA,N,657.5,163.4,136.5,468.0,397.8,214.0,,NA,,2062.5,11,2006,ConLI,Family,470132
205,45,C,,173270.0,Pave,,IR3,Lvl,NoSeWa,FR3,Sev,IDOTRR,PosN,PosN,Twnhs,SFoyer,4,1,1943,1961,Hip,WdShake,Wd Sdng,BrkFace,Stone,94.9,Gd,Po,Stone,Gd,Po,NA,Rec,5589.1,BLQ,134.7,2321.3,1936.4,Grav,TA,N,FuseP,3161.4,1424.6,0.0,2756.1,1,0,3,2,8,0,Ex,13,Maj1,1,Ex,Basment,1942.0,Unf,2,548.3,Gd,Ex,P,774.8,341.2,532.2,306.0,265.8,535.0,,,,15487.1,10,2010,ConLI,Partial,359624
206,150,FV,302.6,30642.2,Grvl,,IR2,HLS,AllPub,FR3,Mod,BrkSide,PosN,Norm,2FmCon,2.5Fin,10,5,1927,1978,Gable,WdShake,BrkFace,Other,None,488.5,Gd,Po,Wood,Fa,TA,Gd,GLQ,4201.0,LwQ,262.7,292.6,3730.9,Wall,Fa,Y,Mix,1745.5,1172.4,0.0,2589.8,0,2,3,2,2,2,TA,3,Min1,3,,Basment,1958.0,Unf,2,918.4,Fa,TA,P,510.0,287.1,145.9,336.6,473.9,19.0,,NA,,6748.5,11,2007,ConLD,Abnorml,507940
207,190,RH,80.5,125537.7,Pave,,IR1,Low,AllPub,Corner,Mod,Blmngtn,Norm,PosN,Twnhs,1.5Fin,2,6,1936,1993,Shed,Tar&Grv,AsphShn,AsphShn,Stone,1434.5,Ex,Fa,Stone,NA,NA,Mn,GLQ,4174.2,ALQ,1014.8,1432.6,5907.5,GasW,TA,N,FuseF,4373.0,887.2,0.0,2245.6,1,2,2,0,0,3,Ex,6,Maj2,3,,NA,1988.0,RFn,3,1406.2,Ex,Ex,Y,526.7,113.6,520.7,153.3,100.9,487.0,,,,1139.0,3,2008,WD,Alloca,374552
208,45,FV,173.8,109451.1,Pave,,Reg,Low,AllPub,CulDSac,Gtl,Somerst,Artery,PosN,Twnhs,2Story,1,2,1883,1997,Hip,ClyTile,BrkComm,Wd Sdng,None,1026.2,Gd,Gd,Stone,Ex,TA,Mn,BLQ,1397.6,ALQ,1224.7,465.9,4098.2,GasW,TA,Y,FuseP,2318.5,1689.4,0.0,2253.5,1,2,0,1,0,0,Ex,11,Mod,1,Gd,Detchd,1994.0,NA,0,335.4,Gd,NA,N,618.7,252.5,517.5,39.9,347.3,713.0,,,,13393.6,9,2008,ConLw,Normal,297745
209,160,RM,104.8,32124.9,Grvl,,IR1,Bnk,AllPub,FR3,Mod,NridgHt,Feedr,PosN,TwnhsE,2.5Unf,10,10,1940,1964,Flat,CompShg,AsphShn,Stucco,None,1232.2,Ex,Po,BrkTil,Fa,NA,Av,Rec,4704.5,Rec,602.6,613.2,2215.8,Grav,Fa,Y,SBrkr,1492.7,1640.5,0.0,1797.8,3,1,1,0,3,0,Fa,6,Min1,3,Fa,Basment,,Fin,0,1301.4,Ex,Fa,Y,583.8,59.5,463.4,185.8,262.8,435.0,,GdPrv,,1439.7,10,2009,CWD,Family,471499
210,50,RM,252.5,134801.4,Grvl,Pave,IR3,Bnk,AllPub,FR2,Gtl,SawyerW,PosN,Norm,Twnhs,1Story,1,9,2005,1978,Shed,Metal,AsphShn,HdBoard,BrkFace,226.5,Ex,Po,Slab,Gd,Gd,No,LwQ,2286.4,NA,1021.2,1741.7,5717.5,OthW,Ex,N,FuseA,2113.1,1511.5,0.0,5539.2,3,0,1,1,3,0,Ex,9,Mod,3,Po,2Types,1958.0,Fin,3,96.8,Gd,Ex,N,745.4,296.9,54.1,204.3,447.3,320.0,,,,2703.7,5,2009,ConLI,Normal,586098
211,70,RL,189.7,59844.0,Pave,,Reg,Low,AllPub,Corner,Gtl,Blmngtn,Norm,RRNn,2FmCon,1Story,8,10,1960,1994,Gable,Membran,AsbShng,BrkFace,BrkFace,1334.6,TA,Po,Wood,NA,Gd,NA,BLQ,5429.5,Unf,294.8,2283.8,3456.0,Wall,Fa,Y,FuseP,3350.1,159.1,0.0,4956.1,0,0,0,0,5,0,Gd,10,Sev,3,Po,Detchd,1966.0,Fin,2,1320.1,Gd,Po,N,660.1,53.0,1.1,137.3,127.7,51.0,,,,6468.9,3,2007,COD,Alloca,592446
212,70,RH,206.3,105669.7,Pave,,IR1,HLS,AllPub,Corner,Mod,Gilbert,PosN,Norm,2FmCon,SLvl,2,6,1896,1992,Flat,WdShake,MetalSd,Stone,None,13.0,Gd,TA,Wood,Fa,Gd,NA,ALQ,459.6,GLQ,1434.6,1389.6,784.4,Grav,Fa,N,FuseF,4020.6,1644.7,0.0,2014.9,3,0,1,2,4,2,Ex,3,Maj1,0,,Detchd,1960.0,NA,2,1180.3,NA,Fa,P,103.2,347.9,438.2,109.5,28.5,356.0,,NA,,10480.9,3,2007,COD,Normal,266968
213,150,FV,,18901.8,Pave,,IR2,HLS,NoSeWa,Inside,Sev,NAmes,Artery,Norm,Duplex,2.5Unf,10,7,1872,1998,Shed,ClyTile,AsbShng,CBlock,Stone,340.9,Ex,Gd,PConc,Ex,NA,Gd,BLQ,2459.9,ALQ,515.9,1987.0,3048.8,Floor,Ex,N,Mix,1888.0,1898.6,0.0,1954.2,0,0,0,2,5,0,Fa,2,Sev,0,Fa,CarPort,2002.0,NA,0,29.7,Po,Fa,N,795.6,85.0,465.5,180.6,261.1,697.0,,,,1877.7,4,2008,ConLw,Family,361393
214,180,C,136.6,99625.7,Pave,,IR3,Low,NoSeWa,FR2,Mod,Somerst,PosA,Norm,1Fam,SLvl,5,10,2002,1970,Hip,WdShake,Stucco,Plywood,Stone,985.7,Gd,Fa,Wood,NA,Fa,No,NA,3137.2,NA,1246.8,20.8,3993.7,Floor,Ex,Y,FuseF,1347.8,122.7,0.0,883.6,2,2,1,2,6,2,Gd,4,Min2,3,Po,BuiltIn,1937.0,Fin,2,422.8,Gd,Ex,N,585.4,299.3,531.1,324.8,250.4,718.0,,,,9650.7,5,2010,Oth,Alloca,389286
215,90,RM,,66866.3,Pave,,Reg,Bnk,NoSeWa,Corner,Gtl,Blmngtn,PosN,Norm,TwnhsE,2.5Unf,4,8,1920,1964,Gable,Roll,BrkFace,ImStucc,BrkFace,600.4,Fa,TA,PConc,Gd,TA,Av,ALQ,2286.7,ALQ,1393.5,85.6,5121.7,Wall,Ex,Y,Mix,3064.3,829.5,0.0,4989.3,1,1,0,1,6,0,Gd,7,Mod,1,,NA,1998.0,Fin,1,72.3,TA,NA,N,109.0,70.6,120.5,482.1,149.6,606.0,,,,12096.0,5,2010,WD,Family,471607
216,150,RM,,177244.3,Grvl,,IR3,Lvl,NoSeWa,CulDSac,Gtl,BrkSide,PosA,Norm,1Fam,2Story,8,10,1931,1963,Flat,Tar&Grv,CBlock,Stucco,None,1574.7,Gd,TA,CBlock,NA,Fa,Av,,1188.5,ALQ,1274.6,1393.9,5721.9,GasW,Ex,Y,FuseP,4348.7,2041.0,0.0,2307.3,0,1,2,0,8,0,Gd,6,Sal,1,,Basment,1907.0,NA,2,1411.6,TA,Ex,N,661.6,219.2,404.7,357.5,473.5,347.0,,GdPrv,,1914.2,8,2009,WD,Partial,509783
217,45,C,67.1,13490.3,Grvl,,IR1,Lvl,AllPub,FR2,Mod,Gilbert,Feedr,PosN,2FmCon,SFoyer,2,1,1873,1991,Shed,Membran,AsbShng,CBlock,None,48.5,TA,TA,Stone,Gd,NA,Av,NA,3346.8,ALQ,98.9,908.7,1939.4,Floor,Ex,Y,Mix,1132.8,1237.4,0.0,3373.4,3,0,2,1,5,2,Gd,9,Mod,0,,BuiltIn,1964.0,RFn,2,606.7,TA,Gd,Y,307.2,192.5,286.5,396.0,33.5,325.0,,,,10037.3,10,2007,WD,Abnorml,318757
218,150,FV,224.2,90858.9,Grvl,,IR3,Bnk,AllPub,CulDSac,Mod,Blueste,RRNe,PosN,TwnhsE,2.5Unf,10,8,1944,1993,Mansard,ClyTile,HdBoard,Plywood,BrkFace,1597.8,Ex,Fa,PConc,TA,Po,No,BLQ,4266.4,GLQ,958.6,2078.5,950.2,GasW,Ex,N,SBrkr,3833.6,1060.5,0.0,5113.2,2,2,1,2,7,1,Ex,9,Min1,0,,Basment,1904.0,Unf,4,939.0,TA,Gd,N,690.7,413.8,181.3,155.5,273.4,526.0,,,,14862.6,6,2007,Con,Normal,599097
219,190,FV,252.6,99379.1,Pave,,Reg,Lvl,AllPub,Inside,Mod,NPkVill,RRNn,Norm,Twnhs,1.5Fin,9,4,1981,1965,Gambrel,WdShake,Plywood,ImStucc,None,997.8,Ex,Fa,BrkTil,TA,Fa,Av,BLQ,3639.5,GLQ,177.0,705.4,451.1,Floor,Fa,Y,FuseP,2411.1,366.4,0.0,2500.2,3,1,1,1,1,3,TA,3,Maj1,2,TA,Detchd,1990.0,RFn,0,332.1,Ex,Fa,P,818.8,350.7,334.7,53.2,124.9,686.0,,,,14994.6,5,2010,WD,Normal,452134
220,70,RH,113.5,156411.4,Pave,,IR2,Bnk,AllPub,Inside,Mod,MeadowV,Norm,Artery,2FmCon,SFoyer,7,10,1932,1964,Hip,Metal,Plywood,Wd Sdng,BrkFace,893.9,Fa,TA,Wood,Gd,NA,Mn,GLQ,1323.2,Unf,8.3,1009.3,4511.3,GasW,Gd,N,FuseA,3818.3,1167.7,0.0,4616.9,0,1,2,1,7,3,TA,10,Sal,0,,NA,2008.0,RFn,0,1324.0,Fa,Gd,Y,218.7,512.6,302.6,148.1,0.9,218.0,,,,2505.8,2,2009,ConLw,Normal,602106
221,90,RH,271.3,124166.0,Grvl,,Reg,HLS,AllPub,FR3,Sev,BrkSide,PosA,Artery,2FmCon,1.5Fin,7,8,1888,1991,Mansard,CompShg,Wd Sdng,Plywood,None,95.2,TA,TA,BrkTil,Fa,,Gd,LwQ,4129.2,LwQ,76.3,1233.2,4858.4,OthW,Gd,Y,FuseF,2537.1,906.6,0.0,2618.0,2,0,3,1,8,2,TA,5,Sal,3,,Basment,1989.0,,1,388.8,Fa,Gd,P,734.8,504.3,161.3,204.5,474.2,521.0,,GdWo,,11775.4,5,2010,VWD,Partial,482740
222,40,RL,285.6,144046.7,Grvl,,IR3,Lvl,AllPub,CulDSac,Gtl,Sawyer,PosN,RRNn,2FmCon,1.5Fin,1,6,1920,1953,Flat,WdShake,BrkFace,Stucco,Stone,437.3,Ex,Ex,BrkTil,Ex,Po,Av,Unf,1449.9,Unf,1350.4,637.8,2501.3,Grav,Gd,N,FuseF,1978.4,263.2,0.0,4054.6,3,1,0,0,3,0,TA,2,Min1,0,,NA,1942.0,RFn,1,369.0,NA,Gd,N,662.9,396.6,148.2,350.5,231.2,404.0,,,,13122.8,7,2010,COD,Alloca,358733
223,60,RM,101.9,167545.8,Pave,,IR2,Low,NoSeWa,CulDSac,Mod,Veenker,Artery,Artery,2FmCon,2.5Fin,2,9,1947,1976,Flat,CompShg,Stucco,Stone,BrkFace,1479.5,Fa,Fa,Wood,TA,Gd,Mn,BLQ,988.8,ALQ,1339.1,2122.2,2419.1,Floor,Fa,Y,FuseP,3370.4,958.8,0.0,2622.7,2,0,3,1,4,2,TA,3,Maj1,2,,NA,1959.0,Fin,1,446.1,Gd,NA,P,575.2,421.5,268.6,477.2,411.5,18.0,,MnWw,,13778.9,11,2008,ConLI,Family,341044
224,120,RH,308.2,185764.0,Pave,,IR2,Low,AllPub,Inside,Mod,IDOTRR,RRNe,Feedr,TwnhsE,SLvl,4,4,2002,1972,Shed,WdShake,VinylSd,HdBoard,,566.8,Ex,Po,CBlock,,Fa,Mn,Rec,3898.1,ALQ,332.9,1085.2,5830.4,Floor,Ex,Y,FuseA,4258.9,339.5,0.0,2418.8,1,2,1,1,4,0,Fa,12,Sev,2,,BuiltIn,1925.0,NA,0,655.8,Fa,Po,Y,329.9,341.8,261.7,411.1,403.2,579.0,,MnPrv,,5017.1,3,2007,ConLw,Alloca,473675
225,30,FV,62.1,68452.1,Pave,,IR3,Lvl,AllPub,CulDSac,Mod,NPkVill,RRNe,Feedr,1Fam,SLvl,4,2,1914,1978,Shed,WdShake,Stone,BrkComm,None,1058.6,Ex,Gd,Stone,NA,Fa,NA,Unf,4756.7,Rec,806.4,990.8,5600.9,Floor,TA,Y,FuseP,1729.7,1508.8,0.0,5592.7,1,0,2,1,1,2,TA,7,Mod,1,Ex,NA,1910.0,RFn,4,26.3,Ex,Gd,P,94.2,378.3,166.7,135.3,389.9,293.0,,,,4186.8,12,2008,New,Partial,543328
226,85,C,,116407.3,Pave,,Reg,Low,AllPub,FR2,Gtl,NridgHt,RRNe,Artery,1Fam,SFoyer,3,2,1928,1990,Gable,ClyTile,WdShing,MetalSd,BrkFace,1599.2,TA,Gd,PConc,TA,TA,Gd,GLQ,2717.8,Rec,1407.7,1985.0,1425.3,Wall,Ex,Y,SBrkr,2341.9,2010.6,0.0,3584.4,2,1,1,2,4,3,Fa,6,Min2,1,,Detchd,1933.0,Fin,4,847.7,TA,NA,N,414.7,337.6,145.6,416.7,220.3,14.0,,,,741.8,7,2008,ConLI,Abnorml,364270
227,150,FV,,181036.9,Pave,Grvl,IR2,Bnk,AllPub,FR3,Gtl,SawyerW,RRNn,Norm,Twnhs,2Story,7,5,1921,2002,Mansard,Metal,AsbShng,ImStucc,BrkCmn,420.9,Fa,Gd,Stone,Fa,TA,NA,LwQ,2999.2,Rec,732.1,728.8,4770.7,Grav,Po,Y,SBrkr,1333.7,969.7,0.0,2284.1,3,0,3,2,8,2,TA,13,Maj2,3,,CarPort,2004.0,Unf,3,44.9,TA,Gd,N,90.6,170.5,526.8,209.2,430.0,325.0,,,,6191.8,1,2010,ConLw,Family,449806
228,160,RM,282.0,212988.1,Grvl,,IR2,Bnk,AllPub,FR3,Gtl,Veenker,Norm,Artery,2FmCon,1.5Fin,8,10,1908,2001,Flat,ClyTile,AsphShn,Wd Sdng,BrkCmn,921.7,Ex,TA,Stone,Ex,NA,No,Unf,1708.7,NA,580.1,1909.6,3804.7,GasW,Ex,N,FuseA,1133.3,1305.8,0.0,1702.5,3,0,2,0,3,3,TA,8,Maj1,0,,Basment,1901.0,Fin,0,764.6,TA,Po,P,428.6,191.8,476.0,89.1,176.3,625.0,,,,1921.3,6,2009,VWD,Partial,396892
229,80,FV,212.1,191608.2,Grvl,,IR3,Low,AllPub,FR2,Mod,NPkVill,RRAe,Feedr,2FmCon,2.5Fin,2,9,1917,1958,Gable,CompShg,ImStucc,Plywood,None,1114.3,Gd,Fa,BrkTil,NA,Fa,Mn,GLQ,2791.6,NA,712.3,285.6,942.3,GasW,Gd,Y,FuseP,3724.0,890.0,0.0,545.1,3,0,2,2,2,3,Gd,10,Mod,2,,BuiltIn,1920.0,Fin,3,649.3,Fa,Ex,N,703.0,314.4,450.9,234.3,196.0,157.0,,,,12187.0,1,2010,CWD,Family,209154
230,50,RL,65.4,80773.6,Pave,,IR2,Lvl,AllPub,Corner,Gtl,NWAmes,RRAe,Artery,1Fam,SLvl,4,3,1886,2002,Gambrel,Membran,VinylSd,AsphShn,None,263.4,Fa,Ex,PConc,TA,Gd,NA,NA,744.9,Rec,1164.8,427.0,2179.9,Grav,Ex,Y,FuseA,1208.5,285.9,0.0,4084.5,1,0,2,0,6,3,Ex,7,Maj2,2,TA,NA,1925.0,Unf,2,343.9,Fa,,Y,855.0,393.9,118.3,286.1,122.7,103.0,,,,2216.0,7,2009,ConLI,Normal,429696
231,60,RM,149.6,43054.9,Pave,,Reg,Lvl,NoSeWa,CulDSac,Mod,MeadowV,RRNe,PosN,Twnhs,2Story,3,8,1951,2006,Gambrel,WdShngl,MetalSd,BrkFace,None,237.9,TA,Ex,CBlock,TA,TA,Gd,GLQ,5394.7,LwQ,703.5,2221.2,1084.4,GasA,Ex,Y,FuseA,3791.3,2004.2,0.0,2309.4,0,0,0,2,7,2,Gd,7,Maj2,1,Po,CarPort,1975.0,Fin,1,467.6,Po,TA,Y,169.7,222.1,104.5,387.8,215.1,597.0,,,,12693.0,6,2007,New,Abnorml,295697
232,120,C,200.7,106003.1,Pave,,IR2,Lvl,NoSeWa,Corner,Mod,NWAmes,PosN,RRNn,Duplex,SLvl,2,4,2010,2005,Gable,Metal,ImStucc,MetalSd,BrkCmn,730.1,TA,Gd,Stone,Ex,Gd,Mn,LwQ,4517.2,BLQ,1154.6,1968.0,1803.4,GasA,Po,Y,SBrkr,2204.5,267.6,0.0,4693.2,0,0,1,0,5,1,TA,3,Min2,1,Po,Basment,1972.0,Fin,3,1000.6,Po,Ex,Y,178.1,78.0,446.7,177.7,473.5,605.0,,,,1668.0,10,2006,VWD,AdjLand,425782
233,120,RL,45.4,159970.5,Pave,,IR1,HLS,NoSeWa,Corner,Sev,NAmes,PosA,PosN,TwnhsE,1.5Fin,6,6,1895,2001,Mansard,CompShg,CemntBd,CemntBd,BrkFace,617.3,TA,Po,Wood,Gd,NA,Av,Unf,3770.0,Rec,636.3,906.1,3759.5,Grav,TA,N,SBrkr,4670.4,230.5,0.0,2265.4,2,1,3,0,5,2,Fa,8,Min1,0,TA,CarPort,2004.0,Unf,3,13.6,Fa,Po,P,694.9,251.3,101.9,74.6,275.2,685.0,,,,7449.5,11,2007,ConLI,Abnorml,412864
234,120,RM,278.7,106682.7,Pave,,IR2,Lvl,NoSeWa,CulDSac,Sev,NWAmes,RRAn,PosN,1Fam,1Story,4,10,1996,1992,Gable,CompShg,WdShing,BrkFace,BrkCmn,1142.7,Ex,Po,Slab,TA,Gd,Gd,LwQ,3037.6,Rec,371.5,1491.4,2292.9,GasW,TA,Y,FuseA,1194.0,948.2,0.0,2315.6,3,0,0,0,4,2,TA,3,Min1,2,,BuiltIn,1986.0,Fin,0,449.0,NA,Po,P,402.0,526.9,278.0,47.9,398.9,281.0,,,,5961.8,1,2010,VWD,Family,352052
235,120,C,255.7,104674.1,Pave,,IR1,Lvl,AllPub,Inside,Sev,Mitchel,Artery,RRNn,TwnhsE,SLvl,6,6,1989,1992,Shed,CompShg,Stucco,WdShing,Stone,111.2,TA,Po,BrkTil,Gd,Gd,Av,LwQ,4471.0,GLQ,481.2,2202.8,2407.7,Floor,Gd,Y,FuseA,739.2,1360.6,0.0,4469.9,2,1,3,2,5,1,TA,14,Maj1,1,Fa,2Types,2005.0,RFn,1,964.7,NA,Fa,Y,784.8,117.1,122.2,57.1,126.4,146.0,,,,9323.9,9,2009,VWD,Partial,563476
236,45,RL,168.5,180635.2,Pave,Pave,Reg,Bnk,NoSeWa,CulDSac,Gtl,MeadowV,RRAn,Norm,1Fam,2Story,2,3,1951,1956,Gable,Roll,BrkComm,ImStucc,BrkCmn,1555.5,Fa,Po,Slab,Ex,Po,No,Unf,2792.4,Unf,114.7,494.9,3297.2,Wall,TA,Y,Mix,662.7,732.9,0.0,2932.1,0,0,0,1,8,1,Ex,8,Maj1,0,,BuiltIn,1904.0,Fin,1,215.9,NA,Gd,P,659.0,355.0,208.7,482.6,458.8,513.0,,,,8041.0,5,2006,Con,Family,347655
237,160,RL,303.4,78620.5,Pave,,IR1,HLS,NoSeWa,Inside,Sev,NWAmes,RRAe,RRNn,Twnhs,1.5Unf,4,5,1965,2002,Mansard,WdShngl,Wd Sdng,MetalSd,BrkCmn,22.8,Ex,Ex,CBlock,Ex,NA,Av,NA,1693.1,NA,733.1,137.8,532.9,GasA,Gd,Y,SBrkr,3974.8,397.5,0.0,5031.0,0,2,2,2,1,3,Gd,9,Maj1,0,,Attchd,1908.0,RFn,4,794.6,TA,TA,Y,631.1,537.5,471.1,483.5,6.3,67.0,,,,9278.7,11,2009,Oth,Normal,503174
238,160,RM,143.0,185248.8,Grvl,,IR2,Bnk,AllPub,FR2,Gtl,Blmngtn,PosA,Norm,2FmCon,1.5Unf,6,3,1936,1991,Gambrel,Metal,MetalSd,BrkComm,None,962.1,Gd,Ex,CBlock,Fa,TA,Av,Unf,905.2,ALQ,218.3,1255.5,4514.1,Floor,Fa,N,FuseA,2241.8,1691.2,0.0,3466.4,3,0,0,1,2,0,Ex,13,Min1,0,NA,NA,1949.0,Unf,3,239.5,Fa,,N,87.4,205.8,492.1,492.1,446.5,503.0,,,,14.9,7,2009,Oth,Family,461632
239,90,RH,308.4,88333.9,Pave,,IR2,Low,NoSeWa,Inside,Mod,BrDale,Feedr,Feedr,Duplex,SFoyer,5,1,1959,1953,Flat,Roll,CemntBd,CemntBd,BrkFace,900.2,TA,Fa,CBlock,TA,Po,No,NA,3655.0,LwQ,1196.2,333.1,2454.4,Floor,Po,Y,Mix,347.6,749.8,0.0,1611.3,2,1,1,2,0,0,Gd,2,Sal,1,Gd,Basment,1909.0,RFn,4,219.5,Ex,TA,P,30.7,485.7,550.2,153.7,431.0,68.0,,,,1976.3,12,2006,Con,Abnorml,335326
240,190,RL,,71523.8,Grvl,,IR3,Low,AllPub,Corner,Sev,NPkVill,PosA,Artery,TwnhsE,1.5Unf,3,7,1959,1954,Gambrel,WdShngl,Stucco,CBlock,BrkFace,215.5,TA,Ex,CBlock,NA,Fa,No,NA,5245.7,ALQ,620.0,437.6,2935.2,Floor,Ex,Y,FuseA,4146.3,401.3,0.0,3350.4,3,1,1,1,3,3,Gd,10,Maj1,1,,Attchd,1957.0,Unf,3,1095.1,Po,Ex,Y,271.5,472.6,521.0,97.3,32.3,558.0,,,,8015.4,1,2006,ConLD,Alloca,456820
241,85,RL,206.3,98428.9,Grvl,,IR3,Lvl,NoSeWa,Corner,Sev,Veenker,PosN,Feedr,Duplex,SFoyer,8,4,1997,1954,Shed,WdShake,Stucco,VinylSd,BrkCmn,241.5,TA,Fa,PConc,NA,Fa,Av,Rec,867.0,BLQ,1127.6,2082.6,5953.0,Grav,Po,N,Mix,4155.6,753.9,0.0,355.2,0,2,3,2,1,2,TA,9,Mod,1,TA,2Types,1909.0,Fin,0,377.9,TA,Po,Y,186.2,185.5,370.5,498.3,290.3,412.0,,,Shed,3559.8,11,2007,ConLw,Abnorml,426917
242,70,C,69.5,164421.7,Pave,,IR2,HLS,NoSeWa,Corner,Gtl,Blueste,RRAn,Feedr,2FmCon,1.5Fin,7,7,1960,1960,Mansard,Tar&Grv,BrkFace,Stucco,None,1268.3,Gd,Fa,Slab,Ex,TA,Mn,ALQ,1016.0,LwQ,1406.9,17.3,2104.1,OthW,TA,N,FuseA,3848.4,443.1,0.0,1992.2,0,0,2,0,5,0,Gd,10,Maj2,3,,BuiltIn,1977.0,Fin,0,532.8,Po,TA,Y,610.4,53.9,238.3,502.0,376.9,63.0,,,,1182.9,11,2008,ConLw,AdjLand,445324
243,120,FV,,28257.5,Pave,,IR2,Low,NoSeWa,Inside,Gtl,Veenker,PosN,Feedr,1Fam,2.5Unf,3,3,1932,1990,Hip,WdShngl,WdShing,Stucco,BrkFace,1420.1,Ex,TA,BrkTil,NA,NA,Mn,Unf,2447.3,BLQ,1252.1,1908.1,3960.6,Grav,Ex,Y,FuseP,1416.2,1072.7,0.0,1437.8,3,2,2,0,0,2,Gd,6,Typ,3,,CarPort,1935.0,Unf,2,1035.2,NA,NA,P,386.3,97.7,31.8,39.8,193.8,591.0,,,,3374.4,8,2006,ConLw,Family,357302
244,80,RM,,43322.9,Grvl,,IR2,Lvl,AllPub,Corner,Sev,StoneBr,RRNe,Artery,Twnhs,1Story,6,5,1886,1977,Mansard,WdShake,CBlock,BrkFace,None,452.8,TA,Ex,Slab,NA,Fa,NA,Unf,4554.1,NA,1402.5,1207.6,2398.2,GasW,Po,N,SBrkr,1958.5,1380.0,0.0,3806.4,2,0,3,0,7,1,Ex,14,Sal,3,,Detchd,1973.0,RFn,3,254.6,Gd,TA,N,448.3,200.1,335.7,382.3,44.1,236.0,,,,12087.8,8,2008,Oth,Family,486001
245,70,RM,68.4,204856.9,Pave,,IR2,HLS,AllPub,FR3,Gtl,BrkSide,RRNn,Norm,2FmCon,1.5Unf,4,5,1965,1965,Gambrel,WdShngl,AsbShng,AsbShng,BrkCmn,700.7,Gd,Po,PConc,NA,Fa,NA,GLQ,1658.9,NA,837.1,1306.5,5464.1,Grav,Po,N,FuseA,3580.4,1651.1,0.0,1056.1,1,0,1,1,5,1,Gd,5,Typ,1,,Detchd,1955.0,RFn,3,754.0,Gd,Gd,P,697.4,524.6,116.3,146.6,398.1,395.0,,,,8396.3,9,2008,New,Family,324224
246,160,RH,24.7,38845.6,Pave,,Reg,Low,NoSeWa,CulDSac,Gtl,Veenker,PosN,RRNn,Duplex,1.5Unf,5,2,1922,1990,Gambrel,CompShg,Stone,CemntBd,BrkFace,568.0,Ex,Gd,Stone,Fa,Fa,No,NA,1433.1,NA,243.7,1569.2,5173.7,GasA,Gd,Y,FuseF,2466.6,469.9,0.0,1873.8,3,1,1,1,8,3,Ex,2,Maj1,1,Po,CarPort,1961.0,RFn,1,1301.5,Gd,,Y,410.1,150.1,469.3,461.9,223.9,138.0,,,,2946.2,2,2008,CWD,Abnorml,392287
247,20,RH,184.4,122762.4,Pave,,IR2,Low,NoSeWa,Corner,Gtl,IDOTRR,Norm,Norm,Duplex,SLvl,5,10,1898,2003,Mansard,Tar&Grv,CemntBd,ImStucc,Stone,116.1,Fa,Fa,CBlock,Fa,NA,Gd,NA,3499.1,ALQ,1378.8,1007.9,1476.3,GasA,Fa,N,FuseF,1004.4,344.8,0.0,2092.6,0,2,3,0,5,2,Gd,10,Mod,3,Ex,BuiltIn,1936.0,RFn,1,785.3,NA,NA,P,467.0,507.0,303.0,45.3,126.4,315.0,,,,247.7,6,2008,ConLD,Abnorml,328126
248,20,RM,175.0,125241.4,Grvl,,IR1,HLS,AllPub,Inside,Mod,MeadowV,RRNn,Norm,Duplex,2.5Unf,7,2,1945,1979,Mansard,Tar&Grv,HdBoard,Other,BrkCmn,1077.1,TA,Gd,Stone,Ex,Fa,Av,BLQ,3023.0,GLQ,1280.2,270.1,4226.6,Floor,Po,Y,Mix,1392.1,40.5,0.0,351.5,1,2,2,1,6,3,Ex,5,Mod,2,Po,2Types,1940.0,Fin,4,69.3,NA,NA,N,721.9,99.2,404.9,451.4,34.0,665.0,,,,5542.7,10,2006,ConLI,Family,316853
249,80,RH,231.1,106052.7,Pave,NA,IR3,HLS,AllPub,Corner,Sev,SWISU,PosN,PosN,1Fam,2.5Fin,5,4,1932,1953,Mansard,Membran,BrkComm,Other,BrkCmn,1320.3,Ex,Po,CBlock,NA,TA,No,ALQ,339.9,Rec,1274.1,240.2,398.2,Grav,Ex,Y,SBrkr,4572.5,471.0,0.0,582.2,3,1,3,0,4,0,TA,5,Mod,2,Ex,CarPort,2001.0,RFn,2,836.2,Fa,Po,N,369.7,530.5,371.8,1.3,307.3,422.0,,,,5540.8,5,2009,Oth,Abnorml,291695
250,90,C,,139240.0,Grvl,,IR1,HLS,NoSeWa,Inside,Gtl,NAmes,Artery,Artery,Duplex,SLvl,3,4,1902,1951,Gambrel,WdShake,AsbShng,AsbShng,Stone,487.8,TA,Fa,BrkTil,Ex,TA,No,NA,459.9,NA,1021.9,1762.2,5885.1,Floor,Fa,N,Mix,992.1,49.4,0.0,1985.5,1,1,3,2,7,0,Gd,5,Maj2,2,Gd,NA,1947.0,NA,0,127.8,Po,Fa,P,71.2,160.6,191.7,265.2,20.3,131.0,,,,11394.4,6,2006,ConLw,Normal,371080
251,160,RM,,50470.3,Pave,,IR1,HLS,NoSeWa,CulDSac,Gtl,StoneBr,Artery,Norm,1Fam,1.5Unf,10,4,1883,1995,Shed,Roll,Wd Sdng,AsbShng,BrkCmn,1584.3,Gd,Fa,CBlock,Ex,TA,No,BLQ,3629.2,NA,921.1,516.3,2132.3,Wall,Fa,N,SBrkr,3498.3,713.4,0.0,1514.3,3,2,0,1,7,0,Ex,3,Min2,2,,BuiltIn,1921.0,,3,400.1,Ex,Gd,N,447.1,346.3,419.0,170.5,379.7,225.0,,,,14251.3,5,2006,WD,Partial,341840
252,80,RH,,119539.3,Pave,,Reg,Low,NoSeWa,Inside,Mod,MeadowV,PosN,Norm,Duplex,1Story,5,6,1917,1952,Gable,Roll,CBlock,VinylSd,Stone,121.4,Ex,Ex,CBlock,Ex,Po,Mn,,2625.2,ALQ,21.7,65.6,5082.6,Grav,Ex,Y,FuseF,2417.2,300.9,0.0,954.5,0,1,3,1,8,2,Ex,13,Sev,3,Fa,CarPort,1986.0,RFn,4,1204.8,Po,Gd,P,496.5,38.1,465.5,217.1,370.0,603.0,,,,5766.2,11,2010,Oth,Normal,346481
253,45,RM,75.7,80924.6,Grvl,,IR1,HLS,NoSeWa,CulDSac,Mod,Somerst,PosA,Feedr,TwnhsE,1.5Fin,7,2,1903,1999,Hip,Membran,HdBoard,Plywood,Stone,1058.9,Gd,TA,Wood,Fa,TA,Gd,BLQ,5480.2,NA,1102.6,2288.4,1945.6,Wall,Fa,Y,FuseF,3596.4,1197.5,0.0,1152.3,3,0,1,2,5,3,TA,12,Maj2,0,Gd,Detchd,1979.0,Unf,2,15.7,NA,Gd,P,438.6,163.9,410.8,220.4,155.0,472.0,,,,10666.1,1,2010,CWD,Abnorml,296709
254,150,FV,271.6,142860.4,Grvl,,IR1,Bnk,AllPub,Corner,Mod,Blueste,PosA,PosN,TwnhsE,1.5Fin,5,6,1932,1970,Gable,WdShngl,Stucco,AsphShn,BrkCmn,717.2,TA,Gd,Stone,Fa,Gd,Mn,Rec,3829.6,LwQ,134.9,2290.2,3866.2,GasA,TA,N,Mix,3215.1,792.4,0.0,4769.0,1,2,3,1,0,3,TA,14,Mod,0,,Detchd,1960.0,Unf,1,109.2,NA,TA,N,221.1,115.3,428.8,332.0,226.7,117.0,,,,9841.0,2,2007,Con,Alloca,520160
255,80,RL,260.2,31514.1,Grvl,,IR1,Bnk,NoSeWa,FR3,Mod,Sawyer,Norm,RRNn,2FmCon,2Story,5,7,1917,1955,Shed,WdShngl,Wd Sdng,CemntBd,Stone,714.6,Fa,Po,Wood,TA,Fa,NA,Rec,56.9,NA,382.9,883.3,6009.7,OthW,Fa,N,FuseP,2247.9,193.3,0.0,3961.1,2,2,2,1,8,0,Ex,5,Sal,2,,Detchd,1974.0,Fin,2,515.3,TA,Fa,Y,191.7,1.9,198.7,11.7,321.2,637.0,,,,6542.2,3,2008,CWD,Alloca,481339
256,40,RM,178.9,123436.4,Pave,,IR3,Low,AllPub,Corner,Sev,Sawyer,Artery,PosN,2FmCon,2Story,9,10,1956,1992,Gambrel,Roll,Stucco,BrkComm,Stone,732.2,Gd,TA,Stone,NA,TA,No,ALQ,2714.9,NA,812.9,59.6,5356.9,Wall,Gd,N,FuseF,1876.3,825.7,0.0,2903.7,0,1,2,1,2,3,Ex,3,Min1,1,,NA,2010.0,Unf,4,1417.1,Fa,Ex,P,316.9,85.8,520.9,351.2,460.4,738.0,,,Shed,1021.3,7,2008,Oth,Alloca,560477
257,70,RL,,40937.7,Pave,,Reg,Low,AllPub,CulDSac,Sev,Crawfor,Norm,Feedr,Twnhs,1.5Unf,3,3,1951,2002,Gable,WdShngl,BrkComm,MetalSd,BrkCmn,413.9,Ex,TA,Stone,Gd,NA,Mn,LwQ,2339.1,Rec,665.9,1698.9,979.8,Grav,Fa,N,SBrkr,3621.5,432.3,0.0,5158.3,0,0,1,2,8,1,Ex,9,Sev,2,,BuiltIn,1998.0,RFn,0,413.9,Po,,Y,142.5,324.4,234.4,11.3,249.7,338.0,,,,7338.7,10,2010,ConLw,Abnorml,506249
258,60,RH,112.8,60914.3,Grvl,,IR1,Lvl,AllPub,FR2,Gtl,BrkSide,RRAn,Feedr,Duplex,2Story,6,8,2006,1967,Mansard,WdShake,CBlock,Wd Sdng,BrkCmn,1144.9,Ex,Ex,PConc,Fa,NA,No,Rec,602.3,NA,23.3,1941.2,3345.2,GasW,Po,N,FuseA,1742.2,1404.6,0.0,490.9,1,2,2,0,6,1,Gd,8,Min1,2,,2Types,1947.0,NA,1,223.0,Fa,Ex,N,570.8,213.3,495.2,94.1,478.4,418.0,,,,5489.1,9,2009,VWD,Abnorml,358697
259,75,RL,158.6,48091.9,Grvl,,IR1,Low,AllPub,FR2,Sev,BrDale,RRAn,Feedr,Duplex,2.5Fin,1,2,1875,1993,Flat,WdShngl,AsphShn,WdShing,Stone,1154.5,TA,Fa,CBlock,Gd,NA,Gd,GLQ,5210.6,LwQ,1214.6,292.0,2129.5,GasW,Fa,Y,FuseA,3767.1,752.6,0.0,2164.9,3,2,3,0,2,1,Gd,12,Sal,0,,2Types,1963.0,RFn,1,779.1,Fa,,Y,526.8,395.2,473.5,308.2,156.1,434.0,,GdWo,,8528.0,2,2007,ConLw,AdjLand,237893
260,90,RM,260.9,40417.2,Pave,,Reg,HLS,AllPub,FR2,Gtl,Mitchel,PosA,Artery,1Fam,1.5Unf,10,8,1923,1954,Mansard,ClyTile,Wd Sdng,BrkComm,None,451.8,Ex,Po,Stone,NA,Po,Av,ALQ,4543.5,BLQ,1295.4,316.4,2653.8,Grav,Gd,N,FuseA,3296.8,303.6,0.0,4704.5,3,0,1,2,8,1,Ex,11,Mod,1,NA,NA,1983.0,Fin,0,736.3,Ex,Gd,P,542.0,367.1,68.6,43.9,252.7,178.0,,,,1943.7,12,2009,New,AdjLand,598259
261,80,FV,,177956.7,Pave,,IR2,HLS,AllPub,Corner,Sev,SWISU,Feedr,Feedr,2FmCon,2.5Fin,5,5,1983,1958,Hip,Tar&Grv,AsphShn,BrkComm,BrkCmn,1336.5,TA,TA,PConc,NA,NA,Mn,GLQ,1298.6,LwQ,1005.1,1920.7,2048.0,GasA,Gd,Y,FuseF,2851.5,721.9,0.0,3669.0,3,1,2,2,6,3,TA,3,Typ,0,,2Types,1936.0,RFn,1,637.6,TA,Fa,N,192.7,437.2,533.4,503.4,55.5,461.0,,GdPrv,,11225.7,10,2010,CWD,Partial,450257
262,160,RH,125.5,62425.7,Pave,,IR1,Low,AllPub,Inside,Sev,Blmngtn,Artery,Norm,TwnhsE,1.5Fin,8,2,1907,1969,Mansard,ClyTile,CBlock,Wd Sdng,BrkCmn,507.0,Gd,TA,Wood,Fa,Po,Gd,BLQ,1444.8,GLQ,797.5,2153.6,2052.7,GasA,Fa,N,FuseP,1941.2,463.3,0.0,5544.8,0,1,3,2,6,1,TA,3,Min2,1,Ex,NA,1940.0,Unf,4,1342.4,Ex,Ex,P,211.3,474.3,550.0,398.5,267.1,596.0,,,,12210.1,1,2009,WD,Abnorml,591038
263,50,RM,165.3,199653.5,Pave,,IR3,Bnk,AllPub,FR3,Sev,NWAmes,PosN,Artery,1Fam,SLvl,5,7,1925,1977,Flat,Tar&Grv,VinylSd,Plywood,None,1160.1,Fa,Gd,Wood,Gd,Fa,Av,GLQ,180.7,BLQ,1416.1,1847.2,3315.0,GasA,TA,N,FuseF,1227.7,1643.3,0.0,5347.5,0,1,2,0,6,1,Fa,3,Sal,3,Gd,CarPort,1904.0,NA,1,397.3,NA,Ex,N,674.8,448.4,334.6,358.5,257.4,675.0,,GdWo,,6021.2,1,2008,WD,Abnorml,525902
264,20,RH,262.8,208810.9,Pave,,IR3,Lvl,AllPub,FR3,Gtl,StoneBr,RRNe,Feedr,TwnhsE,SFoyer,9,2,1990,1975,Gambrel,Metal,BrkFace,HdBoard,BrkCmn,193.6,Gd,Po,BrkTil,Ex,Gd,No,Rec,1674.7,Unf,176.8,468.9,1172.9,Grav,Fa,N,SBrkr,3430.0,2030.7,0.0,1236.1,1,1,0,2,1,1,Fa,2,Maj2,0,Gd,NA,1999.0,RFn,3,415.9,Ex,Gd,P,591.4,245.1,432.3,136.0,407.4,717.0,,,,2716.8,4,2010,ConLD,Alloca,350047
265,40,C,118.9,123518.3,Grvl,,IR2,Low,NoSeWa,Corner,Gtl,Sawyer,Feedr,Artery,1Fam,1.5Fin,6,6,1998,1967,Gable,WdShngl,HdBoard,Stone,None,269.9,Gd,Po,BrkTil,Ex,NA,Gd,GLQ,3299.6,,1087.7,961.3,3283.5,GasW,Ex,Y,FuseF,732.1,52.6,0.0,5493.3,3,0,2,0,3,1,TA,14,Min1,3,Po,Detchd,1976.0,Unf,2,198.9,Fa,NA,Y,750.0,168.9,515.4,24.7,478.3,103.0,,,,9665.5,9,2009,Oth,AdjLand,608182
266,85,RL,71.7,31894.4,Pave,,IR1,Low,AllPub,CulDSac,Mod,NridgHt,Feedr,Norm,2FmCon,1Story,8,10,1888,1968,Mansard,WdShngl,BrkComm,CemntBd,BrkFace,505.3,TA,TA,CBlock,Fa,NA,NA,BLQ,2375.2,Unf,189.2,1403.6,1704.5,OthW,Gd,N,FuseF,4563.6,1424.9,0.0,5352.9,3,0,1,2,7,1,Gd,7,Sev,3,,Basment,1951.0,RFn,4,988.8,Fa,NA,P,345.8,274.8,11.1,497.2,473.4,113.0,,MnWw,,14815.1,4,2007,CWD,Family,559868
267,120,C,,81432.7,Pave,,Reg,Lvl,NoSeWa,Corner,Gtl,Somerst,Norm,Feedr,Duplex,SFoyer,10,3,1946,1952,Shed,Membran,AsbShng,HdBoard,BrkCmn,950.2,Fa,Fa,Stone,Gd,Po,Av,NA,5470.5,,562.8,374.4,1765.7,GasW,Fa,Y,FuseF,4599.4,545.1,0.0,2317.1,1,2,3,1,1,2,TA,7,Min1,2,Fa,CarPort,1916.0,NA,0,455.7,Ex,Gd,Y,469.1,292.7,513.4,75.1,113.4,699.0,,,,10857.8,3,2007,ConLD,Family,463265
268,75,RM,262.2,171970.8,Pave,,IR2,Bnk,AllPub,FR2,Mod,StoneBr,RRAe,Feedr,Duplex,1.5Fin,8,9,1976,1958,Gable,Tar&Grv,CBlock,MetalSd,BrkCmn,1032.8,Gd,Po,CBlock,Fa,Po,Av,BLQ,316.5,ALQ,863.0,492.0,4513.8,GasA,TA,Y,FuseF,901.5,137.1,0.0,5551.1,0,2,3,0,3,2,TA,2,Sev,1,TA,BuiltIn,1989.0,RFn,4,1138.3,NA,Ex,P,633.1,171.3,346.3,421.9,162.5,270.0,,,,1914.0,10,2006,WD,Normal,702538
269,180,FV,50.4,79901.4,Grvl,,IR3,Low,AllPub,CulDSac,Gtl,NWAmes,PosN,Norm,2FmCon,2.5Unf,3,3,1988,1985,Hip,Tar&Grv,HdBoard,CemntBd,BrkFace,634.2,TA,Po,CBlock,Ex,Gd,No,Rec,3338.0,Rec,1086.5,660.8,180.8,Grav,TA,Y,SBrkr,787.0,29.6,0.0,524.3,0,0,1,0,7,1,Ex,12,Min1,0,,NA,2007.0,RFn,3,1378.0,Gd,NA,P,834.9,295.4,457.3,100.3,131.8,562.0,,GdWo,,6156.9,8,2010,WD,AdjLand,242611
270,90,RH,91.0,19916.9,Grvl,,IR3,Bnk,NoSeWa,FR3,Gtl,Edwards,RRNe,Feedr,TwnhsE,1.5Unf,7,3,1914,1980,Shed,CompShg,Wd Sdng,Plywood,BrkCmn,124.5,Gd,Gd,CBlock,NA,TA,NA,ALQ,4844.3,Rec,5.5,1190.2,2327.6,Grav,TA,N,FuseF,2132.6,1819.3,0.0,3841.3,2,2,0,2,2,1,TA,2,Maj2,2,,Detchd,1961.0,Unf,1,61.9,Gd,Ex,P,848.1,57.9,298.5,190.0,95.8,305.0,,NA,,14188.2,9,2010,Con,Family,422071
271,60,RL,62.5,120421.3,Pave,,Reg,HLS,AllPub,Corner,Sev,Blmngtn,RRAn,Norm,Twnhs,1.5Fin,7,5,1983,1998,Shed,CompShg,WdShing,VinylSd,Stone,597.8,Gd,Gd,PConc,Fa,Po,Mn,LwQ,2713.3,GLQ,384.1,1193.2,2490.0,OthW,Po,N,FuseP,4533.7,730.2,0.0,1746.7,2,0,3,1,5,3,Fa,7,Sal,0,Gd,2Types,1951.0,NA,1,1408.2,Ex,TA,P,856.3,126.4,292.9,352.3,72.1,733.0,,,,9833.6,5,2010,COD,Partial,434767
272,190,RH,122.6,182109.4,Pave,,IR2,Bnk,AllPub,Inside,Gtl,NAmes,Norm,Feedr,Twnhs,2Story,10,7,1986,1966,Gable,Metal,AsphShn,BrkFace,Stone,1102.0,Ex,Gd,CBlock,Ex,Gd,Gd,Unf,16.7,LwQ,793.3,1902.2,2964.0,GasW,Po,N,Mix,2078.6,2053.7,0.0,1021.2,3,1,1,0,1,1,Gd,12,Min2,3,Po,BuiltIn,1919.0,Unf,4,360.3,,Fa,P,763.2,408.1,495.4,480.2,245.6,622.0,,GdWo,Othr,2280.9,2,2008,ConLD,Normal,446824
273,190,RM,152.5,171584.5,Grvl,,Reg,HLS,NoSeWa,Inside,Sev,SWISU,PosA,Feedr,2FmCon,SLvl,6,8,1898,2004,Hip,Tar&Grv,AsphShn,Stucco,BrkFace,1073.6,Gd,Fa,Wood,NA,Fa,No,ALQ,1370.4,NA,785.5,1759.0,4087.7,GasA,Po,N,SBrkr,1919.4,913.5,0.0,3399.6,0,0,2,2,7,0,Fa,7,Mod,0,,CarPort,2002.0,Fin,1,595.7,Fa,Gd,N,548.2,100.0,280.1,10.0,418.8,54.0,,,,11231.2,4,2008,ConLD,Alloca,473663
274,75,RH,239.7,38766.7,Pave,,IR2,Lvl,NoSeWa,FR3,Gtl,SWISU,RRNe,PosN,1Fam,2.5Unf,7,7,1908,1972,Hip,Metal,Stucco,ImStucc,Stone,256.3,Fa,Fa,BrkTil,,NA,NA,NA,1827.4,NA,939.9,2134.5,2258.8,OthW,Ex,N,FuseP,3400.2,387.4,0.0,1960.1,3,0,0,1,7,2,Gd,5,Min2,0,,2Types,1996.0,Unf,1,1102.8,TA,Po,Y,6.0,76.1,260.4,132.5,283.1,523.0,,GdPrv,,5479.5,10,2010,WD,AdjLand,345331
275,80,RL,211.1,145234.6,Grvl,,IR2,Low,AllPub,CulDSac,Mod,Blmngtn,PosA,Artery,Duplex,SLvl,2,9,1917,1983,Shed,WdShngl,BrkComm,Plywood,BrkFace,12.5,Gd,Po,Stone,Fa,NA,Av,LwQ,5452.1,ALQ,447.9,1945.7,1302.3,GasA,Ex,N,FuseA,1112.9,1604.8,0.0,3873.5,0,2,1,0,0,1,Fa,4,Sal,2,,Attchd,1993.0,NA,3,943.4,Fa,,Y,599.5,157.2,335.7,388.6,418.9,433.0,,,Elev,7587.8,8,2009,New,Family,341893
276,45,RM,202.3,48475.8,Grvl,,IR2,HLS,AllPub,FR2,Gtl,Gilbert,RRAe,RRNn,TwnhsE,SFoyer,9,5,1984,1990,Mansard,WdShngl,BrkFace,VinylSd,Stone,1204.8,TA,Fa,Slab,,Gd,Av,Unf,5146.0,Unf,796.7,593.1,5406.6,GasW,Fa,N,FuseA,1917.4,1913.2,0.0,3200.2,2,0,2,2,2,2,Ex,10,Mod,1,,Detchd,1915.0,Unf,0,1103.8,NA,Gd,N,204.5,203.0,286.3,88.1,460.6,189.0,,,,6433.2,2,2008,ConLI,Abnorml,581440
277,20,RH,123.9,47984.4,Grvl,,IR1,Bnk,NoSeWa,Inside,Sev,IDOTRR,PosN,PosN,Twnhs,1.5Fin,10,10,1906,1990,Shed,Tar&Grv,HdBoard,AsphShn,BrkCmn,170.2,Ex,Gd,Slab,Ex,Gd,Av,Rec,5357.1,LwQ,279.7,773.9,5994.1,OthW,Po,Y,SBrkr,1603.5,1684.3,0.0,2417.9,1,1,3,1,1,1,Ex,7,Maj1,0,,NA,1906.0,RFn,2,661.3,Po,NA,P,49.0,179.7,246.4,56.6,183.9,388.0,,,Shed,11248.3,9,2010,CWD,Family,568894
278,160,FV,266.7,188303.3,Pave,,IR3,Low,AllPub,Inside,Sev,Edwards,PosA,PosN,Duplex,2Story,10,3,2003,1954,Shed,WdShake,VinylSd,Wd Sdng,Stone,131.8,TA,Fa,Slab,NA,NA,NA,Rec,4660.6,Unf,275.4,1169.0,122.3,GasA,Po,Y,Mix,2955.5,1538.8,0.0,1299.1,0,1,3,0,6,0,Gd,2,Sal,3,,2Types,1993.0,NA,4,1299.0,NA,Fa,Y,597.5,204.9,99.6,23.5,401.1,666.0,,,,3377.5,11,2008,Oth,Partial,439016
279,20,RM,158.6,54715.4,Grvl,,IR3,HLS,AllPub,Corner,Sev,Somerst,Artery,Artery,2FmCon,2.5Unf,1,6,1951,1964,Shed,ClyTile,BrkComm,MetalSd,BrkCmn,4.3,Fa,Po,Stone,TA,Po,NA,Rec,1984.7,LwQ,849.9,33.3,3338.9,Wall,Ex,N,FuseF,1043.3,691.2,0.0,3525.4,2,2,0,0,6,1,Ex,4,Sal,3,TA,Attchd,1965.0,NA,0,1120.1,Po,NA,N,647.9,76.5,219.4,255.3,25.1,334.0,,GdPrv,,6019.7,12,2006,ConLI,Partial,357255
280,85,RM,306.9,57620.5,Pave,,IR3,HLS,AllPub,FR3,Sev,CollgCr,PosN,PosN,Duplex,2.5Fin,1,5,1951,1996,Flat,Metal,Stone,ImStucc,Stone,692.2,Gd,TA,CBlock,NA,TA,Mn,BLQ,5112.8,GLQ,1010.4,2111.5,2087.8,Grav,TA,N,SBrkr,2725.2,133.2,0.0,4735.6,2,2,2,1,3,2,Gd,2,Min1,2,TA,2Types,1911.0,RFn,2,438.5,Fa,Po,N,565.1,90.5,155.7,390.0,230.9,345.0,,,,11540.5,5,2007,ConLw,Normal,440714
281,45,FV,206.2,1439.8,Grvl,,IR2,Bnk,NoSeWa,Inside,Gtl,SawyerW,RRNe,Norm,Twnhs,1Story,3,4,1992,1952,Gable,WdShake,Wd Sdng,Wd Sdng,BrkFace,805.2,Gd,Ex,Wood,Fa,,Gd,ALQ,5540.6,Unf,177.5,103.6,1692.4,GasW,TA,Y,FuseF,4071.2,415.7,0.0,3518.8,0,0,1,2,7,2,TA,4,Maj2,3,,Detchd,1942.0,Fin,0,1344.9,Ex,TA,N,313.0,129.0,221.1,488.6,176.8,264.0,,,,10924.1,12,2006,VWD,Normal,397127
282,120,C,57.9,187575.3,Grvl,,IR2,HLS,AllPub,Corner,Sev,Somerst,RRAn,PosN,TwnhsE,1.5Fin,3,2,1993,1968,Hip,ClyTile,ImStucc,Wd Sdng,Stone,1020.3,Ex,Fa,Stone,Fa,TA,Av,LwQ,1975.8,BLQ,181.0,753.2,2051.2,Grav,Gd,Y,FuseF,2574.8,922.7,0.0,3574.7,3,2,3,2,2,2,Gd,3,Sev,0,,Basment,1939.0,Fin,4,1362.8,NA,Gd,Y,437.9,219.9,327.4,135.9,98.3,103.0,,,Othr,3127.0,7,2010,Oth,Partial,436284
283,160,RL,218.4,170871.7,Grvl,,IR1,Lvl,NoSeWa,CulDSac,Sev,Somerst,RRAn,RRNn,1Fam,2Story,1,7,1952,1977,Hip,ClyTile,Stone,Wd Sdng,BrkCmn,473.7,Gd,TA,Stone,Fa,TA,,NA,1470.6,Unf,833.3,1329.6,3903.5,GasA,Fa,N,FuseA,3312.7,1974.6,0.0,3050.8,0,1,1,1,8,3,Fa,6,Typ,1,,2Types,1900.0,Fin,3,588.5,,Po,N,801.3,183.7,336.1,61.7,210.4,674.0,,,,5435.3,5,2007,WD,AdjLand,321781
284,70,C,115.9,135513.9,Grvl,,IR3,HLS,AllPub,Inside,Gtl,Somerst,RRNn,Norm,1Fam,2.5Fin,7,5,1990,1952,Hip,WdShngl,Stone,Stone,BrkFace,1136.7,TA,Po,Wood,Ex,TA,NA,ALQ,3086.8,BLQ,398.1,1209.7,1165.3,OthW,Fa,N,Mix,661.9,1492.7,0.0,2394.8,2,2,1,0,4,2,Gd,4,Min2,0,,2Types,1957.0,RFn,3,924.5,Po,Po,N,625.3,432.9,131.7,204.5,213.0,140.0,,GdPrv,,222.6,3,2009,CWD,Abnorml,423123
285,30,RH,221.4,161815.6,Grvl,NA,IR3,Bnk,AllPub,FR3,Sev,NAmes,Norm,Artery,Duplex,1Story,4,4,1929,1987,Gambrel,Membran,HdBoard,VinylSd,Stone,270.9,TA,TA,PConc,,NA,Mn,LwQ,1056.3,GLQ,578.4,1528.8,5577.6,GasA,Po,Y,FuseF,2290.8,1710.4,0.0,2762.2,0,2,1,1,1,1,TA,8,Maj2,2,,CarPort,1902.0,Fin,3,1155.3,Fa,NA,Y,432.5,287.5,46.6,28.2,388.1,555.0,,,,8217.7,2,2010,COD,Alloca,444728
286,40,FV,41.3,33830.0,Pave,,IR1,Low,AllPub,Corner,Mod,BrkSide,PosA,Artery,1Fam,1Story,10,8,1934,1953,Shed,Roll,Stucco,Wd Sdng,None,1331.2,Ex,TA,Wood,Fa,TA,Av,GLQ,184.1,GLQ,590.7,1232.3,2848.0,Floor,Ex,N,SBrkr,747.5,572.6,0.0,5586.5,1,1,0,1,8,0,TA,9,Min2,3,Gd,Attchd,1907.0,RFn,0,1158.9,Fa,Gd,N,508.6,314.9,410.9,168.3,417.1,238.0,,,,4354.6,3,2009,Con,Abnorml,660647
287,20,C,72.1,99356.0,Grvl,,IR3,Bnk,NoSeWa,CulDSac,Mod,ClearCr,PosA,Artery,Twnhs,2.5Fin,2,9,1971,1973,Gable,Metal,BrkComm,ImStucc,None,915.0,Gd,TA,Stone,NA,Po,Gd,ALQ,5338.3,NA,263.2,534.9,1989.3,Wall,Fa,N,FuseA,2946.5,1412.1,0.0,4313.2,3,0,1,1,0,0,TA,8,Maj2,0,,Detchd,,NA,4,20.0,Po,Fa,Y,795.0,306.6,291.8,326.7,315.3,429.0,,MnPrv,,183.9,2,2009,New,AdjLand,372224
288,50,RM,270.9,76441.6,Grvl,,Reg,Bnk,NoSeWa,Corner,Sev,NWAmes,PosN,Norm,TwnhsE,SFoyer,10,9,1937,1980,Gable,WdShngl,Plywood,MetalSd,BrkFace,934.2,Ex,Gd,PConc,Ex,Po,Mn,GLQ,5224.9,,1.9,469.7,4677.4,Wall,TA,N,FuseF,1558.8,1780.9,0.0,2619.4,0,0,0,0,7,1,Ex,3,Min1,0,,2Types,2003.0,RFn,1,891.9,Fa,NA,P,337.5,218.1,244.0,85.4,304.0,608.0,,,,6582.9,2,2008,WD,Normal,558406
289,20,RH,,21363.0,Pave,,Reg,Low,NoSeWa,FR2,Mod,Crawfor,RRNn,Artery,1Fam,2.5Fin,5,3,1956,1994,Hip,CompShg,AsbShng,Stone,None,335.6,Fa,Fa,BrkTil,NA,Po,NA,NA,918.0,LwQ,1257.5,2119.3,99.9,GasW,Ex,Y,FuseA,1585.9,990.0,0.0,2761.3,2,2,0,1,5,3,Ex,11,Sev,3,,CarPort,1974.0,Fin,1,1380.7,Ex,Gd,Y,87.3,536.3,71.5,321.0,52.9,97.0,,,,14366.5,2,2008,ConLw,Alloca,366542
290,75,RH,265.4,105305.2,Pave,,IR1,HLS,AllPub,FR3,Sev,SWISU,RRAe,Artery,1Fam,SLvl,6,3,2008,2008,Gable,Tar&Grv,ImStucc,AsbShng,None,118.6,Gd,TA,PConc,TA,Gd,No,Rec,2301.3,Unf,1053.9,616.6,2638.6,Grav,Po,N,FuseA,668.5,887.7,0.0,2986.0,2,1,2,1,0,1,Fa,11,Min1,1,NA,CarPort,1960.0,Unf,3,328.1,NA,Ex,Y,279.2,20.4,228.9,493.8,276.1,460.0,,,,14312.7,12,2007,COD,Abnorml,477850
291,20,C,,198287.6,Grvl,,IR3,Lvl,AllPub,FR3,Gtl,MeadowV,RRAn,RRNn,2FmCon,SLvl,9,5,1994,1994,Gable,CompShg,Plywood,Stucco,Stone,743.6,Gd,Po,Slab,NA,Fa,No,NA,4690.4,Unf,1017.9,656.4,2170.9,Floor,Po,N,SBrkr,1686.0,1485.6,0.0,3833.6,3,1,3,0,3,2,Ex,8,Maj2,1,,BuiltIn,1984.0,Fin,0,1128.2,Gd,,P,355.8,118.1,451.6,439.0,131.7,564.0,,,,5767.6,11,2007,ConLI,Abnorml,576117
292,90,C,208.7,9870.4,Pave,Pave,IR1,Bnk,NoSeWa,Inside,Mod,Veenker,RRNe,Feedr,1Fam,SFoyer,4,5,1873,2008,Gambrel,Roll,AsbShng,Plywood,Stone,985.0,Gd,Ex,PConc,NA,Po,Mn,BLQ,3730.7,LwQ,805.5,964.7,2066.5,GasA,Fa,Y,SBrkr,2542.1,1156.2,0.0,2807.3,0,1,1,0,2,3,Gd,11,Typ,1,TA,NA,1904.0,NA,1,757.6,NA,Ex,N,233.9,155.7,321.0,181.3,141.5,620.0,,,,6962.3,2,2008,New,Alloca,324946
293,20,FV,223.7,63656.6,Grvl,,IR1,Bnk,NoSeWa,Corner,Mod,Gilbert,RRAe,Feedr,1Fam,1.5Fin,2,10,1977,1960,Hip,Roll,Stucco,Stone,BrkCmn,152.1,Fa,Ex,BrkTil,TA,TA,NA,BLQ,2228.2,,1033.2,325.7,2059.5,Floor,Fa,N,FuseP,2881.9,2050.9,0.0,3976.2,2,0,2,1,6,1,TA,4,Typ,3,NA,CarPort,2003.0,NA,0,314.0,Po,Fa,N,453.3,482.1,50.2,214.1,45.5,256.0,,,,3761.6,8,2007,ConLI,Partial,417715
294,30,RL,170.7,45702.3,Grvl,,IR1,Lvl,NoSeWa,CulDSac,Gtl,NPkVill,PosA,Feedr,Twnhs,1.5Unf,5,2,1979,1986,Gable,Metal,VinylSd,Stone,Stone,1520.9,Fa,Ex,Stone,NA,Gd,Mn,Unf,4200.1,GLQ,1379.2,1185.0,191.1,Wall,Gd,Y,FuseF,624.5,877.8,0.0,2081.3,3,1,2,2,6,3,Ex,8,Min1,0,Fa,Detchd,1925.0,NA,4,72.4,Po,Ex,N,261.3,502.6,183.4,213.0,305.2,10.0,,,,1058.8,5,2006,VWD,Alloca,370822
295,30,C,,52250.3,Grvl,,IR3,Bnk,AllPub,Inside,Mod,CollgCr,RRNn,Artery,1Fam,2.5Unf,3,1,1943,1950,Flat,CompShg,BrkComm,WdShing,BrkFace,1568.7,Fa,Gd,Slab,Fa,NA,Mn,ALQ,5062.9,LwQ,981.2,1553.5,929.4,OthW,Fa,N,FuseA,3173.1,363.3,0.0,2513.7,1,1,2,1,5,0,Ex,2,Maj2,2,,Attchd,1984.0,Fin,3,1077.6,Fa,Fa,Y,88.4,462.8,540.9,436.8,280.2,177.0,,MnWw,,10755.9,9,2010,VWD,Abnorml,342462
296,120,C,83.1,195655.0,Pave,,IR1,Low,AllPub,FR3,Sev,CollgCr,RRNn,Norm,2FmCon,2.5Fin,2,8,1997,1958,Hip,Membran,VinylSd,CemntBd,BrkCmn,872.7,TA,Fa,PConc,Fa,Po,No,GLQ,5227.2,BLQ,390.7,1836.1,866.9,GasA,Fa,N,FuseP,2464.5,974.5,0.0,4920.4,3,0,2,0,7,1,Fa,3,Sal,0,Gd,Attchd,1972.0,RFn,2,448.8,Ex,Gd,P,161.2,228.1,300.6,504.9,105.7,392.0,,,Shed,12400.8,11,2006,WD,Alloca,419946
297,60,RM,30.7,101441.0,Grvl,,IR3,HLS,NoSeWa,Corner,Sev,NridgHt,RRNn,Artery,2FmCon,2Story,1,3,1928,1966,Gable,Roll,ImStucc,ImStucc,BrkCmn,1520.1,Ex,Ex,Wood,Gd,TA,Mn,GLQ,2138.2,Unf,841.0,1662.0,6040.4,GasW,TA,Y,SBrkr,2673.8,485.7,0.0,2079.8,0,1,2,0,6,1,Ex,13,Mod,3,,NA,1916.0,RFn,3,532.6,Po,TA,P,786.9,500.3,158.1,419.6,126.3,293.0,,,,13641.6,12,2010,ConLw,Family,382851
298,70,RH,109.8,101062.4,Pave,,Reg,Low,AllPub,CulDSac,Mod,Crawfor,Artery,Feedr,2FmCon,2.5Unf,10,1,1952,2003,Gambrel,ClyTile,Wd Sdng,VinylSd,Stone,287.1,TA,Gd,CBlock,Ex,TA,No,LwQ,979.6,Unf,652.0,344.9,135.4,OthW,TA,N,Mix,3963.3,1159.0,0.0,5453.2,0,0,1,0,3,0,Ex,11,Min1,3,,Attchd,2000.0,Unf,2,688.1,Fa,TA,N,539.6,53.9,504.2,283.5,371.0,396.0,,,,14497.0,5,2008,COD,Abnorml,549145
299,50,RL,211.7,164021.4,Grvl,,IR1,Bnk,AllPub,FR3,Gtl,Blmngtn,Feedr,RRNn,1Fam,2.5Unf,2,1,1890,1950,Shed,Metal,Stone,CemntBd,BrkCmn,40.7,Fa,Po,Wood,Fa,NA,NA,NA,5152.1,GLQ,820.2,1065.4,1020.8,Grav,Ex,N,FuseA,1825.4,259.8,0.0,1249.7,2,2,2,2,6,3,TA,2,Typ,0,Gd,,1965.0,RFn,1,719.2,Fa,Gd,N,269.4,356.9,185.5,49.5,380.6,388.0,,,,14197.4,1,2006,Con,Family,273249
300,190,RM,295.0,34352.8,Grvl,,IR1,Low,NoSeWa,CulDSac,Sev,Sawyer,RRAn,Artery,Duplex,SLvl,6,2,1878,1952,Flat,WdShake,HdBoard,Plywood,BrkCmn,63.1,TA,Po,Stone,Ex,Gd,NA,ALQ,522.4,BLQ,763.0,90.1,5952.2,GasW,Fa,N,Mix,1092.5,1961.7,0.0,1616.8,1,2,3,0,0,0,Fa,10,Min1,3,TA,CarPort,1950.0,Unf,2,292.4,NA,NA,N,314.4,512.7,402.9,484.9,236.7,536.0,,,,424.4,8,2009,Con,AdjLand,425104
301,20,FV,275.4,105548.0,Pave,,IR3,Bnk,AllPub,Corner,Sev,NAmes,RRAn,Artery,Duplex,2.5Unf,8,6,2008,1996,Mansard,Tar&Grv,MetalSd,CBlock,Stone,940.0,TA,Gd,Slab,NA,TA,NA,ALQ,4073.2,Rec,1265.8,41.6,3838.6,Grav,Fa,N,Mix,2738.8,1775.5,0.0,2795.2,0,2,0,2,2,3,TA,14,Typ,0,,Detchd,1946.0,NA,0,951.0,NA,Po,P,422.8,412.9,81.3,436.9,71.5,637.0,,,,15160.5,3,2006,ConLI,Family,486148
302,20,FV,244.7,93293.2,Grvl,,Reg,HLS,NoSeWa,CulDSac,Mod,Somerst,RRNe,Artery,Twnhs,2.5Fin,3,6,1925,1975,Mansard,ClyTile,Stucco,Plywood,BrkFace,98.6,Ex,Fa,Slab,Gd,Fa,No,GLQ,793.0,ALQ,960.8,1028.1,2753.6,Grav,Po,N,FuseA,4452.4,321.2,0.0,4566.6,2,2,0,0,1,1,Ex,14,Maj1,0,Gd,2Types,1939.0,Unf,2,982.0,Fa,Fa,N,576.9,152.0,86.4,427.4,26.7,265.0,,,,5882.3,10,2007,WD,Partial,416122
303,40,C,251.2,129006.1,Grvl,,IR3,Low,NoSeWa,Inside,Gtl,SWISU,RRNe,Norm,Duplex,SFoyer,9,3,1975,2002,Shed,WdShake,CemntBd,WdShing,Stone,1533.7,Fa,Po,PConc,Fa,Po,Av,Unf,2197.7,Rec,278.2,590.9,481.2,Wall,TA,N,FuseP,2590.9,356.0,0.0,4217.2,3,2,3,0,6,3,Gd,3,Mod,1,TA,Attchd,1991.0,Unf,1,201.8,,Ex,P,498.9,392.5,309.8,199.0,130.3,132.0,,,,13734.7,11,2006,VWD,Alloca,534033
304,160,C,215.2,215150.4,Pave,,IR2,Low,NoSeWa,Inside,Sev,NWAmes,RRNe,RRNn,Twnhs,SLvl,9,4,1957,1980,Flat,Membran,AsbShng,CemntBd,None,227.1,TA,Fa,Stone,NA,Gd,Av,Unf,2322.8,ALQ,92.9,1596.3,4091.6,Floor,Po,Y,FuseP,3959.5,1058.2,0.0,1260.1,3,0,1,1,8,3,TA,3,Maj2,3,,CarPort,1926.0,Unf,1,755.7,,TA,Y,799.3,161.2,132.4,227.2,351.0,277.0,,,,6831.8,10,2008,Con,AdjLand,406031
305,30,FV,97.0,165919.7,Pave,,IR3,Lvl,NoSeWa,Corner,Gtl,Timber,RRAe,RRNn,Twnhs,SLvl,2,2,1953,1975,Mansard,WdShngl,BrkComm,BrkComm,BrkCmn,487.6,TA,Gd,Stone,Gd,Po,Av,GLQ,896.0,GLQ,625.5,1691.8,842.0,Grav,Fa,N,FuseA,3633.1,1596.0,0.0,1590.3,0,0,0,2,4,2,Gd,7,Typ,3,Po,Attchd,1939.0,Fin,3,863.9,Ex,Ex,N,536.3,61.0,27.2,60.8,288.4,553.0,,,,6544.0,2,2008,New,AdjLand,282783
306,50,C,285.9,86421.4,Grvl,,Reg,Lvl,NoSeWa,FR3,Mod,Timber,PosA,RRNn,2FmCon,SLvl,8,2,1932,1972,Flat,Roll,WdShing,MetalSd,Stone,1316.0,Gd,Po,CBlock,NA,Po,,Unf,5207.6,Unf,23.0,2091.7,4100.9,OthW,TA,Y,FuseF,2592.9,452.4,0.0,3387.5,1,0,3,1,8,2,Gd,8,Maj2,1,,CarPort,1900.0,NA,1,264.1,Gd,Ex,Y,780.5,392.3,511.4,476.4,344.7,100.0,,,,173.5,6,2007,New,Partial,544044
307,120,RL,216.9,178350.8,Grvl,,Reg,Bnk,AllPub,FR2,Mod,NoRidge,Artery,RRNn,TwnhsE,1.5Fin,10,7,1958,1979,Shed,Tar&Grv,HdBoard,HdBoard,BrkFace,350.0,Gd,Po,CBlock,Ex,NA,NA,BLQ,15.1,ALQ,469.2,1777.0,5982.8,OthW,Fa,Y,Mix,3156.0,125.9,0.0,1900.7,2,1,3,2,7,2,TA,14,Sev,1,TA,CarPort,1945.0,Fin,0,1268.3,,Ex,P,4.7,98.0,30.9,479.2,226.4,403.0,,GdPrv,,812.8,4,2010,ConLI,Normal,584408
308,85,C,184.6,37822.2,Pave,,IR1,Low,NoSeWa,FR2,Sev,CollgCr,Feedr,Feedr,Twnhs,SFoyer,5,1,1873,1959,Shed,CompShg,WdShing,Other,BrkFace,388.7,Fa,TA,Slab,NA,,Av,ALQ,5044.7,LwQ,542.5,112.7,3250.4,OthW,Gd,Y,FuseP,2106.3,1126.5,0.0,2575.7,0,2,2,0,0,0,Fa,3,Sev,1,Ex,Detchd,1910.0,NA,2,684.6,Ex,NA,Y,763.2,60.8,396.0,129.3,362.3,283.0,,,,10404.8,4,2007,New,Alloca,364776
309,190,RH,53.4,7817.6,Grvl,,IR3,HLS,NoSeWa,FR2,Gtl,CollgCr,RRNn,Artery,1Fam,SLvl,4,7,1902,1957,Gable,Metal,VinylSd,Plywood,BrkCmn,1027.7,TA,Po,Wood,NA,Fa,Mn,BLQ,4988.3,BLQ,553.6,868.1,1308.1,Floor,Po,Y,FuseA,2646.5,1428.1,0.0,2916.8,2,1,0,0,1,0,Gd,5,Sal,2,NA,Detchd,1938.0,Fin,4,163.1,Fa,Po,Y,618.3,301.8,183.8,353.6,230.8,276.0,,,,14533.4,9,2010,Con,Family,390337
310,60,C,151.5,45040.7,Grvl,,IR3,HLS,AllPub,FR3,Gtl,Timber,PosA,RRNn,2FmCon,1.5Unf,10,1,1904,1993,Mansard,Tar&Grv,WdShing,BrkComm,None,441.7,Fa,Ex,Slab,,NA,No,Rec,1788.9,Unf,1443.6,637.8,3820.5,GasA,TA,N,SBrkr,2544.8,504.6,0.0,3488.3,3,1,2,2,5,2,TA,4,Min2,3,Po,BuiltIn,1917.0,Fin,1,474.2,Fa,TA,N,147.6,339.5,515.3,103.4,40.3,138.0,,,,3478.2,10,2008,New,Partial,529876
311,190,RM,155.4,74129.4,Pave,,IR2,Lvl,AllPub,Inside,Mod,NridgHt,RRAn,PosN,1Fam,SLvl,5,6,1951,1974,Mansard,WdShngl,HdBoard,CBlock,Stone,347.9,Ex,TA,BrkTil,Gd,Po,Av,Rec,3975.0,LwQ,447.9,902.0,3134.0,Floor,TA,N,SBrkr,3424.3,1527.6,0.0,1666.6,2,1,1,1,4,1,Ex,14,Min2,0,Po,Attchd,1990.0,NA,2,676.3,Gd,,N,225.4,27.9,544.3,199.6,38.3,220.0,,,,1455.7,12,2008,ConLI,Family,337485
312,70,RL,273.5,110536.2,Pave,Grvl,Reg,Lvl,NoSeWa,Inside,Mod,Crawfor,PosA,PosN,1Fam,SFoyer,4,3,1882,1971,Flat,Roll,Wd Sdng,HdBoard,None,406.7,Fa,Gd,Slab,NA,Fa,NA,NA,1426.9,GLQ,390.9,373.9,3257.5,Wall,Fa,Y,FuseA,2120.7,1963.1,0.0,1199.9,3,2,0,2,6,1,TA,6,Maj2,0,,CarPort,1946.0,,3,14.4,Po,Ex,P,465.2,2.4,185.2,153.6,399.1,68.0,,,,3314.8,8,2010,ConLI,Partial,213290
313,45,RM,180.6,132903.8,Grvl,,IR3,Lvl,NoSeWa,Inside,Mod,Sawyer,Artery,Feedr,Duplex,1Story,8,8,1999,1964,Gable,ClyTile,WdShing,Plywood,Stone,785.0,Fa,Ex,CBlock,Gd,Po,Av,GLQ,4282.5,NA,190.7,228.2,2921.2,Floor,Fa,Y,FuseF,768.8,283.1,0.0,2449.6,1,1,0,2,8,1,Ex,10,Mod,0,TA,Detchd,1973.0,RFn,4,45.2,TA,NA,P,107.1,482.5,326.3,197.9,302.2,176.0,,,,3291.0,3,2006,COD,Abnorml,444368
314,70,RM,132.1,196119.5,Pave,,IR2,HLS,NoSeWa,Corner,Mod,Veenker,Artery,PosN,1Fam,2.5Unf,4,6,2006,2008,Gable,WdShake,AsbShng,Stucco,BrkFace,1545.8,TA,Ex,PConc,Gd,Gd,No,LwQ,3167.0,Rec,753.2,1217.0,4116.6,Wall,Ex,N,SBrkr,3771.2,1055.3,0.0,769.4,1,2,3,2,3,0,Fa,3,Mod,3,TA,Detchd,1999.0,Unf,3,78.7,TA,TA,P,673.1,63.0,426.7,157.0,134.0,372.0,,,,4543.6,9,2006,ConLD,Partial,336026
315,90,RH,306.2,110380.7,Pave,Grvl,IR3,HLS,NoSeWa,Inside,Mod,Edwards,RRAn,PosN,Twnhs,1.5Fin,10,2,1999,1990,Hip,Roll,Plywood,Other,BrkFace,1331.6,Ex,Fa,BrkTil,TA,NA,Gd,GLQ,1694.5,BLQ,226.5,1682.8,3494.6,OthW,Ex,N,FuseF,3318.6,117.4,0.0,3130.1,3,2,0,0,7,3,Gd,14,Min2,2,,2Types,1920.0,NA,0,763.1,Fa,NA,P,678.0,319.4,68.1,175.4,363.4,708.0,,,,1468.5,1,2007,ConLw,Partial,565905
316,75,RL,53.3,108545.4,Pave,,Reg,HLS,AllPub,Inside,Sev,Edwards,Norm,PosN,1Fam,2.5Fin,6,8,1902,2005,Hip,WdShngl,Plywood,ImStucc,BrkCmn,455.4,Fa,TA,Slab,NA,NA,Gd,ALQ,2258.9,GLQ,908.4,1639.7,6030.5,GasA,Po,N,FuseA,4474.6,426.8,0.0,4790.6,0,2,1,2,3,0,Fa,6,Maj2,3,,Attchd,1927.0,RFn,3,476.6,Ex,,Y,257.9,521.6,391.6,401.9,65.2,544.0,,,,3650.7,12,2008,New,Alloca,611130
317,90,RL,144.4,12049.2,Grvl,,IR1,Bnk,NoSeWa,Inside,Sev,OldTown,PosN,Feedr,1Fam,2.5Fin,2,5,1997,2006,Gable,CompShg,AsbShng,Other,None,581.4,Gd,Fa,CBlock,Fa,Fa,NA,GLQ,3893.7,LwQ,228.7,1053.4,5046.0,Floor,TA,Y,FuseA,2202.3,185.5,0.0,965.5,3,1,1,0,2,2,Fa,9,Maj2,3,,NA,1900.0,Fin,2,1266.4,NA,Fa,P,59.8,280.0,500.2,152.4,309.7,300.0,,,,14279.8,7,2006,Con,Partial,374274
318,20,RL,33.3,8769.2,Grvl,,IR3,Low,NoSeWa,FR2,Gtl,NWAmes,Feedr,Artery,Duplex,1.5Fin,5,8,1918,1959,Shed,Metal,WdShing,AsphShn,BrkFace,743.2,Ex,TA,Wood,Gd,Gd,NA,BLQ,5114.0,,850.0,1220.0,1617.3,Grav,Fa,Y,Mix,674.8,834.3,0.0,932.4,2,2,0,1,1,3,Gd,7,Sal,3,NA,BuiltIn,1913.0,Unf,4,793.0,Gd,TA,Y,847.4,76.5,98.5,413.9,475.0,227.0,,,,13798.4,7,2008,New,Family,264533
319,180,RL,237.1,119217.9,Pave,,Reg,Bnk,NoSeWa,CulDSac,Sev,Sawyer,Feedr,Feedr,1Fam,1.5Unf,6,8,1978,1969,Shed,Roll,Plywood,HdBoard,BrkCmn,1566.3,TA,TA,BrkTil,NA,Po,NA,GLQ,737.8,ALQ,1217.9,1206.1,4434.4,Grav,Po,Y,FuseA,864.0,1695.0,0.0,759.8,2,2,3,0,7,1,Ex,5,Maj2,3,Ex,Detchd,1919.0,Unf,3,1077.5,Gd,Ex,P,214.9,215.2,463.0,288.5,72.0,647.0,,MnPrv,,4902.7,12,2007,VWD,Partial,409774
320,60,RL,289.1,95046.1,Pave,,Reg,Low,NoSeWa,Inside,Sev,SWISU,RRAn,Norm,Twnhs,2.5Unf,5,6,1890,1990,Shed,Metal,CemntBd,AsbShng,BrkFace,275.8,Gd,Ex,PConc,Fa,Fa,Av,BLQ,3224.8,ALQ,62.7,1615.5,1309.4,Grav,TA,N,FuseF,3704.1,1191.8,0.0,4834.4,2,0,1,1,7,0,TA,11,Maj2,3,TA,NA,1972.0,RFn,3,974.4,Po,Po,N,57.9,341.4,63.8,396.5,68.1,371.0,,,,15451.8,2,2009,Oth,Normal,453560
321,75,RH,,180838.4,Grvl,,Reg,Low,AllPub,CulDSac,Sev,NoRidge,RRNn,Norm,Twnhs,2Story,2,2,1952,1996,Flat,CompShg,AsphShn,VinylSd,Stone,572.0,Ex,Po,PConc,Ex,,No,Rec,1432.0,Rec,618.7,112.0,4780.1,Wall,Fa,N,FuseP,629.3,459.6,0.0,762.4,0,1,2,1,2,0,Ex,9,Sal,2,,2Types,1944.0,Fin,0,737.8,Po,NA,P,282.8,417.3,313.7,466.8,224.6,645.0,,,,4624.5,7,2008,CWD,AdjLand,322312
322,50,C,271.6,35676.6,Grvl,Pave,IR2,Low,AllPub,Inside,Gtl,BrkSide,PosN,PosN,1Fam,2Story,7,8,1994,1972,Gambrel,Metal,VinylSd,WdShing,None,1167.1,TA,Fa,Wood,Fa,Gd,No,NA,4522.9,ALQ,679.6,1658.3,901.6,Grav,Ex,N,SBrkr,4290.3,82.8,0.0,5554.2,1,0,1,1,0,2,Gd,4,Maj2,1,Gd,CarPort,1960.0,NA,2,1056.0,NA,Fa,Y,830.4,332.0,187.3,70.3,308.5,398.0,,,,11188.4,7,2009,Oth,Alloca,551451
323,45,RM,106.3,6642.6,Grvl,,IR2,Lvl,NoSeWa,FR2,Sev,Mitchel,RRAe,PosN,Twnhs,2.5Unf,4,6,2005,2002,Gambrel,ClyTile,WdShing,Other,None,1542.3,TA,Fa,CBlock,Gd,TA,No,Unf,396.4,ALQ,1166.0,1360.0,2893.4,GasA,TA,N,SBrkr,1561.4,1142.8,0.0,2236.0,1,0,0,0,5,1,Ex,5,Maj1,0,Fa,2Types,1926.0,RFn,3,772.4,Ex,NA,Y,679.5,18.8,260.4,174.7,12.7,142.0,,,,9982.1,9,2008,COD,Normal,415779
324,30,RL,286.9,97369.6,Grvl,,IR1,Low,NoSeWa,FR2,Gtl,NWAmes,RRAe,Artery,Twnhs,1Story,8,6,1978,2002,Hip,Tar&Grv,AsphShn,VinylSd,Stone,249.1,Ex,Ex,Stone,Gd,Fa,Gd,BLQ,3888.5,NA,689.7,462.8,4830.6,GasA,Fa,N,Mix,4251.3,274.2,0.0,2079.1,2,1,2,2,4,0,Ex,12,Sal,3,Fa,NA,1955.0,Unf,2,546.6,Ex,Gd,Y,411.6,78.3,165.9,28.2,239.8,136.0,,,,1000.6,6,2010,ConLw,Family,509643
325,60,C,241.2,52107.3,Pave,,IR3,Lvl,NoSeWa,CulDSac,Gtl,NoRidge,PosN,PosN,Duplex,1.5Unf,7,8,1920,1950,Mansard,Tar&Grv,ImStucc,AsphShn,Stone,363.8,Ex,Po,Wood,Gd,Fa,No,Unf,987.4,ALQ,836.5,114.6,1711.5,Floor,Po,N,FuseP,3704.9,707.7,0.0,820.4,0,0,0,0,7,0,Ex,10,Sev,3,,Basment,,Fin,1,618.0,Gd,Po,Y,261.7,203.4,143.8,206.7,39.9,572.0,,,,5305.6,10,2009,New,Alloca,264078
326,60,C,256.0,11914.7,Pave,,IR2,Low,AllPub,FR2,Sev,CollgCr,Feedr,Norm,2FmCon,2Story,7,1,1944,1951,Gambrel,CompShg,ImStucc,WdShing,None,361.1,Ex,TA,CBlock,TA,,NA,ALQ,3366.0,Rec,1166.2,253.5,5114.8,Floor,Po,N,FuseF,4130.7,1053.5,0.0,3442.6,2,2,0,1,5,3,Gd,6,Maj1,3,TA,CarPort,1967.0,Fin,0,1189.0,Fa,Gd,Y,362.8,386.0,410.2,120.6,115.8,55.0,,,,14748.2,11,2010,ConLI,AdjLand,530626
327,90,RM,26.3,156324.2,Grvl,,IR2,Bnk,NoSeWa,Corner,Sev,NAmes,PosN,PosN,2FmCon,SLvl,9,2,1921,2007,Mansard,CompShg,BrkComm,HdBoard,BrkCmn,33.5,TA,TA,CBlock,Fa,,Av,GLQ,4716.6,GLQ,825.1,1225.7,3935.8,Grav,Gd,Y,FuseF,1266.8,1866.2,0.0,3443.9,1,0,0,2,3,0,Fa,7,Typ,0,,CarPort,1936.0,RFn,0,798.7,Ex,Gd,Y,14.9,319.6,123.2,290.4,342.0,644.0,,,,788.4,10,2010,ConLD,Partial,462251
328,180,RH,302.1,25174.8,Grvl,,IR2,Bnk,AllPub,FR3,Sev,Edwards,RRAe,Artery,TwnhsE,SLvl,1,9,1952,1968,Mansard,WdShngl,HdBoard,Plywood,BrkCmn,966.6,Gd,Po,CBlock,NA,Fa,Gd,ALQ,4261.7,Unf,528.1,1771.6,2428.9,Wall,TA,Y,Mix,2930.0,169.0,0.0,2955.1,3,0,3,0,1,3,TA,13,Mod,2,,CarPort,1981.0,RFn,0,535.0,NA,Ex,Y,615.6,24.4,225.4,398.0,354.7,381.0,,,,2710.7,9,2007,Con,Partial,347910
329,190,FV,,131446.9,Pave,,IR3,Low,AllPub,FR3,Mod,Edwards,RRNe,Norm,2FmCon,2.5Unf,10,8,1966,1963,Shed,Metal,Wd Sdng,Stone,BrkFace,1073.1,Gd,TA,Stone,NA,Po,Av,BLQ,4249.6,BLQ,126.5,781.8,2587.1,GasW,Po,Y,FuseA,741.9,1380.7,0.0,1984.9,2,2,3,1,7,0,Fa,12,Min2,0,Ex,Attchd,1930.0,RFn,2,254.9,Ex,Fa,P,85.4,435.9,151.6,247.1,350.3,470.0,,,,15049.7,3,2007,ConLI,Family,459959
330,190,FV,110.0,61429.2,Grvl,,IR1,Bnk,NoSeWa,Inside,Gtl,OldTown,PosN,PosN,1Fam,2Story,6,7,1883,1957,Shed,Roll,Wd Sdng,Plywood,BrkCmn,964.0,TA,Fa,Slab,Gd,Gd,Mn,BLQ,2922.7,GLQ,1075.9,885.6,5657.8,OthW,TA,Y,FuseP,1215.5,29.1,0.0,2290.4,2,0,1,1,4,1,TA,3,Sal,2,,,1948.0,Fin,3,702.4,Po,NA,P,444.8,331.0,131.7,169.5,31.3,207.0,,,,616.8,8,2006,New,Abnorml,385230
331,20,C,263.2,38418.6,Grvl,,IR1,Bnk,AllPub,FR2,Gtl,Blueste,Artery,Artery,Twnhs,2.5Fin,6,7,1894,1987,Shed,Membran,Stone,Stone,None,114.1,Ex,Fa,Slab,Fa,TA,,BLQ,5027.4,Unf,1284.1,2182.2,1330.7,Grav,Po,Y,SBrkr,1684.6,1300.8,0.0,2035.2,2,2,0,2,7,2,Gd,10,Maj2,1,,BuiltIn,1952.0,NA,3,357.9,Po,Ex,P,484.9,485.3,346.2,77.5,377.6,637.0,,MnPrv,,6922.4,4,2009,New,AdjLand,343270
332,80,RM,,82545.9,Pave,,IR1,Low,AllPub,FR3,Mod,SawyerW,RRNn,Artery,2FmCon,2.5Unf,6,5,1925,1961,Gable,WdShake,AsphShn,CBlock,BrkCmn,110.8,TA,Fa,PConc,Ex,NA,Gd,BLQ,3319.3,Unf,1429.9,497.6,4236.4,Grav,TA,Y,FuseP,3562.5,1138.9,0.0,2596.0,1,1,2,0,4,1,Gd,9,Sal,3,,Attchd,1938.0,,2,1355.0,NA,,N,1.4,228.5,25.1,13.6,207.5,634.0,,,,14234.4,11,2006,Oth,Partial,519308
333,120,FV,275.8,172765.3,Pave,,IR3,Low,NoSeWa,CulDSac,Mod,BrkSide,Artery,Norm,Duplex,1.5Fin,6,2,1989,1975,Gambrel,ClyTile,Stucco,AsbShng,Stone,336.6,TA,Ex,Slab,,NA,NA,BLQ,5178.5,GLQ,1365.8,242.4,4321.6,Floor,TA,N,Mix,441.7,1676.5,0.0,2148.2,0,0,2,2,5,2,Ex,8,Maj2,2,,BuiltIn,1909.0,,2,696.2,Po,NA,Y,839.8,268.1,435.5,344.4,228.1,34.0,,,,14627.0,1,2009,VWD,Alloca,453726
334,90,C,53.9,85186.5,Grvl,,IR3,Lvl,NoSeWa,CulDSac,Sev,Sawyer,Feedr,Norm,TwnhsE,1Story,10,6,1930,1976,Gambrel,CompShg,CBlock,CemntBd,None,464.5,TA,TA,CBlock,NA,Po,Av,GLQ,3084.6,GLQ,1175.4,802.2,5636.2,OthW,TA,Y,FuseA,4269.8,1097.9,0.0,3919.6,3,1,2,2,4,0,TA,10,Sev,0,,CarPort,1908.0,Fin,1,12.7,Fa,Gd,P,258.9,221.8,301.5,15.5,201.5,265.0,,,,15179.5,7,2007,ConLw,Family,586434
335,60,RH,226.5,161923.4,Grvl,,IR1,Bnk,AllPub,CulDSac,Mod,OldTown,RRAe,Norm,1Fam,SLvl,7,10,1874,1978,Mansard,ClyTile,Stone,Stone,BrkFace,1258.5,TA,Ex,Wood,Gd,Gd,No,LwQ,2855.7,LwQ,948.5,1742.5,4357.4,GasW,Gd,Y,FuseP,642.6,728.2,0.0,1904.0,3,0,3,2,2,1,Fa,6,Mod,2,Po,2Types,1991.0,NA,4,131.7,Gd,Ex,N,66.2,395.2,457.3,467.8,411.4,602.0,,,,7460.5,3,2007,CWD,Alloca,402801
336,190,FV,178.9,28147.2,Grvl,,Reg,Bnk,AllPub,Inside,Mod,CollgCr,Feedr,Artery,2FmCon,1Story,10,3,1929,1964,Mansard,WdShngl,Stone,BrkComm,None,255.0,Gd,TA,Slab,Fa,NA,Mn,ALQ,1255.0,NA,1151.9,1462.5,3571.1,Floor,Ex,Y,FuseA,1974.7,501.3,0.0,2196.2,3,2,3,2,7,3,TA,6,Min2,2,NA,Attchd,1991.0,Fin,4,403.2,Fa,Po,N,732.2,411.4,117.6,301.9,326.4,20.0,,,,1340.4,4,2007,Oth,Abnorml,493863
337,150,C,49.2,166630.6,Pave,,IR3,Low,AllPub,FR3,Mod,Crawfor,RRNn,Norm,Twnhs,2Story,6,4,1928,1995,Shed,CompShg,AsphShn,Stone,None,70.5,Ex,Fa,Stone,TA,NA,NA,Rec,3074.8,BLQ,636.9,971.3,5514.4,Grav,TA,Y,FuseP,687.4,176.0,0.0,2645.4,2,0,0,0,2,2,TA,12,Min2,1,Ex,2Types,1912.0,Fin,0,130.7,Po,Po,Y,130.2,395.6,391.6,179.5,240.0,139.0,,,,11976.9,3,2009,CWD,Partial,424080
338,40,C,91.6,51990.7,Grvl,,IR3,HLS,NoSeWa,FR3,Gtl,Mitchel,RRAe,Norm,Duplex,SFoyer,1,10,1961,2002,Gable,Roll,Stone,Plywood,BrkCmn,630.4,TA,Fa,Wood,Gd,Gd,Mn,NA,793.5,BLQ,876.7,2253.7,5066.0,Grav,Ex,N,SBrkr,3685.2,1104.0,0.0,355.0,1,1,2,2,3,2,Gd,12,Typ,3,Gd,2Types,1917.0,Fin,3,1267.6,TA,NA,N,21.4,159.5,232.2,21.3,400.5,264.0,,,,10989.2,6,2007,ConLD,Alloca,328505
339,45,RL,,146224.9,Pave,,IR1,Lvl,AllPub,FR3,Mod,NWAmes,RRNe,Artery,2FmCon,2.5Unf,3,2,1926,2010,Shed,ClyTile,Stone,Stone,BrkCmn,666.2,TA,Po,Slab,TA,TA,Av,Rec,4908.5,LwQ,514.0,1717.0,4379.5,GasW,Ex,N,FuseF,949.9,1834.4,0.0,2946.0,3,2,2,1,5,0,TA,10,Sal,3,Gd,2Types,1911.0,RFn,0,1211.5,TA,Gd,P,423.9,347.9,42.4,210.1,386.6,399.0,,,,8984.0,10,2006,ConLI,Family,436290
340,120,RH,157.9,122346.1,Grvl,,IR1,Lvl,NoSeWa,CulDSac,Sev,Edwards,Norm,Artery,Twnhs,2.5Unf,2,2,1916,1950,Flat,CompShg,Plywood,BrkComm,BrkCmn,721.5,Ex,TA,CBlock,Gd,Fa,NA,NA,3814.7,Unf,481.6,144.5,199.1,OthW,Ex,N,FuseP,4189.8,1062.9,0.0,1691.9,2,2,3,1,1,2,Ex,12,Mod,0,TA,CarPort,1971.0,NA,3,1376.7,,,Y,111.3,185.2,415.4,440.6,2.4,456.0,,MnWw,,13767.7,1,2010,ConLD,AdjLand,256012
341,90,RL,,200085.9,Grvl,,Reg,HLS,AllPub,CulDSac,Gtl,OldTown,PosN,Norm,2FmCon,2.5Fin,6,8,1872,2009,Gambrel,Tar&Grv,CBlock,Wd Sdng,BrkFace,1323.0,Ex,Gd,Slab,NA,Fa,No,ALQ,5608.1,LwQ,1115.4,1739.5,2282.2,GasA,Po,N,FuseF,2644.7,1526.2,0.0,632.0,0,1,3,1,6,2,Fa,6,Maj1,0,TA,Detchd,1986.0,RFn,3,1001.8,Po,NA,P,841.9,456.3,420.7,492.7,229.9,119.0,,,,14129.3,10,2009,ConLw,Family,309885
342,45,RM,,84165.7,Pave,,Reg,Lvl,NoSeWa,Inside,Gtl,CollgCr,RRAe,Norm,1Fam,1.5Unf,8,8,1892,1992,Shed,Membran,VinylSd,Stucco,BrkFace,156.8,TA,Ex,Wood,Ex,Gd,Mn,GLQ,519.8,Unf,669.1,56.2,3860.8,Grav,Fa,N,FuseF,4467.4,616.3,0.0,5169.7,2,1,2,2,4,2,TA,10,Sev,1,TA,CarPort,1904.0,Unf,1,915.3,NA,NA,P,8.9,30.1,149.5,43.1,20.3,732.0,,,,10590.3,7,2010,COD,Abnorml,599723
343,40,RL,107.8,15455.7,Pave,,IR2,Lvl,AllPub,Corner,Mod,NPkVill,PosN,Norm,TwnhsE,1Story,3,10,1892,1977,Shed,Metal,CBlock,HdBoard,BrkFace,1126.3,TA,Fa,PConc,Fa,Gd,Gd,ALQ,1358.4,ALQ,312.7,1519.2,3191.0,Grav,Ex,N,FuseF,1599.4,925.4,0.0,2045.4,3,0,2,1,4,0,TA,2,Mod,2,,Detchd,1906.0,Fin,2,1309.5,Po,Ex,N,43.9,20.6,505.7,394.8,147.4,382.0,,,,1737.5,10,2006,COD,Partial,344326
344,85,RL,108.6,5398.2,Grvl,,IR2,Bnk,AllPub,FR3,Mod,Crawfor,Artery,Artery,Twnhs,1Story,10,6,1923,2006,Gambrel,Membran,CemntBd,HdBoard,BrkFace,540.7,Ex,Po,Slab,Fa,Gd,Av,BLQ,4950.7,LwQ,297.7,491.7,1951.0,Floor,TA,Y,Mix,2313.9,670.3,0.0,2595.7,3,0,1,0,4,1,Ex,11,Sev,2,,NA,1914.0,Fin,2,1342.0,Fa,Fa,Y,714.1,55.6,421.7,131.2,385.8,534.0,,,,1480.6,8,2008,COD,Family,469418
345,40,FV,238.0,178202.3,Pave,NA,IR1,Bnk,NoSeWa,Inside,Mod,BrDale,PosN,RRNn,TwnhsE,2Story,8,5,1953,1952,Gable,ClyTile,BrkComm,WdShing,Stone,496.0,Ex,Po,PConc,Gd,Po,NA,LwQ,2230.8,Rec,1266.4,1626.9,882.4,Wall,Fa,Y,SBrkr,3359.5,225.6,0.0,4725.5,0,2,3,2,1,0,Fa,11,Sev,0,Fa,BuiltIn,1966.0,Unf,2,1244.3,Gd,Po,N,205.5,110.7,169.3,192.8,453.1,38.0,,,,6333.8,3,2007,ConLD,Partial,564193
346,180,C,35.1,113564.6,Grvl,,IR2,Low,NoSeWa,CulDSac,Mod,Somerst,RRAn,Feedr,TwnhsE,1.5Unf,8,8,1938,2000,Gable,CompShg,Stucco,CemntBd,None,1492.1,Gd,Fa,BrkTil,Ex,Po,,ALQ,2631.8,NA,999.0,723.6,3378.8,GasW,Po,N,FuseF,3959.5,861.1,0.0,1219.3,1,1,0,2,8,3,Fa,12,Sal,3,Fa,NA,1917.0,,4,1221.6,Fa,Ex,N,781.2,20.6,132.0,278.2,116.2,639.0,,,,4536.9,9,2006,Con,Abnorml,426635
347,40,RH,,167159.6,Pave,,IR3,Low,AllPub,Corner,Sev,NAmes,RRAe,PosN,Duplex,2Story,5,4,1984,1967,Flat,Metal,HdBoard,AsbShng,BrkCmn,397.5,TA,TA,Stone,Ex,Gd,No,Unf,4857.5,LwQ,804.9,2039.3,1747.0,Grav,Gd,N,SBrkr,2170.3,1578.3,0.0,4847.4,0,1,0,2,2,2,Ex,9,Min2,2,Ex,NA,1937.0,Fin,2,952.5,,NA,P,266.6,39.2,242.9,505.3,10.3,21.0,,,,2061.2,2,2008,Oth,Normal,491048
348,45,RL,269.9,51454.2,Pave,,Reg,Lvl,AllPub,FR2,Mod,MeadowV,Artery,Feedr,Twnhs,SLvl,8,4,1915,2001,Mansard,WdShngl,CBlock,ImStucc,None,1028.1,Fa,Po,PConc,NA,Po,No,NA,2945.2,ALQ,591.0,787.0,1423.6,Wall,Ex,Y,FuseP,4223.2,815.6,0.0,1616.6,0,0,2,0,6,2,Gd,4,Maj1,1,TA,NA,1925.0,Fin,4,2.3,Po,Fa,P,59.8,167.4,161.6,106.1,193.1,566.0,,NA,,9473.5,10,2009,ConLI,Family,374095
349,190,RH,216.0,75128.9,Grvl,,IR2,HLS,AllPub,Corner,Sev,Timber,RRAe,Artery,Duplex,2.5Fin,6,5,1881,2009,Gambrel,ClyTile,VinylSd,Stucco,None,440.2,Ex,TA,Wood,TA,Fa,Mn,NA,1092.0,LwQ,635.0,1447.6,2437.6,Floor,Ex,N,SBrkr,848.2,1342.6,0.0,3460.6,3,0,3,2,4,1,Fa,14,Min2,0,,Detchd,1937.0,NA,0,609.1,NA,Gd,N,9.1,54.6,119.8,66.3,160.9,46.0,,,,10594.7,11,2006,Con,Alloca,441806
350,70,RL,194.2,7740.6,Pave,,IR2,Low,AllPub,Inside,Mod,Gilbert,Feedr,RRNn,TwnhsE,1.5Unf,5,1,1935,1983,Mansard,CompShg,ImStucc,WdShing,None,811.4,Ex,Po,BrkTil,Fa,Gd,Av,GLQ,5034.6,Rec,84.7,667.9,4799.4,Floor,Po,N,FuseA,3422.4,1566.5,0.0,3973.6,3,2,0,2,4,2,Gd,9,Sev,2,,BuiltIn,1958.0,Unf,4,901.4,Ex,NA,P,242.2,438.7,220.3,302.2,324.9,538.0,,MnWw,,10818.5,10,2009,COD,Alloca,518757
351,45,RM,281.6,207006.5,Grvl,,IR1,Low,NoSeWa,Corner,Mod,NPkVill,Feedr,Artery,1Fam,SFoyer,9,1,1940,1981,Gambrel,Membran,ImStucc,MetalSd,BrkCmn,1258.1,Gd,Ex,BrkTil,Gd,Fa,NA,BLQ,175.3,LwQ,670.5,2142.6,2980.8,GasA,TA,N,FuseF,1851.5,666.5,0.0,5137.8,1,1,3,1,3,1,Ex,6,Mod,3,Fa,Detchd,1951.0,Unf,3,775.8,TA,Fa,N,406.0,29.5,14.2,433.3,237.6,383.0,,,,2716.8,9,2010,CWD,Abnorml,628644
352,80,RL,75.1,144187.0,Pave,,Reg,HLS,AllPub,CulDSac,Sev,NPkVill,RRAe,Norm,1Fam,1.5Unf,7,2,1939,1978,Gable,WdShake,MetalSd,Stucco,None,1410.8,Gd,TA,CBlock,Ex,Fa,Gd,ALQ,5053.6,Unf,1172.5,1824.4,1322.8,GasW,TA,Y,FuseP,775.6,1646.9,0.0,3559.3,3,1,2,1,5,2,TA,3,Sev,3,,CarPort,1932.0,NA,1,1164.4,Po,Gd,Y,0.9,496.6,221.6,329.3,191.4,481.0,,,,4740.6,12,2010,ConLD,Partial,462351
353,20,FV,44.1,200954.6,Pave,,Reg,Lvl,NoSeWa,Corner,Mod,Timber,RRAn,PosN,2FmCon,SFoyer,8,8,1899,1974,Shed,Membran,CBlock,CBlock,Stone,1341.9,Fa,Po,BrkTil,Fa,Po,NA,NA,285.1,GLQ,571.9,568.4,714.3,GasA,Fa,Y,FuseF,2019.1,699.9,0.0,2739.8,0,1,2,2,6,2,TA,10,Min2,1,Gd,2Types,1920.0,NA,1,1161.2,Ex,NA,P,498.0,476.3,122.4,176.6,110.2,47.0,,,,3085.3,5,2009,Oth,Normal,430156
354,75,C,90.9,58101.6,Grvl,,IR2,Lvl,NoSeWa,CulDSac,Gtl,NAmes,RRNn,Feedr,2FmCon,1Story,1,7,1987,2009,Gable,Tar&Grv,CemntBd,Stucco,BrkCmn,931.5,Ex,Fa,Stone,Fa,NA,Gd,ALQ,3758.1,NA,565.4,2216.4,3048.8,Wall,Fa,Y,FuseF,4170.0,528.9,0.0,3371.6,0,1,2,0,6,0,Ex,5,Sal,1,,NA,1916.0,Unf,3,848.9,TA,Po,P,285.9,114.0,145.9,496.3,397.7,678.0,,,,9320.7,6,2010,ConLI,AdjLand,410727
355,190,RM,253.0,132119.6,Grvl,Grvl,IR3,Low,NoSeWa,Corner,Sev,Edwards,RRNn,Artery,Twnhs,SFoyer,2,10,1922,1975,Gable,WdShake,Stucco,CemntBd,Stone,398.1,TA,Gd,Stone,Fa,NA,Av,BLQ,404.6,BLQ,23.2,834.3,4853.6,Floor,TA,Y,FuseP,4607.2,459.4,0.0,1406.7,1,0,3,1,7,0,Fa,8,Maj2,0,,NA,2006.0,Unf,0,31.2,Ex,TA,N,334.4,39.1,45.6,505.5,119.2,80.0,,,,8789.8,2,2010,WD,Partial,347561
356,70,RL,31.1,146461.7,Pave,,IR3,Lvl,NoSeWa,Inside,Sev,NAmes,RRAe,RRNn,1Fam,2Story,8,9,1875,1988,Flat,ClyTile,VinylSd,CBlock,BrkCmn,1058.0,TA,Fa,Stone,Ex,TA,No,GLQ,3985.9,NA,674.8,1522.8,3988.7,OthW,Gd,Y,FuseP,2045.8,412.8,0.0,3991.6,3,0,0,2,4,3,Gd,13,Min1,0,Fa,Detchd,1961.0,Fin,1,523.7,Gd,TA,N,224.0,57.7,325.1,391.5,26.3,629.0,,,,7801.4,5,2007,ConLD,Alloca,461570
357,30,RH,,69238.2,Grvl,,IR3,Lvl,NoSeWa,FR2,Gtl,NoRidge,Artery,Norm,TwnhsE,2.5Unf,9,5,1950,1957,Gambrel,Tar&Grv,WdShing,Stone,None,1135.8,TA,TA,Stone,NA,TA,,LwQ,191.7,Rec,37.3,1735.3,1418.4,Floor,TA,N,Mix,4197.0,1522.2,0.0,1326.0,3,0,1,1,6,1,Ex,9,Sev,3,Gd,Basment,1958.0,Unf,3,324.5,Ex,Po,P,453.4,305.8,260.5,407.6,271.0,44.0,,,,4588.9,6,2009,COD,Abnorml,388033
358,75,RM,311.7,182748.7,Grvl,,IR3,Low,NoSeWa,FR3,Sev,Blueste,Norm,RRNn,1Fam,1.5Unf,4,2,1888,1968,Gable,CompShg,HdBoard,Stucco,None,17.1,Gd,Fa,CBlock,Fa,NA,NA,LwQ,4754.8,Rec,840.7,53.5,2668.3,GasW,Gd,Y,Mix,2555.1,1832.7,0.0,3291.9,0,2,0,1,3,3,TA,8,Maj1,3,,CarPort,1901.0,Unf,1,480.4,NA,Fa,Y,197.2,328.7,414.3,386.5,152.3,274.0,,,,3674.3,5,2009,CWD,Normal,387616
359,20,RM,270.9,203940.5,Grvl,,IR3,Low,AllPub,Corner,Mod,BrkSide,PosA,PosN,Twnhs,2Story,10,7,1979,2003,Shed,Membran,Wd Sdng,ImStucc,None,702.7,Fa,Fa,Slab,Ex,Gd,NA,BLQ,2629.8,Rec,747.0,2240.1,5225.5,OthW,Po,Y,Mix,3458.8,476.3,0.0,3771.5,0,1,3,0,8,0,TA,12,Sal,2,,2Types,1963.0,RFn,4,875.3,Ex,TA,P,115.5,172.6,544.9,130.9,342.0,692.0,,,,13801.3,4,2008,New,Alloca,666441
360,90,RL,,190610.3,Grvl,,IR2,Bnk,AllPub,FR2,Sev,MeadowV,PosN,RRNn,2FmCon,2Story,10,8,1945,1996,Flat,ClyTile,CemntBd,AsbShng,Stone,1349.2,Fa,Gd,Wood,Ex,NA,Mn,Rec,527.5,Unf,1238.2,804.6,1085.5,Wall,Gd,N,SBrkr,531.7,176.0,0.0,5103.7,3,0,0,2,4,1,Fa,7,Sal,2,,Basment,,RFn,1,94.2,,NA,N,763.3,162.4,66.0,76.3,38.8,310.0,,,,757.2,8,2007,ConLI,Alloca,533925
361,120,RM,39.6,159419.7,Pave,,IR3,Bnk,NoSeWa,Corner,Sev,Mitchel,Feedr,RRNn,2FmCon,2.5Fin,9,7,1894,1991,Mansard,CompShg,AsbShng,Plywood,None,783.3,Fa,Fa,Wood,Gd,Po,Gd,GLQ,3989.3,GLQ,857.5,443.3,3251.0,GasW,Po,N,FuseA,2762.8,647.9,0.0,2723.6,2,1,1,1,2,0,Fa,13,Maj2,2,Fa,2Types,1940.0,Unf,4,31.5,Ex,Gd,Y,334.7,290.7,150.4,281.6,463.8,231.0,,,,10174.2,2,2006,ConLD,Family,467360
362,80,RH,263.8,60662.2,Grvl,,IR2,Lvl,AllPub,FR2,Gtl,BrDale,Artery,Norm,Duplex,1.5Unf,4,7,1889,1971,Flat,ClyTile,BrkFace,HdBoard,BrkFace,498.2,Ex,Po,PConc,NA,NA,Mn,Rec,2761.6,GLQ,476.7,1987.3,2176.6,Grav,Ex,N,FuseA,639.8,1358.5,0.0,4449.5,0,0,0,2,4,1,Gd,8,Typ,1,NA,CarPort,1918.0,NA,4,619.5,TA,Po,Y,65.9,167.2,376.7,484.7,89.7,85.0,,,,303.4,1,2007,Con,Partial,378308
363,80,RM,195.9,61550.3,Pave,,IR1,HLS,NoSeWa,CulDSac,Sev,NridgHt,RRAe,RRNn,2FmCon,1Story,10,5,2000,1978,Flat,Metal,WdShing,MetalSd,Stone,1394.9,Ex,Ex,CBlock,NA,Gd,Gd,Unf,1077.7,BLQ,760.9,1642.0,758.7,Wall,TA,Y,SBrkr,1504.6,761.0,0.0,1223.3,0,2,1,0,8,2,Gd,5,Min1,1,Ex,CarPort,1937.0,Unf,1,1125.3,Ex,Ex,Y,197.4,511.1,131.0,446.2,171.4,104.0,,GdPrv,,3004.5,2,2006,Oth,Abnorml,392008
364,30,RH,,207406.1,Grvl,,IR2,Bnk,NoSeWa,FR2,Mod,Gilbert,RRNe,Norm,TwnhsE,1.5Fin,10,2,1906,1982,Hip,ClyTile,CemntBd,Plywood,BrkFace,249.4,Fa,Gd,Wood,NA,Gd,Av,NA,88.5,ALQ,1031.4,202.6,304.9,Floor,Fa,Y,Mix,2804.2,1134.0,0.0,1163.1,0,0,3,0,7,3,Gd,11,Maj2,2,,Detchd,1924.0,NA,1,43.5,NA,TA,N,265.6,209.3,16.6,54.3,230.9,176.0,,,,4487.0,11,2009,New,Normal,393105
365,70,RL,48.4,3500.3,Grvl,,IR3,Lvl,NoSeWa,FR3,Sev,CollgCr,RRAn,PosN,Twnhs,2Story,10,6,1935,1987,Mansard,Tar&Grv,Stucco,WdShing,BrkCmn,330.3,Fa,TA,CBlock,Ex,TA,NA,Rec,2359.2,BLQ,138.5,273.4,3396.4,Wall,Ex,Y,FuseA,3851.6,1537.0,0.0,3119.6,1,2,2,1,0,3,Ex,2,Min2,3,Gd,Attchd,1938.0,RFn,4,1204.0,NA,Fa,P,659.6,120.2,60.6,29.0,427.3,589.0,,,Shed,13740.5,4,2007,ConLw,Partial,540551
366,180,C,286.6,154495.3,Grvl,,IR2,HLS,AllPub,FR2,Sev,Edwards,Feedr,Artery,2FmCon,SFoyer,9,4,1930,1994,Hip,WdShngl,Stone,AsphShn,BrkFace,1099.8,Fa,Po,PConc,Ex,TA,Gd,Rec,483.3,Rec,915.5,1670.7,126.8,GasA,Fa,Y,Mix,2778.4,843.5,0.0,3499.4,3,1,1,0,4,1,Gd,6,Mod,0,Fa,BuiltIn,1903.0,NA,1,544.3,Ex,Po,P,19.1,79.8,239.4,443.9,346.8,637.0,,,,2134.9,1,2008,VWD,AdjLand,474375
367,160,RM,216.4,152397.8,Grvl,,IR3,Bnk,AllPub,FR3,Gtl,Gilbert,Norm,Norm,2FmCon,2.5Fin,7,10,1872,1995,Shed,WdShake,AsphShn,CBlock,BrkFace,563.9,Gd,TA,Wood,NA,Gd,No,GLQ,531.5,Rec,1351.1,174.7,632.1,OthW,Gd,N,FuseP,4413.9,2064.4,0.0,3690.5,3,0,3,1,5,3,Ex,9,Sev,1,Gd,2Types,1902.0,Unf,0,167.7,Gd,NA,Y,409.9,345.5,237.8,311.4,69.5,188.0,,,,14536.0,9,2010,VWD,Alloca,418882
368,85,C,,134521.3,Pave,NA,IR1,Bnk,AllPub,FR3,Gtl,SawyerW,RRAn,Artery,TwnhsE,1.5Unf,2,2,2002,1984,Gambrel,Membran,WdShing,Other,Stone,1140.8,Fa,Gd,PConc,Ex,Fa,Av,NA,1508.8,NA,440.9,2142.5,2123.6,Floor,TA,Y,SBrkr,3865.4,615.3,0.0,4292.0,3,0,2,2,1,0,Ex,11,Min2,1,Ex,Attchd,1933.0,RFn,2,804.7,TA,TA,P,349.4,178.7,536.7,154.6,210.5,59.0,,,,12639.6,1,2006,ConLI,Partial,474008
369,40,RH,277.7,213128.8,Grvl,,IR3,Lvl,NoSeWa,FR2,Sev,ClearCr,RRNn,Feedr,2FmCon,2.5Fin,9,9,1938,1992,Flat,WdShngl,WdShing,Plywood,BrkCmn,252.3,TA,Gd,Slab,NA,TA,No,Rec,3558.3,Rec,923.6,1732.2,265.9,Floor,TA,Y,Mix,1014.9,2020.1,0.0,1899.5,0,0,1,1,5,3,Fa,7,Typ,2,Gd,Attchd,2005.0,RFn,2,1350.4,Gd,TA,N,829.9,103.3,257.2,285.4,260.6,219.0,,,,10525.2,5,2010,ConLD,Family,398436
370,70,RM,188.0,68025.0,Grvl,,Reg,Low,AllPub,FR3,Mod,Edwards,RRNe,RRNn,TwnhsE,SFoyer,4,7,1908,1952,Flat,Tar&Grv,Wd Sdng,BrkComm,BrkFace,403.6,Ex,Fa,Slab,Gd,Po,Av,BLQ,2990.8,NA,1210.6,783.7,2446.7,GasW,TA,N,SBrkr,2029.1,419.3,0.0,3638.8,3,1,2,1,8,1,Ex,6,Mod,0,Fa,Detchd,1909.0,RFn,3,769.3,Ex,Po,P,154.3,150.9,374.3,112.6,337.0,587.0,,GdPrv,,6382.1,8,2009,ConLI,Alloca,397546
371,120,FV,172.1,74035.3,Pave,,IR1,Low,NoSeWa,FR3,Gtl,Blmngtn,RRNn,Artery,2FmCon,2Story,8,6,1900,1968,Flat,ClyTile,BrkComm,AsbShng,None,250.6,TA,Gd,Stone,TA,Fa,Gd,ALQ,389.4,BLQ,754.4,847.8,796.5,Floor,Ex,N,FuseF,3247.3,229.1,0.0,1332.6,3,2,0,0,3,3,Fa,3,Maj1,1,Ex,2Types,1926.0,Fin,2,973.6,Gd,Ex,N,538.1,168.4,271.7,481.1,274.5,602.0,,,,14031.5,9,2009,New,Partial,339579
372,190,C,146.7,18188.7,Grvl,,IR2,HLS,NoSeWa,CulDSac,Gtl,Edwards,RRNn,RRNn,TwnhsE,2.5Fin,7,5,1960,1959,Flat,WdShngl,Wd Sdng,Wd Sdng,None,1524.7,Ex,TA,Wood,TA,Po,No,NA,5465.8,ALQ,1058.3,1183.2,2137.7,GasW,Po,N,SBrkr,4423.6,1550.5,0.0,1496.4,3,2,3,2,2,3,Gd,11,Maj1,0,,NA,1989.0,RFn,0,1157.7,NA,Po,Y,173.3,342.3,149.0,420.2,219.5,115.0,,MnPrv,,8183.3,9,2009,VWD,Abnorml,434864
373,85,RM,,96034.4,Grvl,,IR2,Low,AllPub,Inside,Mod,Crawfor,RRNe,Norm,2FmCon,2.5Unf,7,3,1971,1976,Hip,Tar&Grv,ImStucc,Plywood,BrkCmn,648.6,Gd,Gd,Slab,TA,Po,Gd,NA,5007.2,ALQ,458.4,843.2,4834.0,Grav,Gd,Y,SBrkr,4638.5,1450.3,0.0,691.3,1,0,3,2,8,0,Ex,13,Min2,1,,Attchd,1990.0,NA,2,1133.5,,Ex,Y,470.0,95.6,58.2,488.8,367.5,469.0,,,,5753.7,8,2010,Con,Family,454116
374,190,C,147.9,57150.0,Grvl,,IR3,Lvl,NoSeWa,CulDSac,Gtl,Gilbert,RRAe,RRNn,Twnhs,1.5Fin,8,10,1993,1964,Gambrel,Metal,CBlock,ImStucc,BrkFace,539.6,Gd,Ex,Slab,TA,Gd,Mn,BLQ,1463.1,BLQ,451.1,1830.2,3827.1,GasW,Ex,Y,Mix,3660.0,1675.1,0.0,4299.1,1,1,3,1,1,2,Gd,6,Min1,0,,BuiltIn,1900.0,NA,2,103.7,Ex,Po,N,475.7,400.8,474.2,95.0,181.5,166.0,,,,9077.2,6,2009,ConLw,Normal,564572
375,80,RM,,74765.9,Grvl,,Reg,Bnk,NoSeWa,Inside,Sev,BrDale,Feedr,PosN,Duplex,1Story,1,10,1961,1960,Hip,Metal,CBlock,Stucco,Stone,22.7,TA,Fa,PConc,Gd,Fa,Av,,690.5,Unf,984.0,2277.0,2721.4,Grav,Ex,Y,SBrkr,2834.5,709.5,0.0,3025.1,0,2,3,2,8,0,Ex,11,Mod,0,NA,Basment,,Unf,0,1050.7,Ex,Gd,Y,64.6,166.8,84.3,428.6,473.8,637.0,,GdPrv,,3600.1,6,2009,COD,Abnorml,418010
376,45,RL,196.8,179852.5,Pave,,IR1,HLS,NoSeWa,Inside,Gtl,SWISU,RRNe,Artery,Duplex,2Story,5,4,2003,1996,Flat,WdShngl,BrkFace,Plywood,BrkCmn,245.5,Gd,Gd,BrkTil,Ex,TA,NA,LwQ,5318.9,Rec,1039.8,1365.4,561.1,GasW,Po,N,FuseF,3631.3,1922.1,0.0,1598.3,3,2,1,2,1,3,Ex,13,Maj2,1,,NA,1983.0,Unf,4,1346.3,NA,Gd,P,391.2,267.1,53.5,284.6,454.9,444.0,,,,4229.6,12,2010,CWD,Alloca,319909
377,120,C,281.6,201442.2,Pave,,IR2,Low,NoSeWa,CulDSac,Mod,Blueste,RRAn,RRNn,1Fam,1Story,2,3,1885,1975,Gambrel,Roll,CemntBd,BrkFace,BrkCmn,673.8,Ex,Ex,Stone,Gd,Gd,No,Rec,2602.7,NA,1381.2,1041.9,3783.0,Floor,Fa,Y,FuseP,1524.8,246.7,0.0,3286.5,0,2,0,1,2,3,Fa,4,Sal,0,,Detchd,1951.0,RFn,2,993.5,NA,Po,P,395.2,358.2,118.0,165.1,339.5,232.0,,MnWw,,14249.4,9,2009,ConLw,Alloca,346443
378,20,FV,150.5,41036.7,Pave,,IR3,Bnk,NoSeWa,FR3,Sev,NridgHt,RRNe,Artery,Duplex,1.5Unf,2,8,2002,2008,Mansard,Roll,AsphShn,WdShing,BrkCmn,109.6,Gd,TA,Stone,Fa,NA,Gd,LwQ,1756.2,NA,331.4,520.4,1000.3,GasA,Fa,Y,FuseA,1569.9,62.5,0.0,2214.3,0,2,2,1,6,2,Gd,14,Min1,3,NA,CarPort,1924.0,Fin,3,1186.1,NA,NA,P,273.5,297.4,1.4,243.7,423.7,113.0,,,,12305.9,2,2006,CWD,Partial,370048
379,30,FV,198.3,80996.4,Pave,,Reg,Lvl,AllPub,CulDSac,Mod,SawyerW,PosN,Artery,TwnhsE,1.5Unf,1,3,1956,1973,Hip,WdShngl,Stone,BrkFace,BrkCmn,817.2,TA,TA,CBlock,Ex,TA,No,NA,2767.6,BLQ,690.2,1526.4,467.9,Floor,TA,N,FuseP,3185.7,620.7,0.0,4777.9,0,2,3,2,1,2,Ex,3,Min2,1,,Detchd,1973.0,Unf,2,688.5,Po,Ex,N,237.5,362.2,39.7,479.7,188.7,507.0,,,,7959.3,3,2007,New,Family,412068
380,20,RH,205.3,199975.9,Grvl,Pave,IR2,Lvl,NoSeWa,FR3,Mod,SWISU,Artery,PosN,TwnhsE,1.5Fin,5,7,1892,1962,Gable,ClyTile,WdShing,WdShing,None,728.0,Gd,Ex,Slab,NA,NA,Gd,LwQ,4361.4,BLQ,369.3,1601.5,4057.0,Wall,Ex,Y,SBrkr,4133.5,1646.5,0.0,3137.4,0,0,3,1,0,0,TA,4,Sal,1,,,1964.0,NA,2,452.4,Ex,NA,P,192.2,176.5,350.6,351.3,279.1,611.0,,,,6456.8,6,2006,CWD,Partial,471633
381,190,RM,193.8,14523.6,Grvl,,IR3,Bnk,NoSeWa,CulDSac,Mod,Veenker,RRAn,Norm,Duplex,2Story,2,7,1897,1981,Mansard,Membran,MetalSd,VinylSd,Stone,1227.5,Fa,Ex,Slab,Fa,Gd,Mn,NA,950.4,LwQ,118.1,1600.6,5572.7,GasW,Po,Y,FuseF,4560.4,1389.7,0.0,492.2,0,0,1,0,8,2,Ex,5,Maj2,3,Gd,Detchd,1979.0,NA,0,958.9,Ex,TA,Y,5.1,527.0,134.4,182.8,130.9,150.0,,,,12517.3,8,2009,WD,Partial,275913
382,160,C,226.2,21060.1,Pave,,IR3,Lvl,AllPub,CulDSac,Mod,Crawfor,RRNn,RRNn,TwnhsE,2.5Unf,4,7,1912,1986,Mansard,Roll,Wd Sdng,Stucco,None,1055.7,Ex,Gd,PConc,Fa,Po,NA,GLQ,4331.7,LwQ,594.4,63.0,2814.2,Wall,Po,Y,FuseF,1821.5,900.8,0.0,5562.9,0,0,1,2,5,0,Gd,3,Maj2,0,Fa,BuiltIn,1910.0,RFn,0,697.9,Po,Po,P,1.6,251.1,186.9,507.9,425.1,583.0,,,,8844.9,7,2009,ConLD,Alloca,523493
383,120,RH,90.3,36128.3,Grvl,,Reg,Lvl,AllPub,Corner,Gtl,CollgCr,RRAn,Feedr,Twnhs,2.5Fin,3,7,1993,1953,Flat,Tar&Grv,AsphShn,Stucco,BrkCmn,713.5,Gd,Fa,Slab,Gd,Po,No,Rec,4229.9,NA,551.4,2100.3,250.5,OthW,Fa,N,FuseP,3805.4,529.2,0.0,728.4,1,2,1,1,8,1,Fa,5,Mod,3,Po,CarPort,1967.0,Unf,3,1269.5,TA,NA,P,505.4,176.1,461.1,175.6,226.1,369.0,,GdWo,,6433.0,8,2009,Oth,Normal,234635
384,50,C,170.6,128642.8,Grvl,,IR2,Bnk,NoSeWa,FR2,Gtl,CollgCr,PosA,Artery,TwnhsE,2Story,3,2,1909,1962,Flat,Metal,BrkFace,Stucco,Stone,359.5,Ex,Fa,CBlock,Fa,Fa,No,LwQ,3044.1,NA,398.6,789.8,5378.6,Wall,Po,N,Mix,4045.0,122.4,0.0,4028.1,2,2,0,2,2,3,TA,5,Maj1,1,,Detchd,1998.0,NA,1,1381.7,Po,NA,N,249.8,162.1,426.6,413.4,257.3,348.0,,,,7989.5,5,2009,Oth,AdjLand,446894
385,50,RM,51.4,33492.8,Pave,,IR3,Low,AllPub,CulDSac,Gtl,MeadowV,Artery,Norm,Twnhs,2Story,2,10,1959,1958,Mansard,Membran,CBlock,MetalSd,None,1163.0,TA,Po,PConc,Gd,TA,Gd,ALQ,4886.8,NA,437.8,1738.4,409.2,OthW,Fa,Y,FuseA,3049.8,696.9,0.0,2655.0,1,2,2,2,2,2,Gd,7,Maj1,3,,BuiltIn,1976.0,RFn,0,1162.5,Gd,TA,Y,143.9,23.4,271.7,398.5,415.0,166.0,,,,3607.0,9,2010,ConLD,AdjLand,317282
386,190,FV,,208415.1,Pave,,IR2,HLS,NoSeWa,FR2,Gtl,Blmngtn,Feedr,Feedr,Twnhs,SLvl,6,3,1882,2006,Hip,WdShngl,Stone,Plywood,BrkFace,1132.6,Fa,Ex,Stone,Fa,NA,Gd,ALQ,745.8,GLQ,531.2,1774.9,5300.5,GasW,Fa,N,SBrkr,1848.8,949.9,0.0,1657.4,0,0,0,0,2,1,Ex,13,Sal,0,Fa,CarPort,1984.0,Unf,1,1407.6,Po,,P,586.8,374.6,338.4,367.2,382.7,71.0,,,,3130.5,6,2007,ConLD,AdjLand,364031
387,90,RL,163.4,96872.3,Pave,,Reg,Bnk,AllPub,FR3,Sev,Crawfor,PosA,Artery,Twnhs,2.5Fin,2,10,1900,1998,Gambrel,Membran,CemntBd,ImStucc,BrkFace,245.3,Ex,TA,Slab,Gd,NA,No,Unf,3360.9,GLQ,1457.5,1519.7,2394.0,GasA,Ex,Y,SBrkr,3032.0,1418.7,0.0,3924.6,2,2,3,0,1,1,Fa,6,Min2,3,Gd,Attchd,1914.0,Fin,3,494.0,NA,NA,Y,453.3,143.6,47.4,340.1,154.4,352.0,,,,15330.9,12,2010,ConLw,AdjLand,366968
388,70,FV,,108597.3,Grvl,,Reg,Bnk,AllPub,Corner,Gtl,NoRidge,PosA,Feedr,2FmCon,1.5Unf,8,9,1931,1983,Hip,Tar&Grv,Stone,VinylSd,BrkCmn,1463.6,Fa,Po,Slab,Ex,Fa,Mn,GLQ,2536.1,BLQ,1154.1,922.4,2232.6,GasA,Gd,Y,FuseP,2881.0,1333.9,0.0,1002.3,2,0,1,2,5,0,Fa,8,Mod,1,NA,2Types,1956.0,Fin,2,1270.2,Po,Fa,N,784.1,524.5,420.4,55.2,42.0,10.0,,,,15028.7,10,2010,ConLI,Abnorml,368511
389,80,RH,298.6,54071.4,Grvl,,IR2,Low,AllPub,Corner,Mod,NAmes,PosA,RRNn,1Fam,2Story,8,3,1932,2005,Hip,Tar&Grv,Stone,AsbShng,BrkFace,103.0,Fa,Ex,CBlock,Fa,TA,No,LwQ,2383.4,LwQ,105.2,1421.2,3316.5,Wall,TA,N,FuseF,2977.2,1956.3,0.0,4889.6,3,2,3,0,2,0,Gd,12,Sal,0,,Attchd,1973.0,Fin,2,467.8,,,N,712.2,115.1,284.9,505.4,77.8,637.0,,,,6522.8,2,2009,CWD,Normal,584067
390,80,RL,196.4,102059.6,Grvl,,Reg,HLS,NoSeWa,Inside,Sev,SWISU,Norm,RRNn,TwnhsE,2Story,5,2,1893,1986,Mansard,WdShngl,WdShing,CemntBd,Stone,88.1,Fa,Ex,Wood,Gd,Po,Av,LwQ,1425.5,Rec,1285.9,93.9,5847.8,GasA,Gd,Y,FuseF,3032.7,207.3,0.0,1664.2,0,0,2,1,4,2,Ex,8,Maj2,1,,2Types,1963.0,Fin,1,167.4,Fa,Fa,P,622.8,289.6,315.2,81.8,162.8,152.0,,,,7986.6,6,2006,New,AdjLand,378423
391,40,RH,238.1,142913.1,Grvl,,IR3,Lvl,AllPub,FR2,Gtl,NPkVill,PosA,Artery,2FmCon,2.5Unf,10,9,1949,1997,Hip,ClyTile,Stone,VinylSd,BrkCmn,299.8,Gd,Po,CBlock,TA,Gd,Av,LwQ,2101.1,GLQ,933.5,1779.8,5491.3,OthW,Po,N,Mix,4025.5,694.5,0.0,2252.6,0,1,2,2,4,0,TA,4,Min2,1,Fa,NA,2001.0,Unf,3,881.1,TA,,P,108.5,402.3,367.4,302.8,146.5,161.0,,NA,,12821.5,11,2006,CWD,Normal,566774
392,40,RM,168.8,162010.6,Grvl,,IR2,Low,AllPub,Corner,Gtl,NAmes,Feedr,Artery,1Fam,1.5Fin,7,10,1984,1956,Gambrel,WdShake,Stucco,ImStucc,BrkFace,1455.1,Gd,Fa,PConc,TA,Fa,No,Unf,610.4,Rec,1312.7,232.6,2873.7,GasA,Gd,N,FuseA,1075.2,994.5,0.0,3692.1,1,2,0,0,2,1,Gd,10,Maj1,2,Ex,Detchd,1910.0,Unf,3,645.2,Po,NA,Y,570.8,476.0,276.1,126.6,18.4,385.0,,,,11250.5,4,2008,ConLw,Family,499624
393,190,RL,206.2,162586.3,Grvl,,IR3,HLS,AllPub,FR3,Sev,IDOTRR,RRNn,RRNn,2FmCon,1.5Fin,4,9,1994,1950,Mansard,Membran,Wd Sdng,BrkFace,Stone,832.0,TA,Ex,Stone,Fa,Gd,Mn,Unf,1420.0,Rec,503.7,926.8,4251.5,GasA,Gd,Y,SBrkr,1934.7,1385.0,0.0,339.5,2,2,0,2,2,1,TA,8,Maj2,1,,Attchd,1995.0,Fin,0,1307.0,Gd,Fa,P,594.7,85.6,288.0,85.7,207.4,690.0,,,,1543.0,5,2007,ConLD,Normal,287717
394,190,RH,41.7,124936.9,Pave,,IR2,Bnk,NoSeWa,Inside,Gtl,NridgHt,RRAn,Norm,TwnhsE,SLvl,1,4,1915,2009,Hip,CompShg,CemntBd,MetalSd,None,1260.7,Gd,Po,Wood,Gd,Gd,Gd,,1535.0,GLQ,684.7,242.1,3546.4,Floor,Fa,N,FuseP,2887.8,1023.1,0.0,2843.3,2,0,1,2,0,3,Fa,8,Maj2,1,Po,BuiltIn,1996.0,NA,1,697.9,Gd,NA,N,654.2,539.0,275.8,284.2,50.8,143.0,,MnWw,,5806.5,5,2008,Oth,AdjLand,316633
395,40,RM,95.3,194783.3,Pave,,IR1,HLS,AllPub,Corner,Mod,Somerst,Norm,Feedr,Twnhs,2Story,2,9,1968,2007,Flat,Tar&Grv,BrkFace,ImStucc,None,364.5,TA,Gd,Wood,Ex,Fa,Gd,Rec,4067.4,Unf,1321.0,1955.4,4237.1,Floor,Ex,Y,Mix,1568.7,1884.8,0.0,5080.7,0,2,1,1,5,1,Fa,3,Typ,0,Gd,,1919.0,Unf,0,1315.4,Fa,NA,N,225.5,496.0,274.2,424.9,106.0,138.0,,,,3877.3,1,2010,CWD,Family,528498
396,45,FV,126.7,176180.3,Pave,,IR3,Low,AllPub,FR3,Mod,Blueste,RRNn,Artery,2FmCon,SFoyer,10,3,1948,1961,Shed,Metal,Stucco,BrkComm,Stone,784.4,TA,Gd,CBlock,Fa,NA,No,LwQ,274.0,BLQ,401.8,1285.5,5067.2,GasA,Po,Y,FuseA,4596.8,1256.9,0.0,3945.6,3,0,3,1,2,2,Fa,13,Min1,0,,Detchd,,RFn,1,111.5,Ex,Ex,N,548.7,526.7,414.1,191.5,378.0,205.0,,,,15385.8,10,2008,New,Abnorml,611305
397,75,RM,159.0,163266.7,Pave,,IR3,Lvl,AllPub,FR2,Mod,IDOTRR,RRAe,Artery,1Fam,1Story,10,7,1926,1970,Hip,Roll,ImStucc,AsphShn,BrkFace,573.3,Fa,TA,CBlock,Ex,TA,NA,Unf,3675.3,LwQ,1349.4,1614.1,210.8,Grav,TA,N,SBrkr,1480.8,81.9,0.0,2393.0,0,0,1,1,0,3,TA,11,Min2,0,Fa,Attchd,1929.0,NA,0,1177.7,NA,Po,N,529.9,466.4,235.8,39.2,237.5,95.0,,,,11604.9,5,2008,CWD,Partial,398947
398,60,C,34.3,13196.5,Grvl,NA,IR2,HLS,AllPub,FR3,Mod,Veenker,PosN,PosN,1Fam,2.5Fin,4,7,1922,1960,Shed,Membran,CBlock,VinylSd,Stone,1324.5,Ex,Fa,Stone,Gd,NA,Gd,LwQ,1249.6,GLQ,1221.2,1594.5,1990.4,Grav,Fa,Y,FuseA,2380.6,234.7,0.0,3839.5,2,1,1,0,8,0,Ex,4,Maj2,3,,Attchd,1909.0,NA,0,1076.4,NA,Ex,N,330.2,480.1,1.6,316.9,179.0,725.0,,MnWw,,740.4,10,2008,ConLD,Partial,402323
399,75,RM,61.9,2771.5,Pave,Pave,IR2,HLS,AllPub,FR3,Gtl,Crawfor,Feedr,Feedr,1Fam,2.5Fin,1,8,1973,1993,Shed,CompShg,HdBoard,VinylSd,Stone,36.2,Gd,Po,BrkTil,TA,Po,Av,BLQ,462.0,ALQ,1445.3,1966.0,5861.5,Wall,TA,N,SBrkr,4157.6,1556.0,0.0,5305.3,3,1,3,0,0,3,Gd,4,Typ,3,Gd,BuiltIn,1953.0,NA,3,1020.9,NA,Ex,P,568.6,327.6,337.9,389.3,89.0,580.0,,,,13950.6,11,2007,ConLI,Abnorml,553435
400,20,RM,,46752.0,Pave,,IR3,Bnk,AllPub,FR3,Mod,NPkVill,Feedr,RRNn,2FmCon,2.5Unf,8,10,1900,2000,Shed,Tar&Grv,AsphShn,ImStucc,Stone,390.1,Ex,Fa,PConc,Gd,,Av,ALQ,1697.7,ALQ,478.0,309.7,5800.4,Floor,Ex,N,FuseA,682.9,1478.1,0.0,1330.9,3,2,2,0,4,1,Gd,13,Maj1,0,Po,BuiltIn,1957.0,Fin,3,503.6,Po,Gd,Y,74.3,462.4,525.9,150.4,415.8,355.0,,MnWw,,14383.4,9,2006,ConLw,Alloca,445773
401,75,C,304.7,143257.6,Pave,,Reg,HLS,AllPub,CulDSac,Gtl,Gilbert,PosN,Artery,1Fam,2.5Fin,9,4,1940,2007,Mansard,Membran,WdShing,Stone,None,244.1,TA,Fa,Wood,Ex,Fa,NA,Unf,1266.9,Rec,347.5,1541.1,68.6,GasW,Gd,Y,FuseA,3910.6,317.0,0.0,3156.8,2,2,1,1,4,2,Gd,14,Sev,3,Gd,Attchd,1978.0,NA,2,1111.4,Ex,Gd,P,551.5,292.1,141.8,350.8,433.8,470.0,,,,5165.7,8,2006,ConLD,AdjLand,458128
402,45,RH,117.8,89273.6,Pave,,IR3,Bnk,NoSeWa,Corner,Gtl,OldTown,Norm,Artery,Duplex,2.5Fin,4,3,1951,1993,Mansard,WdShake,MetalSd,BrkFace,None,1374.7,TA,Po,BrkTil,TA,Fa,NA,Rec,3115.7,ALQ,487.7,1343.5,1230.8,Floor,Gd,N,FuseP,2822.5,121.6,0.0,1580.0,0,0,1,2,1,0,TA,7,Min2,2,,,1928.0,Unf,2,685.3,Gd,,P,519.4,294.4,450.5,38.5,249.0,317.0,,,,9950.7,8,2008,CWD,Family,312867
403,90,RH,161.8,87392.8,Grvl,NA,IR1,Low,NoSeWa,FR3,Gtl,Veenker,Feedr,RRNn,1Fam,2Story,10,3,1902,1993,Shed,CompShg,CemntBd,HdBoard,None,748.1,TA,Ex,Stone,Fa,Fa,Av,Rec,2017.0,Rec,1407.2,72.2,6071.9,GasW,Ex,Y,Mix,472.6,1195.1,0.0,4868.2,0,0,3,1,0,0,Ex,5,Sal,3,,BuiltIn,1900.0,NA,3,1014.2,Ex,TA,Y,180.5,307.7,251.4,183.6,442.2,511.0,,,,10571.6,3,2007,COD,Alloca,714323
404,20,RM,78.3,190552.9,Pave,,Reg,Lvl,AllPub,Inside,Gtl,ClearCr,PosA,Feedr,1Fam,2.5Unf,3,5,1983,1963,Flat,Metal,MetalSd,BrkFace,BrkFace,646.8,Fa,Gd,Wood,TA,Gd,No,Rec,5452.1,Unf,491.0,470.5,3011.2,OthW,Po,N,FuseF,4268.9,1312.8,0.0,4161.3,0,0,3,0,5,1,Fa,5,Sal,2,,NA,1957.0,NA,3,783.1,TA,Ex,P,701.2,545.0,354.9,240.9,223.1,18.0,,,,11308.0,9,2006,CWD,Normal,497394
405,75,C,199.3,192901.2,Grvl,,Reg,Low,NoSeWa,CulDSac,Sev,Edwards,RRNe,Norm,2FmCon,1.5Unf,2,1,1917,1983,Mansard,ClyTile,CemntBd,WdShing,BrkCmn,719.2,Ex,TA,Wood,Fa,Fa,No,LwQ,5438.3,Unf,833.1,625.0,3500.2,OthW,Fa,Y,FuseA,504.8,279.4,0.0,4586.1,1,0,3,0,6,2,Fa,2,Maj1,0,Po,Basment,1920.0,RFn,0,223.2,NA,Fa,Y,749.4,57.1,491.8,397.2,51.5,412.0,,GdPrv,,10749.4,9,2009,WD,Partial,444721
406,45,C,103.0,195813.5,Pave,,IR2,HLS,AllPub,FR3,Sev,IDOTRR,Artery,RRNn,TwnhsE,SLvl,5,10,1968,1983,Shed,CompShg,Plywood,Other,None,1555.1,Fa,Ex,Slab,Fa,Po,No,,2504.3,Unf,595.0,169.5,1016.8,Wall,Gd,N,FuseP,2579.3,978.0,0.0,5339.5,1,2,3,0,8,1,TA,7,Sev,0,,CarPort,1914.0,RFn,2,91.5,TA,Fa,N,180.4,440.7,425.6,171.8,8.2,406.0,,MnPrv,,8675.6,10,2006,VWD,Alloca,457887
407,60,FV,81.4,68452.6,Grvl,,IR2,HLS,AllPub,FR3,Sev,StoneBr,Feedr,Norm,2FmCon,SFoyer,3,3,1923,1974,Shed,Membran,MetalSd,VinylSd,None,1360.4,Ex,Fa,Wood,TA,Po,Av,Rec,4487.5,Unf,584.0,828.6,5464.4,Grav,Ex,N,FuseF,547.7,631.5,0.0,1567.1,3,1,3,1,7,1,Gd,9,Maj1,3,,CarPort,1966.0,Unf,3,519.3,Fa,Gd,N,65.1,149.5,488.3,230.5,61.6,401.0,,,,14784.6,7,2006,New,Normal,343534
408,75,RH,,149147.9,Pave,,IR3,Bnk,AllPub,Corner,Mod,ClearCr,RRNn,Artery,2FmCon,1.5Fin,10,6,2009,2010,Gable,Roll,Plywood,MetalSd,Stone,1130.2,Fa,Fa,PConc,TA,Fa,NA,GLQ,74.9,NA,285.0,63.5,1413.0,GasA,Fa,N,Mix,644.3,1923.1,0.0,592.6,0,2,1,0,2,2,Ex,9,Min2,0,Gd,NA,1932.0,NA,1,1322.7,Ex,NA,N,517.3,197.6,5.3,319.2,298.9,100.0,,,,7941.8,6,2007,New,Normal,420686
409,45,RL,22.6,59414.6,Grvl,,IR3,Bnk,NoSeWa,CulDSac,Gtl,NoRidge,PosN,Norm,Duplex,1Story,7,3,1945,1953,Mansard,WdShngl,AsphShn,MetalSd,BrkFace,464.8,TA,Po,Stone,Ex,TA,Mn,NA,3091.8,Unf,791.7,1292.2,1158.7,Grav,Fa,Y,Mix,4200.4,452.6,0.0,1878.1,1,2,0,1,8,1,Ex,9,Typ,0,,Basment,1937.0,Fin,1,751.2,Fa,Ex,N,411.3,44.1,103.4,317.0,154.0,592.0,,,,1719.2,9,2007,Con,Abnorml,331479
410,160,RH,23.2,42080.0,Grvl,,IR2,Low,NoSeWa,FR3,Gtl,Somerst,RRNn,Norm,TwnhsE,SLvl,6,5,1912,2001,Hip,ClyTile,Stone,BrkFace,Stone,264.3,Gd,Gd,Stone,TA,Po,Av,GLQ,4195.2,LwQ,1252.0,494.1,1393.8,Floor,Ex,Y,FuseA,3671.5,1514.2,0.0,2452.6,3,2,0,2,0,2,Ex,6,Min2,1,,BuiltIn,1918.0,RFn,2,1137.5,TA,Po,N,366.4,192.3,233.8,263.0,311.2,694.0,,,,1246.6,11,2006,CWD,Normal,362666
411,40,RH,,40801.2,Grvl,,IR3,Low,NoSeWa,FR3,Mod,NAmes,PosN,RRNn,2FmCon,1.5Fin,1,9,1948,2004,Gambrel,Tar&Grv,CemntBd,AsphShn,Stone,1474.3,Fa,Gd,Wood,NA,TA,Av,Unf,1224.4,GLQ,72.9,670.4,5618.9,Grav,Gd,N,SBrkr,1192.3,1069.9,0.0,3652.3,2,1,0,1,5,2,Ex,11,Sev,0,TA,Attchd,1903.0,Fin,1,816.7,NA,NA,Y,652.2,541.9,468.0,166.9,243.8,17.0,,,,284.8,6,2009,WD,Alloca,444975
412,190,FV,31.7,74492.2,Pave,,Reg,Low,AllPub,FR2,Sev,Sawyer,Artery,Artery,Duplex,1.5Unf,8,2,2002,1975,Hip,Roll,CBlock,CBlock,Stone,676.9,Fa,TA,PConc,,TA,Gd,ALQ,345.3,GLQ,1310.7,2126.9,4294.4,Floor,Po,Y,Mix,3038.0,23.8,0.0,4568.2,2,2,1,0,1,1,Ex,7,Sal,1,Fa,BuiltIn,,Unf,0,1358.3,TA,Gd,P,831.0,217.2,462.8,340.3,159.8,154.0,,,,6632.8,3,2009,COD,Normal,604172
413,160,RL,,93287.3,Pave,,IR3,Lvl,NoSeWa,Inside,Gtl,BrkSide,RRNn,Feedr,2FmCon,2Story,2,2,1985,1965,Mansard,WdShngl,Wd Sdng,Stucco,Stone,446.0,Gd,Ex,BrkTil,Ex,TA,No,BLQ,880.0,LwQ,980.9,1174.6,4696.1,Wall,Gd,Y,FuseP,3797.2,1067.6,0.0,2190.8,0,1,2,2,8,1,Gd,6,Sal,0,Ex,NA,1988.0,Unf,2,523.9,Fa,Gd,Y,409.4,366.3,102.2,425.3,105.0,128.0,,,,4235.2,6,2008,CWD,AdjLand,378177
414,80,FV,119.9,179077.4,Pave,,Reg,Bnk,NoSeWa,Inside,Mod,Crawfor,RRAn,PosN,Duplex,SLvl,5,6,1923,1959,Shed,WdShake,Stone,AsbShng,None,753.5,Gd,TA,Slab,NA,Fa,Gd,Rec,2493.8,Rec,909.1,628.4,2303.7,Grav,Gd,N,FuseA,4210.8,205.4,0.0,2847.3,2,0,1,0,8,3,Fa,5,Sal,2,NA,BuiltIn,1997.0,NA,3,80.9,TA,NA,Y,5.3,66.0,78.5,78.1,38.9,314.0,,,,13875.9,11,2008,ConLw,Family,405412
415,40,RL,,26950.1,Grvl,,IR2,Low,AllPub,Corner,Sev,CollgCr,Feedr,Norm,Twnhs,2Story,9,6,1958,1994,Gable,CompShg,CemntBd,CemntBd,BrkFace,1468.6,Fa,Fa,BrkTil,NA,Gd,Av,BLQ,2858.0,Unf,922.6,1398.0,5555.1,GasW,Gd,Y,Mix,2374.9,1361.0,0.0,4503.3,2,2,0,2,7,0,Gd,13,Sev,2,,2Types,1980.0,Unf,1,1107.0,Ex,Fa,Y,511.0,504.6,460.8,173.0,375.5,365.0,,,,13440.8,2,2006,Oth,Abnorml,590329
416,80,RM,188.0,158533.7,Grvl,,IR3,Bnk,AllPub,CulDSac,Mod,IDOTRR,PosA,Artery,1Fam,2.5Fin,8,8,1980,1951,Hip,WdShngl,VinylSd,Stucco,None,619.3,TA,Fa,CBlock,Gd,Fa,Av,GLQ,2149.7,NA,436.7,471.1,4823.3,Grav,Gd,Y,FuseA,4245.3,1167.8,0.0,1530.0,2,0,0,0,6,0,Fa,5,Sev,0,,Basment,1957.0,NA,0,1000.3,Po,,Y,560.4,452.8,298.9,339.7,393.1,461.0,,GdPrv,,12986.6,2,2006,WD,AdjLand,433469
417,150,RL,170.7,115002.1,Grvl,,Reg,Low,AllPub,FR3,Mod,OldTown,PosA,PosN,1Fam,SLvl,2,2,1940,1984,Gambrel,ClyTile,MetalSd,HdBoard,BrkCmn,900.2,TA,Gd,BrkTil,NA,Po,Av,Unf,2483.2,BLQ,611.9,173.8,4586.1,GasW,TA,N,SBrkr,2547.2,21.5,0.0,1486.5,3,0,3,1,5,2,Gd,5,Sal,2,NA,Detchd,1969.0,Fin,3,748.0,Po,NA,Y,709.6,211.3,346.0,383.9,259.9,160.0,,,,13442.8,12,2006,ConLI,Alloca,317900
418,30,FV,106.7,62904.5,Pave,,IR1,Lvl,AllPub,CulDSac,Gtl,BrDale,PosA,Feedr,2FmCon,SLvl,9,9,1991,1968,Shed,WdShake,BrkFace,CBlock,Stone,1284.7,Gd,Fa,CBlock,Fa,Po,Mn,Rec,2654.0,ALQ,1178.2,48.8,5932.4,OthW,Ex,N,Mix,3333.3,422.7,0.0,3461.6,2,0,3,0,1,3,Fa,5,Sal,2,Ex,Detchd,1911.0,,4,462.8,TA,Po,N,170.9,190.6,446.7,397.0,75.4,630.0,,,,4612.9,7,2009,COD,Family,631664
419,190,RH,293.1,106736.3,Pave,,IR1,Bnk,AllPub,Corner,Sev,Gilbert,RRAn,PosN,Duplex,2.5Fin,5,2,1938,1955,Hip,WdShngl,BrkComm,BrkFace,None,683.4,Fa,Ex,PConc,Ex,Po,Gd,LwQ,4342.7,NA,451.6,2222.8,2237.5,OthW,Po,N,FuseA,4600.6,1602.9,0.0,2648.6,2,2,3,1,3,2,Gd,7,Maj2,2,,,1978.0,RFn,0,267.0,Po,Po,P,449.3,236.5,116.9,331.9,126.5,375.0,,,,6604.8,8,2010,ConLD,Normal,386810
420,160,RL,136.9,65471.1,Grvl,,IR1,Bnk,AllPub,FR2,Sev,NPkVill,PosN,Feedr,Twnhs,2Story,10,1,1932,1968,Flat,Metal,Stone,BrkComm,BrkFace,373.7,Ex,Ex,Wood,Gd,Po,NA,GLQ,594.0,Unf,692.8,1692.7,3733.0,Floor,Po,Y,FuseP,1362.3,569.5,0.0,5370.7,3,0,1,1,6,3,TA,7,Maj1,3,Fa,NA,1916.0,RFn,1,683.9,Po,Fa,N,383.2,219.5,75.3,243.0,458.5,331.0,,,,4831.9,7,2008,ConLD,Alloca,668453
421,30,RL,46.4,128828.8,Pave,,Reg,Bnk,AllPub,Corner,Gtl,NAmes,RRNn,PosN,1Fam,2.5Fin,6,10,1942,2008,Gable,WdShngl,AsbShng,CemntBd,BrkCmn,1591.2,Gd,TA,CBlock,TA,Gd,No,ALQ,4340.0,LwQ,28.9,1868.7,5559.7,Wall,TA,Y,Mix,1068.4,1031.0,0.0,2229.1,1,2,2,2,5,2,Ex,6,Mod,2,,BuiltIn,1900.0,NA,0,944.7,Po,Fa,Y,569.4,141.2,474.2,328.1,108.5,684.0,,,,1334.3,5,2008,ConLw,Normal,443438
422,30,C,201.2,94118.7,Grvl,,IR3,Bnk,AllPub,Inside,Sev,NAmes,RRAe,Feedr,2FmCon,SLvl,3,2,1901,2002,Mansard,Tar&Grv,VinylSd,ImStucc,None,1530.5,Ex,Ex,Stone,NA,TA,No,Rec,3886.6,ALQ,1081.3,2291.4,4832.3,GasA,Po,N,SBrkr,1824.5,644.3,0.0,4365.7,3,0,2,1,8,0,Ex,13,Maj1,1,,Detchd,1913.0,Fin,4,820.9,NA,Fa,P,54.8,542.0,61.7,68.6,27.3,664.0,,NA,,14322.7,4,2010,CWD,Normal,463461
423,60,RH,,36473.7,Pave,,IR1,Lvl,NoSeWa,FR2,Mod,Sawyer,RRAe,Norm,2FmCon,1.5Unf,3,7,1967,2001,Hip,ClyTile,BrkFace,Stucco,None,1349.6,Gd,Fa,Wood,Gd,Fa,Mn,NA,4185.9,BLQ,615.7,2176.3,3442.2,Grav,TA,Y,FuseF,1050.5,1903.0,0.0,3429.1,1,2,3,1,4,3,Gd,12,Maj2,3,,2Types,1901.0,Unf,4,620.4,NA,Po,Y,757.6,443.4,48.7,105.5,264.0,19.0,,,,9546.9,8,2006,ConLw,Normal,435129
424,40,RM,,26242.4,Grvl,,IR2,Low,NoSeWa,FR3,Mod,NoRidge,RRAn,PosN,Duplex,2.5Unf,10,8,1927,2000,Hip,Membran,WdShing,AsbShng,BrkCmn,1101.4,Fa,Po,Wood,Fa,Po,Gd,ALQ,4145.3,NA,774.4,1721.4,465.7,GasA,TA,Y,FuseF,1572.4,1108.0,0.0,623.7,3,2,2,1,5,1,Gd,12,Sev,1,,BuiltIn,1903.0,Fin,0,765.3,TA,Po,N,438.1,146.6,152.9,471.2,125.7,545.0,,NA,,2054.6,12,2008,Con,Abnorml,351259
425,190,FV,169.2,118262.8,Grvl,,IR2,Lvl,AllPub,Corner,Mod,Blueste,RRAe,Feedr,TwnhsE,1.5Fin,8,5,1924,1957,Hip,WdShngl,ImStucc,AsphShn,BrkFace,471.8,TA,Gd,Wood,Gd,TA,No,Unf,2656.0,Rec,169.1,1621.2,3988.1,GasW,Po,Y,FuseA,3571.9,1437.6,0.0,781.9,0,2,0,2,5,1,Ex,10,Min2,1,NA,Attchd,1965.0,RFn,3,153.1,Po,Gd,N,751.6,537.0,174.9,468.5,459.6,571.0,,,,3193.9,9,2009,VWD,Alloca,354692
426,150,RM,,194366.8,Grvl,,IR2,Bnk,NoSeWa,CulDSac,Gtl,ClearCr,PosN,Artery,2FmCon,1.5Unf,10,6,1878,1963,Hip,WdShngl,ImStucc,Stucco,BrkCmn,1461.5,Gd,Gd,CBlock,Fa,Fa,Av,BLQ,1193.1,NA,1461.8,786.9,3217.3,GasA,Po,N,Mix,2415.0,172.4,0.0,1412.4,2,0,0,0,7,0,TA,9,Typ,1,,Attchd,1989.0,Unf,3,986.7,,,Y,291.6,8.5,133.1,367.7,275.9,461.0,,,,6986.7,7,2010,ConLI,Abnorml,391788
427,80,RH,165.1,74888.0,Pave,,IR1,HLS,AllPub,CulDSac,Sev,Mitchel,RRAn,RRNn,Twnhs,2.5Fin,10,1,1968,1959,Gambrel,WdShngl,Wd Sdng,CemntBd,BrkCmn,440.9,Ex,Gd,Stone,Gd,Gd,Gd,ALQ,3028.7,Unf,445.8,243.0,1125.3,Grav,Gd,Y,Mix,1968.4,83.3,0.0,1093.9,1,2,3,0,7,3,Fa,11,Maj1,3,,BuiltIn,1945.0,RFn,4,1041.2,NA,Gd,P,560.1,239.5,409.4,166.1,463.6,157.0,,,,804.4,1,2009,COD,Normal,439124
428,45,RL,226.1,158121.7,Pave,,IR1,Lvl,NoSeWa,Inside,Gtl,OldTown,Norm,PosN,Twnhs,2.5Unf,2,6,1984,1952,Flat,Roll,BrkFace,BrkComm,Stone,1281.3,Fa,Po,Stone,Gd,NA,No,NA,5406.9,,936.0,1340.2,5390.6,Floor,TA,N,SBrkr,1940.9,535.3,0.0,2082.3,3,0,3,1,5,1,Fa,7,Typ,0,NA,CarPort,1949.0,Unf,2,16.2,Fa,Ex,Y,819.9,311.5,537.3,329.6,377.1,363.0,,,,4215.9,4,2006,CWD,Family,378328
429,20,RL,,142217.3,Grvl,,IR3,HLS,NoSeWa,Inside,Gtl,StoneBr,RRAn,PosN,TwnhsE,2.5Unf,2,8,1996,1987,Shed,WdShngl,MetalSd,Stone,Stone,1469.2,Fa,Fa,BrkTil,TA,Gd,Gd,ALQ,3321.6,Rec,856.7,1346.1,2097.2,GasA,Fa,Y,FuseF,1181.8,638.4,0.0,3407.3,1,1,3,1,7,1,TA,12,Maj2,2,TA,Basment,1959.0,Fin,2,383.6,,NA,P,808.5,20.6,110.2,349.4,347.1,717.0,,,,10903.4,4,2008,WD,Abnorml,348544
430,45,RH,59.4,200601.5,Pave,,Reg,Bnk,NoSeWa,Inside,Gtl,Blmngtn,PosN,PosN,Twnhs,2.5Fin,5,3,2003,1978,Flat,WdShngl,BrkComm,MetalSd,BrkCmn,964.8,Fa,Ex,Wood,TA,NA,Mn,NA,62.4,Unf,1157.2,2224.4,2367.5,GasA,Ex,Y,FuseP,2283.8,1420.1,0.0,3531.3,1,0,2,0,6,1,Ex,10,Typ,2,TA,Basment,2003.0,RFn,3,130.6,Gd,NA,Y,809.1,88.1,431.6,261.7,398.6,604.0,,,,14266.3,10,2009,ConLD,Abnorml,464797
431,20,RL,101.2,176944.8,Pave,,IR2,Bnk,AllPub,Inside,Gtl,Somerst,PosN,PosN,Duplex,1.5Fin,6,1,1992,1964,Gable,CompShg,Plywood,HdBoard,Stone,1284.9,Ex,Fa,Wood,TA,,NA,NA,337.0,BLQ,433.1,1033.8,4108.4,GasA,Gd,Y,FuseF,3056.2,1175.3,0.0,3453.9,2,0,1,1,0,0,Gd,6,Sal,0,,Attchd,1951.0,,2,1415.5,Gd,TA,P,36.8,141.2,24.4,380.3,290.3,729.0,,,,14395.3,3,2010,New,Partial,525254
432,160,RL,136.2,122522.4,Grvl,,IR3,Lvl,AllPub,FR3,Sev,Edwards,RRAn,RRNn,2FmCon,2.5Fin,2,4,1909,1972,Gable,CompShg,AsphShn,Stucco,BrkFace,1266.7,Gd,TA,Slab,Gd,TA,NA,LwQ,5603.7,Rec,1114.2,1613.7,2986.6,Wall,TA,Y,Mix,940.4,773.5,0.0,958.3,1,2,3,0,4,2,Fa,11,Sal,0,Fa,Detchd,1996.0,RFn,3,841.4,Fa,Po,Y,345.4,394.0,65.6,15.1,5.3,322.0,,,,8060.5,4,2006,ConLD,Abnorml,313878
433,50,RL,144.2,141868.4,Pave,,Reg,HLS,AllPub,FR2,Mod,BrDale,RRNe,PosN,Duplex,1Story,5,1,1993,1972,Gambrel,Membran,Wd Sdng,Stone,None,309.1,TA,Fa,Wood,NA,TA,Gd,ALQ,406.1,NA,563.8,1343.1,545.5,GasA,Gd,N,FuseP,4573.5,1350.8,0.0,3520.0,3,0,2,2,4,1,Fa,5,Min1,1,Po,NA,1947.0,Fin,1,660.4,Fa,NA,N,52.1,514.0,284.3,130.2,188.4,88.0,,,,4838.4,9,2008,Con,Alloca,433263
434,190,FV,141.0,193505.3,Pave,,IR1,Lvl,AllPub,Inside,Mod,BrkSide,Artery,Norm,TwnhsE,1Story,7,8,1897,1967,Flat,Roll,BrkFace,HdBoard,BrkCmn,1068.7,TA,Fa,BrkTil,Gd,Fa,Mn,LwQ,259.9,BLQ,606.1,412.9,2367.3,Grav,Gd,N,FuseP,2265.8,337.8,0.0,2508.9,0,1,3,1,8,1,Fa,7,Maj2,3,TA,2Types,1938.0,RFn,3,656.5,Po,Gd,Y,265.2,341.6,551.8,403.6,105.1,172.0,,GdPrv,,14271.6,1,2008,VWD,AdjLand,421350
435,45,FV,,86775.0,Pave,,Reg,Lvl,AllPub,Corner,Mod,NridgHt,Norm,Norm,TwnhsE,2.5Fin,10,5,2000,1995,Gable,Metal,Stone,ImStucc,Stone,149.5,Ex,Gd,BrkTil,TA,NA,No,ALQ,1992.5,GLQ,991.6,1383.1,577.2,Floor,Ex,N,SBrkr,4465.2,131.1,0.0,5127.4,0,2,1,1,6,2,Ex,5,Typ,1,NA,BuiltIn,,RFn,1,1368.0,TA,Po,P,149.6,307.8,524.0,476.9,208.5,39.0,,,,12192.8,2,2006,Oth,Alloca,657477
436,75,C,229.5,71216.1,Pave,,IR2,Lvl,AllPub,FR3,Sev,Crawfor,RRNn,Artery,Duplex,SLvl,10,1,1875,1968,Mansard,CompShg,AsphShn,BrkComm,BrkFace,812.6,TA,Fa,Stone,Gd,NA,,LwQ,5470.8,ALQ,1156.0,1261.7,1165.5,Grav,Po,N,FuseA,920.8,1764.6,0.0,5174.8,2,0,3,0,6,1,Gd,9,Maj1,2,Po,NA,1959.0,NA,4,935.7,Fa,TA,P,531.5,293.6,61.8,445.1,225.9,202.0,,,,9100.2,7,2006,ConLw,Alloca,573160
437,190,RM,,3613.0,Grvl,,Reg,Bnk,NoSeWa,FR2,Sev,IDOTRR,Artery,RRNn,1Fam,1.5Fin,8,8,1910,1977,Flat,WdShake,VinylSd,AsbShng,BrkFace,259.6,Gd,Po,Slab,NA,Fa,Gd,GLQ,1798.6,ALQ,983.0,1153.8,43.8,GasA,Po,Y,FuseA,3677.5,1164.5,0.0,4411.5,3,0,0,0,1,3,Ex,8,Maj1,0,,2Types,1929.0,Unf,2,239.2,Po,NA,N,669.1,191.8,132.3,364.0,61.4,732.0,,,,12935.6,9,2006,COD,AdjLand,422775
438,75,RH,111.3,178136.5,Pave,,Reg,Low,NoSeWa,FR3,Sev,Mitchel,RRAe,Artery,TwnhsE,2.5Unf,7,9,1925,1975,Hip,Tar&Grv,BrkFace,Plywood,BrkFace,666.2,Ex,Gd,Stone,Fa,TA,Gd,LwQ,2313.4,NA,1326.4,1199.4,1107.8,Wall,Ex,Y,SBrkr,3025.7,1340.4,0.0,4066.1,3,2,3,2,7,1,Ex,6,Min2,2,Fa,2Types,1985.0,NA,4,635.5,Fa,Po,P,439.9,452.8,522.1,84.1,11.2,558.0,,,Othr,7111.9,7,2009,Con,Abnorml,478655
439,70,RH,261.5,172665.8,Pave,,IR1,HLS,AllPub,CulDSac,Mod,NPkVill,PosN,Norm,2FmCon,2Story,8,10,1904,1959,Flat,WdShngl,VinylSd,Other,BrkCmn,1332.8,Ex,TA,Wood,Ex,TA,No,GLQ,3578.7,NA,420.3,383.1,2019.0,GasW,Gd,Y,Mix,3907.8,634.5,0.0,944.2,0,2,0,1,2,2,Fa,11,Min2,0,,CarPort,1926.0,Unf,0,1097.8,NA,NA,P,681.7,295.8,83.2,187.3,66.3,242.0,,,,1739.0,1,2007,ConLI,AdjLand,345923
440,40,RH,299.9,23647.5,Pave,,IR1,Low,AllPub,FR3,Sev,NPkVill,Artery,PosN,TwnhsE,2.5Fin,9,2,1891,1996,Mansard,WdShngl,AsbShng,WdShing,Stone,1579.5,Gd,Po,Slab,TA,Fa,Av,GLQ,136.1,BLQ,1327.5,1082.7,3288.5,GasA,TA,N,Mix,2951.8,768.1,0.0,783.6,3,0,0,0,8,0,Gd,7,Sal,3,Ex,2Types,1982.0,NA,0,600.3,Fa,Gd,P,11.0,125.9,410.0,25.5,411.6,505.0,,,,14542.7,7,2008,Con,AdjLand,412939
441,20,C,260.8,124715.8,Grvl,Pave,IR3,Low,NoSeWa,FR3,Mod,Somerst,PosN,PosN,Duplex,2.5Fin,5,9,1887,1953,Hip,WdShngl,MetalSd,Plywood,BrkFace,508.7,Fa,Po,CBlock,Gd,NA,Av,Unf,5067.0,BLQ,192.9,1414.8,5616.8,Wall,Po,Y,FuseA,4530.0,170.1,0.0,4797.1,1,0,2,2,5,0,Ex,12,Sev,1,,BuiltIn,1973.0,Fin,4,438.9,Po,TA,N,703.1,74.8,0.6,325.0,362.8,87.0,,,,8277.1,6,2009,ConLI,Alloca,540766
442,190,FV,21.5,100566.6,Grvl,,IR1,Bnk,NoSeWa,CulDSac,Mod,CollgCr,PosN,Feedr,Duplex,SLvl,5,8,1998,2004,Flat,Metal,WdShing,CemntBd,,851.1,Gd,TA,Stone,NA,,No,Rec,2931.7,LwQ,972.1,1143.4,3301.4,OthW,Fa,N,FuseF,3066.2,1769.7,0.0,2600.6,2,2,2,0,8,3,Ex,8,Typ,2,Gd,Detchd,1954.0,NA,3,1405.5,Po,NA,Y,152.9,539.1,348.7,228.5,383.5,668.0,,,TenC,10777.0,1,2010,Oth,Family,459900
443,20,C,206.8,26697.2,Grvl,,IR1,Bnk,NoSeWa,CulDSac,Gtl,SawyerW,RRAn,RRNn,Twnhs,2.5Unf,10,7,1958,1951,Hip,Metal,AsbShng,Plywood,None,818.1,Gd,Ex,BrkTil,TA,Fa,Gd,GLQ,2634.7,BLQ,807.2,1141.6,4311.2,Grav,TA,N,SBrkr,3753.3,1223.4,0.0,2729.8,0,2,0,0,8,1,TA,3,Maj2,3,Po,NA,1969.0,NA,3,1326.7,Ex,Gd,N,395.0,9.6,273.0,291.1,132.6,673.0,,,,6080.5,1,2008,ConLI,Alloca,543412
444,190,RH,,211087.7,Pave,,IR2,Bnk,AllPub,CulDSac,Sev,BrkSide,RRNn,Feedr,1Fam,2.5Fin,4,3,1953,1952,Hip,WdShake,Wd Sdng,Stone,BrkFace,1527.0,TA,Fa,Stone,TA,TA,No,Rec,4857.9,BLQ,729.1,181.1,2185.4,OthW,Gd,N,FuseF,4158.5,172.7,0.0,4834.1,2,1,0,2,6,1,TA,10,Maj2,2,,CarPort,1925.0,Unf,2,1335.1,TA,,N,379.3,510.6,260.0,497.5,113.3,531.0,,,,2104.0,12,2007,Oth,Family,446681
445,120,RM,96.2,47233.1,Grvl,,IR2,Lvl,AllPub,FR3,Gtl,Crawfor,RRNn,RRNn,Duplex,1.5Unf,9,2,1933,1956,Gambrel,Roll,WdShing,CBlock,BrkFace,765.7,TA,Fa,PConc,Fa,Po,NA,LwQ,5379.2,NA,458.3,445.6,4592.5,Grav,Fa,Y,SBrkr,3448.2,1661.4,0.0,3632.6,1,1,3,2,7,2,Gd,8,Mod,0,,BuiltIn,1941.0,NA,4,186.7,NA,,Y,748.3,119.4,457.7,204.3,17.9,659.0,,,,4214.2,2,2010,CWD,Partial,514393
446,90,RL,38.4,15684.4,Pave,,Reg,Bnk,NoSeWa,CulDSac,Sev,Somerst,Artery,RRNn,Twnhs,2Story,5,7,1902,2004,Mansard,ClyTile,VinylSd,CemntBd,Stone,1118.6,TA,Ex,PConc,Ex,Po,No,Unf,2389.8,Rec,742.5,749.8,3791.1,GasW,TA,Y,SBrkr,2618.6,917.1,0.0,1286.3,0,1,3,2,1,2,Fa,9,Sev,2,,CarPort,,Unf,0,332.2,Ex,Po,P,827.8,359.7,44.6,155.8,226.7,712.0,,,,676.9,6,2008,VWD,Normal,340569
447,40,FV,197.3,128564.6,Grvl,,IR2,Bnk,NoSeWa,Inside,Sev,ClearCr,RRNe,PosN,Twnhs,SFoyer,2,5,1913,1965,Gambrel,WdShngl,ImStucc,MetalSd,Stone,1474.9,Fa,TA,PConc,Gd,NA,Mn,BLQ,973.3,Rec,238.5,979.6,2809.3,Floor,Ex,Y,FuseA,1522.9,1579.9,0.0,1454.1,3,2,0,2,4,3,Ex,6,Maj2,3,,Attchd,1966.0,RFn,4,626.9,Ex,TA,Y,218.6,164.9,208.3,76.5,183.6,150.0,,,,1357.5,12,2007,Oth,Abnorml,240116
448,60,FV,221.5,159376.8,Grvl,,IR3,Bnk,NoSeWa,Corner,Gtl,BrDale,Norm,PosN,2FmCon,1Story,10,6,1883,1980,Flat,ClyTile,CBlock,BrkComm,Stone,597.4,Gd,Ex,BrkTil,Gd,Fa,Gd,Rec,4603.9,ALQ,544.4,1387.4,1183.9,Wall,Fa,N,FuseA,4057.9,26.1,0.0,367.9,3,2,2,2,2,3,TA,4,Sev,3,Gd,NA,1951.0,Fin,4,1180.0,Ex,Po,N,57.8,470.3,246.2,73.0,401.2,99.0,,,,3176.2,4,2006,ConLw,AdjLand,354063
449,70,C,54.4,8241.1,Pave,,IR3,Bnk,NoSeWa,Corner,Sev,OldTown,RRAe,Artery,Twnhs,SLvl,8,4,1936,1959,Shed,Metal,CemntBd,AsphShn,None,1443.4,TA,Gd,BrkTil,,Po,Mn,Unf,2276.0,Rec,145.5,2016.8,1854.6,GasW,Gd,Y,FuseF,2428.4,59.3,0.0,4106.2,1,2,3,2,0,1,Gd,3,Maj2,1,NA,NA,1905.0,Fin,2,1044.8,Ex,,Y,557.5,297.3,68.4,263.4,327.3,246.0,,,,8695.7,4,2007,New,Alloca,521862
450,60,FV,133.1,142229.3,Grvl,,Reg,Low,NoSeWa,CulDSac,Sev,NoRidge,RRAe,Norm,1Fam,SLvl,7,2,1944,1968,Hip,WdShngl,MetalSd,Other,BrkCmn,1467.9,Fa,Gd,PConc,NA,Gd,Gd,BLQ,5280.2,Rec,842.9,371.8,3794.0,OthW,Fa,N,Mix,3039.0,352.7,0.0,2911.6,0,0,3,1,5,1,Fa,3,Maj1,2,Gd,Detchd,1909.0,Unf,3,1204.8,NA,TA,N,430.9,77.2,47.3,380.6,69.3,624.0,,,,15389.7,6,2008,ConLI,Family,488834
451,160,RH,154.2,115181.2,Grvl,,IR3,Low,NoSeWa,FR2,Sev,Somerst,RRNn,Norm,2FmCon,2Story,8,9,2002,1977,Flat,CompShg,BrkFace,WdShing,Stone,1489.1,TA,Gd,Wood,TA,Po,Gd,Unf,5361.2,ALQ,141.2,35.2,2603.2,Wall,Ex,N,FuseP,679.3,435.5,0.0,5376.4,2,2,3,2,8,3,TA,4,Typ,0,Fa,Attchd,1937.0,RFn,0,1305.6,Ex,Ex,Y,484.8,147.6,99.1,286.7,473.8,730.0,,,,13077.7,9,2007,ConLI,Alloca,618638
452,160,RH,128.8,23393.0,Grvl,,IR3,Bnk,NoSeWa,FR3,Mod,NAmes,Norm,PosN,Duplex,1.5Unf,3,3,1986,1966,Flat,WdShngl,BrkFace,HdBoard,BrkFace,432.7,Gd,Ex,BrkTil,Fa,Po,NA,LwQ,648.1,NA,236.3,1049.4,5434.2,OthW,Po,N,FuseF,2501.5,1577.6,0.0,4124.0,0,0,2,1,1,0,Fa,2,Maj2,2,Po,2Types,1976.0,Fin,2,1107.1,NA,Ex,N,39.7,175.2,133.1,443.6,369.9,536.0,,,Shed,1330.9,1,2008,VWD,Abnorml,512940
453,60,C,,38210.6,Grvl,,IR1,Low,AllPub,Corner,Mod,NAmes,Feedr,Norm,Duplex,1Story,4,7,2008,1977,Shed,WdShake,AsphShn,HdBoard,None,640.6,Gd,Po,Wood,Ex,Po,No,Rec,5398.8,Unf,126.0,1009.4,1434.9,GasA,Po,Y,SBrkr,3376.6,1459.3,0.0,881.5,3,2,0,0,8,0,Fa,2,Min2,1,,,2001.0,Fin,0,371.2,Fa,TA,P,664.4,484.6,533.3,160.5,345.7,495.0,,,,13056.3,2,2008,Oth,Partial,325137
454,60,RH,,122815.3,Grvl,,Reg,Bnk,AllPub,Inside,Sev,NWAmes,Feedr,RRNn,Twnhs,2.5Fin,5,8,1977,1968,Gambrel,WdShake,VinylSd,CBlock,Stone,1392.6,Gd,Gd,BrkTil,Fa,Fa,No,NA,2078.5,GLQ,562.1,1289.2,446.5,OthW,Po,Y,FuseP,2879.4,1272.2,0.0,1191.5,0,2,3,0,7,0,TA,8,Maj1,0,,2Types,1911.0,RFn,0,404.8,Ex,Po,Y,199.1,419.4,262.5,302.3,104.0,288.0,,,,8312.8,8,2007,CWD,Alloca,289553
455,150,RM,240.3,64704.2,Pave,,IR3,HLS,NoSeWa,FR2,Gtl,Edwards,PosA,Norm,TwnhsE,2Story,6,2,1887,1986,Flat,Metal,BrkComm,Stucco,Stone,574.7,Ex,Ex,BrkTil,NA,NA,NA,LwQ,3647.4,LwQ,1241.0,1946.4,3600.9,GasW,Ex,Y,FuseP,2288.8,1827.2,0.0,2997.2,0,0,2,2,8,0,Ex,11,Min1,0,Fa,Attchd,1945.0,NA,3,499.8,Po,Fa,Y,287.0,453.8,281.7,335.9,434.5,414.0,,,,10235.0,8,2007,ConLD,AdjLand,412914
456,40,C,41.7,202048.0,Pave,,Reg,Lvl,NoSeWa,FR2,Mod,NWAmes,RRAe,Artery,1Fam,2.5Fin,1,6,1949,1972,Mansard,WdShngl,CBlock,WdShing,BrkFace,960.4,Gd,Gd,PConc,Gd,NA,NA,BLQ,196.1,Rec,1336.8,1874.3,5413.8,GasW,TA,Y,FuseP,1307.7,510.4,0.0,5243.2,3,2,2,0,4,3,TA,13,Sev,1,Gd,CarPort,1948.0,Unf,3,429.8,NA,TA,Y,195.7,28.6,390.3,142.6,227.5,614.0,,,,2011.4,11,2010,ConLw,Abnorml,500335
457,60,RM,44.4,176465.4,Grvl,NA,IR3,Bnk,NoSeWa,Inside,Mod,Blueste,PosN,Norm,1Fam,2Story,4,8,1996,1969,Hip,ClyTile,CemntBd,Other,BrkFace,188.9,Gd,Gd,CBlock,NA,Gd,Av,LwQ,5016.9,GLQ,106.0,233.7,2228.6,GasA,Ex,N,FuseP,1683.5,1867.6,0.0,1646.4,3,2,2,2,1,2,TA,12,Maj2,0,,BuiltIn,1990.0,Unf,2,353.2,TA,Gd,P,810.7,316.6,377.7,201.3,142.9,78.0,,,,6129.3,11,2010,New,AdjLand,357431
458,75,RL,124.6,211729.3,Pave,,IR2,Low,NoSeWa,FR3,Sev,SWISU,RRNe,Norm,Twnhs,1Story,10,7,2002,1962,Gable,WdShake,HdBoard,Plywood,Stone,90.0,TA,Fa,Wood,Fa,Gd,Mn,BLQ,3621.2,LwQ,935.3,2181.8,3957.5,Wall,Fa,N,FuseP,3387.3,1878.1,0.0,4716.2,2,2,2,2,5,0,Ex,9,Min2,3,,CarPort,1971.0,NA,1,1067.0,Gd,,Y,144.6,546.5,277.5,300.2,314.3,384.0,,,,13703.9,6,2009,Con,Normal,690697
459,90,RM,296.0,56855.3,Pave,,Reg,Lvl,NoSeWa,FR3,Mod,Crawfor,Feedr,Artery,1Fam,1.5Unf,5,3,2001,1962,Shed,CompShg,HdBoard,BrkFace,None,659.2,Ex,Ex,Wood,Gd,Po,Gd,GLQ,3632.2,ALQ,1008.8,257.9,1413.9,OthW,TA,Y,FuseF,1311.0,896.7,0.0,1991.5,0,1,3,1,6,3,Gd,7,Maj2,3,Gd,CarPort,1962.0,Unf,2,48.2,Gd,TA,Y,627.6,429.5,187.6,10.6,101.6,437.0,,,,6593.2,6,2008,VWD,Alloca,370237
460,90,RL,216.2,208767.5,Grvl,,IR2,Low,AllPub,CulDSac,Gtl,SawyerW,RRNn,Artery,2FmCon,1.5Unf,7,1,1983,1992,Mansard,Roll,CemntBd,ImStucc,Stone,926.3,TA,Fa,CBlock,Ex,Po,Av,BLQ,5091.9,Rec,786.8,1482.4,3412.3,Floor,Po,Y,FuseA,3043.5,194.9,0.0,1766.6,3,2,0,0,2,0,Ex,8,Min1,0,Ex,Detchd,1968.0,RFn,2,1032.9,Fa,TA,Y,210.6,66.0,182.7,450.4,435.6,527.0,,,,1970.3,12,2010,ConLD,Family,413624
461,30,RL,,93560.3,Grvl,,Reg,HLS,NoSeWa,Inside,Gtl,ClearCr,Artery,PosN,Twnhs,SFoyer,5,6,1998,1960,Gable,Metal,Stucco,Wd Sdng,BrkCmn,628.3,Fa,TA,Slab,TA,Po,No,BLQ,2869.1,Unf,983.1,1570.7,4807.3,OthW,Ex,Y,FuseA,2904.1,1500.3,0.0,5118.6,1,0,0,2,5,1,Ex,2,Maj1,2,Fa,2Types,1999.0,RFn,1,1167.8,NA,TA,N,364.2,371.3,31.9,56.4,410.1,340.0,,,,4821.7,8,2009,ConLD,Abnorml,586272
462,50,RM,126.7,75649.9,Pave,,IR2,HLS,NoSeWa,Inside,Gtl,BrkSide,RRNn,Artery,TwnhsE,1.5Fin,1,8,1892,1997,Shed,CompShg,Stone,AsphShn,None,924.4,Fa,Gd,Stone,Ex,Gd,Av,GLQ,2317.0,Rec,344.5,1588.2,5297.6,OthW,Gd,N,SBrkr,4563.1,695.8,0.0,584.8,3,0,2,0,5,0,Fa,2,Mod,0,Ex,NA,2001.0,Fin,0,93.7,Ex,,N,853.6,407.7,496.6,24.2,223.2,58.0,,,,3433.6,2,2008,Oth,Alloca,178354
463,160,C,,12072.0,Grvl,,IR1,Lvl,NoSeWa,Inside,Gtl,NridgHt,Artery,PosN,Duplex,2.5Unf,7,6,1960,1964,Gable,WdShake,VinylSd,VinylSd,BrkFace,824.1,Ex,Gd,CBlock,TA,NA,No,Rec,4888.4,BLQ,721.7,619.9,642.3,Wall,Po,Y,Mix,598.9,1641.5,0.0,3841.2,2,0,0,1,7,3,Gd,10,Sev,2,,Basment,1942.0,NA,4,87.7,Po,Po,Y,86.2,281.3,424.7,109.2,91.5,705.0,,,,10646.9,2,2009,VWD,Normal,422723
464,20,RH,24.0,12588.9,Pave,,IR2,HLS,NoSeWa,CulDSac,Mod,NWAmes,Norm,RRNn,1Fam,1.5Fin,8,5,1918,1966,Gambrel,Membran,ImStucc,BrkFace,BrkFace,1097.1,Gd,Fa,Slab,Ex,Gd,NA,ALQ,4190.2,Rec,576.2,771.7,2177.4,GasW,Gd,N,FuseF,805.2,338.0,0.0,563.1,2,2,3,0,0,1,Fa,6,Typ,1,TA,2Types,1993.0,RFn,1,404.8,Gd,Fa,P,755.3,43.1,344.1,255.2,238.3,636.0,,,,14120.9,1,2010,VWD,Abnorml,381915
465,120,RH,,149352.3,Pave,,IR3,Bnk,AllPub,Corner,Mod,BrDale,Norm,Feedr,Duplex,2.5Fin,7,8,1956,2003,Gable,ClyTile,WdShing,Wd Sdng,None,1039.3,Ex,Ex,CBlock,Gd,NA,Gd,Rec,5356.0,Rec,132.2,1281.7,3908.2,GasA,TA,N,FuseP,2539.5,1114.1,0.0,4584.5,1,0,0,1,3,1,Fa,8,Typ,3,,Attchd,1959.0,Unf,4,295.4,Ex,Gd,N,810.8,19.0,218.6,167.0,71.6,543.0,,GdPrv,,11369.1,6,2009,New,AdjLand,584935
466,180,RL,,99271.6,Grvl,,IR1,HLS,AllPub,FR3,Gtl,MeadowV,PosA,Norm,TwnhsE,SFoyer,4,2,1999,1999,Hip,Metal,VinylSd,Other,None,678.8,Gd,Po,PConc,Gd,Gd,Gd,ALQ,5306.0,GLQ,922.1,466.2,212.2,Floor,Po,Y,FuseA,2631.1,1049.2,0.0,4736.5,2,1,0,1,0,0,TA,7,Mod,3,NA,Attchd,2000.0,Fin,0,824.0,Gd,Fa,P,598.4,513.0,321.5,223.6,129.5,689.0,,NA,,13076.1,6,2007,COD,AdjLand,434044
467,190,RL,199.9,49763.2,Grvl,,IR2,Low,AllPub,CulDSac,Mod,CollgCr,RRNe,Artery,TwnhsE,1Story,8,1,1943,1977,Gambrel,ClyTile,Stone,Wd Sdng,BrkFace,680.0,Fa,Po,Slab,Gd,NA,Gd,GLQ,2157.8,GLQ,729.9,47.4,4219.7,Wall,Ex,Y,SBrkr,508.0,207.1,0.0,5075.9,0,0,1,1,7,0,Ex,5,Typ,1,Po,NA,1928.0,RFn,1,957.8,Gd,Ex,P,8.5,140.9,267.8,42.8,231.7,218.0,,,,12490.2,6,2009,ConLD,Normal,588876
468,20,C,276.1,132655.9,Pave,,IR1,Bnk,AllPub,CulDSac,Sev,Veenker,RRAn,Norm,2FmCon,SLvl,5,1,1913,1968,Mansard,ClyTile,WdShing,HdBoard,BrkCmn,225.2,Fa,TA,PConc,TA,Gd,NA,Rec,2522.8,Rec,405.6,1313.2,3226.3,GasA,Gd,Y,FuseP,3933.1,750.3,0.0,1321.8,2,2,0,2,1,1,Ex,2,Maj2,1,,CarPort,1985.0,NA,3,899.2,Ex,Fa,P,703.4,207.3,151.2,118.4,10.1,99.0,,,,226.4,11,2006,New,Alloca,365881
469,50,FV,232.4,55397.7,Pave,,IR1,Low,AllPub,CulDSac,Sev,CollgCr,Artery,RRNn,TwnhsE,1Story,10,4,1880,1953,Mansard,WdShngl,Stucco,AsbShng,None,821.2,Ex,Ex,PConc,Gd,NA,No,LwQ,1444.8,Unf,698.2,1086.9,1763.1,Grav,Ex,Y,SBrkr,2490.0,175.0,0.0,994.8,1,1,0,2,7,2,Fa,5,Sal,3,,CarPort,1977.0,RFn,2,506.7,TA,Fa,Y,756.1,435.0,164.8,49.6,367.5,102.0,,,,1927.7,2,2006,Con,Abnorml,326712
470,120,RM,56.2,124881.4,Grvl,,IR3,Lvl,AllPub,Inside,Sev,MeadowV,RRNn,Feedr,TwnhsE,2.5Unf,9,6,1896,1971,Mansard,ClyTile,CBlock,HdBoard,,939.5,TA,Ex,Slab,NA,Fa,NA,Unf,3728.7,LwQ,1142.8,1534.1,4977.5,GasA,Po,Y,FuseP,1844.7,959.7,0.0,3006.8,2,0,2,0,2,3,Ex,11,Maj2,1,,BuiltIn,,Fin,1,706.7,TA,Ex,P,840.7,377.0,482.7,116.7,94.5,629.0,,MnPrv,,6562.4,7,2009,CWD,AdjLand,485823
471,150,RL,284.5,78150.9,Grvl,,IR2,Lvl,AllPub,CulDSac,Sev,NoRidge,RRNe,Artery,1Fam,2Story,10,9,1873,1971,Shed,Membran,MetalSd,BrkFace,Stone,762.4,Fa,Fa,Wood,TA,Fa,Gd,NA,2057.5,ALQ,1181.6,342.7,1772.2,Grav,Ex,Y,FuseP,1723.6,1740.6,0.0,1775.8,1,1,2,2,7,3,Gd,11,Typ,0,,Detchd,1910.0,Unf,1,907.5,Fa,Gd,P,719.3,529.8,350.5,357.3,416.0,118.0,,,,1737.4,3,2006,Oth,AdjLand,387782
472,190,RH,40.4,177494.9,Grvl,,IR1,Lvl,NoSeWa,Corner,Sev,NoRidge,PosA,PosN,Duplex,2.5Unf,5,1,1890,2004,Flat,Tar&Grv,Stucco,Stucco,None,521.1,Ex,Gd,Wood,Gd,TA,Gd,LwQ,4436.8,Unf,957.4,1964.4,6057.5,GasA,Po,Y,FuseA,4088.0,558.0,0.0,3552.2,2,0,1,2,5,3,Ex,9,Sev,0,,NA,1934.0,NA,0,169.3,Po,Gd,P,381.9,50.8,0.8,292.2,10.7,6.0,,,,11391.5,1,2009,CWD,Alloca,454155
473,40,C,176.9,176883.8,Grvl,,IR3,Low,AllPub,FR2,Gtl,IDOTRR,RRNe,PosN,1Fam,2.5Fin,1,1,1891,1986,Gambrel,WdShngl,BrkComm,BrkFace,BrkCmn,1154.6,Ex,Gd,Slab,Gd,NA,Gd,Rec,686.0,GLQ,689.5,341.6,4988.0,Grav,Fa,Y,FuseA,1191.4,1579.4,0.0,3061.0,3,2,3,0,0,3,Fa,14,Min1,2,NA,Basment,1922.0,Unf,3,325.4,Ex,Ex,Y,590.2,386.7,180.4,169.7,255.4,387.0,,,,1087.9,1,2009,WD,Normal,381004
474,45,RM,62.5,103426.7,Grvl,Pave,Reg,Low,AllPub,CulDSac,Mod,Mitchel,PosA,Artery,1Fam,1Story,9,5,1941,1988,Gambrel,Roll,VinylSd,CBlock,None,119.5,Fa,Ex,CBlock,Ex,NA,,LwQ,657.0,NA,848.7,2082.2,4325.8,OthW,Ex,N,FuseP,1033.1,378.8,0.0,1102.9,1,1,1,1,6,3,Ex,13,Typ,2,TA,Attchd,1971.0,RFn,1,1262.7,Gd,Gd,N,415.8,45.0,187.6,132.7,372.8,477.0,,,,6451.7,9,2009,VWD,Normal,423738
475,40,C,24.4,76356.0,Grvl,,Reg,Lvl,AllPub,Corner,Gtl,NPkVill,RRNe,Artery,Twnhs,1.5Fin,5,10,1888,1983,Gambrel,WdShngl,Plywood,VinylSd,BrkCmn,1463.1,Gd,Po,CBlock,NA,NA,No,GLQ,1153.9,Unf,567.5,1050.1,374.8,Floor,Fa,Y,FuseA,1263.0,1391.3,0.0,4258.0,2,0,0,1,6,1,Fa,12,Sal,2,Fa,Detchd,,NA,3,485.4,TA,Po,N,302.5,0.1,389.9,506.7,114.2,521.0,,,,6080.5,3,2006,ConLw,Normal,408913
476,190,RM,144.2,78867.9,Pave,,IR1,Low,AllPub,Inside,Gtl,CollgCr,Artery,RRNn,Twnhs,SLvl,6,5,1995,1982,Hip,CompShg,CemntBd,Other,BrkFace,33.0,TA,TA,Stone,NA,TA,Av,LwQ,475.7,Unf,186.5,1284.3,5525.3,Wall,Gd,Y,FuseF,3057.8,1890.6,0.0,4600.5,0,0,0,0,5,3,Gd,14,Min1,0,,Basment,1936.0,Fin,4,1136.0,Po,NA,P,536.8,65.8,386.7,390.1,339.6,280.0,,,,8423.4,8,2008,ConLI,AdjLand,575420
477,20,RM,107.2,173678.6,Pave,,IR1,Lvl,AllPub,FR2,Gtl,MeadowV,Feedr,Feedr,2FmCon,2.5Unf,4,5,1960,1993,Gambrel,WdShngl,MetalSd,CemntBd,None,1539.8,TA,Fa,CBlock,TA,Gd,Av,Unf,3499.5,LwQ,568.4,2094.4,4827.2,OthW,Ex,Y,FuseP,3868.0,668.9,0.0,5445.8,1,1,3,2,0,2,TA,2,Typ,3,Gd,,,RFn,1,355.9,NA,Fa,N,659.7,337.3,256.2,417.6,346.0,41.0,,,,9755.4,10,2009,CWD,AdjLand,579169
478,190,RL,,71512.4,Grvl,,IR1,Lvl,AllPub,FR3,Mod,NWAmes,PosN,Artery,2FmCon,SFoyer,6,10,1965,1991,Hip,Tar&Grv,MetalSd,CBlock,None,739.8,Gd,Ex,Wood,NA,Fa,Mn,Unf,831.7,Unf,781.7,700.6,1399.3,GasW,Ex,N,FuseA,1776.4,1859.4,0.0,2433.5,1,1,3,0,4,2,Fa,3,Maj2,2,,NA,1994.0,Fin,3,59.0,,Gd,Y,545.0,369.9,524.9,13.4,306.2,558.0,,,,14677.8,7,2009,ConLw,AdjLand,430802
479,20,C,189.5,46027.2,Pave,,IR3,Low,NoSeWa,FR3,Sev,Edwards,RRNn,PosN,TwnhsE,1Story,8,6,1955,1989,Shed,Metal,BrkFace,MetalSd,BrkCmn,660.3,Fa,TA,Slab,Gd,TA,No,LwQ,902.8,Rec,882.7,424.7,2396.6,Wall,Gd,N,SBrkr,1089.9,1043.7,0.0,2126.7,2,1,2,0,0,0,Fa,9,Typ,0,Fa,NA,1957.0,RFn,2,709.6,Ex,Fa,Y,708.4,239.8,481.5,30.3,174.8,95.0,,,,4203.4,2,2007,Con,Family,478301
480,120,C,,19418.6,Pave,,IR3,Bnk,NoSeWa,Inside,Gtl,Blmngtn,Artery,Feedr,2FmCon,SLvl,3,8,2002,1982,Mansard,Metal,HdBoard,WdShing,BrkCmn,410.3,Fa,Ex,CBlock,TA,Fa,NA,ALQ,80.3,BLQ,1379.4,1041.3,1641.3,OthW,Ex,Y,SBrkr,1245.7,654.2,0.0,1354.5,3,1,0,2,0,0,Ex,3,Sal,3,Gd,BuiltIn,1952.0,Unf,0,1265.5,Ex,NA,Y,151.2,25.2,478.1,362.0,376.8,503.0,,GdPrv,,10322.8,2,2007,Con,Family,331256
481,120,RH,56.9,101146.7,Pave,,IR2,Lvl,NoSeWa,Inside,Mod,SWISU,RRNn,Artery,2FmCon,2.5Unf,5,3,1958,1961,Flat,Membran,AsphShn,ImStucc,Stone,16.1,Gd,TA,Slab,Fa,Po,,Unf,4414.1,GLQ,1145.8,570.8,6014.8,GasA,Po,Y,SBrkr,3032.4,1851.3,0.0,1294.0,3,0,0,0,5,0,TA,12,Min2,1,Gd,Detchd,,Fin,3,1161.7,,NA,N,320.3,346.8,192.2,97.5,301.6,245.0,,,,543.8,4,2010,WD,AdjLand,411040
482,160,RH,184.1,104449.8,Pave,,Reg,HLS,NoSeWa,FR3,Gtl,IDOTRR,Norm,Feedr,TwnhsE,2.5Fin,2,9,1922,1951,Gable,Tar&Grv,HdBoard,CBlock,BrkCmn,439.7,Fa,TA,Stone,Ex,TA,Av,ALQ,4584.6,Unf,224.0,1233.0,5219.1,Wall,Fa,Y,Mix,1406.2,66.2,0.0,2038.2,2,0,0,2,7,0,Gd,14,Sev,0,,2Types,1941.0,Unf,0,358.7,TA,Gd,P,267.9,46.9,237.9,216.2,283.4,223.0,,MnWw,,15.6,2,2006,VWD,AdjLand,277822
483,150,RL,121.2,181208.2,Pave,,IR1,Bnk,NoSeWa,Inside,Mod,MeadowV,Norm,RRNn,Duplex,SLvl,2,1,1953,2008,Flat,CompShg,AsbShng,BrkComm,BrkFace,175.0,TA,Gd,Slab,,TA,Gd,BLQ,914.5,GLQ,256.7,643.0,5683.7,GasA,TA,N,SBrkr,4157.2,57.9,0.0,5545.5,2,0,0,2,0,1,TA,13,Sev,1,Fa,CarPort,1990.0,Unf,1,1290.3,Fa,Fa,P,166.4,77.5,231.3,93.6,393.2,113.0,,,,393.1,5,2008,Oth,AdjLand,590681
484,160,RL,233.9,48632.9,Pave,,IR1,Bnk,AllPub,FR3,Gtl,MeadowV,Feedr,Artery,TwnhsE,1.5Fin,7,4,1879,1977,Flat,Membran,BrkComm,HdBoard,None,1055.7,Ex,Fa,Stone,Fa,Fa,Av,GLQ,4173.9,BLQ,148.1,2019.4,4819.4,OthW,Po,Y,SBrkr,786.8,1238.6,0.0,823.7,0,2,0,0,1,2,Fa,11,Sal,2,,CarPort,2003.0,Fin,1,680.2,Fa,Ex,P,379.8,280.4,243.0,90.0,117.4,543.0,,,,6958.1,12,2009,New,Partial,349662
485,50,FV,211.5,82811.2,Pave,,IR3,Bnk,NoSeWa,Inside,Sev,ClearCr,Feedr,Artery,TwnhsE,2Story,10,9,1992,1959,Shed,Tar&Grv,VinylSd,CBlock,BrkCmn,510.5,TA,Fa,Stone,TA,NA,Av,LwQ,2446.9,Rec,1088.1,1418.7,2788.3,Wall,TA,Y,FuseF,475.1,1645.3,0.0,1710.7,2,1,0,1,4,1,Gd,10,Sev,3,,NA,1984.0,NA,4,69.5,Fa,Ex,N,812.3,186.2,490.8,55.4,111.6,329.0,,,,8602.7,10,2009,CWD,Family,457587
486,60,RH,267.9,174254.4,Pave,,IR3,Bnk,AllPub,FR3,Mod,CollgCr,RRNe,Feedr,Duplex,1.5Unf,10,8,1875,1971,Flat,ClyTile,ImStucc,ImStucc,Stone,1227.5,TA,Gd,Stone,Fa,Po,Av,GLQ,1352.3,GLQ,1040.8,0.6,1255.2,OthW,Gd,N,FuseF,719.2,1551.9,0.0,790.4,1,0,0,2,7,2,Gd,4,Mod,0,Gd,Basment,1972.0,Fin,0,39.6,Po,Ex,P,461.1,254.2,137.5,301.9,185.5,502.0,,,,96.3,12,2006,VWD,Abnorml,301286
487,40,RM,,177510.2,Grvl,,IR2,Lvl,NoSeWa,Corner,Gtl,StoneBr,Artery,Artery,TwnhsE,SLvl,10,10,1957,1966,Gable,Metal,Stone,BrkFace,Stone,331.1,TA,Po,PConc,NA,Fa,Mn,,3507.1,NA,1453.9,1881.6,1271.4,GasW,Gd,N,Mix,4019.3,164.1,0.0,1786.4,2,1,0,1,3,1,TA,4,Min2,2,Ex,2Types,1992.0,RFn,2,687.9,Po,Po,N,245.4,347.4,442.8,375.6,35.1,152.0,,,,6144.4,7,2010,ConLI,Normal,420709
488,120,C,146.5,83585.6,Grvl,,Reg,Lvl,NoSeWa,Inside,Sev,Blueste,PosA,Feedr,Twnhs,SLvl,6,9,1999,1975,Hip,Membran,Stucco,Other,BrkCmn,1440.4,Fa,Fa,Wood,Gd,TA,Mn,ALQ,1007.4,Rec,769.5,771.4,926.8,OthW,Ex,Y,FuseF,3172.1,1962.3,0.0,824.5,0,1,2,2,4,2,Fa,7,Typ,2,Gd,NA,1960.0,Fin,2,774.7,TA,Po,N,303.4,87.5,283.8,28.9,161.9,216.0,,,,633.3,2,2010,ConLw,Abnorml,271661
489,80,RL,217.5,99527.3,Grvl,Pave,IR1,Lvl,NoSeWa,FR3,Sev,NWAmes,Feedr,Feedr,2FmCon,1Story,4,1,1981,1952,Mansard,Tar&Grv,AsbShng,AsphShn,Stone,836.8,Gd,Gd,BrkTil,Fa,NA,Mn,Unf,4271.9,LwQ,1218.1,748.0,3340.0,Floor,Po,N,FuseA,4507.9,1451.8,0.0,3032.1,2,0,1,1,4,0,TA,4,Sal,3,Fa,CarPort,1978.0,RFn,3,113.3,Ex,Ex,P,525.4,488.5,137.5,140.0,195.0,488.0,,,,10125.9,9,2007,ConLw,Family,397902
490,50,C,101.4,66186.5,Grvl,,IR3,HLS,NoSeWa,Inside,Mod,Gilbert,Norm,Artery,TwnhsE,SFoyer,5,9,1970,1956,Shed,CompShg,AsphShn,BrkFace,None,183.2,Fa,TA,Wood,Fa,Po,NA,NA,268.7,NA,849.7,894.8,5621.0,GasW,TA,N,SBrkr,1799.6,1959.9,0.0,2660.8,2,1,0,0,2,2,Ex,10,Min1,1,Po,2Types,1932.0,Fin,2,1307.7,Ex,Fa,Y,302.3,306.0,291.1,334.5,237.6,271.0,,,,9784.1,1,2006,ConLw,Alloca,466366
491,75,C,110.4,200815.5,Pave,,Reg,Lvl,NoSeWa,FR3,Sev,MeadowV,RRAn,PosN,1Fam,1Story,1,3,1908,1993,Gable,ClyTile,Wd Sdng,HdBoard,BrkFace,641.4,Gd,TA,Slab,NA,NA,Mn,LwQ,5413.3,GLQ,1288.4,1472.3,6059.9,OthW,Fa,Y,FuseA,1260.9,679.6,0.0,1257.9,1,1,2,2,5,0,Fa,12,Sal,2,,CarPort,1954.0,Unf,0,1018.4,Gd,Ex,P,461.4,12.1,107.9,199.3,121.9,399.0,,,,12154.9,2,2010,COD,Normal,298252
492,150,FV,251.4,26683.2,Grvl,,IR2,Lvl,NoSeWa,FR3,Mod,SawyerW,Artery,RRNn,2FmCon,1.5Fin,7,10,1942,1957,Mansard,Membran,Plywood,ImStucc,Stone,330.8,Ex,Fa,Wood,TA,Fa,NA,,405.7,Rec,1062.8,1032.7,1755.4,Wall,Po,N,Mix,2783.1,1433.0,0.0,1261.9,3,1,0,0,4,2,Gd,9,Typ,3,Po,Basment,1936.0,Fin,1,1136.2,Gd,Ex,Y,235.0,343.8,59.7,358.0,435.3,349.0,,,,8467.0,7,2010,ConLw,Family,350322
493,20,RH,151.4,201071.0,Grvl,,Reg,HLS,AllPub,FR2,Mod,StoneBr,Artery,Feedr,Twnhs,SLvl,8,9,1904,1969,Hip,ClyTile,BrkFace,MetalSd,BrkCmn,319.5,Ex,TA,CBlock,Gd,NA,,BLQ,3270.4,LwQ,947.6,1468.5,4260.6,GasA,Gd,Y,FuseA,2677.9,1775.8,0.0,3657.4,2,1,3,0,1,1,TA,5,Sev,3,,2Types,1946.0,NA,0,828.1,Gd,TA,Y,296.5,253.4,462.7,385.7,136.8,421.0,,GdWo,,9655.7,12,2008,Con,Normal,522413
494,160,RL,,147609.8,Pave,,IR1,Lvl,NoSeWa,Inside,Sev,Gilbert,Feedr,PosN,Twnhs,2Story,9,1,1902,1961,Mansard,WdShngl,Stucco,AsphShn,BrkCmn,810.2,TA,Fa,BrkTil,Gd,TA,No,Rec,5092.0,Unf,833.0,342.9,3648.3,Wall,Po,Y,FuseA,2909.7,785.7,0.0,2388.8,0,1,0,0,3,3,Ex,7,Maj1,0,Gd,Basment,1935.0,Fin,0,940.9,Po,Po,Y,604.8,383.8,386.0,16.4,408.7,260.0,,GdWo,,4331.0,5,2007,ConLw,AdjLand,447479
495,50,C,261.1,115027.2,Grvl,Pave,IR3,Low,NoSeWa,Corner,Sev,NoRidge,RRAe,Feedr,TwnhsE,SLvl,8,1,1996,1984,Hip,WdShngl,CBlock,Other,None,1075.0,Gd,Ex,Wood,Ex,TA,Mn,NA,67.2,GLQ,1065.7,2266.3,2987.4,OthW,Fa,Y,FuseA,1848.6,1992.4,0.0,632.3,2,0,1,2,3,2,Gd,9,Maj1,2,NA,2Types,1927.0,RFn,1,550.0,Fa,Po,N,501.0,428.9,113.1,193.5,213.6,518.0,,,,1324.5,1,2007,ConLI,AdjLand,378800
496,180,RL,271.4,8287.2,Grvl,,IR1,Low,NoSeWa,CulDSac,Mod,Gilbert,Feedr,PosN,Duplex,2Story,5,9,1883,1966,Gable,Roll,Wd Sdng,Plywood,BrkFace,1458.6,TA,Gd,BrkTil,Gd,Gd,No,BLQ,2813.6,ALQ,618.6,1704.4,4067.8,Floor,Po,Y,FuseF,359.7,547.2,0.0,5218.4,2,0,2,0,6,1,Ex,5,Maj1,1,Fa,BuiltIn,1909.0,RFn,0,963.2,TA,Ex,N,80.1,513.5,520.1,370.4,344.7,716.0,,,,11428.2,4,2007,CWD,Alloca,539377
497,40,RM,288.7,103051.4,Pave,,Reg,Lvl,NoSeWa,CulDSac,Sev,NoRidge,RRNn,Artery,1Fam,1.5Unf,3,6,1882,1977,Gable,Metal,AsbShng,CBlock,BrkCmn,803.5,Fa,Po,Wood,Gd,Po,No,ALQ,1975.4,NA,142.4,584.5,2269.0,OthW,Ex,N,SBrkr,486.7,651.7,0.0,2483.5,1,1,3,0,6,3,Fa,14,Maj1,1,,BuiltIn,1922.0,NA,2,1387.1,Fa,Ex,Y,834.0,546.1,13.5,192.2,53.2,263.0,,,,9483.9,8,2010,ConLI,Abnorml,393159
498,120,FV,146.8,88535.7,Grvl,,IR3,Bnk,AllPub,Inside,Mod,Edwards,PosA,RRNn,TwnhsE,2Story,10,4,1959,1990,Mansard,Roll,AsbShng,CBlock,BrkFace,1545.3,Gd,Fa,PConc,Gd,Fa,Gd,BLQ,3275.4,NA,58.9,1691.7,5770.8,OthW,Fa,N,FuseA,3227.0,1900.5,0.0,3471.3,3,1,3,2,8,1,Ex,6,Sev,2,Po,NA,1991.0,NA,3,918.5,Ex,TA,Y,42.3,300.6,184.0,3.0,261.4,317.0,,,,14544.1,5,2009,Con,Abnorml,650937
499,20,RM,,35792.0,Grvl,,IR2,Lvl,AllPub,FR3,Sev,IDOTRR,PosN,PosN,Duplex,1.5Unf,9,7,1943,1959,Shed,CompShg,Plywood,CBlock,Stone,1506.6,TA,Po,Slab,Gd,NA,Mn,ALQ,1272.5,Rec,706.1,1343.3,4310.3,Grav,TA,Y,FuseP,2614.4,2002.3,0.0,5033.8,3,1,0,0,1,3,Gd,8,Typ,1,,Detchd,1997.0,Unf,3,484.4,Gd,TA,Y,71.1,307.1,12.0,170.8,461.2,713.0,,MnWw,,15333.0,12,2010,ConLD,Abnorml,598582
500,45,RL,191.0,141735.6,Pave,,IR2,HLS,NoSeWa,FR3,Mod,IDOTRR,PosN,Norm,Twnhs,2.5Unf,6,5,1903,1971,Mansard,WdShngl,Wd Sdng,VinylSd,None,1384.1,Fa,Gd,Slab,NA,TA,Mn,ALQ,366.3,LwQ,883.4,255.1,4608.2,GasW,Gd,N,SBrkr,3912.0,588.9,0.0,2468.7,3,2,1,2,5,0,Ex,9,Maj1,3,TA,2Types,1904.0,NA,0,404.5,Fa,Po,P,601.1,12.3,78.5,443.3,319.8,115.0,,,,13132.9,2,2010,ConLw,Alloca,460172
501,180,RL,129.4,209072.9,Pave,,IR3,Bnk,NoSeWa,Corner,Sev,NWAmes,PosA,Feedr,2FmCon,2.5Unf,5,10,1928,1987,Flat,ClyTile,Wd Sdng,AsbShng,Stone,800.0,Ex,Gd,CBlock,Ex,Gd,Av,NA,3532.8,Unf,116.2,416.3,1481.2,GasA,Po,N,SBrkr,1643.2,281.6,0.0,4690.1,2,1,1,0,1,2,TA,8,Mod,3,,BuiltIn,1981.0,Fin,1,1366.0,Ex,Po,Y,606.8,473.2,99.4,483.6,393.7,211.0,,,,15277.1,9,2006,New,Partial,474496
502,150,RH,196.5,121577.5,Grvl,,IR2,HLS,AllPub,Inside,Sev,SawyerW,RRNn,PosN,Twnhs,1.5Unf,3,7,1957,2006,Flat,ClyTile,Stucco,WdShing,BrkFace,225.4,TA,Ex,PConc,Fa,Fa,Av,GLQ,2352.7,ALQ,422.9,96.5,1030.0,GasW,Fa,N,FuseP,3887.8,1567.4,0.0,5189.5,1,2,0,1,8,1,Fa,9,Typ,2,TA,BuiltIn,1905.0,RFn,4,262.3,Gd,Po,N,16.2,15.7,447.3,284.7,125.3,159.0,,,,10035.4,1,2007,ConLw,Abnorml,451293
503,50,C,227.0,154217.9,Grvl,,IR2,Low,NoSeWa,CulDSac,Gtl,SWISU,RRNn,RRNn,TwnhsE,2Story,6,8,1890,1982,Mansard,WdShngl,CBlock,Other,BrkCmn,348.6,Gd,Gd,Wood,Ex,TA,No,Unf,3513.3,Rec,474.7,1890.4,2409.4,OthW,Ex,Y,Mix,2188.3,1919.8,0.0,1257.9,1,2,0,0,1,2,Ex,5,Min2,1,,NA,1941.0,NA,0,1143.2,Fa,Po,Y,550.8,346.1,548.2,155.6,384.1,476.0,,GdWo,,1425.2,1,2007,ConLw,Normal,336646
504,190,C,222.0,15944.6,Grvl,,IR3,HLS,NoSeWa,Corner,Gtl,IDOTRR,RRNn,RRNn,Duplex,2.5Fin,3,8,1987,1971,Flat,WdShngl,AsphShn,HdBoard,BrkCmn,1036.3,Gd,TA,Wood,TA,Fa,Av,LwQ,1188.3,GLQ,829.6,1288.8,4684.4,OthW,Ex,N,Mix,755.4,1240.5,0.0,5071.3,2,2,2,1,5,0,Ex,2,Sal,3,,BuiltIn,1946.0,NA,0,659.7,Fa,Fa,P,28.5,53.9,478.8,236.8,168.6,640.0,,GdPrv,,1392.4,10,2008,Oth,Normal,507730
505,70,RM,,90657.8,Pave,,IR1,Lvl,NoSeWa,Inside,Mod,Sawyer,RRAe,RRNn,TwnhsE,SFoyer,10,1,1885,1993,Mansard,WdShake,CBlock,Other,None,674.8,Fa,Po,Wood,Fa,TA,Gd,Rec,1911.9,Unf,410.5,739.9,5736.0,GasW,TA,N,SBrkr,4595.7,1310.3,0.0,970.1,1,0,2,2,7,0,Gd,7,Sal,2,,Attchd,1986.0,Fin,4,629.3,Fa,Ex,P,823.4,156.4,350.6,120.0,232.8,147.0,,,,12510.4,5,2007,New,AdjLand,454381
506,20,FV,69.7,26194.3,Grvl,,Reg,Low,AllPub,Inside,Gtl,SawyerW,RRNe,PosN,Twnhs,1Story,6,8,1904,1986,Gambrel,WdShngl,CBlock,WdShing,Stone,234.9,TA,Gd,Wood,Ex,Fa,Mn,ALQ,3170.1,Rec,141.0,295.1,2611.0,GasW,Gd,N,FuseF,2565.0,1575.5,0.0,1794.4,3,2,0,1,5,2,TA,6,Typ,3,,2Types,,Unf,3,1060.0,NA,Fa,Y,596.6,76.8,399.1,85.4,90.2,446.0,,,,3671.3,9,2010,CWD,Family,350264
507,190,C,146.7,132404.6,Grvl,,IR1,Bnk,AllPub,Inside,Gtl,Somerst,Artery,PosN,1Fam,1.5Unf,4,6,1881,1962,Flat,ClyTile,BrkComm,BrkComm,BrkFace,766.4,Ex,Gd,BrkTil,Ex,TA,Gd,ALQ,3347.5,LwQ,243.0,1130.7,4730.1,Floor,Ex,Y,Mix,3077.3,316.1,0.0,4624.0,1,1,0,2,2,1,TA,12,Min1,2,,Detchd,2004.0,RFn,3,209.9,NA,Gd,Y,159.9,75.2,288.6,250.7,233.1,77.0,,,,945.3,6,2006,Oth,AdjLand,477030
508,40,RH,62.6,202083.6,Grvl,,Reg,Lvl,AllPub,FR2,Mod,NridgHt,PosA,Artery,Twnhs,2.5Unf,2,4,1951,1976,Mansard,ClyTile,Stucco,AsbShng,BrkCmn,27.9,TA,Po,Wood,Ex,NA,Mn,NA,2101.3,GLQ,256.4,1227.0,2874.2,GasW,Gd,N,Mix,3257.3,2010.2,0.0,5114.8,2,1,3,0,4,1,TA,5,Sev,0,,BuiltIn,,Unf,4,661.2,Gd,Po,P,135.5,40.8,233.2,374.2,247.5,261.0,,GdPrv,,7320.3,5,2008,WD,Abnorml,473158
509,190,RM,280.9,142884.0,Grvl,,Reg,Low,AllPub,Corner,Sev,Blueste,RRNn,Norm,TwnhsE,1.5Unf,8,8,1935,1964,Gambrel,WdShake,Wd Sdng,Stone,BrkCmn,1174.2,TA,Po,Slab,Ex,Po,NA,NA,1580.6,GLQ,1242.1,1639.8,1803.8,Grav,Fa,N,FuseA,1913.4,752.3,0.0,3965.4,2,0,1,1,3,1,TA,3,Sev,0,,Basment,1924.0,NA,1,50.8,Po,Po,Y,488.2,173.9,382.1,113.0,298.7,51.0,,GdWo,,4877.0,6,2010,COD,Abnorml,460651
510,30,RM,122.0,17731.6,Pave,,IR3,Bnk,NoSeWa,Inside,Sev,Somerst,PosA,PosN,Duplex,1.5Fin,4,3,1939,1971,Flat,Tar&Grv,ImStucc,ImStucc,None,117.7,Gd,Ex,PConc,Ex,TA,Mn,GLQ,1544.8,Unf,419.1,2265.8,4516.9,GasW,Po,Y,FuseA,3591.7,1297.3,0.0,890.4,0,0,2,0,0,2,Ex,2,Mod,2,TA,Attchd,1906.0,,0,950.6,Gd,Ex,P,542.9,231.7,537.2,462.0,416.9,257.0,,,,9116.3,6,2010,ConLI,AdjLand,308521
511,80,RH,66.1,77179.1,Pave,,IR2,Low,AllPub,Corner,Mod,NridgHt,RRNe,Artery,TwnhsE,2.5Unf,9,4,1963,1979,Gable,Metal,BrkComm,AsphShn,None,1006.6,Fa,Gd,Stone,Ex,Fa,Gd,Rec,986.0,GLQ,1053.5,1016.0,4877.0,OthW,TA,N,Mix,4126.6,967.7,0.0,3110.0,0,1,0,1,4,1,TA,10,Typ,0,,2Types,1965.0,NA,2,82.8,TA,Po,P,712.4,254.1,15.9,85.5,146.3,732.0,,,,9302.3,9,2008,ConLD,Family,537962
512,85,FV,28.4,119111.7,Grvl,,IR2,Bnk,NoSeWa,CulDSac,Gtl,StoneBr,PosA,Feedr,2FmCon,SFoyer,7,6,1996,1992,Mansard,Metal,WdShing,AsphShn,Stone,1268.8,Gd,TA,Slab,NA,TA,No,ALQ,1836.6,BLQ,837.0,948.5,1239.4,GasA,Ex,N,FuseF,2021.4,966.8,0.0,3373.5,1,0,0,2,4,1,Fa,13,Min2,0,,CarPort,1979.0,Fin,3,123.8,NA,Po,N,774.1,240.5,173.4,283.7,472.4,550.0,,GdWo,,10563.3,9,2010,ConLD,Normal,420598
513,180,RH,209.6,87564.3,Grvl,,Reg,Bnk,AllPub,Inside,Sev,Timber,PosA,Norm,2FmCon,2.5Fin,2,7,1951,1989,Gable,Membran,AsphShn,AsbShng,BrkCmn,212.2,Ex,TA,Wood,NA,Gd,Av,LwQ,1125.6,LwQ,1440.2,864.2,1864.6,Wall,Po,Y,FuseA,3197.2,1451.2,0.0,1830.1,1,0,2,2,6,3,TA,3,Min1,1,,NA,,RFn,3,1198.0,Gd,Fa,Y,336.4,286.5,182.2,394.4,406.9,247.0,,MnPrv,,8934.9,5,2010,CWD,Family,275928
514,60,FV,207.0,179654.0,Pave,,Reg,HLS,AllPub,FR3,Gtl,Blueste,Feedr,RRNn,Duplex,SFoyer,4,4,1930,1986,Shed,Membran,MetalSd,Wd Sdng,Stone,829.8,TA,Ex,BrkTil,Fa,NA,Av,NA,3577.3,ALQ,402.1,1931.7,3023.1,Floor,Ex,N,FuseF,3633.5,2054.0,0.0,5595.8,2,2,3,2,6,1,Gd,10,Maj2,0,Gd,Detchd,1965.0,Unf,3,628.1,Fa,Gd,N,723.4,470.3,228.7,108.4,193.4,287.0,,,,5904.2,4,2006,ConLw,Alloca,522656
515,85,RH,,175594.8,Pave,,IR3,Lvl,NoSeWa,Inside,Mod,Crawfor,RRAn,Norm,Twnhs,2Story,5,4,1968,1983,Flat,WdShake,AsbShng,Stone,BrkFace,1246.5,Ex,Gd,Stone,Gd,Gd,Gd,NA,3211.8,GLQ,233.4,365.2,1139.6,GasW,TA,Y,SBrkr,1162.6,1361.0,0.0,2115.5,0,2,3,2,1,0,TA,7,Min1,1,,BuiltIn,1935.0,RFn,1,285.0,Ex,Fa,N,464.8,345.6,346.0,150.6,108.8,253.0,,,,366.8,1,2006,Oth,Alloca,356969
516,40,RH,41.9,132198.2,Pave,,Reg,Bnk,NoSeWa,Inside,Gtl,CollgCr,PosN,Feedr,TwnhsE,SFoyer,3,7,1890,1993,Shed,CompShg,MetalSd,CBlock,Stone,417.0,Fa,Po,Stone,Ex,Fa,Av,LwQ,2159.3,LwQ,76.7,803.1,5675.2,GasW,Ex,Y,FuseF,1783.5,1639.7,0.0,1450.0,0,0,0,0,3,1,Gd,14,Sal,0,Gd,Basment,1901.0,NA,4,840.3,Ex,TA,Y,403.3,9.5,283.6,26.2,34.3,627.0,,,,14028.9,6,2006,ConLD,Alloca,307674
517,75,RL,140.6,81199.5,Pave,,IR1,Bnk,AllPub,Corner,Mod,Edwards,RRAn,PosN,2FmCon,1.5Fin,9,6,1893,2009,Gambrel,Membran,Stucco,CBlock,None,260.7,Fa,TA,Wood,Gd,TA,No,GLQ,1839.0,BLQ,355.2,1693.5,3613.1,GasW,TA,N,FuseA,808.1,57.0,0.0,918.6,3,1,1,0,0,2,Fa,7,Sal,0,,Attchd,1937.0,Fin,1,736.3,Fa,Po,N,599.0,94.6,10.3,479.5,112.5,708.0,,,,5067.3,7,2007,Oth,Abnorml,339816
518,160,RM,111.9,55927.9,Grvl,,Reg,HLS,AllPub,Corner,Mod,NAmes,RRNn,PosN,1Fam,1.5Fin,5,8,1880,1983,Mansard,Membran,Plywood,CBlock,Stone,538.9,TA,Gd,Stone,NA,,Av,,1341.1,BLQ,1008.3,36.7,740.6,Floor,Po,N,FuseP,2958.4,1673.5,0.0,2343.1,3,2,1,0,4,2,TA,3,Min2,3,Fa,Basment,1973.0,Fin,3,582.7,Po,Fa,N,88.4,190.9,227.2,247.4,424.6,213.0,,,,7860.8,7,2008,ConLD,Alloca,313815
519,75,RH,,23951.3,Pave,,IR1,Bnk,NoSeWa,FR2,Sev,IDOTRR,Artery,Artery,2FmCon,1.5Unf,2,1,1880,2007,Gambrel,WdShake,Stucco,CBlock,None,887.5,Fa,Ex,Wood,TA,Gd,NA,Rec,3022.1,Unf,125.7,676.0,1124.4,GasA,Fa,Y,FuseF,3824.5,619.5,0.0,4010.4,2,1,0,0,4,1,Fa,7,Sev,2,NA,Basment,1913.0,,0,1283.9,,Ex,N,227.4,519.1,341.9,32.7,140.2,91.0,,,,8632.5,1,2006,VWD,Partial,316755
520,30,RH,,77228.6,Pave,,IR3,Bnk,AllPub,Inside,Mod,Gilbert,Norm,PosN,Twnhs,SLvl,3,10,1898,1997,Gable,Roll,HdBoard,Plywood,,920.4,Ex,Ex,BrkTil,Ex,Po,Mn,GLQ,5186.3,GLQ,360.7,1498.4,5831.1,GasW,TA,Y,Mix,2996.0,261.6,0.0,1562.4,2,0,2,0,3,2,Ex,4,Maj2,0,,Attchd,1926.0,Unf,3,1062.7,Gd,NA,P,700.0,42.7,278.7,421.7,66.2,543.0,,GdPrv,,4880.2,6,2010,Con,Family,333158
521,190,C,127.5,89696.2,Grvl,,Reg,Low,AllPub,CulDSac,Sev,Crawfor,RRNe,PosN,Duplex,SFoyer,9,7,1888,2002,Mansard,WdShngl,HdBoard,VinylSd,BrkFace,209.4,TA,Po,PConc,Fa,NA,NA,GLQ,3870.1,LwQ,1260.7,434.4,4510.2,GasW,Fa,N,FuseF,1117.5,234.0,0.0,4418.7,2,1,1,2,6,2,TA,8,Min2,2,,Basment,1914.0,NA,0,215.0,Gd,Gd,N,432.0,388.4,481.4,289.2,10.9,604.0,,,,4781.5,8,2007,COD,Abnorml,539504
522,180,RM,84.6,145888.9,Grvl,,IR2,Lvl,AllPub,Corner,Mod,SWISU,Feedr,Norm,1Fam,2.5Unf,7,7,1916,1984,Shed,Membran,BrkFace,AsbShng,BrkCmn,732.1,Fa,Ex,Slab,Gd,TA,Mn,NA,4201.5,BLQ,859.3,707.1,4487.2,Floor,Gd,N,FuseF,2715.1,1403.9,0.0,1052.7,2,1,2,0,5,1,Fa,14,Min2,2,,BuiltIn,,RFn,0,809.4,Ex,NA,P,778.2,18.1,220.0,28.1,142.9,231.0,,,TenC,4043.4,3,2008,WD,Family,429991
523,60,C,309.5,142110.0,Grvl,,IR3,HLS,AllPub,FR2,Sev,OldTown,RRNe,Feedr,TwnhsE,SLvl,2,7,1879,1991,Gable,Roll,ImStucc,CemntBd,Stone,429.3,Ex,Ex,PConc,Fa,TA,NA,BLQ,4709.2,GLQ,102.5,1135.4,443.0,GasW,Po,N,FuseF,3972.6,2060.1,0.0,2672.0,0,1,2,0,2,3,Fa,11,Sev,3,Fa,NA,1911.0,Fin,3,125.8,Fa,Gd,Y,76.0,198.3,6.9,229.1,103.8,642.0,,,,3772.0,1,2006,New,Partial,267713
524,70,RM,153.6,16299.3,Grvl,,Reg,HLS,NoSeWa,FR3,Gtl,Gilbert,RRAn,RRNn,TwnhsE,2.5Unf,9,7,1996,1968,Gable,CompShg,VinylSd,ImStucc,BrkCmn,1347.2,TA,Ex,Wood,Ex,Fa,,GLQ,1984.6,Unf,70.3,985.8,5470.3,GasA,TA,Y,Mix,1653.3,1375.7,0.0,4062.2,2,1,2,0,1,3,Gd,5,Min2,2,,Attchd,1942.0,Fin,3,346.9,Fa,Ex,P,268.6,421.3,157.3,220.7,49.1,734.0,,,,471.1,7,2006,ConLw,Abnorml,630490
525,30,C,222.0,85863.8,Grvl,NA,Reg,Bnk,NoSeWa,FR3,Mod,Edwards,PosN,RRNn,Duplex,1.5Fin,4,10,1994,1957,Gambrel,Roll,HdBoard,Other,None,501.7,Fa,TA,BrkTil,Gd,Gd,Av,BLQ,354.9,,90.1,247.7,2711.2,Wall,Po,N,FuseF,3962.7,541.7,0.0,1052.2,2,0,3,2,3,3,Fa,10,Sev,2,NA,2Types,1996.0,NA,0,1290.2,,Ex,Y,304.7,188.1,74.9,74.2,456.5,12.0,,,,14847.7,4,2008,New,Abnorml,369984
526,180,RH,62.0,40190.7,Grvl,,IR1,Bnk,AllPub,FR2,Gtl,MeadowV,RRAn,Artery,1Fam,1.5Unf,9,10,1904,1988,Shed,Metal,WdShing,Stucco,BrkCmn,1341.9,Gd,Po,CBlock,Gd,Fa,No,NA,3513.7,Rec,1388.3,2191.7,4030.9,Floor,Fa,Y,FuseP,3753.4,419.8,0.0,3507.3,0,0,1,2,8,3,Fa,6,Maj1,0,,Attchd,1956.0,RFn,1,655.2,TA,Po,Y,362.3,235.4,138.1,213.5,128.5,532.0,,,,9227.1,12,2006,VWD,Alloca,536254
527,90,RH,162.8,34849.3,Grvl,,Reg,HLS,AllPub,FR3,Mod,Blmngtn,Norm,Feedr,1Fam,1.5Unf,2,8,1872,1982,Flat,ClyTile,AsphShn,CBlock,BrkFace,685.7,TA,Po,Wood,Ex,NA,NA,NA,1064.9,Rec,1252.7,103.5,5863.7,Floor,Fa,Y,Mix,428.7,1086.1,0.0,4574.8,3,2,3,2,4,0,TA,13,Mod,3,,CarPort,2003.0,RFn,1,1265.0,NA,Gd,N,845.7,495.2,199.9,143.7,3.0,444.0,,,,1675.0,5,2008,WD,Abnorml,450304
528,85,RL,29.0,178297.2,Pave,,IR1,Bnk,NoSeWa,Inside,Mod,Veenker,RRNn,Norm,1Fam,SFoyer,10,9,1877,1993,Shed,Tar&Grv,Stucco,CemntBd,None,1162.5,TA,Po,Slab,TA,TA,Mn,BLQ,3211.7,Rec,1245.4,1751.4,611.1,OthW,Po,N,FuseP,1377.5,134.3,0.0,3495.2,2,2,1,2,0,1,Ex,11,Sal,2,,Detchd,1985.0,Unf,1,235.4,Gd,Ex,Y,266.2,36.2,373.5,355.6,453.3,502.0,,,,9175.4,2,2008,ConLI,Partial,446123
529,30,C,168.6,10267.6,Pave,Grvl,IR1,Bnk,NoSeWa,Corner,Mod,Edwards,Feedr,RRNn,Duplex,2Story,4,9,1912,2010,Gable,Tar&Grv,MetalSd,WdShing,BrkFace,816.1,Gd,Ex,Slab,Ex,Gd,Mn,Unf,4173.8,NA,1362.3,166.8,2946.7,GasA,Po,Y,FuseP,2700.1,824.6,0.0,3048.9,3,2,0,0,2,2,Fa,4,Min2,0,,CarPort,2001.0,Unf,2,291.2,NA,TA,P,444.5,288.6,178.9,2.8,277.7,525.0,,,,3599.8,7,2010,CWD,Family,343416
530,85,FV,302.5,90982.1,Grvl,,IR2,Low,AllPub,CulDSac,Sev,BrDale,Feedr,Artery,Duplex,2Story,5,2,1876,1977,Gable,WdShake,ImStucc,VinylSd,Stone,995.1,Fa,Ex,Wood,Fa,Gd,Av,ALQ,4422.9,ALQ,744.7,1091.6,303.1,GasW,Fa,Y,FuseP,3461.4,1375.8,0.0,4783.7,0,2,2,0,8,2,Fa,2,Maj1,3,,CarPort,2007.0,RFn,0,500.3,Gd,Gd,P,459.4,200.3,488.0,54.0,39.8,618.0,,,,4815.6,1,2008,CWD,Normal,416097
531,20,RL,133.2,37286.3,Pave,,IR2,HLS,NoSeWa,FR3,Sev,Sawyer,PosN,PosN,TwnhsE,2.5Fin,2,7,1951,1986,Hip,ClyTile,BrkComm,Stone,BrkFace,632.6,TA,TA,CBlock,NA,Gd,Av,LwQ,1703.6,LwQ,364.6,409.8,3052.2,Grav,Po,N,Mix,4171.4,1998.2,0.0,5564.6,3,1,1,1,6,1,Gd,2,Typ,0,Fa,NA,1947.0,NA,2,519.4,Po,Ex,N,660.6,527.2,165.4,466.7,15.1,405.0,,,,12418.1,4,2009,ConLI,Partial,458502
532,75,C,32.4,189428.3,Pave,,IR2,Bnk,AllPub,Inside,Gtl,NridgHt,RRAn,PosN,2FmCon,SFoyer,10,7,1889,1997,Gambrel,Membran,Wd Sdng,MetalSd,None,1229.1,Ex,Ex,Stone,NA,NA,Av,Rec,2892.2,Unf,591.6,329.6,1541.3,GasA,Fa,Y,FuseA,3127.7,879.0,0.0,1296.4,0,2,1,0,2,2,Ex,14,Min1,3,TA,BuiltIn,1960.0,RFn,2,1056.8,NA,Fa,N,443.8,434.1,75.6,220.1,51.8,639.0,,,,13729.9,8,2006,ConLI,AdjLand,340794
533,20,C,30.0,120476.0,Grvl,,IR3,Lvl,AllPub,Corner,Gtl,StoneBr,Feedr,Norm,Twnhs,2.5Unf,1,4,1953,1974,Gable,WdShake,BrkComm,BrkComm,None,680.3,Fa,TA,Slab,NA,Po,NA,Unf,3504.7,Rec,1059.6,294.1,5566.6,GasW,Gd,Y,Mix,1991.5,413.5,0.0,4003.7,2,2,0,2,0,0,Fa,5,Sev,3,Po,2Types,1981.0,RFn,0,850.0,Gd,Ex,N,519.1,66.8,93.2,89.5,283.9,543.0,,,,10847.3,12,2010,ConLI,Family,434766
534,80,RL,134.3,50802.7,Pave,,IR2,Bnk,NoSeWa,Inside,Mod,SWISU,Artery,RRNn,TwnhsE,2.5Fin,7,9,1936,1985,Shed,WdShake,ImStucc,Other,BrkFace,731.9,TA,Po,Slab,Gd,Po,Mn,GLQ,4625.1,NA,1291.3,1057.7,2434.8,Floor,Fa,Y,FuseF,1138.6,1687.9,0.0,762.1,3,1,3,2,3,3,TA,11,Sev,1,Fa,NA,1943.0,Fin,2,784.5,Gd,NA,Y,645.6,507.3,515.9,403.0,29.7,680.0,,,,14455.0,7,2007,WD,Abnorml,354593
535,90,RH,,108791.8,Pave,,IR1,Low,NoSeWa,Inside,Gtl,StoneBr,Artery,PosN,1Fam,SLvl,10,8,1954,1966,Hip,WdShake,HdBoard,Wd Sdng,BrkCmn,828.3,Ex,TA,Wood,Gd,Po,NA,Unf,4297.3,BLQ,641.3,1204.2,3873.0,GasW,Ex,N,FuseP,3646.2,1536.8,0.0,561.4,2,0,1,0,8,1,TA,11,Typ,1,Po,NA,1951.0,NA,0,854.2,TA,Gd,Y,86.7,115.5,251.1,432.6,272.7,287.0,,,,14027.9,7,2009,COD,Partial,421817
536,60,C,27.8,157797.8,Pave,Pave,Reg,Low,AllPub,Corner,Mod,Sawyer,Norm,Artery,2FmCon,2.5Fin,1,1,2007,1973,Gambrel,Roll,Wd Sdng,VinylSd,Stone,1330.9,Gd,Gd,Slab,Ex,Fa,Mn,ALQ,5576.1,ALQ,789.2,311.6,5256.4,OthW,Fa,Y,FuseF,1235.2,1775.3,0.0,1824.6,1,2,1,1,6,2,Gd,5,Typ,1,,NA,1961.0,NA,4,1038.2,Ex,NA,Y,825.7,46.4,222.5,107.3,313.2,425.0,,,,8543.1,7,2008,COD,Alloca,347081
537,190,RH,241.8,206284.6,Pave,,IR1,HLS,AllPub,FR3,Mod,Blmngtn,RRAn,Artery,Twnhs,SLvl,8,2,2002,1970,Mansard,Metal,AsbShng,BrkFace,None,1055.0,Ex,Fa,BrkTil,Gd,Fa,Mn,Rec,45.6,Rec,1373.4,2287.9,6010.4,GasA,Gd,N,FuseP,3364.7,443.4,0.0,5487.6,1,0,3,2,4,0,Ex,10,Maj2,2,,CarPort,1901.0,NA,4,1266.0,Ex,NA,Y,725.3,296.3,38.0,362.5,70.8,435.0,,,,14071.6,12,2007,Con,AdjLand,738179
538,70,RL,154.9,48463.3,Grvl,,IR2,Low,AllPub,FR3,Mod,Timber,Artery,RRNn,1Fam,1.5Unf,3,2,1896,1951,Flat,WdShngl,WdShing,BrkComm,Stone,558.7,Fa,Ex,CBlock,Fa,NA,No,GLQ,2469.2,NA,158.5,602.1,3078.3,GasA,Fa,Y,FuseP,1123.7,836.0,0.0,3265.1,3,2,3,1,5,2,Ex,9,Sal,0,,BuiltIn,1992.0,NA,0,588.1,Gd,,N,333.2,402.9,404.8,312.5,234.4,80.0,,,,8447.5,5,2007,CWD,Normal,388420
539,150,RH,,190894.2,Pave,,Reg,Low,AllPub,Inside,Sev,SWISU,Norm,Norm,Duplex,2Story,10,8,1940,1980,Gambrel,Metal,BrkComm,BrkFace,BrkCmn,1072.5,Gd,Po,Slab,Ex,Gd,Av,LwQ,1445.1,GLQ,1271.0,1071.9,2784.7,Floor,Po,Y,FuseF,730.8,2026.9,0.0,1758.0,0,0,1,2,0,0,Fa,5,Maj1,3,,BuiltIn,1970.0,Unf,0,1138.5,Fa,TA,Y,624.3,391.7,383.4,378.5,462.7,487.0,,,,1616.2,11,2007,Con,Partial,461124
540,85,RM,283.8,201189.7,Pave,,IR1,Lvl,NoSeWa,FR2,Gtl,BrDale,PosN,Artery,2FmCon,2.5Fin,6,1,1953,1993,Gable,Tar&Grv,BrkFace,WdShing,BrkFace,1027.9,Ex,Fa,Wood,Fa,Po,NA,LwQ,676.7,BLQ,234.8,505.2,462.8,OthW,Gd,N,SBrkr,1428.3,326.4,0.0,1037.8,3,2,3,2,6,2,Gd,7,Maj1,0,,,1930.0,Unf,0,702.0,Gd,Ex,P,653.3,292.1,207.4,400.3,401.5,181.0,,,,12856.6,12,2007,ConLI,Partial,309766
541,70,FV,54.9,197363.6,Grvl,,Reg,Low,NoSeWa,FR3,Sev,CollgCr,RRNe,Feedr,Duplex,2.5Fin,7,4,1988,1982,Hip,ClyTile,BrkFace,ImStucc,BrkFace,1489.6,Fa,Fa,CBlock,NA,TA,NA,,5144.6,ALQ,713.2,1153.8,77.8,Floor,TA,Y,FuseP,1575.7,1386.5,0.0,5218.3,0,0,0,0,4,3,TA,8,Min2,2,Ex,CarPort,2004.0,Fin,1,1023.9,Po,Gd,P,728.7,269.5,381.9,335.8,347.2,357.0,,,,2033.6,12,2010,ConLw,Partial,541824
542,85,C,,137243.7,Pave,,IR1,Bnk,NoSeWa,Inside,Mod,NWAmes,Artery,Artery,Twnhs,SLvl,10,10,1966,1979,Hip,Roll,MetalSd,Stone,None,1346.3,Gd,Po,Stone,Fa,Po,Av,BLQ,5632.5,ALQ,322.0,1766.1,3719.8,Grav,Fa,N,SBrkr,3154.5,489.8,0.0,2257.4,1,0,0,2,6,1,Fa,11,Min2,1,NA,,1981.0,Unf,0,1240.5,TA,Ex,N,161.4,530.3,202.8,485.8,248.5,701.0,,,,4897.4,10,2010,WD,AdjLand,497082
543,40,FV,112.7,136047.0,Grvl,,Reg,Low,NoSeWa,CulDSac,Mod,Edwards,Norm,Norm,Twnhs,2Story,1,5,1904,1961,Mansard,Tar&Grv,AsphShn,CemntBd,None,1035.9,Fa,Fa,Slab,NA,NA,NA,NA,1019.3,BLQ,888.7,1217.3,400.0,Grav,Po,N,Mix,1035.1,1032.8,0.0,1961.9,0,2,2,1,4,3,TA,9,Maj1,1,,Attchd,1972.0,NA,3,45.7,Gd,NA,N,603.1,448.8,40.4,439.0,189.3,254.0,,,,5886.8,3,2007,Oth,Alloca,212521
544,30,RH,,87564.9,Pave,,Reg,Lvl,AllPub,CulDSac,Sev,NridgHt,RRAn,Artery,1Fam,1Story,6,9,1982,1993,Hip,Roll,ImStucc,Stucco,Stone,546.4,TA,TA,PConc,Gd,Po,No,Rec,216.9,Rec,823.3,667.3,2324.1,Wall,TA,Y,FuseP,4388.3,1653.1,0.0,4888.1,1,0,1,1,4,3,Ex,5,Mod,0,TA,Detchd,1971.0,RFn,4,775.1,Ex,Ex,P,28.6,382.2,407.4,116.3,216.7,165.0,,,,12512.9,10,2009,VWD,AdjLand,502419
545,80,C,197.1,162271.8,Pave,,IR2,HLS,AllPub,FR2,Gtl,NPkVill,RRNe,PosN,Duplex,2Story,7,7,1996,1961,Gable,Tar&Grv,Stone,AsbShng,BrkCmn,1247.3,Fa,Po,Wood,Ex,TA,NA,GLQ,1552.4,Unf,560.1,580.3,22.0,Wall,TA,N,FuseP,2749.9,1008.9,0.0,3542.2,3,2,0,0,2,2,Gd,2,Maj2,0,,Detchd,1932.0,Fin,4,1402.9,Gd,Gd,Y,99.1,106.8,532.8,464.1,367.0,464.0,,,,1294.8,7,2006,New,Alloca,424457
546,75,RH,,114967.7,Grvl,,IR3,Lvl,NoSeWa,Inside,Sev,Gilbert,RRNn,Norm,TwnhsE,1.5Unf,6,8,1887,2000,Gambrel,WdShngl,AsbShng,Stone,BrkFace,920.3,Ex,Po,PConc,TA,TA,Mn,BLQ,4712.0,Unf,1272.5,1772.9,3759.0,OthW,TA,N,Mix,2473.5,1663.3,0.0,1229.1,2,2,0,2,4,3,Ex,6,Maj2,3,,Detchd,1904.0,RFn,0,703.6,NA,Fa,Y,665.1,448.4,357.9,182.7,266.1,255.0,,,Othr,6896.6,8,2006,VWD,Alloca,331358
547,150,RM,308.3,146234.5,Grvl,,IR2,Bnk,AllPub,CulDSac,Sev,CollgCr,RRAe,PosN,TwnhsE,1Story,4,9,1951,2006,Mansard,WdShngl,MetalSd,Other,Stone,1576.4,Fa,TA,Wood,Fa,,Av,ALQ,1658.7,GLQ,972.6,276.2,2599.3,Floor,Ex,Y,FuseF,2228.4,880.4,0.0,2571.4,2,1,0,1,7,1,TA,2,Sal,0,,Attchd,1977.0,Unf,4,1225.6,TA,Gd,N,696.7,410.1,152.6,369.1,367.0,422.0,,,NA,6769.1,7,2010,ConLw,Normal,397863
548,120,RL,105.2,92966.4,Grvl,,Reg,Bnk,AllPub,FR3,Gtl,Veenker,RRAn,PosN,Duplex,SFoyer,1,7,1909,1998,Flat,CompShg,BrkFace,CemntBd,Stone,396.0,Fa,Gd,PConc,Ex,NA,Av,Unf,321.2,NA,1063.1,864.2,776.1,GasA,Po,N,FuseF,2803.2,2063.7,0.0,5261.1,2,2,2,0,7,0,TA,12,Min2,3,Gd,Attchd,1957.0,NA,0,263.6,TA,Gd,N,507.7,542.6,149.0,430.8,465.5,197.0,,,,9023.5,6,2009,ConLw,Abnorml,393751
549,85,C,301.7,157800.0,Pave,,Reg,HLS,NoSeWa,Inside,Mod,Blmngtn,Artery,RRNn,Twnhs,1Story,9,5,2006,2001,Flat,WdShngl,CemntBd,Stone,Stone,127.4,Gd,Gd,PConc,TA,Po,No,Unf,296.3,GLQ,222.1,353.9,1810.8,GasW,Ex,Y,SBrkr,431.8,900.0,0.0,5117.6,0,2,3,1,1,0,Ex,12,Sal,3,,Detchd,1976.0,Fin,0,856.9,Fa,Po,P,498.5,72.7,512.8,221.7,307.4,212.0,,,,5485.0,9,2009,ConLI,Family,639662
550,70,RM,134.7,177691.6,Grvl,,IR2,Lvl,AllPub,FR2,Gtl,Veenker,RRAe,Norm,2FmCon,1.5Fin,4,5,1949,1973,Gable,Tar&Grv,Wd Sdng,WdShing,BrkCmn,111.8,Fa,Fa,Wood,Ex,,NA,Unf,2412.4,Unf,1301.8,602.6,3480.6,Grav,Po,Y,Mix,4648.8,308.5,0.0,706.1,2,2,2,0,0,2,TA,5,Maj2,1,NA,Attchd,1910.0,Unf,4,1234.1,Fa,Ex,P,642.3,391.3,167.4,26.2,289.5,556.0,,MnWw,,8946.0,11,2008,ConLD,Abnorml,283179
551,80,RM,133.6,32629.3,Grvl,,IR1,Lvl,AllPub,FR2,Gtl,Somerst,PosA,PosN,Duplex,2.5Unf,7,10,1934,1973,Mansard,WdShngl,Stone,Stone,BrkFace,1024.0,Fa,Po,BrkTil,TA,TA,Mn,NA,5259.2,Unf,246.2,356.7,4012.5,Floor,Po,Y,FuseP,2763.7,829.9,0.0,1759.8,0,2,2,1,1,1,Fa,8,Typ,0,,Basment,1983.0,RFn,4,611.9,Fa,Ex,N,776.5,535.6,424.0,482.4,195.0,524.0,,,,15281.4,6,2010,Con,Partial,436437
552,45,C,,179501.1,Pave,,Reg,HLS,AllPub,FR3,Sev,SWISU,RRNe,RRNn,1Fam,SLvl,7,6,1983,2007,Mansard,WdShngl,Plywood,CBlock,BrkFace,1502.8,TA,TA,Wood,Ex,Po,Gd,BLQ,1613.7,GLQ,328.4,2071.5,2824.9,GasA,Gd,Y,SBrkr,487.4,1533.5,0.0,1154.3,2,1,2,2,6,1,Fa,8,Min2,1,,Basment,1922.0,RFn,3,690.2,Gd,Gd,Y,360.9,253.0,354.9,36.8,94.4,51.0,,MnWw,,1109.0,5,2009,Oth,Abnorml,409972
553,150,RH,179.1,116893.7,Grvl,,IR1,HLS,NoSeWa,CulDSac,Mod,OldTown,Feedr,RRNn,TwnhsE,1Story,2,5,1960,2009,Gable,WdShngl,BrkFace,AsbShng,BrkCmn,3.1,TA,Po,Stone,NA,,Mn,Rec,2410.9,NA,188.8,1709.7,4912.2,Floor,TA,N,FuseF,2905.1,1751.0,0.0,3167.5,0,1,2,1,2,0,TA,2,Min2,3,Fa,Basment,1944.0,NA,2,116.3,Ex,NA,P,98.4,401.2,327.1,176.8,179.6,264.0,,,,13556.7,11,2009,Oth,Family,377910
554,45,RM,66.0,182012.0,Pave,,IR2,HLS,AllPub,CulDSac,Mod,Blmngtn,RRNn,PosN,1Fam,1.5Fin,1,9,1909,1960,Shed,WdShake,Stucco,MetalSd,BrkCmn,1161.2,Gd,TA,Slab,TA,NA,Mn,ALQ,575.3,ALQ,649.1,1310.3,687.0,Wall,Fa,Y,FuseP,2238.8,950.1,0.0,4314.9,0,1,1,1,7,0,Fa,10,Mod,1,NA,,1926.0,,3,59.8,Po,Fa,Y,719.0,533.5,100.0,303.0,249.6,324.0,,,,4783.8,6,2006,CWD,Partial,347119
555,20,FV,182.7,93574.8,Pave,,IR3,HLS,NoSeWa,FR2,Mod,NPkVill,PosN,PosN,2FmCon,1.5Unf,8,3,1923,1962,Mansard,Roll,AsphShn,WdShing,Stone,1051.3,Gd,Gd,Stone,Ex,Fa,NA,LwQ,2785.7,Rec,1308.5,524.3,516.6,Grav,Gd,N,FuseF,438.8,1227.6,0.0,1902.7,1,1,1,0,3,3,Fa,3,Maj1,1,,2Types,1978.0,Fin,3,664.6,Ex,Po,Y,292.8,299.5,19.0,59.7,16.7,554.0,,,,7218.6,10,2009,ConLD,AdjLand,343398
556,75,RM,179.2,82393.8,Grvl,,IR3,Bnk,NoSeWa,Corner,Sev,ClearCr,RRNn,Feedr,TwnhsE,1.5Fin,8,3,1900,1976,Hip,ClyTile,Wd Sdng,BrkFace,Stone,1171.7,Ex,Gd,Wood,TA,Fa,Gd,ALQ,3931.3,Unf,372.1,1191.9,270.3,GasW,Fa,Y,SBrkr,4362.7,1744.7,0.0,4357.4,1,0,0,0,7,2,Fa,6,Sal,3,,CarPort,1993.0,Fin,4,1196.0,TA,Fa,N,114.7,382.4,269.7,425.8,228.4,6.0,,,,11487.3,4,2009,Con,Abnorml,485056
557,190,RH,243.5,197072.7,Grvl,,Reg,Bnk,AllPub,FR2,Sev,IDOTRR,RRNe,Norm,TwnhsE,SLvl,7,7,1947,1957,Hip,Membran,Wd Sdng,AsphShn,Stone,,Gd,Fa,PConc,NA,Gd,No,Unf,1530.4,Unf,550.9,1216.7,3273.9,Floor,TA,Y,FuseF,380.1,1680.0,0.0,3883.5,3,2,2,0,1,0,Fa,7,Mod,2,,2Types,1955.0,Fin,3,1320.6,Ex,Fa,Y,526.7,11.0,545.5,103.3,413.8,43.0,,MnPrv,,14105.6,6,2007,ConLD,Normal,582679
558,160,RH,264.4,55036.4,Pave,,IR1,HLS,NoSeWa,FR2,Gtl,Blmngtn,PosA,RRNn,TwnhsE,2Story,8,7,1935,1959,Gable,ClyTile,CBlock,CBlock,BrkCmn,1312.8,Fa,TA,Wood,TA,TA,NA,Rec,1674.6,,1247.1,1379.2,4315.1,Wall,Po,Y,FuseF,2852.4,1358.2,0.0,4199.4,1,1,2,1,4,0,Gd,2,Sev,2,Po,2Types,1958.0,RFn,4,934.0,Gd,Po,N,495.4,284.3,108.1,500.9,468.8,171.0,,,,140.7,4,2006,ConLI,Normal,548659
559,190,FV,,181915.0,Grvl,,IR2,Low,NoSeWa,Inside,Gtl,NPkVill,Norm,Norm,1Fam,1.5Fin,3,6,1962,1957,Gable,Membran,Wd Sdng,WdShing,BrkFace,71.5,TA,Gd,Stone,TA,Fa,Av,LwQ,4752.1,LwQ,910.7,140.4,797.5,GasW,Gd,Y,Mix,4525.5,1683.0,0.0,5367.3,0,2,0,0,5,1,Gd,13,Min2,0,Po,Detchd,1979.0,,1,1171.8,Fa,NA,N,406.4,139.9,296.4,465.5,410.7,101.0,,,,10264.0,5,2006,CWD,Normal,459104
560,160,RM,109.3,104853.8,Pave,,Reg,HLS,AllPub,FR3,Sev,ClearCr,RRAn,RRNn,Twnhs,2.5Unf,2,3,1960,1969,Hip,WdShngl,BrkComm,CBlock,BrkFace,1208.7,Gd,Ex,Stone,Ex,NA,Gd,GLQ,58.5,GLQ,1107.9,2272.7,3904.0,Wall,Ex,Y,SBrkr,1369.5,1189.3,0.0,2587.8,1,1,3,2,0,1,Gd,3,Mod,1,NA,NA,2008.0,Fin,0,1042.0,Ex,NA,Y,736.8,71.8,370.4,307.1,82.6,734.0,,,,1078.1,6,2007,ConLD,AdjLand,372561
561,120,RH,96.7,111288.1,Grvl,,IR3,Low,NoSeWa,Inside,Gtl,Blmngtn,Norm,Artery,1Fam,1Story,7,7,1884,1957,Gambrel,WdShake,AsphShn,CBlock,BrkFace,427.3,Ex,Gd,BrkTil,Fa,TA,Av,Rec,3592.2,BLQ,315.4,1087.3,2914.2,GasW,Po,N,FuseP,1441.7,9.6,0.0,2152.4,1,2,1,0,0,1,TA,8,Maj2,0,,Basment,1939.0,Fin,2,994.7,TA,Po,P,233.3,387.6,267.0,335.3,74.4,579.0,,,,8148.0,1,2006,CWD,Partial,342145
562,40,C,77.8,67295.2,Grvl,Pave,IR3,Low,AllPub,FR2,Sev,Blueste,Norm,Artery,Twnhs,SLvl,8,5,1943,1958,Gable,Tar&Grv,Wd Sdng,Stucco,Stone,762.9,Fa,Po,Wood,NA,TA,Gd,BLQ,2223.1,Unf,1056.1,2164.4,6032.7,Floor,Ex,Y,FuseF,335.8,85.2,0.0,3963.9,1,0,2,0,8,0,Fa,7,Min2,1,,CarPort,1917.0,,1,1090.5,TA,Fa,Y,11.3,21.4,279.8,271.1,188.8,633.0,,,,11621.3,6,2008,COD,AdjLand,592777
563,70,RL,37.8,123899.5,Pave,,IR1,Lvl,NoSeWa,Inside,Gtl,Blueste,Artery,RRNn,Duplex,1Story,1,7,1876,1956,Hip,CompShg,HdBoard,VinylSd,BrkFace,1316.2,Ex,TA,PConc,Ex,NA,Av,Rec,1684.1,Unf,335.5,22.9,4383.8,Grav,Po,N,FuseF,623.2,2023.3,0.0,4620.5,0,1,3,2,4,2,Gd,7,Mod,0,Ex,Basment,1950.0,Fin,0,716.5,Po,NA,N,277.2,495.0,365.0,198.7,108.2,588.0,,MnWw,,2627.8,6,2008,New,AdjLand,393847
564,180,RL,,70877.3,Pave,,Reg,Low,NoSeWa,CulDSac,Mod,OldTown,RRAe,Feedr,TwnhsE,2Story,10,2,1883,1963,Gambrel,Roll,Stucco,BrkComm,Stone,434.2,Ex,Ex,CBlock,Gd,Po,NA,Rec,3711.5,BLQ,1455.3,578.3,4017.2,Floor,Po,Y,FuseA,529.6,299.4,0.0,1350.2,0,0,3,0,3,3,Ex,7,Min1,0,NA,Attchd,1960.0,Fin,0,649.4,Ex,Fa,Y,8.3,283.2,449.8,178.7,324.5,295.0,,NA,,11838.7,1,2010,WD,AdjLand,437693
565,120,RL,99.9,9701.5,Grvl,,IR1,Low,AllPub,FR2,Sev,Timber,RRNe,Artery,1Fam,SLvl,9,6,1874,1977,Gambrel,Roll,VinylSd,BrkFace,BrkCmn,296.3,Ex,Gd,Stone,TA,NA,Gd,Rec,4710.9,Unf,825.3,242.9,3485.4,OthW,TA,N,SBrkr,3919.1,835.3,0.0,4828.8,3,0,2,0,0,2,Fa,8,Sal,3,Po,BuiltIn,2010.0,Unf,2,225.7,Gd,Fa,P,465.9,354.6,184.0,453.0,40.6,204.0,,NA,,4797.8,7,2006,WD,Alloca,599697
566,30,RM,303.2,59492.7,Pave,,IR1,Low,NoSeWa,CulDSac,Gtl,Blueste,PosN,Norm,2FmCon,1.5Fin,4,8,1904,1951,Shed,ClyTile,AsphShn,AsphShn,None,1090.1,Ex,Gd,Wood,Gd,Po,No,LwQ,3151.6,GLQ,1025.4,1797.8,6093.9,GasW,Gd,N,SBrkr,3980.5,1928.3,0.0,641.1,1,2,2,1,2,0,TA,11,Min1,2,,BuiltIn,2005.0,RFn,3,1196.5,TA,NA,Y,324.2,138.6,496.4,292.9,213.0,490.0,,,,9463.5,12,2006,ConLI,AdjLand,348929
567,30,FV,183.9,2664.8,Grvl,,Reg,Bnk,AllPub,CulDSac,Sev,Mitchel,PosA,PosN,2FmCon,1Story,4,1,1992,2006,Hip,Metal,Wd Sdng,Plywood,BrkCmn,853.4,Fa,TA,Stone,Ex,TA,NA,Rec,175.5,LwQ,174.5,747.8,5990.6,Grav,Fa,Y,FuseP,3501.0,402.8,0.0,367.9,1,1,3,1,3,3,Fa,13,Sal,2,Po,Basment,1922.0,NA,0,63.3,Po,Ex,Y,697.5,99.7,267.7,418.2,134.6,317.0,,,,10199.6,10,2008,ConLD,Abnorml,323891
568,190,RH,122.4,210614.1,Grvl,,IR2,Lvl,AllPub,FR3,Sev,Crawfor,Norm,Norm,Twnhs,2.5Unf,3,4,1921,1992,Shed,Membran,Stucco,Wd Sdng,Stone,823.0,Fa,Ex,PConc,,NA,Gd,GLQ,2604.1,ALQ,369.5,1963.4,3287.9,GasA,TA,N,Mix,1871.3,1742.4,0.0,1174.9,0,0,1,0,4,2,Ex,13,Min2,2,,Attchd,1935.0,Unf,2,379.2,NA,Ex,N,683.5,133.3,365.4,261.1,285.8,170.0,,,,10059.2,5,2010,New,Partial,244908
569,70,C,190.5,207916.8,Pave,,IR3,Lvl,NoSeWa,CulDSac,Gtl,SWISU,Norm,Norm,Twnhs,1.5Unf,6,1,2008,1957,Hip,CompShg,Stucco,ImStucc,BrkFace,410.8,Ex,TA,BrkTil,NA,Fa,,Rec,2611.8,NA,206.0,1944.5,2781.2,GasA,Fa,N,FuseP,3913.0,1689.7,0.0,5528.8,3,2,1,2,4,0,TA,10,Mod,3,Ex,Basment,1937.0,RFn,4,737.2,TA,Ex,Y,372.5,127.1,58.8,156.0,382.6,217.0,,,,287.4,8,2010,COD,Normal,615322
570,180,C,61.6,85841.5,Pave,Grvl,Reg,Low,AllPub,Inside,Gtl,SWISU,PosA,Norm,TwnhsE,1Story,1,1,1900,1962,Mansard,ClyTile,BrkFace,Wd Sdng,None,55.8,Fa,Gd,Wood,Ex,NA,Mn,BLQ,3069.2,NA,575.1,1560.0,2823.5,Wall,Po,N,SBrkr,2686.3,2036.8,0.0,3113.1,3,2,2,0,7,2,Ex,10,Min2,2,,Detchd,1971.0,RFn,0,1377.7,Po,,Y,185.5,472.9,271.8,46.6,443.3,500.0,,MnPrv,,2360.2,5,2008,COD,Family,382746
571,60,RM,150.7,157131.3,Pave,,IR3,Bnk,AllPub,Inside,Sev,Blueste,RRNn,RRNn,Twnhs,2.5Unf,6,10,1910,1970,Gambrel,Roll,Stone,Stone,None,656.4,Gd,Fa,Slab,Fa,Fa,Gd,NA,3786.9,ALQ,418.8,1555.3,2617.2,Floor,Ex,Y,FuseF,1660.2,581.7,0.0,581.2,0,2,2,0,2,0,Gd,3,Mod,3,,NA,1955.0,Unf,0,1114.5,TA,NA,Y,362.0,430.7,8.9,164.4,462.6,192.0,,NA,,13271.1,10,2008,ConLw,Alloca,337231
572,40,RL,,75283.5,Grvl,,IR2,HLS,NoSeWa,Corner,Sev,Gilbert,PosA,RRNn,2FmCon,1.5Fin,2,8,1962,1996,Flat,Metal,Plywood,Stone,None,,Fa,TA,PConc,Ex,Fa,NA,Unf,109.0,Rec,1080.3,1635.6,3246.8,Floor,Fa,N,Mix,2239.7,651.1,0.0,5627.0,1,0,0,0,6,1,Fa,3,Maj1,1,,Detchd,1938.0,RFn,3,522.8,Gd,,P,549.6,466.4,215.8,447.1,168.6,332.0,,,,14567.6,5,2007,Oth,Partial,425053
573,80,RM,163.8,144877.0,Grvl,,IR3,Bnk,NoSeWa,FR3,Gtl,Sawyer,RRAe,Norm,1Fam,1.5Unf,9,7,1971,1977,Mansard,Membran,Plywood,BrkComm,BrkCmn,1449.6,Fa,Gd,Wood,Fa,TA,Av,ALQ,2833.4,Unf,160.2,1573.9,1671.6,OthW,Ex,Y,Mix,620.6,1864.4,0.0,4288.0,3,2,0,1,5,2,TA,6,Mod,3,,2Types,1992.0,RFn,3,1012.4,Gd,Po,Y,163.0,402.0,30.1,361.7,410.8,152.0,,,,8736.9,2,2010,Con,Partial,530143
574,85,FV,138.3,173617.7,Pave,,IR3,Lvl,AllPub,Corner,Mod,NoRidge,RRNn,PosN,1Fam,2.5Fin,2,10,1888,1984,Mansard,Tar&Grv,AsbShng,CemntBd,None,66.0,Ex,TA,Slab,Gd,Po,NA,LwQ,3320.4,ALQ,1108.5,903.8,5662.7,Wall,Fa,Y,SBrkr,4451.9,483.4,0.0,4782.1,3,2,1,2,5,1,TA,11,Mod,0,Ex,CarPort,1975.0,RFn,4,1320.7,TA,Gd,Y,662.5,352.0,495.1,399.2,284.1,552.0,,,,9253.1,4,2010,VWD,AdjLand,493951
575,180,FV,311.2,203853.8,Pave,,IR1,Low,AllPub,CulDSac,Mod,Sawyer,Feedr,Feedr,Twnhs,1.5Fin,7,1,1927,1972,Gambrel,WdShake,AsbShng,CemntBd,Stone,690.6,Fa,Gd,CBlock,Fa,Po,Av,BLQ,1937.9,BLQ,67.4,1595.1,2995.3,Floor,Ex,Y,SBrkr,3032.1,1131.4,0.0,1464.3,1,2,0,2,8,1,Ex,8,Sev,0,Gd,CarPort,1981.0,RFn,0,764.1,NA,NA,Y,283.3,288.7,371.4,392.9,332.3,22.0,,,,11703.0,4,2007,ConLI,Normal,418359
576,160,RH,278.1,86923.4,Grvl,,IR1,Bnk,AllPub,FR2,Mod,Gilbert,Norm,Feedr,Twnhs,2Story,1,2,1917,1995,Gambrel,WdShngl,Stone,AsphShn,Stone,83.6,Gd,TA,Slab,NA,Fa,NA,GLQ,3772.3,NA,297.8,2096.3,5144.7,Floor,TA,Y,FuseP,3520.7,1460.7,0.0,893.7,3,0,3,2,6,3,TA,13,Min2,1,,CarPort,1982.0,Fin,3,655.0,,Ex,P,798.9,145.2,437.1,60.9,408.5,697.0,,,,6294.6,10,2008,ConLD,Partial,222645
577,150,RH,,168882.7,Grvl,,IR1,Low,AllPub,Inside,Sev,SawyerW,Feedr,Artery,2FmCon,2Story,7,4,1938,1964,Gambrel,WdShake,WdShing,MetalSd,BrkCmn,152.9,Fa,Gd,Stone,Gd,Po,Gd,Rec,1287.8,NA,1167.4,776.9,2904.1,GasW,Fa,N,FuseA,3282.6,561.4,0.0,3068.1,1,2,3,1,6,3,Ex,13,Mod,1,,NA,1999.0,,2,784.1,Fa,Fa,Y,438.7,385.8,258.2,80.7,62.5,215.0,,,,5084.3,10,2007,COD,Abnorml,499374
578,60,FV,,58194.1,Pave,,IR2,HLS,AllPub,FR2,Mod,Blmngtn,RRNe,Artery,Duplex,1.5Unf,5,1,1938,1951,Gable,Metal,Stone,Stone,BrkFace,1054.2,Gd,Ex,BrkTil,TA,NA,Gd,LwQ,1791.2,ALQ,1094.9,2207.3,4388.8,OthW,TA,Y,SBrkr,3244.1,1937.8,0.0,4432.7,3,0,3,1,0,2,Gd,14,Min2,0,Gd,2Types,1996.0,Unf,0,441.7,Gd,Gd,Y,726.0,74.7,470.2,161.2,454.8,42.0,,,,11907.1,8,2007,ConLw,Normal,501980
579,85,FV,202.2,213176.6,Pave,,IR1,Bnk,AllPub,Corner,Sev,Timber,Norm,PosN,1Fam,1.5Fin,8,3,1894,2010,Hip,ClyTile,Stucco,Other,BrkFace,1035.4,Fa,Po,Wood,Gd,Fa,Gd,Unf,5433.8,Rec,702.1,31.7,2058.3,GasW,TA,N,SBrkr,409.2,1374.7,0.0,3719.3,3,2,3,0,0,0,Ex,4,Min2,2,TA,Basment,1968.0,NA,2,1286.6,Gd,Ex,Y,527.8,279.6,481.9,152.9,262.8,360.0,,,,438.4,3,2009,ConLw,Abnorml,501776
580,85,FV,,6813.3,Grvl,,IR3,HLS,NoSeWa,Corner,Gtl,IDOTRR,PosA,Norm,Twnhs,1.5Unf,4,8,1965,2000,Shed,Membran,CBlock,Plywood,BrkCmn,52.9,TA,Po,Wood,Gd,Fa,Av,LwQ,1964.5,BLQ,73.7,815.5,3817.6,Floor,Ex,Y,FuseP,2623.6,97.3,0.0,3683.7,0,0,2,1,8,3,Ex,4,Typ,2,,NA,2002.0,Fin,1,1130.5,Po,TA,P,475.3,106.8,197.0,33.6,161.3,624.0,,,,13722.9,1,2010,New,Alloca,482882
581,60,RM,136.4,130422.0,Grvl,,IR3,HLS,AllPub,Inside,Mod,StoneBr,RRNn,RRNn,TwnhsE,SLvl,10,8,1925,1961,Hip,WdShngl,CemntBd,CBlock,BrkFace,1.8,Fa,TA,CBlock,TA,Gd,No,LwQ,1955.7,BLQ,899.0,308.6,3045.0,Grav,Fa,Y,SBrkr,3915.0,280.3,0.0,4352.7,3,0,3,0,8,3,TA,5,Sev,2,,NA,1927.0,Fin,4,1000.4,Po,,N,584.6,276.1,208.0,78.0,162.6,413.0,,GdWo,,6834.0,7,2008,VWD,Partial,634067
582,20,FV,,142398.0,Pave,,IR3,Lvl,AllPub,Corner,Gtl,Gilbert,RRAe,Artery,Twnhs,1.5Fin,7,8,2009,2006,Hip,ClyTile,AsphShn,BrkFace,BrkFace,126.1,Gd,Gd,BrkTil,Gd,NA,NA,Unf,3362.0,LwQ,599.5,295.8,2243.1,OthW,Fa,Y,FuseP,528.0,394.0,0.0,1539.0,1,1,1,1,2,1,Gd,4,Min2,1,,2Types,1989.0,,3,835.3,Ex,Po,N,695.4,160.8,280.5,435.0,360.5,417.0,,MnWw,,7815.5,9,2009,CWD,Alloca,413053
583,45,C,159.9,148503.9,Grvl,,Reg,Lvl,NoSeWa,FR2,Mod,BrDale,Artery,Norm,Twnhs,2.5Fin,6,6,1948,2001,Gambrel,Metal,Stone,AsbShng,None,1220.8,Gd,Po,Wood,Gd,Po,No,Unf,5480.2,,466.6,1904.8,5386.3,GasA,Gd,N,SBrkr,4501.0,505.8,0.0,3845.3,3,1,0,0,7,1,Gd,4,Mod,0,,NA,2006.0,NA,1,1374.7,Ex,TA,N,552.3,29.3,23.3,299.2,325.8,621.0,,,,9831.3,6,2009,WD,Abnorml,521992
584,85,RL,179.6,27056.3,Grvl,,IR3,Low,AllPub,Corner,Mod,OldTown,RRNn,Feedr,1Fam,1.5Fin,5,6,1887,1985,Mansard,Roll,BrkComm,Stone,BrkCmn,935.3,Gd,Po,BrkTil,TA,Po,No,BLQ,5548.5,GLQ,944.0,2145.3,688.7,Grav,Ex,N,FuseF,2182.5,1508.8,0.0,2415.3,0,1,1,1,8,0,Gd,9,Sal,3,,Basment,1920.0,Unf,3,422.1,Gd,Po,Y,683.2,275.5,549.7,173.9,350.2,649.0,,,,4253.0,2,2009,New,Alloca,302816
585,60,FV,87.5,202093.8,Grvl,,IR1,HLS,NoSeWa,FR2,Gtl,Gilbert,RRNn,PosN,Twnhs,2.5Fin,4,5,1912,1952,Gambrel,Metal,AsphShn,VinylSd,BrkCmn,61.0,Ex,TA,Wood,TA,Gd,No,Unf,3271.6,NA,643.6,1816.8,2975.1,Grav,Fa,Y,SBrkr,1597.4,183.7,0.0,704.3,3,0,2,2,0,3,Gd,8,Sev,1,Ex,BuiltIn,1961.0,Fin,1,401.5,NA,NA,P,163.2,99.5,198.3,267.5,121.4,616.0,,,,9259.5,2,2008,New,Abnorml,269030
586,180,RL,302.5,40063.3,Pave,,IR2,HLS,NoSeWa,CulDSac,Gtl,Edwards,Feedr,RRNn,TwnhsE,1.5Unf,7,9,1969,1954,Gambrel,Membran,ImStucc,BrkComm,BrkFace,,Gd,TA,Slab,NA,NA,Mn,NA,6.1,GLQ,136.2,2281.4,1187.6,GasW,Po,Y,FuseA,2651.7,724.0,0.0,1407.0,2,2,0,0,2,3,TA,14,Sal,0,TA,Detchd,1922.0,Unf,3,343.4,Gd,NA,N,237.8,88.2,259.9,132.7,81.7,315.0,,,NA,10742.1,1,2007,CWD,AdjLand,328760
587,60,RM,286.6,134535.0,Grvl,,IR2,Lvl,AllPub,FR3,Sev,Blueste,Feedr,RRNn,TwnhsE,2.5Fin,5,4,1999,1952,Mansard,Roll,HdBoard,HdBoard,BrkFace,1139.2,Fa,TA,Wood,Gd,TA,NA,NA,5083.3,GLQ,1350.1,505.3,5261.0,Wall,Gd,N,Mix,3825.7,1882.0,0.0,4548.6,1,2,0,1,5,0,TA,8,Min1,2,Gd,NA,1920.0,NA,4,1051.8,TA,Po,P,196.9,210.2,416.6,296.6,346.5,651.0,,,,1827.9,6,2008,COD,AdjLand,549473
588,90,RL,231.9,48940.4,Pave,,IR3,HLS,AllPub,Inside,Gtl,NridgHt,RRAe,Artery,TwnhsE,SFoyer,5,10,1932,2006,Flat,WdShngl,Wd Sdng,Other,BrkCmn,1390.3,TA,Fa,BrkTil,Gd,TA,Mn,ALQ,3218.4,Rec,1147.5,328.9,1548.7,Floor,Fa,N,FuseP,2403.0,1149.5,0.0,5089.6,2,0,0,1,3,3,TA,11,Maj1,2,,Attchd,1974.0,Fin,0,1130.6,Fa,NA,P,684.1,197.9,164.2,37.9,143.3,429.0,,,,8067.3,8,2010,ConLw,Alloca,517318
589,120,RM,176.7,67027.4,Grvl,,IR3,Bnk,AllPub,Corner,Sev,Timber,PosN,Norm,2FmCon,1.5Unf,1,7,1957,1996,Shed,CompShg,CBlock,Plywood,Stone,1494.5,Gd,Ex,CBlock,Gd,NA,NA,ALQ,2065.7,ALQ,83.1,1216.4,3870.3,GasW,Ex,N,FuseA,3145.4,548.3,0.0,1835.2,0,2,3,0,7,2,Gd,3,Mod,2,NA,Attchd,,Unf,2,846.7,TA,Po,Y,73.8,474.2,111.3,458.5,106.8,498.0,,,,5106.0,1,2010,ConLD,Family,376850
590,50,C,275.0,118212.1,Grvl,,Reg,HLS,NoSeWa,Inside,Sev,Gilbert,PosA,RRNn,TwnhsE,SLvl,2,1,1989,1968,Gable,ClyTile,BrkComm,Other,BrkCmn,523.9,Ex,Ex,BrkTil,NA,Po,Mn,Unf,4680.0,GLQ,773.9,1936.6,1011.6,Grav,Po,Y,FuseP,2512.6,1976.3,0.0,1344.4,2,0,2,1,8,2,Ex,12,Maj2,0,Fa,BuiltIn,2002.0,RFn,1,924.5,NA,,Y,682.1,308.9,70.4,122.1,103.0,348.0,,GdWo,Othr,8639.0,12,2007,Oth,Family,280809
591,20,RM,59.2,90556.4,Pave,,IR3,HLS,NoSeWa,Corner,Gtl,StoneBr,Artery,Feedr,1Fam,SLvl,5,9,1971,1951,Flat,CompShg,Wd Sdng,AsbShng,None,217.3,Fa,Ex,CBlock,Gd,TA,NA,GLQ,2256.7,ALQ,122.9,93.1,2474.0,OthW,Fa,N,FuseA,3085.1,504.5,0.0,475.9,3,2,1,2,6,0,Gd,10,Sev,2,NA,NA,1915.0,Fin,2,494.8,NA,Gd,P,333.4,467.4,291.5,416.1,71.2,74.0,,,,330.1,1,2008,New,Abnorml,298623
592,75,RM,,35579.5,Pave,,IR3,Lvl,NoSeWa,CulDSac,Mod,Gilbert,Artery,Feedr,Duplex,2.5Unf,3,7,1920,1993,Gambrel,Membran,MetalSd,AsbShng,BrkFace,379.1,Gd,Gd,Stone,TA,TA,Gd,,192.1,GLQ,1234.2,2325.6,5495.1,GasA,TA,N,FuseP,935.5,1869.0,0.0,5364.4,1,0,3,0,0,1,Gd,14,Sev,0,,CarPort,1961.0,RFn,2,56.4,Gd,TA,N,68.1,80.3,3.0,335.3,204.9,232.0,,,,11511.5,1,2007,VWD,Partial,559831
593,50,RH,57.4,37871.0,Grvl,,IR3,Lvl,AllPub,FR2,Mod,IDOTRR,RRNn,PosN,Twnhs,2Story,2,10,1873,1986,Hip,Membran,Plywood,Stucco,None,1241.9,Ex,Gd,Wood,TA,Po,No,BLQ,4634.1,LwQ,903.6,1406.8,1014.7,Grav,TA,Y,FuseP,502.5,1498.7,0.0,3963.9,2,1,0,0,1,0,Gd,7,Mod,1,,NA,1996.0,Fin,3,359.7,Po,Gd,P,363.7,195.4,391.7,265.7,125.3,723.0,,,,2610.3,10,2007,VWD,Normal,318332
594,120,FV,252.9,90760.0,Pave,,Reg,Low,NoSeWa,Inside,Mod,Timber,RRNn,PosN,Twnhs,2Story,4,9,1991,2003,Hip,Metal,CemntBd,BrkComm,BrkCmn,1554.4,Ex,Ex,Stone,TA,NA,Av,BLQ,3080.8,NA,254.2,2286.8,4052.1,Wall,Po,N,Mix,930.6,1529.2,0.0,5413.9,3,1,1,0,0,2,Ex,4,Mod,3,NA,Basment,1990.0,Unf,0,828.5,Ex,Ex,N,257.5,303.8,254.7,472.3,429.1,569.0,,,,10685.5,5,2008,ConLw,Alloca,561544
595,120,FV,101.5,163316.9,Pave,,IR2,Lvl,NoSeWa,CulDSac,Gtl,OldTown,RRAn,Feedr,Twnhs,2Story,4,7,1994,1966,Mansard,Tar&Grv,Plywood,VinylSd,BrkFace,746.2,Ex,TA,Slab,TA,Gd,No,BLQ,1908.5,ALQ,30.6,852.8,1249.6,Floor,Po,Y,SBrkr,1579.7,1579.6,0.0,4919.3,2,2,1,0,8,3,Fa,10,Typ,2,NA,CarPort,1964.0,RFn,3,1152.7,NA,Po,P,507.3,83.8,293.6,79.7,330.8,37.0,,,,11916.6,7,2010,ConLI,Partial,551173
596,120,C,277.1,193415.0,Pave,,IR3,Bnk,AllPub,CulDSac,Mod,MeadowV,RRAn,Feedr,TwnhsE,1Story,4,2,1957,1963,Gambrel,ClyTile,Stone,VinylSd,BrkCmn,488.6,Gd,Fa,PConc,Fa,NA,NA,Unf,1416.0,NA,46.6,1069.9,2540.2,Wall,Po,Y,FuseP,1438.1,1046.1,0.0,2141.2,3,2,1,0,3,3,Ex,10,Min1,1,,Detchd,2007.0,RFn,2,1102.1,Fa,Ex,N,405.0,70.0,145.3,60.6,357.1,261.0,,,,11665.5,4,2008,WD,Abnorml,364692
597,50,C,296.7,19298.7,Grvl,,IR2,HLS,NoSeWa,FR3,Sev,Timber,Norm,Norm,TwnhsE,SLvl,4,6,1948,1977,Mansard,WdShake,WdShing,CemntBd,BrkCmn,686.7,Gd,Ex,Wood,TA,Gd,Av,Rec,3351.4,NA,747.9,1757.5,3303.2,Floor,Po,N,FuseP,3014.9,1682.1,0.0,932.1,3,2,2,2,7,1,Fa,7,Mod,1,Po,Basment,1979.0,RFn,4,254.5,,Gd,N,254.3,361.8,98.4,163.5,193.7,445.0,,,,12671.3,1,2010,CWD,Abnorml,302933
598,70,FV,64.4,85402.6,Pave,,Reg,Low,NoSeWa,CulDSac,Gtl,NPkVill,PosA,RRNn,TwnhsE,SFoyer,3,10,2007,1976,Mansard,CompShg,Stone,BrkComm,None,487.7,Gd,TA,Stone,NA,NA,No,BLQ,1174.2,Rec,1082.5,1851.7,3527.3,Floor,Ex,N,Mix,2320.8,1726.7,0.0,2983.0,2,2,3,0,4,1,TA,14,Maj2,0,TA,Basment,1904.0,Fin,0,73.0,Gd,NA,P,739.0,357.6,386.4,421.8,288.1,211.0,,,,4770.0,1,2006,VWD,Alloca,436977
599,45,RH,,22747.0,Grvl,,Reg,HLS,NoSeWa,FR3,Sev,NridgHt,Artery,Norm,Duplex,2Story,7,4,1930,2003,Gable,WdShngl,Stucco,Stone,None,410.4,TA,Po,Wood,Fa,TA,NA,BLQ,1827.8,Unf,178.1,544.4,3681.3,OthW,TA,N,FuseP,503.1,744.4,0.0,476.3,0,1,2,2,4,2,Fa,11,Min2,1,,BuiltIn,1945.0,Fin,0,1206.1,Fa,Fa,P,348.6,128.1,116.1,17.9,240.4,457.0,,,,14990.3,10,2006,CWD,Partial,377628
600,60,FV,307.4,4849.9,Pave,,IR3,Lvl,NoSeWa,CulDSac,Mod,Somerst,Feedr,PosN,Duplex,2Story,9,3,1883,1959,Mansard,Metal,CBlock,AsphShn,Stone,950.0,TA,Fa,PConc,Gd,Fa,No,LwQ,3592.6,Unf,326.2,2172.0,3911.2,Wall,Fa,Y,FuseP,485.9,826.7,0.0,1129.8,1,1,0,2,4,1,Gd,7,Min1,0,NA,BuiltIn,1963.0,NA,2,107.2,NA,Gd,P,403.4,124.2,430.6,121.6,80.4,649.0,,,,369.2,3,2006,New,Family,337433
601,150,RH,162.2,142871.4,Pave,,Reg,HLS,AllPub,FR2,Mod,BrDale,PosA,PosN,Duplex,2Story,5,2,1875,1952,Gambrel,WdShake,AsphShn,WdShing,BrkFace,25.2,Fa,Gd,CBlock,TA,Fa,NA,Unf,4975.4,Rec,482.4,2026.3,1660.5,OthW,Fa,Y,FuseF,728.8,1835.3,0.0,1573.1,0,0,0,2,4,0,Gd,9,Min1,0,,2Types,1981.0,Fin,3,557.7,Fa,Po,P,725.6,407.8,112.4,215.7,23.0,281.0,,GdPrv,,7458.6,5,2009,ConLw,Alloca,278361
602,190,C,273.2,130191.0,Grvl,,Reg,HLS,NoSeWa,CulDSac,Mod,StoneBr,RRAn,PosN,Duplex,2Story,4,6,1988,1985,Gable,Membran,Stucco,ImStucc,BrkCmn,415.3,Fa,Po,Wood,Gd,Po,Mn,Unf,3007.6,ALQ,321.4,42.5,2452.4,Wall,TA,Y,FuseF,1872.7,1083.6,0.0,3867.3,2,2,1,0,2,2,Fa,9,Mod,1,NA,BuiltIn,1940.0,RFn,4,133.6,Ex,Fa,P,76.3,64.0,338.2,362.2,328.1,569.0,,,Othr,4189.4,5,2010,ConLD,AdjLand,441552
603,45,RL,192.9,36177.1,Grvl,,IR2,Bnk,NoSeWa,FR2,Sev,Edwards,Feedr,RRNn,Duplex,2Story,2,8,1966,1987,Hip,Roll,BrkFace,CemntBd,BrkFace,1058.2,Ex,Po,PConc,TA,NA,Mn,NA,4284.4,Unf,576.8,300.3,228.0,GasW,Fa,N,FuseF,360.9,1790.2,0.0,3040.4,3,1,1,2,5,3,Gd,7,Sev,0,NA,2Types,1997.0,NA,1,799.8,Fa,Fa,N,334.1,505.0,355.4,152.1,58.2,564.0,,,,11468.1,9,2010,WD,Abnorml,328675
604,160,C,130.6,51323.1,Pave,,IR1,HLS,AllPub,Corner,Mod,NAmes,Feedr,Artery,Twnhs,1Story,2,6,1996,2005,Gable,WdShake,VinylSd,Plywood,None,51.3,TA,Po,BrkTil,TA,NA,Gd,LwQ,4306.7,Rec,824.9,1158.9,4697.1,Floor,TA,N,Mix,2486.8,1294.3,0.0,1939.2,2,0,1,0,0,3,Fa,8,Min2,0,,CarPort,1943.0,Unf,3,515.2,Gd,Po,N,345.2,516.2,279.1,227.6,27.5,205.0,,,,12481.0,9,2008,Con,AdjLand,366260
605,180,C,104.4,6372.2,Grvl,,IR2,Bnk,NoSeWa,CulDSac,Sev,MeadowV,RRAn,PosN,Twnhs,SFoyer,5,9,1912,1974,Gambrel,Metal,Plywood,BrkComm,BrkFace,133.1,Gd,TA,CBlock,Fa,Po,Av,NA,3749.6,BLQ,1009.6,1076.8,5114.7,GasA,Gd,Y,FuseP,1905.8,1225.7,0.0,3331.8,3,0,2,2,7,3,Gd,5,Min1,0,,,1988.0,RFn,0,287.1,Ex,NA,P,424.9,476.4,550.2,171.1,212.1,4.0,,,,12747.1,9,2010,CWD,Alloca,440692
606,40,RM,80.3,179932.8,Grvl,,IR3,HLS,AllPub,CulDSac,Gtl,NridgHt,RRAe,PosN,Duplex,SLvl,7,5,1994,1971,Shed,WdShake,MetalSd,WdShing,Stone,469.4,Fa,Ex,BrkTil,TA,Po,Mn,LwQ,1387.5,Rec,1420.6,1654.8,1217.3,Floor,TA,N,Mix,2754.6,64.0,0.0,998.6,3,0,3,0,3,1,TA,2,Sev,1,,NA,2005.0,RFn,3,843.9,Gd,TA,N,90.9,115.2,207.5,46.8,354.3,618.0,,,,4602.0,8,2008,VWD,Abnorml,392406
607,70,RM,243.4,209830.2,Pave,,Reg,Lvl,AllPub,Corner,Gtl,NWAmes,PosN,Norm,Twnhs,SFoyer,10,2,1878,1997,Flat,Tar&Grv,VinylSd,Stucco,BrkCmn,1404.5,Gd,Po,PConc,TA,Gd,NA,BLQ,4892.2,LwQ,1372.1,209.6,1230.8,GasA,Fa,Y,Mix,3475.4,573.9,0.0,4345.3,0,1,2,1,5,2,Ex,5,Maj1,3,NA,,1997.0,Unf,1,515.3,Fa,,N,88.0,9.2,487.6,375.2,369.1,242.0,,,,4249.2,11,2009,ConLD,Family,517919
608,75,RM,,30280.9,Pave,,IR3,Low,NoSeWa,FR3,Gtl,SWISU,PosN,Norm,Duplex,1.5Fin,10,8,1940,1988,Gable,Metal,AsbShng,Other,BrkCmn,1223.8,Gd,Ex,BrkTil,Ex,Gd,No,BLQ,2462.3,,840.4,1506.4,256.8,Grav,Gd,Y,FuseA,1427.7,1036.7,0.0,4113.5,0,0,0,1,1,1,TA,9,Min2,0,,2Types,1914.0,Unf,4,236.5,NA,NA,N,356.9,512.4,93.4,234.4,419.3,147.0,,,,10492.5,9,2008,COD,Family,488537
609,45,RM,,50823.0,Grvl,,IR2,Lvl,NoSeWa,FR2,Mod,Sawyer,RRNe,Artery,Duplex,2.5Unf,9,9,1940,1996,Shed,Membran,ImStucc,ImStucc,BrkCmn,35.5,TA,Po,CBlock,NA,Fa,,Unf,249.5,,1082.1,1439.8,5929.0,Grav,Fa,Y,SBrkr,1018.6,1212.8,0.0,1483.2,2,2,1,2,1,0,TA,13,Min1,2,Ex,2Types,1967.0,NA,4,992.7,Gd,NA,N,28.3,188.2,186.1,412.8,95.6,690.0,,MnWw,,14386.9,8,2006,CWD,Alloca,494249
610,190,RH,164.8,187091.9,Pave,,Reg,Low,NoSeWa,Corner,Sev,StoneBr,Feedr,Artery,Duplex,SLvl,7,10,1952,1979,Flat,WdShake,BrkComm,Stucco,None,802.7,Fa,TA,Wood,NA,TA,No,,1380.6,NA,1401.6,545.7,4931.9,GasW,Ex,N,FuseA,1545.8,1301.8,0.0,3552.7,1,0,1,1,7,2,Fa,14,Min1,1,Ex,CarPort,1950.0,RFn,1,1186.6,Po,,N,218.5,169.8,80.2,352.9,473.1,685.0,,MnWw,,3940.2,8,2008,COD,Family,527006
611,150,FV,189.6,199512.3,Grvl,,IR3,HLS,AllPub,Corner,Mod,Mitchel,RRAe,Artery,Twnhs,2Story,5,4,1901,1970,Gable,WdShake,BrkComm,AsphShn,BrkCmn,439.5,Ex,Ex,BrkTil,Gd,NA,No,GLQ,4320.8,Rec,123.0,1267.0,2203.9,Floor,Fa,Y,SBrkr,341.7,1479.0,0.0,3005.5,0,0,2,2,0,1,TA,9,Min2,1,Gd,Attchd,1953.0,RFn,1,388.2,Fa,NA,N,172.4,143.1,333.2,29.4,366.3,322.0,,,,14114.3,8,2008,CWD,Normal,431477
612,30,RL,273.7,91077.2,Grvl,,IR3,Lvl,NoSeWa,Inside,Gtl,Timber,RRAn,Artery,2FmCon,1.5Fin,10,6,1944,1979,Gable,Membran,Plywood,Stucco,None,1037.8,Fa,Gd,PConc,Gd,Fa,Av,GLQ,390.2,ALQ,8.3,519.1,2944.5,GasW,Gd,N,FuseA,857.0,1355.1,0.0,656.8,3,1,0,2,7,3,Ex,3,Typ,0,,,1967.0,Unf,2,264.4,NA,NA,P,419.4,133.8,352.3,254.0,75.5,386.0,,,,9167.7,8,2008,Con,Partial,352261
613,120,C,307.4,12130.4,Grvl,,IR2,Bnk,NoSeWa,Corner,Gtl,Blueste,RRNe,Norm,2FmCon,2.5Unf,10,10,1877,1977,Mansard,CompShg,BrkComm,CemntBd,Stone,1154.5,Fa,Fa,BrkTil,Fa,Fa,No,ALQ,831.7,GLQ,43.9,343.2,1783.9,GasA,TA,N,FuseP,3606.1,1752.3,0.0,1810.4,2,0,3,2,0,3,Fa,8,Min2,1,,Basment,1988.0,RFn,0,106.7,TA,Gd,N,9.6,401.8,250.3,503.4,403.5,392.0,,,,11438.0,5,2010,ConLw,Abnorml,352896
614,85,RH,,9727.7,Pave,,IR3,Lvl,AllPub,FR3,Mod,SWISU,RRAe,PosN,2FmCon,1.5Fin,10,8,1960,1980,Flat,WdShake,AsbShng,BrkComm,BrkCmn,1380.6,Fa,Po,BrkTil,Gd,TA,Av,Rec,3918.2,BLQ,830.4,1338.8,3649.2,Grav,Fa,Y,Mix,1305.0,610.1,0.0,5639.3,2,1,1,1,8,0,TA,14,Maj1,2,Gd,CarPort,2004.0,RFn,2,748.6,TA,NA,P,579.1,496.6,397.5,156.4,239.5,650.0,,MnPrv,,6818.3,10,2007,Oth,Family,700079
615,160,RL,262.6,124093.7,Grvl,,Reg,Bnk,NoSeWa,FR3,Mod,StoneBr,PosN,Norm,1Fam,1.5Unf,6,9,1937,2006,Shed,ClyTile,BrkFace,CemntBd,BrkFace,760.7,TA,Po,Slab,Ex,Fa,NA,Rec,5037.8,ALQ,1124.4,2283.4,4382.8,Grav,TA,N,FuseA,4667.2,1324.8,0.0,862.3,1,1,1,2,0,0,Gd,2,Sal,3,,Basment,1976.0,NA,3,1178.8,Po,Fa,Y,733.2,430.0,478.9,250.4,31.9,686.0,,,,12506.3,3,2007,Con,Abnorml,368956
616,40,RH,244.2,85357.9,Pave,,IR3,HLS,AllPub,FR3,Mod,NoRidge,PosA,Feedr,2FmCon,2.5Fin,3,5,1881,2001,Flat,WdShake,Wd Sdng,CemntBd,None,1591.1,Fa,TA,CBlock,Gd,,No,ALQ,3576.8,ALQ,541.1,553.5,2733.4,Floor,Fa,Y,FuseA,1065.4,105.6,0.0,3022.0,2,2,0,1,3,0,TA,3,Typ,1,,,1941.0,Unf,1,355.6,TA,Fa,N,605.7,368.7,428.7,331.2,63.4,249.0,,,,15042.6,4,2007,New,AdjLand,355849
617,20,RH,188.5,7430.0,Grvl,,Reg,HLS,AllPub,FR2,Sev,CollgCr,RRNe,Feedr,2FmCon,1.5Fin,5,6,1908,1975,Gable,Roll,ImStucc,Stone,None,1568.0,Ex,Fa,Slab,TA,TA,No,NA,1254.6,ALQ,803.7,830.1,5337.7,GasA,Po,N,FuseP,3771.5,991.6,0.0,4842.3,0,0,1,1,8,3,Fa,9,Mod,1,Po,BuiltIn,1945.0,Fin,2,653.2,TA,Po,P,701.1,157.4,133.4,102.8,208.3,427.0,,GdWo,,2643.9,9,2010,VWD,Normal,531203
618,75,C,300.2,126083.9,Grvl,,IR3,Low,AllPub,FR2,Mod,IDOTRR,Norm,PosN,2FmCon,1.5Fin,8,4,1948,1992,Gambrel,ClyTile,BrkComm,ImStucc,BrkFace,1411.5,Fa,Ex,PConc,Gd,Fa,,LwQ,301.5,Unf,761.1,599.4,3159.0,OthW,Fa,N,Mix,3406.6,553.5,0.0,1929.9,3,2,3,0,0,1,Gd,12,Typ,1,Po,Detchd,1924.0,RFn,0,228.0,Ex,Po,N,551.3,299.2,176.9,356.9,254.6,368.0,,,,5976.2,7,2006,ConLw,AdjLand,434024
619,180,FV,79.5,3718.1,Grvl,,IR2,Lvl,NoSeWa,CulDSac,Gtl,Timber,PosA,Artery,TwnhsE,2Story,1,5,1948,1971,Gambrel,CompShg,Plywood,MetalSd,BrkFace,919.8,Gd,Po,Stone,Gd,NA,NA,LwQ,3471.8,ALQ,139.7,622.5,881.4,GasW,Po,Y,SBrkr,1737.9,786.5,0.0,1717.8,2,2,2,1,8,3,TA,11,Maj1,0,Fa,NA,1966.0,NA,0,573.2,NA,TA,Y,434.8,129.6,209.9,335.2,454.8,647.0,,MnPrv,,13368.1,12,2007,ConLw,Partial,301899
620,40,RM,52.9,169754.3,Pave,Pave,Reg,HLS,AllPub,Corner,Gtl,IDOTRR,PosN,PosN,Duplex,2.5Fin,1,7,1903,1970,Flat,Metal,HdBoard,Wd Sdng,Stone,636.8,Ex,Gd,PConc,TA,Po,Mn,BLQ,267.5,Unf,474.0,944.2,3802.2,Grav,Fa,Y,FuseA,1775.4,732.4,0.0,5062.3,2,0,0,0,7,3,TA,14,Maj1,2,NA,,1934.0,RFn,1,21.9,NA,NA,P,187.7,61.0,112.5,190.5,103.5,446.0,,,,2738.4,9,2007,Con,Alloca,407611
621,120,FV,270.4,66859.8,Pave,,IR3,Low,NoSeWa,FR3,Sev,Somerst,RRNe,Feedr,Twnhs,2.5Fin,7,9,1918,1950,Mansard,Roll,ImStucc,Stucco,None,583.0,Fa,Gd,PConc,Ex,TA,Mn,NA,3458.2,LwQ,28.6,1639.5,2824.2,GasA,Fa,N,SBrkr,2790.0,124.8,0.0,1952.0,3,0,1,2,4,3,Gd,14,Sal,3,,Basment,1972.0,NA,2,1291.4,Gd,Fa,Y,239.6,65.8,199.4,144.5,227.6,21.0,,,,6400.9,11,2009,COD,Normal,418412
622,85,C,149.2,9913.0,Grvl,,IR1,Low,NoSeWa,Corner,Mod,Blmngtn,RRAe,PosN,TwnhsE,1.5Unf,5,10,1981,1986,Mansard,ClyTile,VinylSd,AsbShng,Stone,19.4,TA,TA,PConc,NA,Po,NA,Rec,1273.2,BLQ,163.2,90.6,5717.0,GasW,Po,Y,FuseF,4048.6,963.6,0.0,3792.1,2,1,1,2,5,1,Gd,5,Maj1,2,Po,CarPort,1977.0,NA,4,959.4,NA,Gd,Y,272.3,330.3,131.4,466.9,108.4,549.0,,,,2574.8,11,2009,VWD,AdjLand,568691
623,70,C,268.3,127175.0,Grvl,,Reg,HLS,NoSeWa,CulDSac,Sev,Blueste,RRNn,Artery,Duplex,2.5Unf,5,6,1991,1962,Gambrel,CompShg,AsbShng,VinylSd,BrkFace,398.7,TA,Po,PConc,,NA,Gd,BLQ,5105.9,NA,1196.7,2235.8,2394.5,Floor,Ex,N,FuseA,2017.0,2053.9,0.0,4263.6,2,0,3,0,4,3,Gd,4,Min1,2,Gd,,1921.0,Fin,1,471.9,Fa,NA,Y,32.6,21.0,549.6,64.5,268.0,538.0,,,,10049.7,11,2006,ConLD,Alloca,514116
624,85,C,281.8,86382.6,Pave,,Reg,Bnk,AllPub,CulDSac,Mod,Mitchel,Feedr,Norm,2FmCon,2.5Fin,1,6,1881,1970,Mansard,ClyTile,BrkComm,Stone,BrkCmn,1150.1,TA,TA,Slab,Ex,Fa,Gd,BLQ,2681.4,GLQ,1222.6,108.1,2461.5,GasA,TA,N,Mix,600.6,617.3,0.0,4520.0,1,1,2,2,3,0,Gd,3,Typ,1,Ex,2Types,1908.0,NA,3,1249.5,NA,Po,N,782.5,532.4,432.4,219.5,436.5,281.0,,,,3693.9,7,2008,CWD,Family,392123
625,50,RL,39.2,209639.7,Grvl,,Reg,Bnk,AllPub,FR3,Gtl,Crawfor,RRAn,Artery,2FmCon,1.5Fin,9,8,1968,1995,Gable,WdShngl,HdBoard,Plywood,BrkFace,965.8,Gd,Fa,PConc,Fa,Fa,Av,Rec,1263.9,,1182.1,2058.6,3976.2,Floor,Gd,N,FuseF,1965.7,1520.1,0.0,5614.2,0,2,3,0,3,0,Gd,12,Maj1,3,,2Types,1923.0,Unf,2,259.4,TA,NA,P,771.6,544.5,474.7,389.6,272.5,278.0,,,,5902.4,12,2008,Oth,Partial,667264
626,85,FV,279.0,117728.6,Pave,,IR1,Low,AllPub,Corner,Mod,Blmngtn,PosA,Norm,TwnhsE,SFoyer,1,4,1876,1958,Gable,WdShngl,AsphShn,CemntBd,BrkFace,1466.3,Gd,Gd,BrkTil,Fa,Fa,NA,,4815.2,ALQ,1071.3,2089.3,3219.9,OthW,Fa,Y,FuseF,1237.5,1131.2,0.0,4597.3,2,2,2,0,7,0,Ex,7,Maj2,2,Gd,NA,1922.0,NA,2,111.6,Fa,Ex,N,92.4,81.7,509.0,75.3,244.8,119.0,,,,7612.6,8,2009,New,Partial,363190
627,50,FV,,60186.0,Grvl,,IR2,HLS,AllPub,CulDSac,Mod,SWISU,PosA,Feedr,Twnhs,2Story,5,3,1948,1966,Flat,ClyTile,MetalSd,WdShing,Stone,80.0,TA,Gd,PConc,TA,Po,Gd,NA,1433.8,NA,1169.3,1225.2,2287.9,Floor,Gd,N,FuseA,4427.1,671.6,0.0,3821.4,0,1,3,2,7,0,Ex,5,Typ,3,Gd,,1960.0,Fin,1,1336.6,Po,Gd,N,477.1,233.7,367.1,473.9,360.1,252.0,,,,4605.5,12,2009,ConLw,Family,483845
628,160,RH,170.0,153080.9,Grvl,,IR3,Lvl,NoSeWa,Inside,Gtl,MeadowV,Norm,RRNn,TwnhsE,1.5Fin,10,7,1872,1996,Shed,Tar&Grv,Stucco,VinylSd,Stone,248.4,Gd,TA,Stone,Fa,Gd,Av,GLQ,1730.4,LwQ,989.0,320.0,6047.5,Wall,Ex,Y,FuseA,3372.7,185.0,0.0,5087.1,1,0,2,0,8,3,Ex,4,Maj2,0,,Basment,1936.0,RFn,2,438.2,TA,NA,Y,400.8,420.1,97.1,267.3,70.9,476.0,,,,10538.5,3,2006,Con,Normal,663165
629,70,RH,,59384.4,Pave,NA,IR1,Lvl,AllPub,FR2,Gtl,NWAmes,Norm,PosN,TwnhsE,2.5Fin,9,5,2002,1970,Hip,WdShake,Wd Sdng,AsbShng,BrkFace,1262.8,Fa,Fa,CBlock,NA,Po,No,LwQ,4708.7,GLQ,987.3,1320.2,1846.4,Grav,Fa,Y,FuseF,555.5,445.7,0.0,5141.7,0,0,1,0,2,3,TA,4,Typ,1,,CarPort,1944.0,NA,2,1327.2,Ex,Fa,N,585.7,522.4,418.7,256.4,434.7,64.0,,,,1724.4,8,2006,CWD,Family,653617
630,180,RH,291.5,194758.3,Pave,,IR3,Low,AllPub,Corner,Gtl,NridgHt,PosA,RRNn,Duplex,1.5Fin,4,2,1938,1980,Gambrel,Membran,WdShing,MetalSd,Stone,573.6,Fa,Ex,Slab,TA,Gd,No,LwQ,1742.8,Unf,983.7,1468.5,1695.7,Floor,Po,Y,FuseA,1610.8,1614.5,0.0,5499.6,1,1,1,0,7,3,Ex,11,Sal,0,,Attchd,1914.0,Fin,3,904.1,Fa,Po,P,516.8,487.6,8.6,215.5,277.3,585.0,,,,13636.9,4,2010,Oth,Normal,478244
631,80,C,26.6,81469.9,Pave,,IR1,Lvl,AllPub,FR3,Mod,Sawyer,PosA,Artery,1Fam,1.5Unf,8,2,1886,1988,Gambrel,WdShngl,AsbShng,Stucco,None,189.4,TA,Fa,Slab,Fa,Po,,BLQ,2315.0,ALQ,757.7,2003.7,5281.7,Floor,Po,N,Mix,552.8,576.2,0.0,4455.5,0,2,1,2,2,0,Gd,4,Mod,3,Fa,Attchd,1956.0,Unf,3,1389.7,Po,NA,P,106.5,139.4,62.5,440.7,329.4,302.0,,GdWo,,7460.8,6,2008,ConLD,Family,626425
632,120,FV,160.2,118941.6,Grvl,,IR1,HLS,AllPub,CulDSac,Sev,IDOTRR,Artery,Norm,Twnhs,SFoyer,6,6,1964,2008,Hip,Metal,WdShing,AsphShn,Stone,1594.3,Ex,TA,Slab,Gd,NA,Av,BLQ,1962.2,NA,535.6,1286.9,20.6,GasW,Fa,Y,Mix,3951.2,298.0,0.0,1368.7,0,1,0,2,1,1,Ex,13,Maj2,1,,CarPort,1999.0,RFn,4,1068.4,Ex,Po,Y,565.7,46.6,16.3,481.8,393.1,316.0,,,,8878.6,1,2010,VWD,Abnorml,326517
633,50,C,221.8,12119.9,Grvl,,IR3,Lvl,NoSeWa,CulDSac,Mod,Crawfor,RRNe,Artery,Twnhs,2.5Unf,3,8,1901,2003,Mansard,Metal,AsphShn,BrkFace,Stone,1259.6,Fa,TA,Slab,Fa,Po,Av,NA,657.0,Unf,1076.3,959.4,1229.7,GasA,Po,N,FuseF,4283.6,684.1,0.0,4101.7,2,0,2,2,1,2,Ex,9,Mod,0,,CarPort,1913.0,Fin,3,149.6,NA,Ex,N,521.8,157.9,74.8,193.1,304.8,173.0,,,,9643.0,2,2007,CWD,Partial,355057
634,20,RL,,92466.5,Pave,,IR3,Lvl,NoSeWa,CulDSac,Sev,IDOTRR,RRAe,Artery,TwnhsE,1Story,4,1,1974,1971,Gable,Membran,AsphShn,AsbShng,BrkCmn,654.0,Ex,Fa,PConc,NA,Po,,BLQ,219.5,NA,440.2,1958.2,3607.6,GasA,Ex,N,FuseA,823.3,1206.0,0.0,732.8,0,0,0,2,8,2,TA,10,Sev,1,Ex,CarPort,1951.0,RFn,4,1208.5,NA,TA,N,455.3,239.2,415.1,275.5,307.8,414.0,,,,925.1,7,2006,ConLw,Family,332760
635,85,RH,,179380.0,Grvl,Grvl,IR3,HLS,AllPub,FR2,Mod,Timber,PosA,Feedr,TwnhsE,1Story,2,6,1953,1961,Gable,ClyTile,HdBoard,AsphShn,BrkCmn,1317.4,Gd,TA,Stone,Fa,TA,Gd,Rec,4089.3,NA,800.2,2291.5,992.6,GasW,TA,Y,FuseF,2252.8,1452.7,0.0,2021.7,2,1,2,2,3,2,Gd,10,Mod,0,TA,2Types,1983.0,Unf,3,209.7,Gd,Gd,Y,344.9,196.9,488.8,160.2,350.2,259.0,,,,11733.4,6,2008,WD,Abnorml,296395
636,85,C,60.3,173664.5,Grvl,,IR2,Bnk,NoSeWa,Corner,Mod,NoRidge,RRNe,Artery,2FmCon,SFoyer,1,2,1946,2004,Gambrel,WdShngl,VinylSd,Plywood,BrkCmn,1089.0,Gd,Gd,Wood,TA,,Mn,Rec,3641.2,ALQ,638.8,1507.0,6023.3,Grav,TA,N,Mix,4395.1,799.9,0.0,948.7,2,0,1,1,4,1,TA,6,Sal,2,,Basment,2002.0,NA,4,981.5,Po,Po,N,818.4,423.3,153.9,187.0,25.1,284.0,,,,14662.1,10,2008,ConLD,Alloca,316322
637,20,C,108.4,49291.8,Grvl,,Reg,Bnk,AllPub,CulDSac,Mod,Somerst,RRNe,PosN,TwnhsE,2.5Unf,8,2,1931,1955,Gambrel,CompShg,CBlock,Stucco,None,1264.0,Fa,TA,PConc,Gd,Fa,NA,ALQ,1593.7,Rec,407.7,2042.6,2836.2,Floor,Ex,Y,FuseA,966.8,1028.7,0.0,5376.3,0,2,0,1,1,3,Fa,2,Maj2,1,,,1935.0,NA,3,709.6,Ex,TA,Y,728.0,141.0,65.8,14.4,183.5,72.0,,,,8058.6,12,2010,VWD,Normal,576541
638,180,RL,125.7,49668.5,Pave,,IR1,Low,AllPub,FR2,Mod,ClearCr,Feedr,Feedr,Duplex,1Story,1,7,1911,2002,Mansard,Roll,MetalSd,CBlock,Stone,1304.3,Fa,Ex,CBlock,TA,Fa,Av,BLQ,1668.4,BLQ,1436.7,1398.6,3649.9,Grav,Po,Y,Mix,1606.1,939.4,0.0,2132.1,2,1,0,0,8,2,Ex,11,Sev,3,NA,NA,1926.0,Fin,3,1003.6,Fa,NA,N,501.4,469.7,150.7,399.3,462.2,78.0,,,,6058.5,5,2009,CWD,Abnorml,278091
639,30,RM,255.9,176158.4,Pave,,Reg,HLS,AllPub,Inside,Sev,Mitchel,Artery,RRNn,2FmCon,SLvl,1,10,1945,1965,Mansard,Membran,CemntBd,ImStucc,Stone,135.6,Gd,Gd,CBlock,Gd,Gd,Mn,Rec,5333.6,NA,381.4,1611.3,979.9,Floor,TA,Y,FuseA,1660.0,18.6,0.0,4119.7,0,2,3,1,6,2,Fa,6,Min1,1,,2Types,1916.0,Unf,1,1084.8,Ex,Ex,P,5.5,123.4,357.2,492.4,123.8,43.0,,,,12164.3,7,2009,WD,Partial,376350
640,190,FV,102.4,200354.1,Grvl,,IR3,Bnk,AllPub,Corner,Mod,Sawyer,Norm,Artery,1Fam,2.5Unf,4,1,1992,1975,Gambrel,Tar&Grv,Wd Sdng,HdBoard,BrkCmn,996.8,Gd,Po,PConc,,NA,Av,ALQ,5574.4,BLQ,455.9,1607.6,1768.1,GasA,Po,N,FuseP,465.0,816.9,0.0,3366.6,3,2,2,2,2,3,Ex,2,Sev,3,NA,Basment,1989.0,NA,3,1139.6,Po,NA,Y,370.3,197.7,193.3,390.9,260.3,2.0,,,,11165.5,2,2006,WD,Alloca,447304
641,160,RM,82.5,21702.0,Grvl,,IR3,Lvl,NoSeWa,FR3,Gtl,NWAmes,Norm,RRNn,Duplex,SLvl,10,6,1874,1954,Mansard,Roll,MetalSd,CBlock,None,10.9,Ex,Gd,PConc,NA,Gd,NA,NA,2672.1,BLQ,238.2,1646.4,3755.4,Grav,Po,Y,Mix,492.1,1212.8,0.0,904.7,2,1,3,2,5,2,Fa,10,Sev,0,,CarPort,1940.0,,4,1184.0,Gd,Ex,Y,600.2,245.0,530.6,263.3,84.2,442.0,,GdWo,,10090.1,10,2009,COD,Normal,389762
642,60,RH,300.6,97587.8,Grvl,,IR1,Low,AllPub,Corner,Gtl,MeadowV,PosA,PosN,Twnhs,2.5Unf,10,7,1907,1958,Hip,ClyTile,AsphShn,Plywood,Stone,69.5,Fa,Gd,PConc,Ex,TA,Mn,Unf,4529.0,Rec,1213.1,749.9,3357.8,Floor,Gd,Y,SBrkr,4486.3,1176.9,0.0,3313.6,3,1,0,2,6,3,TA,14,Min1,0,Fa,NA,1903.0,RFn,1,1201.4,Gd,Gd,N,100.5,159.3,72.3,420.4,155.2,78.0,,,,14962.9,4,2007,COD,Partial,496724
643,190,C,,73496.7,Pave,,IR1,HLS,AllPub,CulDSac,Mod,NPkVill,RRAn,PosN,Twnhs,SLvl,6,8,1914,1995,Gable,CompShg,WdShing,AsbShng,Stone,1446.4,TA,Gd,Stone,NA,TA,NA,BLQ,4157.9,LwQ,864.6,1344.7,4792.5,Wall,TA,Y,FuseA,2822.8,1548.3,0.0,3842.7,3,0,0,0,5,2,Fa,11,Mod,3,Fa,Attchd,1902.0,Unf,4,585.0,,Gd,P,348.4,419.2,546.7,435.8,344.2,376.0,,,,9017.5,5,2008,New,AdjLand,514843
644,80,RL,312.4,187579.4,Pave,,IR1,HLS,NoSeWa,FR3,Sev,NPkVill,RRNn,PosN,Duplex,1.5Unf,9,7,1986,1989,Gambrel,Tar&Grv,ImStucc,AsphShn,Stone,844.1,TA,Fa,Slab,Ex,Po,Av,BLQ,1678.1,LwQ,903.6,1387.9,1645.0,OthW,Po,Y,FuseP,1670.4,1384.3,0.0,5013.1,2,0,1,0,5,3,TA,14,Maj1,0,Ex,CarPort,1918.0,RFn,3,1260.9,NA,Po,P,164.3,224.0,6.9,276.6,308.7,692.0,,,,3849.8,8,2009,CWD,Alloca,591161
645,75,RL,218.6,19169.7,Pave,,IR1,Low,AllPub,Corner,Gtl,Gilbert,RRNe,RRNn,TwnhsE,1Story,1,6,1980,1963,Hip,Membran,HdBoard,CBlock,Stone,1177.4,Gd,Po,CBlock,Ex,TA,Av,GLQ,330.5,LwQ,1209.5,736.0,3993.1,OthW,Gd,N,FuseP,1984.3,571.6,0.0,706.0,1,1,3,0,7,0,Fa,9,Min2,1,Ex,BuiltIn,1940.0,Unf,3,1020.4,Fa,Po,Y,289.8,485.2,249.3,476.1,198.9,138.0,,,,383.9,6,2006,Con,Alloca,244031
646,150,FV,262.9,46469.3,Pave,,IR1,Bnk,AllPub,FR3,Gtl,CollgCr,RRAe,RRNn,TwnhsE,SLvl,7,9,1961,1993,Hip,WdShngl,VinylSd,BrkComm,None,1341.6,TA,Ex,CBlock,NA,TA,No,Rec,804.6,NA,505.5,817.3,1777.9,Wall,Ex,N,FuseP,3449.3,527.9,0.0,1903.2,1,1,3,0,7,1,Gd,8,Maj2,0,Po,Detchd,1939.0,Unf,4,1189.7,Gd,Gd,Y,22.9,527.1,139.0,15.3,450.3,6.0,,,Elev,7028.7,6,2007,WD,AdjLand,405303
647,50,RM,107.0,162286.8,Pave,,IR3,Low,NoSeWa,Corner,Gtl,NoRidge,Artery,Norm,TwnhsE,SLvl,10,3,1955,1991,Shed,Roll,CBlock,BrkFace,BrkCmn,1519.3,Gd,Gd,Slab,Fa,NA,Av,ALQ,4731.3,Unf,285.4,1780.6,3585.1,Grav,TA,N,Mix,1931.3,958.5,0.0,4008.9,3,0,3,0,4,2,Ex,3,Sal,3,,BuiltIn,1957.0,NA,2,1402.7,TA,Gd,P,108.6,470.3,312.6,5.1,372.0,724.0,,,,10111.0,5,2010,WD,Normal,625445
648,20,FV,25.2,12274.1,Grvl,,IR1,Low,NoSeWa,Inside,Mod,NridgHt,Norm,Feedr,Twnhs,1Story,5,6,1948,1979,Flat,CompShg,AsbShng,VinylSd,BrkCmn,1391.0,TA,Fa,Wood,NA,TA,No,BLQ,4127.0,GLQ,292.4,1361.2,3696.7,Floor,Ex,N,SBrkr,1326.6,1513.6,0.0,516.2,3,0,2,0,3,3,Gd,3,Sev,3,Po,Basment,1938.0,,1,165.1,NA,NA,N,389.7,285.9,53.3,41.4,128.6,512.0,,,,2668.2,10,2010,New,Partial,316621
649,190,C,236.5,106675.5,Grvl,,IR2,HLS,NoSeWa,Inside,Gtl,Sawyer,PosA,Artery,Duplex,SFoyer,8,4,1876,2001,Gambrel,WdShngl,CBlock,BrkComm,None,773.3,Gd,TA,Slab,TA,Po,,Rec,3749.5,NA,1079.9,348.6,744.4,GasA,Ex,N,FuseP,777.8,193.8,0.0,1414.5,0,0,0,1,4,0,Ex,5,Min1,2,NA,2Types,1906.0,NA,1,525.5,TA,Po,Y,769.7,278.9,483.5,29.4,223.4,695.0,,,,399.3,5,2007,ConLw,Family,317626
650,150,FV,,95886.6,Pave,,Reg,HLS,NoSeWa,Inside,Sev,SawyerW,Norm,Feedr,TwnhsE,2.5Unf,7,2,1949,2001,Flat,Tar&Grv,CBlock,WdShing,Stone,537.6,Gd,Po,CBlock,TA,Fa,Gd,ALQ,737.4,Rec,905.2,1956.7,3352.1,Grav,Fa,N,FuseF,3510.7,1958.3,0.0,1494.7,3,1,3,2,8,3,Fa,10,Min2,3,,2Types,1935.0,RFn,3,1143.7,Gd,NA,N,420.4,118.1,75.4,215.7,421.5,726.0,,,,14090.9,1,2006,VWD,Alloca,449704
651,70,RL,,72843.5,Pave,,Reg,Lvl,AllPub,Corner,Sev,SWISU,Feedr,PosN,2FmCon,2Story,4,1,1962,1975,Hip,Metal,AsbShng,HdBoard,Stone,247.2,TA,Ex,CBlock,TA,Gd,NA,GLQ,3611.8,,304.1,2063.0,72.9,GasW,TA,Y,FuseA,1120.9,1121.6,0.0,3886.8,2,1,1,1,5,2,Ex,10,Min1,0,TA,,1982.0,Unf,1,122.4,Fa,Po,N,388.3,324.0,324.2,477.7,10.8,76.0,,,,4680.2,12,2010,VWD,Abnorml,362821
652,190,RL,62.7,85716.8,Pave,,IR2,Low,AllPub,FR3,Sev,StoneBr,Artery,Artery,Twnhs,SLvl,4,1,1958,2002,Gambrel,ClyTile,BrkComm,WdShing,None,640.5,Fa,Po,Stone,TA,Gd,No,ALQ,4358.0,LwQ,213.8,1088.9,3062.4,GasW,Ex,N,FuseA,637.5,632.7,0.0,1851.9,1,0,0,0,2,2,TA,9,Typ,3,,CarPort,1975.0,RFn,4,766.8,Fa,Po,N,674.9,521.1,18.4,343.0,279.1,42.0,,GdPrv,,7223.8,4,2008,VWD,Family,345141
653,180,RH,241.0,114678.1,Pave,,IR1,HLS,AllPub,Inside,Gtl,Blmngtn,Artery,Norm,Duplex,2.5Unf,6,10,1885,1994,Flat,Membran,BrkFace,VinylSd,None,586.4,Gd,Ex,CBlock,Ex,Gd,Gd,BLQ,4857.2,LwQ,177.9,488.0,4261.9,Grav,Ex,Y,SBrkr,2194.7,1431.9,0.0,3516.7,1,2,1,2,2,2,Fa,12,Sev,0,,Attchd,1919.0,Unf,3,1217.2,Fa,Ex,P,229.5,44.1,171.7,335.0,111.3,156.0,,MnPrv,,1411.6,9,2008,ConLD,Family,438957
654,50,RH,245.5,35823.7,Grvl,,IR3,HLS,AllPub,FR2,Gtl,Sawyer,PosA,Feedr,Duplex,1Story,6,3,1975,1978,Gable,CompShg,Plywood,HdBoard,BrkFace,895.3,TA,Ex,PConc,Ex,Po,No,LwQ,74.7,LwQ,925.4,2213.6,445.0,Wall,Ex,N,SBrkr,506.5,92.4,0.0,5458.1,1,2,0,2,0,2,Ex,6,Maj1,0,Gd,BuiltIn,2001.0,RFn,1,26.9,Fa,Fa,N,81.5,411.6,82.6,195.5,30.6,529.0,,,,5915.0,2,2006,Oth,Normal,477018
655,60,C,213.3,123675.7,Grvl,,IR3,HLS,NoSeWa,FR2,Sev,Gilbert,RRNe,PosN,Duplex,2Story,9,4,1954,1968,Gambrel,WdShngl,WdShing,Other,None,1064.8,Fa,TA,PConc,NA,NA,Av,NA,3863.2,Rec,0.2,2061.0,5735.5,GasW,Po,Y,Mix,4539.5,1000.3,0.0,4544.5,2,0,1,2,4,2,Ex,8,Min1,2,,CarPort,1975.0,Fin,0,1332.2,Fa,Gd,N,179.6,475.6,539.8,271.2,438.2,219.0,,,,6568.5,11,2006,Con,Normal,636974
656,150,RM,244.7,173618.2,Grvl,,IR2,HLS,NoSeWa,Inside,Gtl,BrkSide,PosN,Artery,Duplex,2Story,5,2,1925,1996,Flat,Tar&Grv,CemntBd,BrkFace,Stone,1565.3,Ex,Ex,Slab,Gd,Po,No,LwQ,107.8,LwQ,27.0,570.9,2803.0,Floor,TA,N,FuseF,3067.7,1003.5,0.0,2101.0,0,1,3,1,5,0,Gd,13,Typ,0,TA,NA,1928.0,Unf,1,1387.0,Ex,Ex,Y,678.1,539.7,6.6,154.5,391.8,584.0,,,,13992.5,6,2008,ConLD,Partial,408807
657,70,FV,268.0,163932.6,Grvl,,IR2,Low,AllPub,Inside,Sev,BrkSide,PosA,Artery,1Fam,2.5Unf,8,1,2003,1957,Mansard,Metal,Stone,WdShing,None,1165.4,Gd,TA,Slab,Gd,Gd,Gd,GLQ,3989.6,BLQ,574.2,223.3,5733.7,OthW,TA,N,FuseA,999.5,334.5,0.0,2841.5,2,1,3,2,7,3,Fa,10,Maj1,3,NA,BuiltIn,1993.0,NA,4,457.0,Gd,Po,Y,580.2,183.1,194.5,263.1,88.9,189.0,,MnWw,TenC,13414.6,2,2006,ConLD,AdjLand,632679
658,40,C,200.2,34226.1,Pave,,IR2,Low,NoSeWa,CulDSac,Mod,ClearCr,PosN,PosN,2FmCon,1.5Fin,5,4,1966,1972,Gambrel,CompShg,WdShing,ImStucc,BrkCmn,1030.0,Gd,Gd,PConc,Ex,Po,No,Unf,3587.4,LwQ,1019.0,1029.4,656.2,GasA,TA,Y,FuseP,1085.6,1729.2,0.0,1399.2,2,2,1,0,8,3,Ex,4,Maj2,3,,,1983.0,Fin,1,1087.3,,Fa,P,78.4,194.5,167.1,379.3,401.7,261.0,,,,2929.5,9,2007,CWD,Alloca,333352
659,120,RH,46.9,33231.2,Pave,,Reg,Bnk,NoSeWa,FR2,Mod,NAmes,Feedr,RRNn,1Fam,2Story,2,7,1880,2002,Shed,Tar&Grv,CBlock,BrkFace,Stone,536.1,Ex,Po,Slab,Fa,Po,Mn,BLQ,837.3,BLQ,1024.5,1580.1,5803.9,Wall,TA,Y,FuseP,2817.3,1645.4,0.0,417.4,1,0,2,0,6,2,Ex,5,Min1,3,Fa,Detchd,1967.0,Fin,2,180.3,NA,Fa,Y,571.7,125.7,362.9,283.8,70.3,143.0,,,,8619.0,5,2006,Oth,Family,286037
660,85,FV,163.4,58674.6,Pave,,IR2,Low,AllPub,FR2,Mod,SWISU,Artery,Feedr,TwnhsE,SLvl,6,10,1924,1991,Mansard,CompShg,CBlock,MetalSd,None,55.2,Gd,Ex,PConc,Ex,Po,Mn,BLQ,4324.0,ALQ,634.0,409.7,667.2,GasW,TA,N,FuseA,1887.9,315.4,0.0,1871.8,2,2,1,1,0,3,Fa,3,Maj1,0,,,1965.0,NA,2,1095.9,TA,Ex,Y,798.3,431.6,31.1,212.8,228.6,484.0,,,,11334.3,9,2008,CWD,Alloca,350055
661,190,RH,43.7,78550.1,Grvl,,IR3,HLS,AllPub,Inside,Gtl,IDOTRR,Artery,Artery,1Fam,SFoyer,9,6,1948,1984,Gambrel,CompShg,CemntBd,Wd Sdng,None,461.0,Ex,TA,Stone,Fa,Fa,NA,Rec,385.8,ALQ,1018.6,1198.9,2819.7,GasA,Ex,Y,FuseF,3708.3,751.3,0.0,2294.8,3,2,0,1,6,0,Ex,10,Min1,3,,BuiltIn,1946.0,Unf,3,682.8,Gd,TA,N,38.5,76.6,447.5,429.2,348.4,640.0,,,,4523.7,12,2009,WD,Abnorml,423590
662,40,FV,140.0,88687.0,Grvl,,IR1,Lvl,NoSeWa,CulDSac,Mod,Veenker,Feedr,RRNn,1Fam,2.5Unf,3,6,1931,1980,Flat,Roll,Wd Sdng,BrkFace,None,1229.5,TA,Gd,Slab,Gd,Po,NA,LwQ,4664.2,Rec,768.1,993.8,5731.1,Floor,Gd,Y,FuseF,2712.6,207.4,0.0,3329.7,2,0,1,0,8,2,Ex,8,Mod,1,,,1993.0,,2,1219.9,TA,TA,P,528.3,146.5,257.5,146.0,256.2,277.0,,MnPrv,,6113.7,10,2006,ConLI,Abnorml,458577
663,50,RM,139.9,146717.8,Grvl,,IR3,Low,NoSeWa,FR3,Mod,Sawyer,PosN,Norm,Twnhs,SLvl,1,9,1917,2002,Flat,WdShake,ImStucc,BrkComm,Stone,328.4,Ex,Po,BrkTil,Ex,NA,Gd,Rec,1478.3,GLQ,1440.0,2080.3,1421.8,OthW,Fa,N,FuseP,2222.5,1752.4,0.0,5345.1,1,2,1,1,3,1,TA,7,Min1,1,,,,NA,4,301.5,Gd,Po,P,324.9,161.5,249.9,244.6,408.4,701.0,,,,15265.7,5,2010,ConLD,Abnorml,369575
664,60,C,40.3,13426.5,Grvl,,IR2,Bnk,NoSeWa,CulDSac,Sev,Gilbert,RRAe,Artery,Duplex,1.5Fin,1,2,1925,1984,Shed,Roll,BrkComm,CBlock,None,1139.5,Fa,Gd,Wood,NA,Fa,No,BLQ,3887.9,Unf,239.5,1003.5,212.5,GasW,TA,N,FuseA,4530.7,667.7,0.0,5365.2,1,1,0,2,6,0,Ex,6,Min1,3,Po,CarPort,1905.0,Fin,0,953.8,Gd,NA,Y,429.4,205.1,125.2,496.9,296.1,662.0,,MnWw,,11775.8,12,2007,Con,Abnorml,360386
665,80,FV,122.9,8718.1,Grvl,,IR3,Low,AllPub,CulDSac,Sev,Somerst,RRAe,Artery,1Fam,2Story,3,4,1945,1981,Gambrel,ClyTile,Wd Sdng,CemntBd,None,927.6,TA,Fa,CBlock,TA,Po,Av,GLQ,5213.3,ALQ,885.4,1246.9,4845.9,GasW,Po,Y,FuseP,2036.8,907.2,0.0,706.1,2,2,3,1,8,2,Ex,13,Typ,0,,Basment,1917.0,Unf,0,1114.7,TA,NA,P,452.6,230.7,270.5,491.4,207.3,306.0,,,TenC,6776.3,9,2007,ConLI,Partial,353018
666,150,RL,53.4,85147.3,Pave,,Reg,HLS,AllPub,FR2,Sev,Veenker,RRAn,Norm,Duplex,2.5Unf,10,5,1983,2007,Hip,WdShngl,Stucco,HdBoard,BrkCmn,275.0,Ex,Po,PConc,Gd,TA,Gd,Unf,1918.0,Rec,724.1,2231.5,3640.8,GasA,Gd,Y,Mix,2079.9,668.8,0.0,3596.5,3,0,0,2,0,3,TA,8,Mod,3,,Attchd,1952.0,Fin,3,287.1,Fa,TA,P,660.8,305.8,200.9,3.2,444.1,606.0,,,,8278.3,2,2007,Oth,Partial,604771
667,160,RL,,150454.7,Grvl,,IR3,Bnk,NoSeWa,Inside,Mod,Timber,Feedr,Norm,2FmCon,1.5Fin,5,1,1966,1954,Flat,WdShake,ImStucc,BrkComm,BrkFace,418.6,Fa,TA,Wood,Ex,Gd,Gd,LwQ,2838.3,Rec,286.6,700.1,3140.1,GasA,Po,N,FuseA,3235.4,640.2,0.0,558.8,3,1,1,2,8,0,Fa,4,Min2,1,Gd,NA,1921.0,Unf,3,1160.3,TA,NA,Y,477.4,518.8,135.3,270.4,17.4,549.0,,MnPrv,,9699.6,11,2010,ConLw,Family,239630
668,120,FV,297.7,42684.5,Grvl,,Reg,HLS,NoSeWa,Inside,Sev,Gilbert,RRNn,Artery,1Fam,SLvl,3,8,1894,1965,Shed,CompShg,Wd Sdng,WdShing,BrkCmn,794.1,Ex,Ex,CBlock,Ex,Fa,Gd,NA,2613.8,BLQ,1105.5,675.1,209.8,Grav,Ex,Y,FuseF,3861.7,1543.2,0.0,3774.0,1,1,0,2,3,2,Ex,6,Maj1,0,Ex,NA,2000.0,Unf,2,1358.4,TA,Po,P,508.3,135.3,93.1,171.2,234.4,155.0,,MnWw,,7732.0,7,2010,CWD,Abnorml,324964
669,50,FV,42.1,138546.7,Grvl,,IR1,HLS,AllPub,Inside,Mod,Gilbert,RRNe,PosN,Twnhs,SLvl,9,8,1898,1966,Gambrel,Tar&Grv,Stucco,AsbShng,BrkFace,669.4,Fa,TA,CBlock,TA,TA,NA,Rec,889.6,BLQ,406.1,1867.9,3991.2,GasW,Fa,Y,FuseP,3063.0,1543.7,0.0,958.8,3,2,1,2,7,3,TA,3,Sal,3,Ex,Detchd,1967.0,Fin,4,873.6,TA,TA,P,285.3,426.2,402.0,147.9,317.2,299.0,,,,6380.1,8,2007,CWD,Abnorml,412074
670,180,FV,299.9,56888.9,Pave,,IR2,Low,NoSeWa,CulDSac,Gtl,NPkVill,Norm,Norm,Twnhs,2.5Fin,8,6,1941,1981,Gambrel,WdShngl,WdShing,Stucco,BrkCmn,1245.7,Ex,TA,Slab,Gd,Gd,Gd,GLQ,3331.7,LwQ,562.6,648.3,1048.6,OthW,Ex,N,SBrkr,3378.5,1069.2,0.0,5357.5,3,1,3,2,2,3,Gd,6,Sev,0,NA,BuiltIn,2006.0,Unf,2,1112.9,Fa,Ex,P,107.9,370.0,78.4,302.9,401.3,346.0,,,,5569.9,3,2007,Con,Abnorml,573220
671,20,RL,173.6,190873.7,Grvl,,IR1,Low,NoSeWa,CulDSac,Mod,IDOTRR,Norm,RRNn,TwnhsE,SLvl,3,5,1980,1987,Gable,Tar&Grv,VinylSd,CemntBd,None,1175.0,Gd,TA,CBlock,NA,NA,No,BLQ,4193.5,Unf,552.5,1943.2,5689.6,GasA,Ex,Y,SBrkr,1959.2,1358.0,0.0,4921.9,0,0,1,0,1,2,Fa,8,Min2,3,NA,CarPort,1974.0,,4,755.2,Gd,Fa,Y,585.1,63.5,92.7,226.7,259.8,422.0,,,,2619.2,1,2007,CWD,Family,562071
672,160,RL,,192928.4,Grvl,,IR2,Bnk,NoSeWa,Corner,Sev,Blmngtn,PosA,Norm,1Fam,SFoyer,9,8,1948,2007,Mansard,Roll,ImStucc,Wd Sdng,None,919.3,Fa,Po,BrkTil,NA,TA,Gd,ALQ,5174.8,ALQ,360.0,223.2,4189.8,Wall,TA,N,Mix,2423.6,1056.6,0.0,452.5,0,2,1,0,7,0,Ex,12,Sal,2,NA,BuiltIn,2004.0,Unf,4,848.1,Po,Gd,P,0.4,443.3,318.5,372.3,425.0,425.0,,,,15091.1,2,2006,COD,Alloca,409408
673,160,FV,43.4,64903.1,Pave,,IR1,Bnk,NoSeWa,FR3,Sev,NridgHt,RRAn,Artery,2FmCon,SLvl,6,3,1921,1981,Gable,Tar&Grv,AsphShn,CBlock,Stone,1315.6,Gd,Po,Slab,NA,NA,Av,ALQ,4801.9,BLQ,634.9,259.9,4320.0,GasW,Po,N,SBrkr,1192.7,59.0,0.0,4485.6,3,1,3,0,7,2,TA,11,Min2,0,,BuiltIn,1934.0,Unf,0,18.9,Po,Fa,N,281.7,49.6,124.8,13.8,204.6,41.0,,,,1416.9,10,2010,COD,Partial,530617
674,160,RH,167.2,50506.0,Pave,,IR1,Bnk,AllPub,Corner,Sev,StoneBr,RRAn,Artery,Duplex,1.5Unf,7,3,1995,2001,Mansard,Membran,Stone,BrkComm,Stone,900.3,Gd,Fa,Wood,Gd,NA,Gd,LwQ,2878.5,GLQ,697.7,2105.5,1421.1,Wall,TA,N,Mix,3298.5,136.3,0.0,3709.3,3,0,0,2,2,2,Gd,12,Sev,1,,2Types,1974.0,Unf,4,743.4,Gd,TA,N,186.9,404.2,253.6,470.9,152.2,315.0,,,,9315.8,5,2008,WD,Normal,499138
675,45,RH,253.0,89296.4,Pave,,IR1,Bnk,AllPub,FR3,Sev,Edwards,PosN,Feedr,1Fam,SLvl,4,2,1890,1969,Mansard,Metal,AsphShn,BrkFace,BrkCmn,1543.0,Fa,Gd,PConc,NA,TA,NA,Unf,4058.1,Unf,1097.0,1263.3,5381.4,GasW,Ex,N,Mix,1299.1,792.4,0.0,2963.4,0,2,2,1,7,2,Fa,8,Mod,1,,NA,1997.0,Fin,1,816.1,TA,Fa,Y,333.0,391.5,305.2,288.3,467.4,637.0,,,,14873.8,9,2006,ConLD,Partial,444318
676,50,RM,227.5,52760.5,Grvl,,Reg,Lvl,NoSeWa,Corner,Gtl,OldTown,Artery,RRNn,TwnhsE,2Story,4,5,1872,1997,Gable,CompShg,Stone,AsbShng,BrkCmn,347.6,Gd,TA,CBlock,Fa,TA,NA,Unf,4519.6,Rec,1127.7,1679.2,3285.5,GasA,Fa,N,FuseF,339.5,1548.2,0.0,3532.8,0,0,2,1,5,2,Ex,10,Mod,1,Fa,Basment,1908.0,RFn,4,950.1,Gd,TA,Y,266.8,377.1,151.5,347.5,320.2,76.0,,GdWo,,5811.4,5,2008,WD,Family,403932
677,120,C,35.7,145153.2,Grvl,,Reg,Bnk,AllPub,Corner,Gtl,Gilbert,RRAe,Feedr,Twnhs,2.5Unf,2,3,1911,2005,Shed,Tar&Grv,AsbShng,Other,BrkFace,1142.6,TA,Fa,CBlock,Ex,Fa,Av,GLQ,2785.3,Unf,233.7,526.3,5236.8,Grav,Gd,Y,FuseF,4403.3,1885.8,0.0,3934.2,0,1,1,2,8,2,Fa,4,Mod,1,Fa,Attchd,1930.0,,0,240.2,Ex,Po,N,603.5,151.4,189.6,307.1,204.4,95.0,,MnWw,,3912.5,1,2006,WD,Partial,443344
678,190,RH,42.3,178032.4,Grvl,Grvl,IR3,Low,AllPub,Corner,Mod,Crawfor,Artery,Norm,1Fam,2.5Unf,5,3,1893,1951,Hip,CompShg,Stone,BrkFace,Stone,591.9,Ex,Fa,Stone,Fa,NA,Gd,Rec,651.5,LwQ,873.7,388.4,1655.5,GasW,Ex,Y,FuseA,1667.6,61.3,0.0,5028.7,1,2,1,1,5,3,Gd,9,Typ,3,,Attchd,2005.0,NA,2,342.3,Gd,Gd,P,223.0,313.6,116.0,502.5,421.5,262.0,,,,14810.6,12,2006,ConLD,Family,420788
679,85,RL,138.6,145304.7,Grvl,,IR3,Lvl,NoSeWa,Corner,Sev,NoRidge,RRNn,Feedr,TwnhsE,2.5Unf,8,6,1983,1969,Gambrel,WdShake,AsbShng,Wd Sdng,BrkCmn,446.3,Fa,Po,Wood,Gd,TA,Gd,NA,2471.7,BLQ,1321.0,1950.5,4615.9,Floor,Ex,Y,FuseP,1190.9,760.0,0.0,4407.1,1,2,3,2,7,2,Ex,6,Sal,3,Ex,NA,1995.0,Unf,4,1072.0,Ex,Po,Y,480.6,416.6,254.2,501.0,327.9,736.0,,,,12427.0,1,2008,COD,Alloca,665913
680,85,RH,107.2,177665.7,Pave,,IR3,HLS,AllPub,CulDSac,Gtl,NPkVill,PosA,Artery,2FmCon,SFoyer,7,8,1911,1996,Flat,Roll,ImStucc,Plywood,None,288.6,TA,Gd,PConc,NA,NA,Gd,GLQ,4754.9,BLQ,160.4,837.7,3510.6,GasA,Ex,N,SBrkr,1502.6,462.1,0.0,3388.1,0,1,0,1,1,0,Fa,8,Typ,0,,Attchd,1942.0,Fin,1,237.7,NA,Gd,Y,390.6,348.8,547.8,309.8,306.2,622.0,,,,10152.9,2,2007,CWD,Family,438487
681,190,RM,88.9,86234.5,Pave,,IR2,HLS,NoSeWa,FR3,Gtl,Mitchel,RRAn,PosN,Duplex,2.5Unf,7,2,1909,1967,Gambrel,Membran,HdBoard,CemntBd,BrkCmn,884.0,Fa,Fa,Stone,NA,Po,NA,LwQ,3367.4,BLQ,697.1,1063.0,295.8,GasA,Po,N,FuseP,1774.1,1683.4,0.0,4711.1,0,0,2,2,0,1,TA,2,Maj1,2,NA,Detchd,1998.0,Unf,3,589.9,NA,Po,P,686.5,440.0,200.2,347.5,349.7,204.0,,,,9485.8,1,2008,VWD,Alloca,462884
682,50,RM,103.1,34743.2,Pave,,Reg,Bnk,NoSeWa,Corner,Gtl,Blmngtn,RRNn,Norm,2FmCon,2Story,6,4,1919,1950,Shed,ClyTile,MetalSd,AsphShn,BrkFace,344.8,Ex,Ex,PConc,NA,Po,Gd,BLQ,4088.8,Unf,1106.0,65.3,2476.6,GasA,Gd,Y,FuseP,2402.1,1746.9,0.0,5572.6,0,1,2,1,1,2,Fa,2,Mod,2,,2Types,1974.0,RFn,2,355.2,Po,NA,Y,366.9,376.3,360.6,314.2,354.4,287.0,,,,5582.0,8,2009,COD,Abnorml,518538
683,70,C,255.6,159180.9,Pave,,IR1,HLS,AllPub,Corner,Sev,NoRidge,RRAn,Artery,2FmCon,1.5Fin,3,7,1946,2007,Shed,Membran,ImStucc,BrkFace,Stone,320.6,Fa,Fa,CBlock,TA,Po,NA,Unf,1045.7,ALQ,901.3,901.4,1123.7,Wall,Fa,N,Mix,636.2,426.2,0.0,1927.4,1,2,3,1,3,0,TA,5,Min2,0,,Detchd,1916.0,RFn,3,773.1,Po,Po,P,740.3,150.1,351.0,157.8,236.6,262.0,,,TenC,9940.4,2,2010,CWD,AdjLand,332004
684,45,RH,292.3,78421.7,Grvl,,IR3,Lvl,NoSeWa,Inside,Gtl,NWAmes,Feedr,Norm,Duplex,1Story,5,1,1978,1978,Gable,ClyTile,CemntBd,BrkFace,Stone,1584.9,Ex,Po,CBlock,TA,NA,NA,GLQ,5442.7,NA,148.3,1799.7,2194.6,GasA,Ex,N,SBrkr,563.5,1467.9,0.0,962.6,1,2,3,0,8,1,TA,6,Maj1,1,Fa,Basment,1950.0,Fin,1,1399.4,Po,Fa,Y,0.1,83.7,434.1,97.8,201.3,587.0,,NA,,11237.9,12,2009,ConLD,Partial,351003
685,20,RL,139.3,144915.0,Pave,,Reg,Low,AllPub,CulDSac,Sev,SWISU,RRAn,Feedr,1Fam,2.5Fin,1,1,1879,1978,Hip,ClyTile,ImStucc,VinylSd,None,1282.8,TA,TA,BrkTil,NA,NA,No,LwQ,2280.6,NA,584.6,1918.5,2342.3,Wall,Gd,Y,FuseF,1610.5,1511.1,0.0,4216.5,3,1,2,1,6,0,TA,14,Typ,2,NA,Attchd,1999.0,Fin,0,1208.2,TA,Gd,N,518.3,345.7,393.0,204.6,436.5,654.0,,,,491.8,11,2006,WD,AdjLand,354446
686,160,RL,,59202.9,Grvl,,Reg,Low,NoSeWa,FR2,Gtl,ClearCr,RRNn,Feedr,Duplex,1.5Unf,7,10,1957,1968,Flat,ClyTile,Stone,Plywood,Stone,1197.2,Fa,Po,Slab,Ex,TA,Mn,NA,3689.1,Unf,747.7,1632.3,2901.8,OthW,Ex,N,FuseP,1622.9,365.6,0.0,5528.4,2,0,0,1,8,3,Fa,11,Sev,2,NA,Attchd,1965.0,NA,0,382.1,Ex,Fa,N,8.4,415.6,6.5,346.8,238.7,314.0,,,,1824.2,8,2008,COD,Normal,549499
687,160,FV,114.9,18678.7,Grvl,,IR2,Lvl,NoSeWa,Inside,Gtl,Blueste,RRNn,Norm,TwnhsE,2.5Unf,9,7,1939,1993,Flat,WdShake,CemntBd,WdShing,Stone,1270.5,Ex,Po,BrkTil,TA,TA,NA,LwQ,106.5,BLQ,1467.9,1616.9,3667.8,Floor,Gd,Y,Mix,846.7,895.6,0.0,953.5,3,1,0,2,8,3,TA,4,Sev,0,Gd,Attchd,1923.0,RFn,2,522.7,Ex,Po,Y,611.8,77.9,170.7,28.4,103.6,368.0,,,,4884.2,11,2007,WD,Abnorml,374225
688,50,RL,160.1,213657.9,Pave,,IR1,Bnk,NoSeWa,FR2,Sev,Somerst,PosA,Norm,2FmCon,2Story,1,7,1946,1989,Shed,Tar&Grv,CBlock,CBlock,BrkFace,1550.3,Gd,Gd,PConc,Gd,Fa,Mn,Rec,718.6,Unf,263.3,1182.6,3488.7,Floor,Gd,N,FuseF,2098.1,1281.0,0.0,2625.5,2,0,0,1,8,1,Ex,7,Min1,1,Po,BuiltIn,2009.0,NA,4,1302.6,Ex,Fa,P,201.3,95.6,480.4,261.3,250.4,596.0,,,,5008.5,5,2007,ConLD,Partial,369722
689,70,C,87.0,34718.5,Grvl,,Reg,Bnk,AllPub,Corner,Sev,SWISU,RRAe,Feedr,Duplex,2.5Unf,2,1,2008,1955,Hip,ClyTile,WdShing,BrkFace,Stone,917.2,Gd,Ex,PConc,NA,Fa,No,BLQ,4413.8,Rec,1448.1,1257.5,238.2,Floor,Po,N,Mix,1571.8,53.8,0.0,664.5,2,0,1,1,7,1,TA,4,Min1,3,,NA,1914.0,Fin,4,1273.8,Gd,TA,N,325.6,6.6,297.8,207.5,16.5,251.0,,,,13958.0,1,2009,VWD,Alloca,265572
690,85,C,208.0,212767.7,Grvl,,Reg,Bnk,NoSeWa,FR3,Sev,Blueste,Artery,Norm,Twnhs,SFoyer,3,1,1961,1993,Flat,Membran,Plywood,Stone,BrkCmn,352.4,TA,Ex,PConc,Ex,Fa,Mn,GLQ,5463.2,BLQ,554.4,1734.8,4586.7,Grav,Po,Y,FuseP,447.6,835.5,0.0,4455.8,2,2,0,1,5,1,Ex,6,Maj1,3,NA,NA,1927.0,NA,3,227.6,TA,NA,N,326.0,290.9,57.5,268.0,347.2,332.0,,,,10609.8,4,2009,COD,Alloca,485795
691,85,RL,306.9,210384.2,Grvl,,IR3,Lvl,AllPub,FR2,Gtl,Timber,RRNn,Feedr,Duplex,2Story,3,4,2001,1988,Flat,CompShg,Wd Sdng,CemntBd,None,1379.5,TA,Gd,Wood,TA,Gd,Mn,LwQ,1806.4,NA,295.3,577.7,5799.5,Floor,Gd,N,FuseP,4194.0,320.0,0.0,5369.7,3,0,1,1,6,3,Ex,12,Sal,2,Fa,BuiltIn,,Unf,0,1175.9,NA,Po,Y,725.4,296.6,152.4,437.0,61.0,425.0,,,,5789.3,12,2006,ConLD,AdjLand,595297
692,60,RL,,171133.4,Pave,,IR2,Bnk,NoSeWa,FR2,Mod,IDOTRR,RRNn,Norm,Duplex,1.5Unf,8,5,1951,1999,Hip,Metal,MetalSd,MetalSd,Stone,1188.4,TA,Gd,PConc,Gd,Po,Av,,209.8,Unf,610.4,540.8,2130.4,GasA,TA,N,FuseP,4195.3,1119.0,0.0,2982.7,1,2,1,1,1,3,Ex,14,Typ,3,,,1928.0,Unf,4,422.0,Po,TA,N,87.5,273.5,156.4,24.2,53.6,294.0,,,,12542.6,2,2010,ConLD,Alloca,426768
693,50,FV,125.5,142380.2,Grvl,,IR2,Low,NoSeWa,FR2,Mod,Mitchel,PosN,PosN,TwnhsE,1.5Unf,7,5,1966,2003,Gable,WdShngl,Stucco,Wd Sdng,BrkCmn,662.9,Gd,Fa,Slab,TA,NA,Av,,2036.7,GLQ,905.0,2219.0,1098.3,OthW,Ex,N,SBrkr,1245.6,1740.6,0.0,2507.7,1,0,3,0,0,0,Ex,2,Maj1,0,,Attchd,1951.0,NA,4,771.1,NA,NA,P,571.5,172.9,482.0,387.9,454.3,641.0,,,,5009.5,6,2006,Con,AdjLand,492470
694,45,RL,210.2,124918.9,Grvl,,IR1,Lvl,NoSeWa,FR3,Sev,MeadowV,PosN,Norm,2FmCon,1Story,6,4,1941,1995,Gable,Roll,VinylSd,AsbShng,None,757.7,Ex,Ex,CBlock,Gd,Po,Mn,NA,98.6,BLQ,314.7,64.7,3299.4,GasA,Po,Y,SBrkr,1043.8,1083.6,0.0,5152.2,1,0,1,1,4,3,Fa,4,Typ,2,Ex,NA,1953.0,Fin,0,7.2,Gd,Po,P,840.9,234.0,305.5,338.8,370.8,284.0,,,,15356.7,5,2007,ConLD,Abnorml,521138
695,30,FV,56.9,186598.1,Grvl,,IR2,Lvl,NoSeWa,Inside,Sev,BrDale,Norm,Norm,TwnhsE,2Story,10,8,1961,1957,Shed,WdShake,AsphShn,BrkFace,None,658.0,TA,Po,BrkTil,NA,,NA,LwQ,1085.8,LwQ,429.6,325.8,4307.0,OthW,Gd,N,FuseP,2719.1,74.3,0.0,1042.0,1,2,1,2,7,1,Ex,8,Sev,2,,Attchd,1957.0,NA,0,1416.0,TA,TA,N,19.2,419.1,335.8,103.6,198.8,316.0,,,,12115.1,12,2008,ConLD,AdjLand,466435
696,45,FV,280.5,63224.1,Pave,,IR1,HLS,NoSeWa,CulDSac,Mod,Sawyer,Artery,Artery,TwnhsE,2.5Unf,10,7,1930,1973,Flat,ClyTile,Wd Sdng,WdShing,BrkFace,1487.9,Ex,Fa,CBlock,Ex,Gd,Gd,Rec,4247.0,LwQ,1259.6,1332.3,4148.1,Floor,TA,N,SBrkr,3082.8,61.2,0.0,5066.5,3,0,3,2,2,2,Ex,4,Sev,1,Ex,BuiltIn,1944.0,RFn,1,1079.2,,NA,Y,827.8,99.4,202.6,373.0,115.0,511.0,,MnPrv,,12530.0,9,2009,ConLw,Partial,669685
697,180,RL,,101358.1,Grvl,,IR1,HLS,AllPub,FR3,Mod,Veenker,RRAe,PosN,Twnhs,2.5Unf,4,9,1899,1969,Gable,Roll,Plywood,Plywood,Stone,549.7,Ex,Ex,Wood,Fa,NA,Gd,BLQ,5288.9,NA,1472.5,1723.6,3740.0,GasA,Gd,N,Mix,4507.0,1250.4,0.0,2415.4,0,1,0,1,6,2,TA,6,Mod,3,,Detchd,1976.0,Unf,3,342.8,Ex,,P,15.8,110.2,33.3,252.2,404.9,28.0,,,,4045.1,12,2007,VWD,Alloca,391685
698,85,RM,152.2,133815.4,Grvl,,IR3,Bnk,NoSeWa,Inside,Sev,NAmes,Feedr,Feedr,TwnhsE,1Story,9,7,1943,2003,Gable,Roll,AsphShn,ImStucc,None,1541.6,TA,TA,Stone,TA,Fa,No,Rec,493.6,NA,469.0,1256.5,893.5,Grav,Fa,Y,Mix,1978.5,677.3,0.0,3303.3,2,0,0,1,4,1,TA,8,Min1,1,Po,2Types,1949.0,Unf,0,969.6,Ex,,P,720.9,364.8,41.5,244.4,464.9,293.0,,NA,,2248.0,3,2006,ConLw,Alloca,470544
699,85,RM,192.1,89272.1,Grvl,,IR3,Bnk,NoSeWa,Corner,Sev,NridgHt,Artery,Feedr,TwnhsE,SFoyer,1,10,1885,1963,Flat,ClyTile,Plywood,Wd Sdng,None,1456.4,TA,Po,BrkTil,Ex,Po,NA,GLQ,3148.8,GLQ,219.4,829.4,5113.0,GasA,Gd,N,FuseA,3028.1,1182.6,0.0,3138.2,1,2,2,1,7,3,TA,14,Sal,2,,Detchd,1921.0,Unf,1,415.9,NA,TA,P,823.8,474.2,232.1,245.4,244.0,6.0,,,,6037.9,5,2010,WD,Partial,356852
700,40,FV,,92758.6,Pave,,Reg,Low,AllPub,Inside,Sev,NWAmes,RRAe,RRNn,Twnhs,2Story,2,1,1895,1954,Flat,WdShake,CBlock,VinylSd,,1008.8,Gd,Po,Wood,Fa,Po,Mn,Rec,1432.9,LwQ,1169.1,2284.6,2600.5,Wall,Fa,N,FuseF,4161.1,337.9,0.0,3603.6,1,2,2,0,5,1,Ex,3,Min2,3,Ex,NA,1951.0,Unf,0,126.8,Ex,Gd,N,851.0,186.2,98.0,482.2,278.4,541.0,,,,5180.7,10,2008,ConLw,Normal,311247
701,85,RL,42.0,71962.8,Pave,,IR3,Bnk,NoSeWa,FR2,Mod,NWAmes,RRAe,PosN,1Fam,1.5Unf,4,7,1983,1990,Shed,Metal,CemntBd,ImStucc,None,927.7,TA,Fa,PConc,NA,Po,Av,NA,784.8,NA,885.1,1644.2,1353.2,GasA,Po,N,Mix,2294.9,1604.2,0.0,5334.8,3,1,1,2,5,3,Ex,4,Mod,1,Fa,2Types,1952.0,RFn,2,603.1,Fa,TA,P,393.5,510.2,57.6,479.7,116.7,214.0,,,,11932.4,7,2010,ConLw,Abnorml,490961
702,190,RM,220.3,122014.6,Pave,,Reg,Low,AllPub,Inside,Mod,StoneBr,RRNe,PosN,TwnhsE,SFoyer,3,1,1915,1989,Shed,Tar&Grv,AsphShn,Stone,BrkFace,592.1,Gd,Ex,PConc,Gd,Gd,Gd,ALQ,1235.9,ALQ,148.0,1942.1,527.1,GasW,Po,N,FuseF,867.2,1777.4,0.0,5382.6,2,0,2,0,6,2,Ex,5,Min2,3,Fa,NA,1930.0,Unf,2,870.3,Ex,Po,P,743.0,31.5,144.8,464.1,282.8,626.0,,,,2701.5,9,2006,New,AdjLand,458795
703,20,RL,91.6,183276.2,Grvl,,Reg,Bnk,AllPub,Inside,Mod,Blueste,Feedr,Norm,Duplex,SFoyer,1,7,1927,1983,Gable,ClyTile,MetalSd,HdBoard,None,29.3,Gd,Gd,Stone,NA,Po,Mn,ALQ,3260.9,NA,1395.5,94.0,2546.2,Wall,Gd,N,FuseA,1978.9,1836.3,0.0,4745.7,1,1,3,0,6,0,Ex,6,Maj1,2,TA,BuiltIn,1970.0,RFn,2,127.3,Po,NA,N,104.8,64.8,409.6,450.5,192.3,214.0,,,,8175.7,3,2006,ConLw,Abnorml,396380
704,75,RL,229.5,44416.0,Grvl,,Reg,Low,AllPub,Corner,Sev,NWAmes,PosN,Artery,TwnhsE,1.5Fin,5,10,1991,2009,Shed,WdShake,Wd Sdng,ImStucc,None,204.2,Ex,TA,BrkTil,Ex,TA,Gd,ALQ,367.6,Rec,115.0,551.1,3775.8,OthW,Po,Y,FuseA,929.2,627.9,0.0,1350.7,0,0,2,1,3,3,Gd,13,Min1,2,Po,CarPort,1947.0,RFn,0,735.1,Gd,Gd,N,364.6,251.6,40.3,19.1,405.9,163.0,,GdPrv,,9737.0,4,2007,New,Partial,401482
705,50,RL,,201217.3,Grvl,,Reg,Lvl,AllPub,Corner,Gtl,IDOTRR,PosA,Feedr,2FmCon,1.5Fin,7,8,1903,1965,Mansard,WdShake,Stone,MetalSd,BrkFace,1206.8,Gd,Po,Slab,Ex,Fa,Av,ALQ,2450.7,Rec,921.8,874.1,4065.5,Floor,Gd,Y,FuseF,406.5,1364.4,0.0,2104.3,1,1,2,1,7,0,Gd,10,Sev,2,,CarPort,1989.0,RFn,4,730.1,Gd,Gd,N,263.9,395.7,247.4,203.5,181.0,169.0,,,,5970.1,1,2008,WD,Abnorml,411762
706,150,RH,,148726.9,Grvl,,IR1,Low,AllPub,Inside,Mod,NAmes,Feedr,Feedr,Duplex,2Story,2,9,1896,1994,Hip,WdShngl,CemntBd,AsbShng,BrkFace,754.5,Ex,Gd,Slab,TA,Fa,Av,GLQ,763.2,ALQ,624.9,426.6,5882.3,Floor,Gd,N,FuseP,3609.3,576.2,0.0,2923.4,2,2,1,2,5,2,TA,10,Min2,0,,Attchd,1930.0,Unf,4,891.4,Fa,Gd,Y,338.7,202.8,456.0,454.6,311.4,220.0,,,,3109.4,2,2006,VWD,Normal,369812
707,45,RL,182.3,177435.2,Grvl,,Reg,Bnk,AllPub,FR3,Gtl,Sawyer,PosN,Artery,Duplex,2Story,5,3,1987,1956,Gable,Metal,BrkComm,HdBoard,BrkFace,239.7,Gd,Gd,PConc,Fa,NA,NA,LwQ,1539.0,LwQ,820.5,170.3,935.7,GasA,Fa,Y,FuseF,1373.1,1575.1,0.0,5140.2,0,2,3,1,7,0,Fa,5,Maj2,1,Ex,NA,2001.0,Unf,2,346.9,Fa,,Y,601.6,303.4,147.9,383.6,97.7,259.0,,MnPrv,,13882.8,3,2007,ConLD,Family,513851
708,190,RH,172.9,120294.2,Pave,,Reg,HLS,AllPub,Corner,Gtl,Mitchel,Norm,Artery,1Fam,2.5Unf,6,4,1937,1965,Gable,Metal,Plywood,AsbShng,None,422.3,TA,Gd,PConc,Fa,Gd,Mn,ALQ,1076.6,GLQ,314.3,525.8,6023.1,Floor,Ex,Y,Mix,342.7,248.9,0.0,3098.8,3,1,2,2,6,0,TA,10,Maj1,1,Gd,Attchd,2001.0,RFn,3,29.3,Po,Gd,N,75.0,15.6,166.6,232.0,43.5,723.0,,,,2152.0,10,2006,ConLD,Family,472759
709,75,FV,62.7,168073.7,Pave,,Reg,Bnk,AllPub,FR2,Mod,BrDale,Artery,PosN,2FmCon,2.5Unf,7,4,1913,1956,Mansard,CompShg,AsbShng,CemntBd,BrkCmn,1516.5,Fa,Gd,PConc,TA,NA,Mn,Unf,4983.5,GLQ,1014.3,1246.6,4000.1,Floor,Gd,N,FuseF,4136.1,1575.1,0.0,5522.2,0,0,0,0,0,1,Ex,5,Typ,2,,Attchd,1903.0,Unf,1,460.6,TA,NA,Y,855.4,252.6,488.1,392.8,19.4,260.0,,,,4709.0,7,2007,Con,Abnorml,570825
710,190,RM,,4766.0,Grvl,,IR1,Lvl,AllPub,FR3,Mod,NWAmes,PosA,Artery,2FmCon,2.5Fin,1,9,1947,1976,Gambrel,Metal,WdShing,CBlock,BrkCmn,587.4,Ex,Fa,Wood,NA,NA,No,ALQ,3996.0,Rec,1414.6,1625.3,2775.3,Floor,Ex,N,Mix,2268.0,908.0,0.0,5556.2,2,0,3,2,3,0,Ex,3,Mod,1,TA,NA,1934.0,NA,2,565.2,,Fa,P,544.3,132.7,358.8,105.8,199.5,641.0,,,,11726.8,7,2010,ConLw,AdjLand,484531
711,70,RM,100.3,176388.4,Pave,,IR2,HLS,AllPub,Inside,Mod,Somerst,Norm,Artery,2FmCon,SFoyer,7,7,2008,1963,Shed,Membran,Stucco,Other,None,1452.3,TA,Po,Stone,Fa,Fa,No,NA,4901.6,NA,675.7,1808.1,5426.9,GasA,TA,Y,Mix,1375.0,1766.7,0.0,3511.3,2,2,3,2,6,2,TA,11,Typ,2,,Detchd,1996.0,Unf,1,901.5,,NA,Y,748.6,282.5,440.3,304.7,78.5,616.0,,,,9382.3,1,2007,ConLD,Partial,579889
712,30,RM,166.0,9887.5,Pave,Pave,IR2,Low,AllPub,FR2,Sev,ClearCr,Norm,Norm,TwnhsE,1.5Fin,4,3,1909,1963,Gambrel,WdShngl,Wd Sdng,CemntBd,Stone,487.4,Ex,Gd,Stone,NA,TA,Av,LwQ,2164.3,Unf,770.8,100.3,4243.3,GasA,Po,N,Mix,1479.2,1525.9,0.0,4991.7,0,0,1,2,8,3,TA,2,Sev,1,Ex,Attchd,1966.0,Unf,1,1319.0,Fa,Ex,Y,711.0,287.6,159.6,270.8,476.9,565.0,,,,11325.0,9,2010,Oth,Normal,536008
713,20,RM,104.0,191692.5,Grvl,,Reg,HLS,AllPub,FR2,Gtl,SWISU,RRNe,PosN,TwnhsE,2.5Fin,8,10,1932,1993,Shed,Membran,AsbShng,VinylSd,Stone,869.2,Gd,Gd,CBlock,Gd,Gd,NA,ALQ,1768.9,NA,353.5,999.8,2130.7,GasW,TA,N,FuseP,1382.3,777.5,0.0,5637.9,1,1,3,0,1,0,Fa,8,Sev,3,NA,2Types,1963.0,,2,288.4,Po,NA,P,656.5,412.0,550.2,291.4,383.2,619.0,,,,12535.9,3,2009,CWD,Normal,577422
714,120,RM,60.1,213525.5,Grvl,,IR2,Bnk,NoSeWa,FR3,Gtl,Veenker,RRAn,RRNn,Duplex,2.5Fin,4,5,1960,1982,Hip,Metal,BrkFace,MetalSd,Stone,32.8,Ex,Ex,Stone,Ex,Gd,Mn,Unf,2148.0,GLQ,1314.6,285.5,5401.8,Grav,TA,Y,FuseP,1181.9,1865.8,0.0,4844.3,2,1,3,0,4,3,TA,5,Mod,1,Po,Attchd,1982.0,NA,4,974.6,NA,TA,N,33.6,295.3,77.8,366.7,332.8,471.0,,,,13878.6,3,2006,ConLD,Normal,553111
715,190,RM,204.8,64214.3,Pave,,IR3,HLS,NoSeWa,Inside,Gtl,SawyerW,RRAn,RRNn,1Fam,2.5Fin,6,7,1889,1982,Flat,CompShg,AsphShn,CemntBd,BrkFace,835.0,Fa,Po,BrkTil,Gd,Gd,NA,LwQ,104.7,NA,1431.5,1007.3,4073.0,Grav,Gd,Y,FuseA,4000.1,585.1,0.0,3820.9,0,0,3,1,8,1,Fa,13,Min1,2,NA,BuiltIn,1908.0,NA,3,138.1,Gd,Fa,P,442.6,336.0,531.0,482.5,385.6,254.0,,,,4720.8,2,2009,COD,Alloca,466130
716,190,RM,36.9,46296.6,Pave,,IR3,HLS,NoSeWa,FR2,Gtl,Edwards,RRAn,Feedr,TwnhsE,2Story,9,8,1941,1993,Gable,WdShngl,HdBoard,AsphShn,Stone,1019.1,TA,TA,Stone,TA,TA,Av,ALQ,4090.2,ALQ,1159.0,1013.8,4269.9,Wall,TA,Y,SBrkr,1076.3,1996.8,0.0,4820.0,2,2,3,1,8,2,Ex,9,Min2,1,TA,Attchd,1945.0,RFn,2,270.3,,Po,P,281.2,289.7,498.0,134.1,126.1,277.0,,,,7351.7,3,2008,ConLI,Abnorml,626368
717,90,FV,239.6,165045.7,Grvl,Grvl,IR3,Bnk,AllPub,Corner,Sev,OldTown,RRNn,Artery,TwnhsE,1.5Unf,5,1,1953,1969,Mansard,WdShake,AsbShng,Other,,374.9,Ex,Gd,BrkTil,Fa,Gd,Av,Unf,1974.1,Rec,800.0,1163.8,5476.9,Wall,Gd,Y,FuseP,2782.6,1584.3,0.0,772.7,1,2,3,2,5,2,Fa,9,Typ,3,Fa,Detchd,1982.0,Unf,1,722.0,Ex,Gd,P,96.8,541.7,304.6,385.1,422.0,558.0,,,,10668.8,6,2009,New,AdjLand,384441
718,45,RL,,55433.7,Grvl,,IR3,Bnk,AllPub,Corner,Mod,SawyerW,Artery,Norm,1Fam,2Story,4,2,1987,2002,Flat,ClyTile,Stucco,BrkFace,BrkFace,926.3,Fa,Fa,Slab,Gd,Po,No,,1768.4,BLQ,1410.3,2085.7,2739.8,GasW,Po,N,FuseP,671.0,2045.7,0.0,3703.6,1,2,3,2,6,3,TA,13,Typ,3,,Detchd,,Unf,0,1004.5,TA,NA,N,293.9,433.0,323.1,327.7,477.9,645.0,,MnWw,,12318.6,10,2007,Con,Alloca,467531
719,75,C,,186482.7,Grvl,,IR1,Lvl,NoSeWa,FR3,Mod,IDOTRR,RRAn,Artery,2FmCon,1.5Unf,8,7,1951,1996,Flat,Tar&Grv,AsphShn,CemntBd,BrkCmn,1035.5,TA,Gd,CBlock,Ex,TA,No,LwQ,3375.9,NA,226.8,1880.7,4013.7,Floor,Po,Y,FuseA,4472.0,111.3,0.0,1483.3,0,2,3,0,8,2,Ex,9,Min2,3,Po,NA,1955.0,RFn,0,1217.5,Fa,Po,Y,552.6,413.3,427.8,353.1,139.1,23.0,,,,8956.2,4,2007,ConLD,AdjLand,461952
720,120,RH,170.2,23302.7,Pave,,Reg,HLS,AllPub,Corner,Sev,Mitchel,PosN,Feedr,Duplex,2Story,9,2,1886,1985,Gambrel,WdShake,MetalSd,CBlock,None,1099.0,Fa,Gd,Stone,Fa,NA,Mn,,2462.2,ALQ,705.3,1487.4,4550.0,GasW,TA,Y,FuseA,2963.2,565.9,0.0,950.1,3,2,0,0,7,1,Fa,7,Min2,2,Ex,,1982.0,Fin,1,1054.9,TA,Gd,P,197.6,343.1,169.3,217.9,472.6,432.0,,NA,,7963.1,2,2008,WD,AdjLand,398099
721,30,C,,28247.5,Pave,,IR1,Low,AllPub,CulDSac,Mod,BrDale,RRAe,Artery,TwnhsE,1.5Fin,4,7,1884,1956,Gable,CompShg,Stucco,Wd Sdng,BrkCmn,1242.2,Ex,Gd,Slab,NA,Po,NA,Rec,5535.9,ALQ,792.4,2068.3,2773.6,GasW,Gd,Y,FuseA,4269.9,1530.7,0.0,5073.4,3,1,3,0,5,3,Gd,10,Maj1,0,Po,NA,1925.0,RFn,2,21.8,Po,NA,P,381.0,289.0,291.2,479.8,153.8,628.0,,,,10722.3,8,2008,Con,AdjLand,491011
722,40,C,101.6,210784.6,Grvl,,IR1,Bnk,NoSeWa,Inside,Gtl,Crawfor,Feedr,RRNn,1Fam,2Story,3,9,1990,1981,Hip,WdShngl,HdBoard,Plywood,BrkFace,498.1,Fa,Po,BrkTil,Fa,NA,Av,LwQ,2010.7,GLQ,725.1,1584.9,509.9,OthW,Fa,N,FuseF,2068.0,1904.4,0.0,3729.2,1,0,1,2,5,2,Ex,5,Mod,2,,Basment,1959.0,NA,4,969.8,Gd,Po,Y,346.7,188.6,498.1,243.7,5.6,477.0,,,,5921.4,1,2006,CWD,AdjLand,417228
723,120,RL,227.4,145464.5,Grvl,,Reg,HLS,AllPub,FR2,Sev,IDOTRR,Norm,PosN,1Fam,SFoyer,8,2,1914,1997,Mansard,WdShake,Stone,HdBoard,Stone,908.4,Gd,Po,CBlock,Ex,Gd,No,ALQ,3464.8,Unf,1182.8,1912.8,4713.5,Floor,Fa,Y,Mix,3866.9,59.4,0.0,1626.7,3,1,0,2,6,1,TA,6,Sev,3,NA,,1976.0,Unf,2,1169.4,TA,TA,Y,45.0,428.8,37.7,61.8,176.3,493.0,,NA,,13852.4,10,2007,Oth,Abnorml,410805
724,20,RL,39.3,182487.3,Grvl,,IR1,Bnk,NoSeWa,FR2,Sev,BrDale,RRNe,Artery,2FmCon,2Story,5,7,1928,1952,Gable,ClyTile,WdShing,Plywood,Stone,1570.5,Ex,Gd,Slab,Fa,TA,NA,GLQ,1759.0,GLQ,988.2,1317.0,292.2,Floor,Ex,N,FuseP,4054.2,0.0,0.0,2387.0,1,2,3,0,6,1,Fa,5,Sev,1,TA,Detchd,1985.0,Fin,3,745.2,Fa,NA,P,538.3,103.7,499.9,345.8,478.8,381.0,,,,3289.4,8,2008,ConLD,Abnorml,371948
725,20,RL,266.1,70688.6,Grvl,,Reg,Lvl,NoSeWa,FR3,Gtl,Blueste,PosA,RRNn,Twnhs,1.5Unf,2,4,1888,1988,Flat,CompShg,BrkComm,WdShing,BrkCmn,1437.0,TA,Fa,BrkTil,Gd,Po,Av,LwQ,5590.9,NA,186.7,1226.9,4386.5,GasW,Ex,N,Mix,3397.5,529.1,0.0,5500.2,3,2,2,2,1,0,Gd,6,Maj2,3,,Basment,1971.0,NA,0,1369.2,Ex,TA,P,530.4,20.0,402.3,65.5,304.9,373.0,,,,13702.1,2,2009,VWD,AdjLand,492521
726,150,RM,22.1,146030.3,Grvl,,IR1,Bnk,AllPub,FR3,Sev,BrDale,Artery,RRNn,Twnhs,SLvl,10,2,1903,1978,Flat,Membran,WdShing,AsbShng,BrkFace,1524.3,Gd,TA,CBlock,TA,TA,NA,,2512.2,GLQ,510.7,1691.5,5565.4,GasW,Ex,N,SBrkr,739.1,1761.0,0.0,4910.5,1,0,1,0,8,2,TA,3,Sal,0,Po,,1987.0,Unf,1,6.1,TA,Ex,P,828.2,381.9,425.0,163.9,333.8,552.0,,,,9976.1,9,2007,Oth,AdjLand,641532
727,40,FV,93.1,128435.1,Pave,,IR2,Bnk,AllPub,FR2,Gtl,SawyerW,RRAe,Feedr,Twnhs,2.5Unf,9,7,1926,1973,Hip,Roll,AsphShn,WdShing,BrkFace,617.8,Ex,Ex,PConc,Gd,TA,Gd,LwQ,3579.0,BLQ,499.8,46.0,2120.0,GasW,TA,Y,FuseA,404.1,1584.2,0.0,416.7,2,0,0,1,3,3,Gd,6,Maj2,0,Po,Attchd,1989.0,NA,4,1160.9,Po,Po,Y,255.4,79.2,35.7,115.8,114.4,322.0,,,,9310.2,4,2008,VWD,Normal,351548
728,90,RM,237.3,130341.0,Pave,,IR2,Lvl,AllPub,Corner,Sev,Timber,RRNn,PosN,Twnhs,1Story,3,5,1884,1971,Gambrel,WdShake,BrkComm,HdBoard,BrkCmn,1259.1,Gd,TA,Stone,Fa,TA,Gd,BLQ,715.2,ALQ,833.7,1612.7,623.6,GasW,Gd,N,SBrkr,1068.6,702.7,0.0,5534.8,0,0,1,0,8,0,Ex,11,Sev,3,NA,CarPort,1947.0,RFn,2,474.8,,Ex,P,359.0,494.4,103.6,273.8,70.0,88.0,,,,7284.3,4,2006,Oth,Alloca,414802
729,50,FV,,147324.4,Grvl,,IR3,Bnk,NoSeWa,FR3,Mod,BrkSide,Norm,Feedr,TwnhsE,SFoyer,2,1,1918,1955,Hip,Roll,Stucco,Wd Sdng,Stone,991.8,Fa,Fa,PConc,NA,NA,No,GLQ,4137.2,LwQ,429.6,2183.0,1422.8,Floor,Ex,N,FuseA,848.7,4.2,0.0,2290.2,0,1,0,2,2,3,Fa,9,Maj1,2,Gd,Basment,1957.0,Unf,3,922.3,Po,Po,N,345.9,421.6,510.7,176.5,425.0,91.0,,,,2398.6,7,2010,COD,Abnorml,295482
730,120,FV,50.8,124395.2,Grvl,,IR2,Lvl,AllPub,CulDSac,Gtl,NWAmes,Norm,Norm,1Fam,2Story,1,5,1958,1997,Hip,Tar&Grv,CBlock,CBlock,BrkFace,132.4,TA,Fa,PConc,Fa,TA,Gd,GLQ,1519.4,Rec,172.9,1667.8,3435.5,Grav,Gd,Y,FuseA,3494.1,1145.5,0.0,4025.3,3,0,2,2,4,0,TA,10,Typ,0,,BuiltIn,2004.0,,2,983.4,TA,TA,Y,788.2,329.4,68.5,81.2,198.4,376.0,,NA,,13406.5,3,2007,COD,Normal,417911
731,40,C,126.2,93095.7,Grvl,,IR3,HLS,AllPub,FR3,Mod,Gilbert,RRAn,PosN,Duplex,SLvl,8,3,1933,1973,Gable,Membran,BrkFace,ImStucc,BrkCmn,1318.4,Gd,TA,PConc,Ex,Gd,Av,ALQ,2532.0,GLQ,963.5,86.0,5759.7,GasA,TA,N,SBrkr,2761.4,491.4,0.0,4116.9,0,1,1,2,4,1,TA,8,Min2,3,,Basment,2004.0,,3,434.3,Po,Ex,N,350.2,171.7,348.4,401.7,2.0,80.0,,,,814.3,12,2007,WD,Partial,584716
732,20,C,100.0,60332.3,Pave,,IR3,HLS,AllPub,Corner,Sev,NPkVill,Norm,Norm,TwnhsE,1.5Fin,3,7,1900,1989,Shed,WdShake,Stucco,HdBoard,Stone,1083.4,Fa,TA,Slab,Gd,Po,No,Rec,4984.4,GLQ,1254.4,882.7,3130.0,GasA,Gd,N,Mix,2626.1,1539.7,0.0,5173.2,3,2,1,2,6,0,TA,8,Sev,2,,Basment,,NA,2,1411.5,NA,Gd,Y,379.4,349.0,432.0,238.0,141.2,641.0,,,,4184.5,12,2007,ConLD,Normal,475474
733,20,FV,267.1,165734.1,Grvl,,IR3,HLS,NoSeWa,Inside,Sev,NridgHt,PosA,PosN,Twnhs,1.5Unf,7,6,1893,1972,Gambrel,WdShake,CemntBd,Other,Stone,318.3,Fa,Gd,PConc,Gd,Fa,NA,NA,5477.8,ALQ,1373.2,1891.2,688.8,Grav,Gd,N,SBrkr,1436.0,921.7,0.0,5031.9,1,1,0,0,3,0,Gd,7,Min1,1,,NA,1957.0,Fin,4,146.4,TA,NA,P,216.3,260.8,127.7,230.9,94.0,602.0,,,,1700.5,10,2007,CWD,Alloca,462094
734,75,FV,112.5,49709.9,Pave,,IR1,Low,AllPub,CulDSac,Sev,Edwards,RRAn,RRNn,Duplex,1.5Unf,1,8,1936,2003,Flat,WdShake,BrkFace,Other,Stone,127.6,TA,TA,Wood,Fa,TA,Mn,BLQ,2396.3,BLQ,1433.6,2239.3,3835.8,GasW,TA,N,FuseF,1007.8,1401.3,0.0,1829.4,2,0,0,0,3,0,Fa,3,Typ,2,Gd,Attchd,1902.0,Unf,4,222.7,TA,NA,Y,1.0,159.3,385.7,450.3,289.8,99.0,,NA,,1655.9,3,2010,ConLw,Partial,231138
735,85,RM,251.4,149425.7,Pave,,Reg,Bnk,AllPub,FR3,Sev,Gilbert,RRNn,Norm,Duplex,2.5Fin,1,5,1900,1987,Gambrel,CompShg,CBlock,BrkComm,None,1339.2,Ex,TA,PConc,TA,Po,Gd,Rec,4711.6,GLQ,1151.4,864.7,4477.7,Floor,Fa,N,FuseP,1234.1,1760.0,0.0,3749.9,0,1,2,1,0,2,Fa,11,Typ,0,,CarPort,1906.0,RFn,1,1265.1,Gd,TA,Y,94.7,517.0,36.2,273.7,362.9,589.0,,,,6051.6,4,2010,Con,AdjLand,351904
736,90,RM,281.4,51220.4,Grvl,,IR2,Lvl,NoSeWa,Inside,Sev,NWAmes,PosN,PosN,Twnhs,1.5Unf,9,2,1919,1959,Gable,WdShngl,WdShing,CemntBd,BrkFace,126.2,TA,Gd,Slab,Fa,NA,Gd,GLQ,301.1,BLQ,205.9,1965.0,2403.0,OthW,Gd,N,FuseP,2078.4,1106.3,0.0,2423.8,2,1,3,0,5,0,Ex,13,Maj2,2,,Detchd,1951.0,RFn,4,169.0,Po,Fa,P,603.2,88.6,275.3,360.6,238.8,554.0,,,,2486.6,10,2006,ConLI,Normal,466894
737,120,C,147.7,135086.3,Grvl,,Reg,Bnk,AllPub,Inside,Mod,Blueste,PosN,PosN,Duplex,2.5Fin,8,9,1876,1965,Gable,Metal,ImStucc,Plywood,BrkFace,146.2,TA,Fa,Stone,TA,NA,No,NA,4783.7,BLQ,1257.5,2017.9,4408.5,OthW,Gd,N,Mix,3559.5,693.7,0.0,3123.6,0,1,0,1,3,1,Fa,12,Mod,2,,Basment,1961.0,RFn,3,540.7,NA,TA,Y,584.9,412.1,184.6,166.7,89.2,122.0,,MnPrv,,9011.5,3,2007,COD,Alloca,470207
738,150,RL,286.7,161133.7,Grvl,,IR2,Low,AllPub,FR2,Gtl,NoRidge,Feedr,Norm,TwnhsE,SFoyer,3,8,1972,1960,Shed,CompShg,ImStucc,MetalSd,Stone,683.9,Fa,Po,Wood,Fa,TA,Av,Unf,3553.0,NA,589.5,288.0,1984.7,Wall,Po,N,Mix,1443.2,1589.1,0.0,3278.2,1,0,0,0,4,3,TA,11,Maj1,1,NA,2Types,1901.0,NA,1,1039.6,Gd,,P,276.4,437.6,356.4,285.1,27.8,395.0,,,,9721.0,10,2008,COD,Normal,378611
739,150,FV,,48092.7,Grvl,,IR2,Bnk,NoSeWa,Corner,Sev,StoneBr,Norm,PosN,2FmCon,SFoyer,6,6,1942,1981,Hip,Membran,VinylSd,AsbShng,None,215.7,TA,Gd,CBlock,Gd,TA,Gd,GLQ,2758.3,LwQ,1075.9,1975.8,4821.3,GasA,Po,N,Mix,3378.6,547.6,0.0,2437.8,0,1,0,0,8,2,Gd,14,Maj2,3,TA,Attchd,1932.0,NA,4,1122.3,NA,Fa,P,405.4,520.6,490.7,369.0,150.5,22.0,,MnWw,,13672.5,8,2009,VWD,Alloca,467949
740,120,RM,302.5,14124.6,Grvl,,IR1,Low,AllPub,FR2,Sev,Blmngtn,RRNe,Feedr,TwnhsE,2Story,3,10,2009,1994,Shed,Roll,Plywood,CemntBd,BrkFace,1461.9,TA,TA,CBlock,TA,Gd,NA,NA,5023.0,BLQ,783.1,757.4,2084.0,Wall,Ex,Y,SBrkr,2476.0,1841.0,0.0,2796.3,0,0,2,2,3,1,Gd,10,Mod,2,,NA,1911.0,RFn,0,1353.7,Po,Po,Y,254.9,300.5,69.3,150.6,386.9,655.0,,,,4644.9,9,2007,WD,Normal,415434
741,180,C,47.1,29321.2,Pave,,IR2,Bnk,AllPub,Corner,Sev,SWISU,RRAe,Feedr,TwnhsE,2.5Fin,4,7,1937,2010,Gable,Metal,ImStucc,CemntBd,BrkFace,752.5,Ex,Ex,Stone,Ex,Fa,Av,Unf,4771.1,LwQ,1221.4,1385.8,1564.8,GasW,Ex,N,SBrkr,4192.8,147.5,0.0,1439.9,1,1,3,1,0,2,Fa,6,Typ,1,NA,2Types,1947.0,NA,3,1119.6,Gd,Fa,N,626.4,292.6,248.6,349.8,201.4,518.0,,,,4792.3,5,2010,ConLI,Alloca,333490
742,160,RM,221.6,130950.0,Pave,,Reg,Low,AllPub,Inside,Mod,SWISU,Feedr,Norm,2FmCon,1.5Fin,1,9,1943,1955,Gambrel,Roll,BrkFace,Stone,None,910.6,TA,TA,Slab,TA,TA,Gd,Rec,1676.0,Rec,627.2,1259.0,5371.8,Wall,TA,Y,SBrkr,1349.0,1725.2,0.0,3559.4,3,1,3,2,8,3,TA,7,Min2,0,,,1975.0,Fin,1,1197.5,Ex,,P,722.0,503.4,233.6,288.9,121.1,276.0,,,,3818.7,12,2006,VWD,AdjLand,461771
743,30,FV,,183034.8,Grvl,,Reg,Lvl,NoSeWa,FR3,Sev,SWISU,Artery,RRNn,Twnhs,2Story,5,7,1896,1973,Hip,Membran,BrkFace,AsphShn,BrkFace,1485.0,TA,Ex,PConc,NA,TA,Gd,,4467.2,BLQ,91.1,1548.9,3351.2,GasW,TA,N,FuseA,2298.8,189.1,0.0,4362.6,3,1,2,2,4,3,Ex,2,Min1,3,,Attchd,1952.0,Unf,3,1346.2,Po,Ex,P,770.5,438.2,178.7,220.6,9.9,697.0,,,,12118.1,3,2007,VWD,Alloca,457831
744,150,FV,,10926.8,Grvl,,IR2,Bnk,NoSeWa,Corner,Sev,NPkVill,PosN,Artery,Twnhs,2.5Fin,1,3,1931,1982,Hip,Metal,ImStucc,Stucco,BrkFace,848.4,Fa,Gd,CBlock,Ex,Gd,NA,Unf,561.5,Rec,820.8,1729.7,1742.3,Wall,Po,Y,SBrkr,755.3,115.9,0.0,2615.1,1,0,3,0,6,3,Fa,6,Mod,0,TA,,1973.0,Unf,1,785.1,Gd,Ex,P,149.0,417.7,265.1,362.2,238.1,94.0,,GdPrv,,6634.9,7,2006,ConLD,Family,235002
745,40,RH,205.8,158368.0,Grvl,,Reg,Bnk,NoSeWa,Corner,Sev,NridgHt,Artery,Norm,2FmCon,SLvl,1,6,1911,2002,Hip,WdShake,Stucco,ImStucc,BrkCmn,565.7,Ex,Po,Stone,Fa,NA,Gd,LwQ,4643.7,BLQ,252.5,1029.9,5713.4,Grav,Po,Y,FuseP,1794.6,750.1,0.0,5523.5,3,0,1,0,2,2,Gd,7,Maj2,3,TA,Detchd,1940.0,Fin,3,487.0,NA,Ex,P,595.6,431.7,486.2,161.0,328.7,381.0,,MnPrv,,8562.5,3,2008,VWD,Abnorml,507271
746,30,RL,226.5,74323.4,Grvl,Grvl,IR3,Lvl,NoSeWa,Inside,Gtl,SawyerW,Artery,Norm,TwnhsE,1Story,10,7,1878,2000,Gambrel,Membran,WdShing,Other,BrkFace,1275.4,TA,Po,Stone,NA,,Av,Rec,3812.3,LwQ,1423.2,2075.1,4221.1,Floor,Ex,Y,FuseP,2543.0,1975.3,0.0,637.8,0,0,2,1,3,2,Gd,11,Sal,2,,2Types,1990.0,Unf,0,1080.0,Ex,Fa,N,825.3,269.8,537.5,363.0,91.4,376.0,,GdWo,,5806.6,6,2008,COD,Normal,420977
747,40,RH,22.3,103678.8,Grvl,,Reg,Lvl,AllPub,CulDSac,Gtl,Somerst,RRNe,Norm,1Fam,2.5Unf,7,2,1917,1961,Hip,Tar&Grv,WdShing,CBlock,None,708.6,Ex,Ex,PConc,Ex,NA,Mn,Unf,495.9,LwQ,776.7,1891.0,1348.5,GasW,Po,Y,FuseA,3527.3,2030.9,0.0,3461.3,2,2,0,1,8,3,TA,12,Sal,2,TA,Basment,1981.0,Fin,4,231.9,Ex,Po,P,557.6,22.7,1.6,280.0,257.9,24.0,,MnWw,,2430.6,11,2008,Con,Partial,412148
748,70,C,,200024.9,Pave,,IR3,HLS,NoSeWa,Inside,Sev,SawyerW,PosN,Norm,Duplex,2.5Unf,6,3,1957,2005,Mansard,Metal,Plywood,HdBoard,None,509.6,Ex,Fa,Stone,Fa,TA,Mn,Rec,3855.3,Rec,815.9,1834.7,3755.5,OthW,Gd,N,SBrkr,1197.2,417.3,0.0,3431.8,1,0,3,0,0,3,Fa,3,Typ,3,Gd,Attchd,1957.0,Fin,2,96.8,NA,Gd,N,300.8,108.5,407.9,124.8,202.0,290.0,,,,1589.2,4,2008,ConLI,Partial,471750
749,20,RM,229.2,72323.6,Pave,,IR3,Low,AllPub,Inside,Gtl,Veenker,PosN,Feedr,Duplex,1.5Fin,2,4,1892,1976,Mansard,Membran,HdBoard,CemntBd,Stone,1157.2,Fa,Ex,Slab,TA,Fa,,Unf,3276.5,ALQ,1337.3,1070.5,5317.9,GasW,Gd,Y,SBrkr,1284.4,306.9,0.0,526.7,0,1,1,1,4,1,TA,8,Sal,0,,CarPort,1967.0,Fin,2,1113.6,Ex,,N,545.0,351.7,339.5,339.5,337.9,226.0,,GdWo,,13458.2,7,2009,ConLD,Partial,238495
750,85,C,215.6,100856.5,Pave,,Reg,Lvl,AllPub,Corner,Sev,Blmngtn,PosA,Norm,Duplex,1Story,2,10,1872,1987,Gambrel,ClyTile,CBlock,MetalSd,BrkCmn,1282.6,TA,Ex,Slab,Fa,,No,,3355.6,ALQ,920.6,87.8,4253.5,OthW,Po,Y,FuseF,3086.4,728.8,0.0,1526.0,1,2,2,0,7,3,TA,5,Maj2,0,,2Types,2003.0,Fin,2,1348.1,Gd,Fa,P,590.0,216.7,549.0,449.5,413.1,172.0,,,Elev,4115.0,6,2006,ConLI,Alloca,292826
751,75,FV,,4227.3,Pave,,IR3,HLS,AllPub,Inside,Sev,IDOTRR,PosN,RRNn,1Fam,SLvl,7,6,1994,1967,Flat,Membran,HdBoard,BrkComm,Stone,1266.7,Gd,Gd,Wood,Gd,Gd,Av,LwQ,1641.6,ALQ,446.2,1149.9,1495.5,Floor,TA,Y,FuseF,2000.8,696.1,0.0,5140.6,2,0,2,0,6,0,Fa,6,Maj2,0,,2Types,1922.0,RFn,1,627.4,Ex,Ex,Y,340.3,331.9,49.6,157.5,147.4,646.0,,MnPrv,,14595.1,12,2007,ConLI,Family,550774
752,150,RH,243.2,18757.6,Grvl,,Reg,Low,AllPub,FR2,Gtl,SawyerW,RRNn,Artery,TwnhsE,SFoyer,1,1,1996,1994,Shed,Metal,CBlock,Stucco,BrkCmn,1564.3,Ex,TA,CBlock,Ex,Gd,Mn,Unf,1504.1,BLQ,436.4,2098.8,3964.5,OthW,Ex,N,FuseP,2435.0,1568.6,0.0,3224.3,0,0,0,0,3,2,TA,4,Maj1,2,Gd,Detchd,1984.0,Fin,4,228.5,Fa,Gd,N,89.1,301.8,447.9,412.7,434.3,452.0,,,,14683.0,7,2009,Oth,Partial,394322
753,85,RH,298.6,56624.4,Grvl,,Reg,HLS,NoSeWa,Inside,Gtl,Mitchel,Artery,Artery,Twnhs,SLvl,2,9,1904,1988,Flat,WdShake,Wd Sdng,ImStucc,BrkCmn,1258.7,Fa,Fa,BrkTil,TA,NA,No,LwQ,4303.7,ALQ,739.3,444.9,3783.1,Wall,Gd,Y,Mix,3977.9,916.9,0.0,2650.3,0,2,0,1,6,1,Gd,6,Sev,3,Gd,2Types,1935.0,Fin,1,704.8,Po,Po,Y,519.9,239.9,515.5,170.8,339.3,287.0,,,,7423.3,12,2007,CWD,Alloca,340623
754,85,RH,226.1,7258.8,Grvl,,IR2,Bnk,AllPub,FR3,Sev,Crawfor,Artery,RRNn,2FmCon,2.5Unf,8,5,1875,2004,Hip,ClyTile,AsbShng,ImStucc,Stone,1231.9,Ex,Ex,Stone,Fa,Po,Mn,BLQ,1449.5,Rec,1277.4,2295.3,5015.4,GasA,TA,Y,FuseP,2509.0,1610.5,0.0,2539.5,2,2,2,2,0,2,Gd,13,Sal,3,Gd,Basment,1993.0,NA,1,557.7,Fa,Po,P,687.4,128.4,503.5,417.1,17.8,68.0,,,,14858.1,12,2010,COD,Partial,475381
755,85,C,,136379.6,Pave,,Reg,Low,NoSeWa,Inside,Gtl,SWISU,Feedr,Norm,Duplex,1Story,6,7,1874,1962,Gambrel,Tar&Grv,Plywood,Wd Sdng,BrkFace,1372.0,Gd,Gd,Slab,TA,NA,No,GLQ,2518.7,ALQ,1171.4,1886.8,1088.4,GasA,Po,Y,FuseA,3177.6,1546.1,0.0,5048.4,2,0,1,1,5,3,Fa,5,Mod,0,,,1984.0,NA,1,528.2,Fa,Po,Y,854.9,393.3,309.4,26.0,379.8,280.0,,,,441.6,4,2009,New,Partial,482080
756,160,FV,51.8,92525.8,Pave,,Reg,Bnk,NoSeWa,Inside,Gtl,NoRidge,RRAe,Artery,1Fam,1.5Fin,2,9,1962,2002,Hip,Roll,BrkFace,Other,BrkCmn,0.3,Gd,Fa,PConc,TA,Fa,,Unf,3921.4,Rec,1419.1,1658.2,4274.8,GasA,Ex,N,SBrkr,3196.2,1194.2,0.0,2282.2,3,2,0,2,8,0,Gd,13,Typ,2,Fa,Detchd,1986.0,RFn,1,890.6,Po,Fa,Y,191.2,497.2,180.8,3.7,237.4,341.0,,,,1420.6,12,2009,CWD,Family,372232
757,30,RM,249.3,118572.9,Grvl,,IR2,Bnk,NoSeWa,FR3,Gtl,IDOTRR,RRNn,Feedr,2FmCon,2.5Fin,7,9,1923,1989,Hip,WdShake,BrkComm,MetalSd,Stone,579.9,TA,Po,PConc,Ex,Gd,No,GLQ,449.4,Rec,106.0,1581.8,167.2,OthW,Ex,N,FuseF,3836.1,1721.2,0.0,4894.5,0,1,2,1,2,3,Fa,11,Maj1,3,,NA,1920.0,Fin,4,247.8,Fa,TA,P,600.2,421.2,353.2,57.5,453.8,332.0,,,,3771.3,12,2010,VWD,AdjLand,494427
758,40,RM,209.1,38664.9,Pave,,IR1,Bnk,AllPub,CulDSac,Mod,Gilbert,RRNn,Artery,TwnhsE,2Story,4,1,1899,1979,Mansard,Roll,Plywood,AsphShn,Stone,1180.2,Fa,Po,BrkTil,TA,NA,Gd,LwQ,3355.6,Unf,395.5,1371.3,4253.6,GasA,TA,N,FuseP,3115.0,404.0,0.0,1975.2,2,1,2,2,3,2,Fa,7,Maj1,3,,Attchd,1971.0,Fin,2,539.5,Ex,TA,Y,24.0,65.7,169.0,444.0,155.3,385.0,,GdWo,,3242.5,11,2009,ConLw,AdjLand,340593
759,80,C,35.1,64613.2,Grvl,,Reg,Bnk,NoSeWa,CulDSac,Mod,NridgHt,RRAn,RRNn,1Fam,1Story,2,1,1941,2002,Gable,Metal,WdShing,BrkFace,Stone,959.6,Gd,Gd,BrkTil,Ex,Gd,No,Unf,3326.4,BLQ,118.2,1683.5,5868.3,GasW,TA,N,FuseA,616.4,334.1,0.0,3155.2,2,1,0,2,7,1,Gd,3,Sal,0,,2Types,2002.0,RFn,3,1231.8,TA,Gd,P,831.1,294.3,227.6,271.1,283.8,341.0,,,,3915.9,6,2006,ConLI,AdjLand,444131
760,70,RH,126.1,143321.9,Grvl,,IR1,Bnk,AllPub,CulDSac,Mod,StoneBr,PosN,Artery,1Fam,1.5Fin,6,3,1928,1998,Gambrel,Membran,BrkFace,VinylSd,Stone,284.1,Ex,Fa,BrkTil,TA,Po,No,Unf,3861.8,Unf,1107.1,985.6,1065.5,GasW,TA,N,Mix,1825.2,1550.1,0.0,1097.4,0,0,3,1,4,2,Gd,4,Min1,0,Ex,2Types,1954.0,Fin,1,1034.7,Fa,NA,Y,10.8,456.9,246.0,301.8,459.0,316.0,,,,7010.6,10,2008,ConLw,Normal,336051
761,45,RL,300.4,207821.7,Grvl,,IR1,Bnk,AllPub,FR2,Mod,Veenker,PosA,RRNn,2FmCon,1Story,9,6,1979,1990,Gable,ClyTile,Stone,ImStucc,Stone,486.0,Gd,TA,PConc,TA,NA,No,LwQ,2087.9,LwQ,207.6,1974.6,1902.0,Floor,Po,Y,FuseP,4645.4,505.5,0.0,4713.3,3,1,1,1,4,1,TA,13,Min2,3,,BuiltIn,1955.0,Unf,4,78.8,NA,Ex,N,307.5,323.3,166.7,427.8,130.2,306.0,,,,975.3,7,2007,New,Alloca,559465
762,85,C,,12086.4,Grvl,,IR2,HLS,NoSeWa,FR3,Mod,Veenker,Norm,Norm,2FmCon,2.5Fin,9,2,1895,2001,Mansard,CompShg,AsbShng,Stone,BrkFace,538.9,Ex,Gd,Stone,Fa,Gd,Av,BLQ,2534.0,,147.2,1626.7,3561.3,GasW,Po,Y,SBrkr,1190.4,5.8,0.0,4240.6,1,2,3,2,0,0,Gd,11,Min1,2,Ex,Basment,1912.0,Fin,0,728.7,Po,NA,P,65.5,240.4,188.7,25.7,226.5,172.0,,NA,,8608.5,10,2010,COD,Alloca,579228
763,50,C,147.4,191793.3,Pave,,IR1,HLS,AllPub,FR2,Sev,Crawfor,RRNn,Artery,Duplex,1.5Unf,8,10,1948,1962,Gable,Roll,AsbShng,MetalSd,None,908.5,Fa,TA,Slab,NA,TA,Mn,BLQ,1862.3,BLQ,827.9,1801.6,4474.9,Floor,TA,N,SBrkr,2891.0,1883.2,0.0,3147.7,3,1,3,0,5,3,Ex,2,Maj1,1,TA,CarPort,2003.0,RFn,3,129.5,Gd,NA,Y,532.2,155.6,4.0,196.7,361.2,543.0,,,,4796.5,8,2008,ConLD,AdjLand,489647
764,30,FV,154.6,124720.8,Grvl,,IR1,Low,NoSeWa,FR2,Gtl,BrDale,RRNn,RRNn,TwnhsE,2.5Fin,3,1,1947,1983,Shed,Membran,CBlock,CBlock,BrkFace,1330.6,TA,Ex,PConc,Ex,Po,No,ALQ,4561.3,GLQ,606.5,1851.3,2104.1,OthW,Po,N,FuseF,4007.5,1286.4,0.0,471.5,2,2,1,2,1,3,Fa,8,Mod,3,,Basment,1921.0,Fin,1,1357.7,Gd,NA,N,291.0,180.7,164.0,326.7,331.7,199.0,,,,1109.0,10,2009,New,Family,211222
765,150,RM,82.0,121947.8,Grvl,,IR3,Low,AllPub,FR2,Mod,Edwards,RRAe,Feedr,2FmCon,2.5Unf,3,1,1940,1985,Mansard,Roll,BrkComm,CBlock,None,1492.0,Gd,TA,Slab,Gd,TA,Gd,Rec,737.2,ALQ,1054.1,215.1,4058.6,OthW,Ex,Y,FuseA,2890.2,918.8,0.0,2888.5,1,1,1,2,0,0,Fa,10,Maj2,3,TA,CarPort,1906.0,Fin,1,346.9,Ex,Ex,N,628.1,132.5,260.7,205.6,402.6,591.0,,,,11674.7,9,2006,CWD,AdjLand,408844
766,90,C,,108332.1,Grvl,,IR1,Low,AllPub,FR3,Gtl,CollgCr,RRNn,Feedr,Duplex,1.5Unf,2,5,1972,1979,Shed,ClyTile,Plywood,BrkComm,BrkCmn,1200.1,Fa,Gd,BrkTil,Ex,Fa,No,NA,5434.9,ALQ,717.9,130.0,5494.6,GasA,Fa,N,Mix,1956.4,1498.6,0.0,1529.3,1,2,0,0,5,2,Fa,3,Min2,2,,CarPort,1923.0,RFn,3,1322.5,Fa,Ex,Y,416.8,107.1,95.5,16.3,249.5,74.0,,,,10128.2,3,2009,New,Partial,351555
767,150,C,129.0,16146.5,Grvl,,IR2,Bnk,AllPub,Corner,Sev,Sawyer,RRNe,PosN,Duplex,SFoyer,5,4,1963,2010,Flat,Roll,AsphShn,Other,BrkCmn,1348.7,Fa,Fa,Wood,TA,Po,Av,GLQ,3583.0,Rec,626.9,1871.1,4439.3,Floor,Po,Y,Mix,683.6,688.3,0.0,2528.2,3,1,0,2,4,0,Fa,8,Maj1,3,Fa,Basment,1960.0,RFn,3,1182.6,TA,Ex,Y,359.4,322.1,444.7,330.7,153.1,596.0,,,,12298.2,5,2010,ConLD,Partial,420460
768,75,RH,36.3,20528.7,Grvl,,Reg,Bnk,AllPub,Corner,Gtl,Somerst,PosN,Artery,2FmCon,2.5Unf,4,1,1963,1974,Mansard,Metal,Stone,WdShing,Stone,752.2,Gd,TA,CBlock,,Gd,Av,Unf,5005.7,LwQ,627.2,605.9,4344.3,Wall,Ex,Y,FuseA,1910.1,1969.3,0.0,4879.9,1,1,0,0,4,3,TA,4,Min2,1,TA,CarPort,1904.0,Unf,1,781.8,Gd,Gd,Y,298.7,278.6,296.8,198.8,256.8,216.0,,,,14558.1,12,2009,ConLw,Partial,527252
769,45,RH,245.1,129862.1,Pave,,IR3,HLS,NoSeWa,CulDSac,Gtl,Timber,PosA,Norm,1Fam,SFoyer,7,4,1901,1951,Gambrel,CompShg,Stucco,WdShing,BrkFace,623.6,Fa,Ex,Stone,Ex,TA,Av,GLQ,2405.7,Unf,1285.1,1359.5,2333.8,OthW,Fa,N,FuseF,1127.5,141.7,0.0,4419.1,2,1,1,0,8,1,Fa,6,Mod,2,,2Types,1949.0,Unf,4,476.9,TA,Gd,N,73.8,402.0,438.2,9.8,168.0,632.0,,,,9079.4,10,2006,New,Normal,475324
770,80,RL,142.6,74246.4,Grvl,,IR2,HLS,NoSeWa,FR2,Sev,StoneBr,Feedr,PosN,1Fam,2Story,4,3,1889,1985,Flat,ClyTile,Wd Sdng,AsphShn,Stone,628.3,TA,Fa,Wood,,Fa,No,BLQ,1875.4,ALQ,582.6,1036.5,5568.8,Grav,Fa,Y,SBrkr,4521.4,1323.6,0.0,1618.3,0,2,3,1,2,3,TA,7,Typ,1,TA,Basment,1961.0,Unf,0,1216.6,NA,Po,P,175.5,168.4,70.7,86.6,84.7,531.0,,,,12194.1,3,2009,New,AdjLand,383117
771,50,FV,261.1,197544.9,Grvl,,IR2,Low,NoSeWa,CulDSac,Sev,NAmes,RRAe,Artery,1Fam,SFoyer,9,2,1915,1967,Hip,WdShngl,Stone,Plywood,BrkFace,985.7,TA,Po,BrkTil,Gd,TA,No,,5083.7,ALQ,491.4,51.5,1694.4,GasW,TA,Y,Mix,3450.1,1605.1,0.0,5562.1,0,2,1,2,0,2,TA,9,Typ,1,Fa,Basment,1954.0,Unf,4,216.6,,Fa,Y,547.7,252.1,452.9,110.5,266.4,448.0,,,,3087.3,5,2009,ConLD,AdjLand,515440
772,150,RL,269.3,88288.0,Pave,,IR3,Lvl,AllPub,FR2,Gtl,ClearCr,PosA,Feedr,Duplex,2.5Fin,2,9,1970,1954,Gambrel,Tar&Grv,CBlock,AsbShng,BrkCmn,198.8,Gd,Po,BrkTil,Fa,Po,No,BLQ,558.0,NA,499.0,94.1,1254.3,GasW,TA,N,FuseA,3599.8,968.7,0.0,5128.2,0,1,0,2,7,1,Ex,5,Maj1,3,TA,NA,1925.0,RFn,2,255.2,NA,TA,N,425.7,372.2,529.0,259.4,23.2,660.0,,,,6360.7,2,2009,COD,Family,427078
773,80,RH,82.9,31954.4,Grvl,,IR3,Lvl,AllPub,CulDSac,Gtl,Edwards,RRNn,Norm,1Fam,SLvl,6,1,1992,1968,Gambrel,Membran,AsbShng,AsbShng,BrkFace,927.2,Gd,Fa,Slab,Fa,TA,Mn,NA,661.0,LwQ,289.8,1932.2,2225.4,GasA,Ex,Y,FuseF,2234.0,1559.0,0.0,3140.2,3,2,3,0,4,2,Gd,3,Sev,1,Po,BuiltIn,1909.0,Unf,2,318.7,Po,NA,Y,60.1,526.9,194.6,94.7,17.6,6.0,,,,8216.1,3,2009,COD,Family,484575
774,45,RM,212.9,154210.5,Grvl,,IR2,Bnk,AllPub,Inside,Sev,SWISU,RRAe,Feedr,TwnhsE,2.5Unf,7,7,1986,1991,Shed,Roll,WdShing,CemntBd,Stone,1064.2,Fa,Gd,PConc,Ex,TA,No,Unf,1689.5,ALQ,1268.7,1419.5,3972.5,Wall,TA,N,SBrkr,813.2,1914.1,0.0,3148.0,0,2,0,2,4,3,Gd,4,Sal,3,,Detchd,1910.0,Unf,2,847.5,Po,Gd,N,466.2,190.8,156.7,183.6,31.0,392.0,,,,8388.8,7,2006,Oth,AdjLand,498596
775,85,RH,158.9,64061.5,Grvl,,Reg,Bnk,NoSeWa,FR3,Mod,Veenker,Norm,Artery,1Fam,2.5Unf,4,4,1931,1967,Gambrel,Roll,AsbShng,AsphShn,Stone,702.3,Fa,TA,CBlock,Ex,NA,NA,NA,5417.0,GLQ,216.1,1223.7,5264.9,GasW,Fa,Y,FuseA,1496.4,1536.3,0.0,5117.9,0,0,3,0,7,3,TA,9,Maj1,3,Ex,Detchd,1939.0,RFn,1,445.7,Ex,NA,Y,46.4,163.1,357.1,381.3,322.9,597.0,,GdPrv,TenC,11134.2,8,2007,ConLD,Partial,576262
776,50,FV,278.0,113721.7,Grvl,,IR1,Bnk,NoSeWa,FR2,Mod,MeadowV,PosN,Norm,1Fam,1.5Unf,6,5,1927,2006,Gable,WdShngl,VinylSd,Other,BrkCmn,1525.1,Fa,TA,Stone,Gd,Gd,Av,ALQ,3573.0,NA,1339.3,2206.0,807.0,OthW,Ex,Y,FuseF,1465.8,638.8,0.0,3710.7,0,1,0,2,7,1,Ex,8,Min1,2,,Attchd,2001.0,Fin,0,1402.7,NA,TA,Y,438.5,245.8,351.0,410.3,195.4,385.0,,,,12337.1,5,2008,ConLI,Normal,459085
777,80,RH,84.0,150597.8,Grvl,,Reg,HLS,NoSeWa,FR2,Mod,BrDale,Feedr,Norm,Duplex,2.5Unf,7,10,1902,1981,Gable,ClyTile,VinylSd,Other,None,973.1,Gd,Fa,CBlock,Fa,TA,No,Unf,3127.9,ALQ,417.8,404.4,4972.3,Wall,Ex,N,FuseP,2455.4,1160.2,0.0,3182.7,1,2,1,2,1,2,Fa,7,Maj1,2,Ex,CarPort,1910.0,,0,276.7,TA,Po,Y,827.0,396.0,62.1,404.1,237.2,500.0,,,,10336.2,3,2010,VWD,Abnorml,483679
778,75,FV,218.9,193907.0,Grvl,,IR1,Bnk,NoSeWa,FR2,Mod,StoneBr,RRAe,PosN,Twnhs,2Story,4,5,1972,1970,Hip,ClyTile,WdShing,Stucco,BrkCmn,352.0,Gd,TA,BrkTil,TA,NA,Mn,ALQ,3981.0,GLQ,1325.8,602.6,4966.4,GasW,Ex,N,FuseA,2342.9,1882.5,0.0,4310.5,1,2,2,0,2,1,Fa,6,Typ,2,,CarPort,1993.0,Fin,1,1142.4,NA,Po,Y,263.4,526.0,511.6,353.1,164.8,146.0,,,,732.3,4,2007,ConLD,Abnorml,560838
779,190,FV,198.5,170785.3,Grvl,,Reg,Bnk,NoSeWa,FR3,Gtl,CollgCr,PosA,Norm,TwnhsE,1.5Unf,8,1,1930,1959,Gable,WdShake,AsphShn,VinylSd,Stone,766.7,Ex,Po,CBlock,Ex,Gd,Gd,ALQ,2356.2,BLQ,1165.7,1767.7,3586.1,GasA,TA,N,Mix,2222.8,927.4,0.0,1581.9,1,2,2,0,0,1,TA,12,Typ,3,Po,CarPort,1903.0,Fin,1,135.9,TA,NA,Y,620.0,293.5,264.4,275.2,121.7,315.0,,MnWw,,5443.9,3,2006,Con,Partial,395325
780,40,FV,107.2,146004.1,Pave,,IR3,Bnk,AllPub,Inside,Mod,Somerst,PosA,Artery,Duplex,2.5Unf,9,6,1995,1986,Gambrel,Metal,HdBoard,HdBoard,BrkCmn,1080.6,Fa,Fa,Stone,NA,Po,Av,Unf,4278.6,BLQ,857.8,1810.9,4647.6,GasA,TA,Y,FuseA,2495.5,1407.7,0.0,4996.4,2,2,3,2,2,2,Gd,6,Min1,1,Fa,CarPort,1901.0,NA,1,501.2,TA,,P,638.9,444.4,422.0,279.7,172.0,453.0,,,,8872.8,3,2010,CWD,Partial,676039
781,20,FV,60.9,146704.1,Grvl,,IR3,Lvl,NoSeWa,Corner,Mod,Gilbert,RRNn,RRNn,TwnhsE,1Story,1,9,2001,1998,Shed,ClyTile,BrkFace,CemntBd,None,517.8,Gd,TA,BrkTil,Fa,Po,No,Unf,2219.4,GLQ,986.8,945.8,1111.3,GasA,TA,Y,SBrkr,4635.4,961.3,0.0,3154.8,2,0,1,2,3,1,TA,2,Maj2,1,Fa,BuiltIn,1976.0,Fin,0,345.7,Ex,Ex,N,347.0,254.0,198.3,484.3,92.8,186.0,,GdPrv,NA,7872.0,9,2010,ConLD,Family,310525
782,40,FV,211.3,203675.8,Grvl,,IR3,Lvl,AllPub,FR3,Sev,StoneBr,Artery,RRNn,TwnhsE,2.5Fin,7,2,1968,1971,Mansard,WdShngl,BrkFace,MetalSd,Stone,127.4,Ex,Ex,Stone,TA,NA,No,BLQ,4664.0,Unf,480.3,2221.5,1036.2,OthW,Po,N,FuseA,1634.2,250.6,0.0,3537.4,2,2,0,0,6,0,Ex,7,Mod,2,Po,CarPort,1938.0,NA,1,1385.2,Gd,Fa,Y,508.5,21.8,144.4,446.0,325.8,324.0,,,,694.4,4,2009,COD,AdjLand,460658
783,190,RM,236.7,64590.1,Grvl,,IR2,Low,NoSeWa,Inside,Sev,Blmngtn,Artery,Norm,1Fam,1.5Unf,9,7,1978,1962,Hip,Tar&Grv,Wd Sdng,AsphShn,None,933.5,TA,Gd,CBlock,,NA,Gd,Rec,1508.6,Unf,846.4,2191.8,5271.7,GasA,Po,N,SBrkr,3015.3,121.0,0.0,811.4,0,2,3,1,8,1,Gd,14,Min2,2,,CarPort,1980.0,RFn,3,36.5,Gd,TA,Y,404.5,489.1,61.4,330.1,48.8,317.0,,MnPrv,,15199.9,6,2008,VWD,Alloca,446276
784,45,RL,113.2,1537.9,Pave,,IR2,Bnk,AllPub,CulDSac,Sev,Crawfor,Feedr,RRNn,TwnhsE,1.5Unf,10,6,1889,2004,Hip,CompShg,AsbShng,AsbShng,BrkFace,1516.6,Ex,Ex,Wood,Gd,Po,Mn,Unf,1566.5,Rec,431.0,29.0,3043.7,Grav,Po,N,FuseF,1377.8,1966.4,0.0,1976.9,1,0,3,1,4,3,Fa,10,Typ,3,,2Types,1922.0,Unf,3,1023.3,Fa,TA,Y,242.8,158.6,151.5,238.0,248.1,393.0,,,,14819.6,3,2008,ConLI,Partial,507284
785,30,C,209.3,59483.3,Grvl,Grvl,IR1,HLS,AllPub,FR2,Sev,Mitchel,RRAn,Artery,1Fam,2.5Unf,5,5,1942,1966,Gambrel,CompShg,CBlock,Other,BrkFace,776.1,TA,Ex,BrkTil,NA,Fa,NA,LwQ,2948.3,GLQ,593.0,402.6,1502.7,OthW,Ex,Y,FuseP,2367.5,1264.9,0.0,2599.1,2,1,0,2,0,2,Fa,9,Sev,0,,CarPort,,Unf,3,351.3,Po,Po,N,646.8,75.9,548.4,370.4,228.9,378.0,,,,11993.3,8,2006,COD,Partial,358899
786,20,RL,136.4,47916.8,Grvl,,IR3,Lvl,NoSeWa,FR2,Gtl,Crawfor,PosA,PosN,TwnhsE,SLvl,2,4,1977,1958,Flat,WdShake,VinylSd,Stone,BrkCmn,1449.8,Gd,TA,BrkTil,TA,Gd,Gd,GLQ,2431.2,NA,1127.1,1916.0,4208.1,Grav,TA,Y,SBrkr,1205.8,214.4,0.0,2531.0,3,1,0,2,1,3,TA,13,Min2,0,NA,CarPort,1973.0,NA,1,1150.4,,TA,N,602.3,544.9,363.2,31.9,144.9,704.0,,,,858.0,12,2007,VWD,Abnorml,325689
787,70,FV,,142896.2,Grvl,,IR2,Low,AllPub,Corner,Gtl,NWAmes,PosN,Feedr,Twnhs,1.5Fin,10,4,1925,1973,Gable,ClyTile,WdShing,VinylSd,Stone,1336.0,Fa,Fa,Wood,TA,Gd,Mn,LwQ,3658.0,Rec,359.6,783.1,5449.4,GasA,Po,Y,FuseF,2766.6,1770.6,0.0,4465.1,1,0,0,2,1,0,Ex,11,Maj1,3,TA,Attchd,1976.0,Unf,3,441.3,Po,Ex,P,771.8,190.0,443.1,479.9,49.1,473.0,,,,6668.2,11,2009,ConLI,Family,650221
788,190,RM,,136879.4,Pave,,IR2,Bnk,AllPub,CulDSac,Gtl,NWAmes,RRAn,Feedr,TwnhsE,1Story,6,6,1965,1993,Flat,Roll,MetalSd,AsbShng,BrkFace,235.9,TA,Po,Stone,Ex,NA,Mn,Rec,2056.1,LwQ,1236.5,223.0,3863.5,Wall,Ex,Y,FuseF,1488.9,1079.4,0.0,1832.6,0,1,1,0,8,0,Ex,2,Maj1,0,NA,Basment,1941.0,Fin,1,265.6,Fa,Gd,N,529.7,74.7,529.1,278.2,337.6,699.0,,MnWw,,6351.4,4,2008,Oth,Partial,424343
789,75,RH,280.9,128268.1,Grvl,,IR3,Lvl,AllPub,Inside,Mod,CollgCr,RRAe,Artery,2FmCon,2.5Unf,7,4,1947,1963,Gambrel,WdShake,MetalSd,CBlock,Stone,1133.1,Fa,Fa,PConc,Gd,Gd,No,NA,1301.2,LwQ,554.1,1833.8,2122.3,OthW,Fa,N,FuseP,494.3,1594.0,0.0,1300.6,1,1,2,2,6,1,Ex,12,Maj2,0,NA,Attchd,2002.0,RFn,3,982.7,TA,Fa,Y,333.1,170.4,43.6,255.4,273.4,17.0,,,,8649.4,8,2009,ConLw,Alloca,369165
790,70,RM,104.9,4775.2,Pave,,Reg,HLS,AllPub,CulDSac,Mod,Blmngtn,Norm,PosN,1Fam,2.5Fin,2,5,1906,1995,Flat,Metal,AsbShng,CemntBd,Stone,696.7,Fa,TA,BrkTil,Gd,Fa,No,Unf,2651.6,NA,784.4,1061.9,2952.6,Grav,Po,N,Mix,3887.0,261.8,0.0,3426.5,0,0,3,2,1,3,Ex,14,Mod,0,Po,Detchd,,,1,365.2,Ex,Fa,N,611.9,281.1,90.9,147.7,388.5,148.0,,,,866.9,2,2007,WD,AdjLand,368690
791,160,FV,128.4,157218.4,Pave,,IR3,HLS,AllPub,CulDSac,Gtl,SawyerW,RRNe,Artery,Twnhs,2.5Unf,2,6,1882,1957,Gambrel,Roll,Stucco,Stone,Stone,400.4,TA,TA,Stone,TA,Gd,Av,BLQ,3166.0,GLQ,1388.4,1150.3,4596.4,OthW,Ex,N,Mix,892.9,1872.8,0.0,3598.5,2,2,3,2,0,1,Gd,7,Maj2,2,,Attchd,1928.0,NA,4,688.5,Po,Ex,Y,530.5,48.1,512.2,1.7,113.1,557.0,,,,6566.7,9,2010,WD,Alloca,427964
792,190,RM,38.0,70517.7,Grvl,NA,IR1,HLS,AllPub,Corner,Mod,SawyerW,Feedr,Norm,1Fam,2.5Unf,10,5,1932,2004,Gable,WdShngl,MetalSd,Stucco,None,1099.1,Fa,Po,Stone,,NA,No,BLQ,804.8,NA,1004.2,435.4,412.4,Grav,Gd,N,FuseA,1937.9,1219.5,0.0,979.4,0,0,2,1,4,1,Ex,4,Min2,1,,Attchd,,,2,186.5,TA,TA,P,528.4,192.9,311.6,31.1,380.0,11.0,,,,11746.5,2,2007,New,Normal,394137
793,50,RM,53.6,143585.4,Grvl,Pave,IR3,HLS,AllPub,Inside,Mod,MeadowV,Norm,PosN,Twnhs,SFoyer,10,7,1915,1986,Gable,Metal,AsbShng,Other,BrkCmn,1188.3,Fa,Ex,Stone,TA,TA,No,Unf,3142.1,Rec,951.6,1543.9,1326.9,Floor,Po,N,Mix,2413.5,1524.5,0.0,347.1,0,0,3,2,0,3,TA,7,Typ,1,,CarPort,1966.0,RFn,4,1027.5,Gd,Ex,P,728.3,365.9,350.4,133.6,140.1,461.0,,NA,,15469.1,3,2010,ConLD,Partial,337676
794,120,FV,171.6,120377.2,Pave,,Reg,Bnk,AllPub,Corner,Mod,StoneBr,RRAe,RRNn,1Fam,1Story,1,9,1992,1968,Hip,CompShg,AsphShn,WdShing,None,287.8,Fa,Ex,PConc,TA,TA,Mn,BLQ,1801.9,BLQ,1048.9,1287.7,2826.4,OthW,Fa,N,FuseA,2218.7,64.8,0.0,5204.9,3,0,1,2,8,0,Ex,10,Sev,2,,BuiltIn,1999.0,NA,2,576.9,TA,Fa,P,780.3,501.0,236.1,275.1,54.0,624.0,,,,9229.4,3,2007,New,Partial,471810
795,20,RM,99.1,74625.6,Grvl,,Reg,Low,AllPub,Inside,Mod,NWAmes,Feedr,Norm,2FmCon,SFoyer,4,10,1939,1977,Flat,ClyTile,AsphShn,ImStucc,Stone,1463.1,Fa,Fa,Wood,TA,NA,No,ALQ,2215.0,GLQ,1353.3,482.8,3691.9,GasW,Ex,N,SBrkr,3496.5,651.1,0.0,756.7,1,0,0,0,2,0,Fa,7,Min1,2,,Basment,1959.0,Fin,2,199.3,Fa,Ex,P,154.5,217.4,449.6,42.5,64.8,159.0,,,,14579.5,5,2009,ConLI,Alloca,262608
796,70,C,265.0,30091.9,Pave,,IR3,Low,NoSeWa,FR3,Mod,Timber,RRAn,RRNn,2FmCon,1.5Unf,7,7,1896,1995,Flat,CompShg,Plywood,AsphShn,BrkFace,1201.8,Ex,Gd,Wood,TA,TA,No,ALQ,1576.5,GLQ,366.3,795.0,2072.3,Grav,Po,N,SBrkr,2934.8,552.3,0.0,5099.9,0,0,2,1,1,0,Gd,9,Sev,2,Fa,2Types,1903.0,RFn,3,1051.6,Ex,Fa,Y,269.1,308.8,285.5,493.8,106.1,738.0,,,,15477.3,3,2007,WD,Family,581996
797,150,C,,21500.5,Grvl,,IR2,HLS,NoSeWa,FR3,Sev,Sawyer,RRAn,Norm,Twnhs,SLvl,9,7,1955,1990,Flat,Membran,CemntBd,CemntBd,BrkFace,1493.4,TA,TA,Slab,TA,Gd,No,ALQ,5256.9,Rec,903.9,1394.3,1823.2,Grav,Po,N,FuseA,1621.2,1960.9,0.0,2453.0,3,2,1,0,5,2,Gd,7,Typ,0,TA,CarPort,,NA,2,146.6,NA,TA,N,557.3,347.9,456.0,208.8,327.6,694.0,,,,6739.1,12,2008,ConLD,Normal,442279
798,70,RM,131.7,179199.2,Pave,,Reg,Bnk,AllPub,FR2,Gtl,StoneBr,Norm,Norm,Duplex,1.5Unf,3,4,1985,1979,Flat,WdShngl,Plywood,MetalSd,BrkFace,507.3,Fa,Po,Wood,TA,NA,NA,LwQ,3856.7,LwQ,590.2,2160.5,252.9,OthW,Gd,Y,FuseP,559.3,382.7,0.0,3800.4,3,1,0,2,2,2,TA,7,Sal,3,Po,2Types,1915.0,Fin,2,815.1,Po,NA,Y,477.5,38.7,547.7,160.7,117.1,566.0,,,,10364.7,8,2008,ConLw,AdjLand,366230
799,80,RH,119.5,197786.6,Pave,,IR1,Low,NoSeWa,Corner,Gtl,Gilbert,Norm,Norm,1Fam,2.5Unf,7,1,2003,1956,Shed,Metal,Stone,Stucco,BrkCmn,1502.9,Fa,Fa,BrkTil,Fa,NA,NA,Unf,1481.3,Unf,17.5,2150.0,199.2,Wall,Ex,N,FuseP,3679.2,1460.1,0.0,1319.2,3,0,2,2,4,1,Fa,8,Min2,3,,BuiltIn,1940.0,Unf,4,861.4,Fa,Fa,P,559.0,187.2,357.0,266.8,289.9,265.0,,,Shed,3304.8,10,2006,Oth,Alloca,394804
800,40,FV,26.6,140318.9,Grvl,,IR2,Low,AllPub,FR3,Mod,OldTown,RRAn,Norm,Duplex,SLvl,7,8,1872,2008,Mansard,Roll,AsphShn,AsphShn,None,589.6,Gd,Po,CBlock,NA,,Av,Unf,3640.6,NA,184.7,672.5,1702.8,GasW,Ex,Y,Mix,1870.3,88.3,0.0,4707.4,2,2,1,2,7,2,TA,12,Sal,0,,NA,,NA,2,1319.2,Gd,Ex,Y,371.1,374.3,291.9,33.0,123.1,546.0,,,,7372.5,7,2008,Oth,Family,490091
801,80,C,57.3,23429.2,Pave,,IR1,Low,NoSeWa,CulDSac,Mod,OldTown,PosA,PosN,TwnhsE,SLvl,7,4,2002,2007,Hip,WdShake,AsbShng,MetalSd,None,86.4,Gd,Ex,Stone,NA,TA,Gd,NA,4789.3,BLQ,479.0,1718.4,3241.4,Grav,Ex,N,SBrkr,4211.4,408.2,0.0,1290.5,2,0,2,2,1,2,TA,14,Min2,0,NA,CarPort,1941.0,,1,214.1,Gd,Po,P,353.5,402.4,201.6,432.0,175.3,79.0,,,,1215.4,11,2008,VWD,Abnorml,415790
802,160,RH,141.8,87311.7,Grvl,,IR1,HLS,NoSeWa,CulDSac,Sev,BrkSide,Artery,PosN,2FmCon,2.5Unf,2,1,1957,1975,Hip,ClyTile,CBlock,ImStucc,BrkCmn,1220.8,TA,Ex,CBlock,,Po,Mn,GLQ,2266.8,Rec,832.8,1811.6,3399.4,GasA,TA,Y,SBrkr,2055.7,699.2,0.0,2385.6,0,2,2,2,4,3,TA,11,Typ,2,NA,BuiltIn,1956.0,RFn,1,926.4,,Fa,N,100.8,194.7,107.5,233.8,427.1,517.0,,MnPrv,,451.8,1,2010,ConLI,Normal,302548
803,20,RM,164.9,157252.9,Pave,,IR1,Bnk,NoSeWa,FR3,Gtl,SawyerW,PosN,Norm,1Fam,2Story,6,5,1933,1989,Mansard,ClyTile,Stucco,Wd Sdng,None,1125.6,Fa,Fa,Stone,NA,TA,Av,BLQ,4684.3,NA,1299.3,1889.4,3018.5,GasA,Gd,N,FuseP,3461.6,1640.7,0.0,1597.4,1,1,1,0,7,1,Ex,12,Typ,2,,CarPort,1927.0,RFn,3,539.9,Ex,Po,N,534.5,3.7,362.5,90.6,240.2,638.0,,,,13840.2,6,2009,CWD,AdjLand,367771
804,20,RH,139.1,168138.8,Pave,Grvl,IR1,HLS,NoSeWa,Corner,Sev,Blueste,RRNn,Artery,2FmCon,1.5Unf,2,8,1935,1995,Shed,WdShngl,AsbShng,WdShing,BrkCmn,956.7,TA,Gd,Stone,Fa,NA,Mn,BLQ,871.5,Rec,1166.1,1333.3,2504.4,Floor,Ex,Y,FuseF,4428.6,1631.3,0.0,4779.5,2,2,3,2,0,1,Ex,5,Mod,1,TA,CarPort,1999.0,Unf,4,568.4,NA,Po,P,150.6,3.8,34.6,82.2,288.1,67.0,,NA,,13305.2,2,2009,New,Normal,432929
805,160,RL,176.0,26592.3,Grvl,,Reg,Bnk,NoSeWa,FR2,Sev,SawyerW,RRNn,Norm,TwnhsE,SFoyer,6,4,1997,2003,Flat,Membran,Wd Sdng,VinylSd,BrkCmn,783.8,Gd,Ex,Wood,TA,Gd,Gd,LwQ,4643.8,NA,815.6,24.5,1541.5,OthW,Gd,N,FuseP,3171.7,1967.1,0.0,4890.0,2,2,1,2,3,3,Ex,14,Maj1,2,,2Types,1922.0,NA,0,711.6,NA,Po,N,575.1,294.4,527.9,183.4,90.9,701.0,,,,4837.0,8,2010,CWD,Abnorml,594212
806,45,C,194.8,1306.6,Pave,,IR2,Lvl,AllPub,CulDSac,Gtl,Veenker,PosN,Norm,Twnhs,1Story,10,8,1976,2009,Mansard,WdShake,CBlock,BrkComm,BrkFace,51.5,Gd,Po,BrkTil,Gd,Po,Gd,NA,3049.4,BLQ,108.9,1779.3,2448.2,Wall,TA,Y,FuseP,2136.0,1893.1,0.0,2308.7,0,1,2,1,4,0,TA,14,Sal,0,Ex,CarPort,1975.0,NA,4,331.5,NA,Ex,N,828.8,301.7,357.5,291.3,63.1,243.0,,MnWw,,7082.8,10,2008,ConLD,Normal,434848
807,190,RM,23.9,153658.2,Pave,,IR3,Bnk,AllPub,FR2,Sev,NWAmes,PosA,Artery,1Fam,2.5Unf,3,8,1933,1995,Shed,Roll,Stucco,HdBoard,BrkCmn,,Gd,TA,PConc,Fa,NA,Av,NA,1258.5,Unf,421.4,249.0,847.8,GasW,Ex,Y,FuseF,2806.7,168.3,0.0,1965.6,0,1,2,1,2,3,TA,9,Maj2,1,Fa,Attchd,1941.0,Unf,0,654.0,Po,,N,219.7,304.0,529.6,211.8,198.3,8.0,,,,7651.0,8,2007,Oth,Alloca,290567
808,80,FV,156.5,77592.0,Grvl,,Reg,Bnk,AllPub,CulDSac,Sev,NWAmes,PosN,Artery,1Fam,1Story,2,3,1906,1960,Flat,WdShngl,VinylSd,Plywood,BrkFace,666.9,Ex,TA,PConc,Gd,TA,NA,Unf,2297.9,NA,540.5,273.0,704.2,Grav,Gd,Y,Mix,2702.3,1713.7,0.0,4440.1,2,2,1,2,1,0,TA,5,Mod,2,Ex,Basment,1994.0,RFn,2,973.9,Gd,TA,N,121.8,394.8,150.3,303.2,410.6,156.0,,,,8070.9,7,2010,CWD,Alloca,375120
809,60,RM,302.3,55745.0,Pave,,IR2,HLS,AllPub,Inside,Gtl,ClearCr,Artery,Norm,1Fam,2.5Fin,6,9,1884,1963,Mansard,WdShake,CBlock,Plywood,BrkFace,896.3,Ex,Gd,CBlock,Ex,Fa,NA,GLQ,5576.2,Unf,916.4,1414.7,1832.7,GasA,Gd,N,FuseA,2882.6,931.7,0.0,4997.1,0,0,0,2,2,1,Ex,8,Sev,1,Po,2Types,1911.0,Unf,0,648.2,Fa,Fa,Y,20.7,503.9,522.5,358.4,115.6,582.0,,,,2085.9,8,2009,COD,Normal,454855
810,150,FV,172.6,4059.3,Pave,,IR3,HLS,AllPub,FR3,Gtl,Blmngtn,PosN,Feedr,Twnhs,1.5Unf,2,3,1914,1970,Hip,Tar&Grv,Plywood,ImStucc,BrkFace,686.9,Gd,Fa,Slab,Fa,NA,NA,GLQ,4422.4,GLQ,95.7,2297.5,6081.6,Grav,TA,N,Mix,973.8,1788.1,0.0,3646.3,3,0,0,2,4,1,Ex,2,Sal,1,,Attchd,,Unf,2,60.3,Gd,NA,N,324.7,541.6,337.9,380.2,298.4,463.0,,,,12013.4,1,2006,ConLI,Partial,397055
811,90,RM,218.8,116894.4,Pave,,IR3,Lvl,AllPub,Corner,Gtl,CollgCr,PosA,Feedr,2FmCon,1Story,5,1,2001,1957,Mansard,CompShg,Stone,Other,None,1545.7,Gd,Gd,PConc,TA,Gd,No,LwQ,3245.8,GLQ,781.5,566.6,1994.9,GasA,Gd,Y,FuseF,3378.1,184.4,0.0,5256.7,0,1,0,2,6,2,TA,13,Sal,2,,Attchd,1988.0,RFn,4,365.6,Po,Gd,Y,183.9,383.5,447.3,203.7,418.6,645.0,,,,5391.1,8,2009,Oth,Normal,519423
812,40,RH,112.1,183399.4,Pave,,Reg,HLS,NoSeWa,CulDSac,Sev,IDOTRR,RRAe,Artery,Twnhs,2Story,2,2,1982,1952,Shed,Membran,Stone,BrkFace,BrkCmn,966.6,Ex,Po,PConc,TA,Fa,No,BLQ,650.0,ALQ,1328.8,1508.6,5721.7,OthW,TA,Y,FuseF,966.1,1699.0,0.0,2367.2,3,0,0,2,1,2,TA,10,Sev,3,Fa,Detchd,1963.0,NA,4,498.4,TA,NA,P,421.5,281.2,98.8,364.2,448.5,299.0,,,,491.3,1,2007,WD,Alloca,353772
813,20,RH,,206180.5,Pave,,IR2,Bnk,AllPub,FR3,Mod,Somerst,PosN,Norm,2FmCon,2Story,3,6,1999,1977,Gambrel,WdShngl,Stucco,CemntBd,Stone,1198.8,Gd,Gd,Wood,Fa,Fa,,Rec,2358.1,NA,1039.8,709.3,2396.7,OthW,Po,N,Mix,397.7,329.7,0.0,1140.2,2,1,1,2,6,3,Ex,11,Typ,0,Ex,,1957.0,Fin,3,503.0,Gd,Po,Y,449.3,77.1,276.1,71.9,477.0,319.0,,,,10486.7,3,2009,WD,AdjLand,284792
814,45,RH,246.7,122338.3,Grvl,,IR1,Low,AllPub,FR2,Mod,SawyerW,Norm,RRNn,1Fam,SFoyer,3,10,1922,2010,Flat,Membran,HdBoard,BrkFace,BrkFace,1498.2,Gd,TA,Slab,Fa,TA,No,NA,1484.7,NA,1174.9,2099.4,2682.4,Grav,Gd,Y,FuseA,3056.8,689.4,0.0,1287.5,1,2,3,0,5,2,TA,10,Typ,0,,CarPort,1950.0,RFn,3,114.9,Gd,Fa,N,299.4,210.1,314.1,260.7,366.2,248.0,,,,12863.1,4,2010,CWD,Normal,260076
815,120,RL,173.2,111366.4,Grvl,,IR1,HLS,NoSeWa,Corner,Mod,CollgCr,RRAn,RRNn,Twnhs,2Story,6,2,2006,1978,Mansard,Roll,BrkFace,HdBoard,BrkFace,946.6,Ex,Ex,PConc,,TA,Mn,Rec,400.7,NA,1004.8,1386.5,4870.1,OthW,TA,Y,Mix,843.5,59.6,0.0,3889.5,3,2,0,0,6,1,Ex,8,Min1,1,Ex,NA,1928.0,RFn,2,637.5,Gd,Po,Y,642.7,313.1,216.9,36.8,36.0,322.0,,,,14231.0,3,2006,Oth,Abnorml,544830
816,150,FV,306.0,19497.4,Grvl,,IR3,Low,NoSeWa,Corner,Sev,NPkVill,RRNn,Norm,TwnhsE,2.5Unf,6,6,1916,1972,Flat,Roll,ImStucc,WdShing,None,19.3,Ex,Ex,BrkTil,Gd,Po,Av,GLQ,3060.2,BLQ,304.5,484.7,572.1,GasW,Fa,N,SBrkr,3691.5,255.5,0.0,2497.2,1,0,2,0,6,1,Ex,9,Maj1,3,Fa,CarPort,1918.0,Fin,2,981.2,,NA,P,775.4,546.9,139.8,124.0,418.3,555.0,,,,10453.3,12,2009,ConLI,Abnorml,383408
817,80,RH,57.7,118728.6,Pave,,Reg,Low,NoSeWa,FR3,Sev,ClearCr,Artery,Norm,Twnhs,SLvl,10,1,1913,1967,Gable,Tar&Grv,BrkComm,ImStucc,None,54.9,Ex,Fa,BrkTil,Fa,NA,Av,NA,5018.6,NA,162.9,612.3,1113.9,Floor,Ex,Y,SBrkr,4107.9,920.4,0.0,1163.7,2,1,0,1,8,0,TA,3,Maj2,3,Po,2Types,1985.0,Unf,1,69.0,Po,TA,Y,181.3,69.5,499.4,296.3,425.1,627.0,,,,2964.8,2,2010,Con,AdjLand,360935
818,40,RL,25.9,82594.6,Grvl,,Reg,Low,NoSeWa,FR3,Mod,Blmngtn,PosN,Norm,2FmCon,1.5Unf,3,1,2006,1984,Flat,ClyTile,WdShing,Other,BrkFace,1123.7,Gd,Po,CBlock,TA,Po,Gd,GLQ,3813.1,Rec,1222.7,1010.3,5950.2,OthW,Ex,N,SBrkr,4451.2,1689.9,0.0,1885.1,0,0,3,2,6,2,TA,11,Maj2,2,Gd,2Types,1987.0,RFn,1,1064.8,Fa,Ex,Y,716.7,433.8,47.0,376.1,267.5,461.0,,,,9141.6,11,2010,ConLw,AdjLand,409546
819,120,FV,245.9,131193.6,Pave,,IR1,HLS,AllPub,FR3,Gtl,NPkVill,RRAn,RRNn,1Fam,1.5Unf,3,5,1886,1962,Mansard,WdShngl,WdShing,Plywood,Stone,446.5,Gd,Fa,Wood,NA,Po,Gd,BLQ,1409.2,ALQ,1025.2,285.1,3091.2,GasW,Ex,N,FuseA,3229.8,1597.6,0.0,3150.5,3,0,1,1,5,0,TA,13,Min1,2,Ex,CarPort,1996.0,Unf,1,1354.3,Po,NA,N,112.4,546.4,85.0,48.4,32.4,397.0,,,,14132.3,11,2010,CWD,AdjLand,379128
820,80,RM,256.7,84466.1,Grvl,,Reg,Bnk,AllPub,Inside,Gtl,NPkVill,Feedr,RRNn,2FmCon,1Story,1,10,1931,1961,Flat,CompShg,CemntBd,AsphShn,None,927.0,Fa,Gd,CBlock,Fa,Fa,Av,GLQ,3237.3,ALQ,847.6,183.9,270.7,OthW,TA,Y,FuseA,2434.6,485.9,0.0,978.6,3,2,3,1,7,1,Fa,11,Maj1,0,,Basment,1999.0,NA,4,13.2,Ex,NA,Y,196.0,440.5,176.9,105.2,228.8,392.0,,,,5433.7,3,2006,ConLD,AdjLand,165783
821,70,RL,56.1,52710.8,Grvl,,Reg,Low,NoSeWa,Inside,Sev,Crawfor,Artery,Artery,Duplex,2.5Fin,7,9,1911,1996,Shed,Membran,ImStucc,Stucco,None,323.6,Gd,Gd,CBlock,Ex,TA,NA,LwQ,5323.6,ALQ,279.0,1588.6,289.5,Grav,TA,Y,FuseF,1869.2,313.2,0.0,352.3,2,0,3,1,6,2,Fa,8,Sev,2,,NA,1944.0,Unf,0,274.7,NA,Gd,P,481.1,419.6,507.7,503.9,101.1,227.0,,,,14776.9,9,2010,ConLw,Normal,265648
822,120,C,98.6,21617.3,Pave,,IR2,Lvl,AllPub,Corner,Mod,MeadowV,Feedr,PosN,1Fam,SLvl,8,8,1983,1999,Gambrel,CompShg,Stucco,VinylSd,BrkCmn,432.4,Gd,Gd,Wood,Ex,Fa,Gd,Rec,4080.1,GLQ,889.3,951.1,5543.2,GasW,Ex,N,FuseP,2473.5,803.8,0.0,5203.0,2,2,3,0,5,0,Fa,2,Maj1,2,,CarPort,2003.0,Fin,2,770.7,Fa,NA,N,262.7,141.5,311.4,171.5,212.2,568.0,,,,1514.0,12,2006,ConLw,AdjLand,674294
823,160,RL,26.1,68675.2,Grvl,,IR2,HLS,AllPub,FR3,Sev,Gilbert,RRNe,Artery,TwnhsE,2.5Fin,2,3,1948,1954,Gambrel,WdShake,Wd Sdng,Wd Sdng,None,807.4,Ex,Po,BrkTil,Fa,NA,No,NA,3891.4,LwQ,46.2,1696.5,5336.3,Floor,TA,Y,FuseA,1163.6,1823.9,0.0,1952.2,0,1,0,2,3,1,Gd,4,Min2,1,TA,CarPort,1953.0,RFn,3,309.2,TA,Ex,N,35.7,1.8,206.0,144.3,347.6,243.0,,,,11284.8,2,2007,ConLw,AdjLand,291522
824,180,RL,106.6,21976.7,Pave,,IR3,Low,AllPub,Inside,Sev,BrDale,PosN,Artery,TwnhsE,2.5Fin,4,3,1976,1988,Mansard,Membran,MetalSd,HdBoard,None,1560.9,TA,Ex,CBlock,TA,Po,Av,Rec,5464.3,ALQ,175.2,257.1,2800.8,Floor,Gd,Y,FuseP,1852.4,188.8,0.0,1509.7,1,0,0,2,6,0,Gd,7,Maj1,3,,NA,2009.0,NA,2,1084.2,Ex,TA,Y,252.7,123.6,222.3,43.3,320.4,56.0,,,,1858.6,5,2007,ConLI,Partial,329777
825,190,FV,246.8,39146.2,Pave,,IR2,Low,NoSeWa,Corner,Mod,Sawyer,RRNn,Feedr,Duplex,2Story,10,1,1978,1960,Mansard,CompShg,AsphShn,BrkFace,BrkCmn,986.0,Gd,TA,CBlock,Gd,Po,Mn,GLQ,4508.8,Rec,459.7,1424.6,997.3,Floor,Gd,N,SBrkr,3462.7,1121.1,0.0,4041.5,3,2,3,1,7,2,Fa,6,Maj2,3,,2Types,1979.0,Fin,0,442.6,Gd,TA,Y,775.5,432.0,462.5,353.0,374.4,142.0,,GdWo,,12382.6,3,2007,Con,Abnorml,579263
826,45,RM,172.2,212535.6,Pave,,Reg,HLS,NoSeWa,CulDSac,Sev,MeadowV,Artery,Artery,2FmCon,1Story,7,3,1993,2007,Flat,Membran,AsbShng,VinylSd,BrkFace,1497.8,Gd,TA,BrkTil,Fa,NA,Av,LwQ,771.1,Unf,654.1,1035.6,5073.0,Wall,Gd,N,SBrkr,1281.5,183.4,0.0,4863.9,1,0,1,0,7,0,TA,6,Sev,2,Po,Attchd,1965.0,,2,416.4,Gd,Po,Y,149.3,58.7,14.8,258.2,228.7,191.0,,NA,,1513.7,9,2010,ConLD,Normal,564869
827,40,C,122.6,96313.7,Pave,,IR1,Bnk,NoSeWa,FR3,Gtl,OldTown,RRNn,Artery,TwnhsE,1.5Unf,8,1,1951,2008,Hip,Membran,ImStucc,AsbShng,BrkCmn,1535.0,Gd,Gd,Wood,Ex,Po,Mn,Unf,1962.1,GLQ,177.7,135.5,1983.3,Floor,Po,N,FuseP,1484.8,971.0,0.0,3690.1,3,1,0,1,3,0,Fa,10,Typ,2,TA,Attchd,1971.0,NA,3,1.3,NA,Ex,N,654.5,162.0,6.3,80.0,245.2,518.0,,MnWw,,5048.7,7,2006,ConLw,Alloca,459335
828,85,RH,129.5,115091.3,Grvl,,IR1,Lvl,AllPub,Inside,Gtl,Mitchel,Artery,Artery,2FmCon,1.5Fin,1,8,1996,1960,Gambrel,Roll,MetalSd,Plywood,BrkCmn,333.0,Fa,Gd,Slab,Gd,,Gd,GLQ,5447.3,Unf,176.8,1272.7,2560.4,Grav,Ex,N,Mix,3599.6,261.8,0.0,1684.8,3,0,1,1,8,1,Gd,7,Maj1,2,,Basment,1912.0,Fin,3,383.0,,Ex,Y,619.0,307.7,25.4,321.5,449.1,403.0,,,,12041.4,10,2007,COD,Family,314772
829,180,RH,21.4,188206.3,Pave,,IR1,Low,NoSeWa,Corner,Mod,BrkSide,RRNe,Artery,1Fam,SLvl,4,1,2005,2008,Gambrel,CompShg,AsbShng,MetalSd,BrkFace,,Ex,Gd,CBlock,NA,TA,NA,GLQ,2763.9,LwQ,1070.0,193.4,4169.9,GasW,Fa,N,FuseF,1109.0,165.9,0.0,4907.6,0,0,0,2,2,2,Ex,4,Mod,0,,NA,1993.0,RFn,0,308.7,TA,Gd,N,91.0,317.2,259.0,267.1,303.0,274.0,,,,7133.0,12,2008,Con,Family,523428
830,190,RL,108.5,214297.0,Pave,,IR3,Lvl,NoSeWa,FR3,Sev,CollgCr,PosA,PosN,Twnhs,1.5Fin,6,5,1903,1996,Gable,CompShg,Stucco,BrkFace,BrkFace,1232.0,Fa,Po,PConc,Gd,Po,Mn,Unf,630.1,LwQ,839.8,1933.6,2159.3,GasA,Ex,N,FuseF,1405.6,394.1,0.0,3043.3,3,2,1,0,8,3,Fa,3,Min2,0,,Attchd,1964.0,NA,3,486.7,TA,Fa,P,282.3,297.0,320.8,287.0,358.8,645.0,,,,13681.6,12,2007,ConLw,Partial,394798
831,50,FV,209.8,125968.8,Pave,,IR1,HLS,NoSeWa,Corner,Gtl,StoneBr,Norm,Feedr,1Fam,SFoyer,3,9,1979,1991,Gable,Metal,CBlock,AsbShng,BrkCmn,1386.8,Fa,TA,BrkTil,NA,NA,,LwQ,2588.4,ALQ,786.7,1476.3,3841.2,Floor,Gd,Y,Mix,410.5,527.1,0.0,2357.4,3,1,0,2,2,3,Ex,10,Min1,1,,Attchd,1911.0,RFn,4,209.4,Gd,TA,N,162.3,536.5,344.7,505.4,319.0,38.0,,,,6226.9,3,2010,New,Partial,345047
832,50,FV,,175124.7,Pave,,IR2,Bnk,AllPub,CulDSac,Mod,OldTown,RRNn,RRNn,2FmCon,1.5Unf,5,7,1985,1996,Hip,Metal,HdBoard,Stone,Stone,,TA,Fa,Slab,Ex,Fa,Mn,LwQ,3933.8,ALQ,666.9,1301.1,5409.1,GasA,Ex,Y,FuseP,3472.0,570.5,0.0,3543.9,2,1,3,1,6,0,Ex,11,Maj2,0,Po,2Types,1970.0,Fin,3,843.2,Gd,Po,N,19.8,6.7,403.6,14.5,307.4,192.0,,GdPrv,,15421.9,2,2008,ConLw,Alloca,529803
833,40,RH,268.3,71247.4,Grvl,,IR2,HLS,NoSeWa,Corner,Mod,Mitchel,Norm,Norm,Duplex,2.5Unf,10,4,1939,1980,Gambrel,CompShg,BrkComm,Wd Sdng,None,1589.2,Gd,Ex,PConc,NA,Po,NA,ALQ,5630.2,GLQ,1439.4,311.8,4872.0,Wall,Po,N,FuseP,3026.8,1332.5,0.0,4052.8,0,1,2,2,3,1,Fa,5,Sev,3,,NA,,RFn,0,338.5,NA,NA,N,148.3,266.7,104.7,464.8,438.5,326.0,,,,289.5,12,2009,Oth,Partial,585466
834,120,C,27.9,66712.4,Pave,,Reg,Bnk,NoSeWa,Corner,Mod,Gilbert,PosN,RRNn,1Fam,SLvl,9,9,1998,1980,Mansard,Roll,VinylSd,BrkFace,None,18.5,Fa,Fa,PConc,Gd,Gd,Mn,NA,1828.1,ALQ,73.4,671.5,2331.6,GasA,Gd,N,FuseA,3360.1,113.5,0.0,3486.0,2,0,2,1,4,2,Ex,12,Maj1,0,,BuiltIn,1941.0,NA,0,1179.4,NA,Gd,P,172.8,275.9,144.8,427.7,171.1,482.0,,,,10789.0,2,2008,CWD,Normal,531494
835,80,RM,283.4,87456.4,Grvl,,IR3,Low,AllPub,CulDSac,Sev,BrkSide,PosA,Feedr,TwnhsE,1.5Unf,3,9,2006,1962,Gambrel,Membran,Wd Sdng,AsbShng,None,479.3,Fa,Ex,Stone,Ex,TA,Av,Rec,2901.5,NA,266.2,1151.4,1759.3,Grav,Po,Y,SBrkr,1268.0,166.9,0.0,5218.7,3,2,1,0,2,1,Ex,6,Min1,3,,2Types,1998.0,RFn,2,403.5,NA,NA,N,142.2,160.4,134.4,211.0,205.3,24.0,,,,14196.3,5,2009,ConLw,Abnorml,468939
836,45,C,249.7,145179.6,Grvl,,IR1,Low,AllPub,FR2,Mod,CollgCr,RRAe,Artery,1Fam,1Story,5,2,1985,1963,Mansard,Roll,Stucco,WdShing,BrkFace,997.1,Fa,Po,Slab,Gd,Gd,Av,GLQ,4964.9,GLQ,954.4,1479.4,1744.5,Floor,Po,Y,SBrkr,3329.6,389.7,0.0,3667.5,0,0,1,2,1,2,Fa,10,Typ,0,,Detchd,1991.0,NA,3,299.0,TA,,Y,78.1,287.2,82.3,447.5,182.3,101.0,,,,8307.8,9,2008,ConLI,AdjLand,454241
837,90,RM,248.9,147251.5,Pave,,Reg,Low,AllPub,FR3,Sev,StoneBr,PosN,RRNn,1Fam,1.5Unf,8,10,1879,1998,Mansard,Membran,CBlock,Stone,None,750.9,Ex,Ex,Stone,Fa,Gd,Gd,BLQ,2005.1,LwQ,201.0,428.0,2129.9,GasW,Po,N,FuseP,2933.0,1800.8,0.0,4997.5,3,0,3,2,7,1,Fa,6,Sal,0,,Basment,1975.0,Unf,3,80.5,TA,Po,Y,451.0,368.3,134.9,329.5,367.3,662.0,,MnWw,,15321.9,2,2006,Con,Partial,487795
838,50,RH,,68743.9,Grvl,,IR1,Bnk,AllPub,CulDSac,Mod,IDOTRR,Artery,Artery,1Fam,1Story,6,10,1935,1994,Hip,Metal,ImStucc,BrkFace,BrkFace,186.6,Gd,Po,BrkTil,Gd,Gd,Av,GLQ,616.7,NA,868.7,20.7,3015.4,Floor,Gd,N,FuseA,1929.6,1298.1,0.0,3449.6,0,0,3,2,6,3,Ex,8,Min1,1,Gd,CarPort,2003.0,Unf,0,1049.2,Po,TA,N,276.5,368.0,338.7,451.8,416.8,216.0,,,,10974.4,2,2008,ConLD,Family,486688
839,45,RM,137.2,29799.6,Pave,,IR1,HLS,AllPub,CulDSac,Sev,IDOTRR,Norm,PosN,Duplex,2.5Unf,4,6,2006,1991,Gambrel,Roll,MetalSd,Plywood,BrkFace,588.5,Fa,TA,Slab,Fa,Po,No,GLQ,5355.8,Rec,836.9,805.4,2545.4,Grav,Po,Y,FuseA,2242.0,1508.2,0.0,2083.9,1,1,1,2,6,3,Ex,3,Maj1,2,,Attchd,1947.0,Fin,2,720.6,Gd,TA,Y,778.4,48.1,202.3,302.1,171.6,266.0,,,,6657.7,8,2007,ConLD,Normal,385579
840,50,FV,109.5,136598.0,Pave,,Reg,Low,NoSeWa,FR3,Gtl,NoRidge,Feedr,PosN,2FmCon,1.5Fin,8,4,1912,1974,Flat,WdShngl,HdBoard,ImStucc,Stone,40.7,Gd,Ex,Stone,Fa,Po,Gd,BLQ,2756.8,Rec,1431.3,1128.0,812.7,OthW,Po,N,FuseF,2809.0,764.8,0.0,3159.4,1,2,2,2,7,3,Ex,3,Min1,2,Fa,NA,1923.0,Fin,2,161.3,TA,Fa,Y,160.4,438.9,423.9,109.8,68.3,161.0,,,,7988.3,12,2009,Oth,Partial,393336
841,70,RL,40.2,28754.7,Pave,,IR2,Bnk,NoSeWa,Corner,Sev,NWAmes,RRAn,Feedr,Duplex,2.5Fin,3,8,1911,1982,Gambrel,Membran,MetalSd,BrkFace,None,1028.4,Gd,Gd,BrkTil,NA,Gd,Av,Unf,2837.7,NA,1302.1,430.8,998.7,OthW,Fa,N,FuseF,2483.8,440.3,0.0,792.3,0,1,3,0,0,1,Gd,5,Typ,2,TA,2Types,1964.0,Unf,4,313.9,Ex,Ex,P,516.7,509.1,296.1,292.7,237.2,286.0,,NA,,13600.8,3,2009,New,Normal,228066
842,190,RL,,125065.6,Grvl,,Reg,Low,NoSeWa,Inside,Gtl,ClearCr,RRNe,RRNn,TwnhsE,1Story,3,7,1874,1982,Gambrel,Tar&Grv,AsphShn,AsbShng,BrkFace,1428.4,TA,Gd,CBlock,Fa,Po,Av,Rec,3506.1,BLQ,1393.7,1149.7,2095.3,GasA,Ex,N,FuseP,3131.1,78.4,0.0,1555.8,3,0,1,0,7,1,Gd,9,Sal,1,,2Types,1916.0,Unf,4,1416.2,Ex,,Y,771.8,67.6,117.0,91.0,472.5,677.0,,,,14842.5,3,2007,ConLD,Partial,247349
843,80,RH,93.0,149654.2,Pave,,IR3,HLS,AllPub,FR3,Gtl,NridgHt,Norm,PosN,2FmCon,2.5Unf,4,7,1981,1964,Shed,Tar&Grv,Stucco,CBlock,None,1415.8,Ex,Po,PConc,NA,Gd,No,ALQ,20.0,Unf,167.4,790.7,3434.2,Wall,Fa,Y,FuseF,1122.7,1008.8,0.0,4401.2,0,0,3,2,4,0,TA,3,Sal,3,,CarPort,1937.0,Unf,0,1142.9,Ex,Po,P,40.4,227.9,258.0,71.5,97.8,246.0,,MnPrv,,8616.2,6,2006,Oth,Normal,537667
844,70,FV,162.4,151192.3,Grvl,,Reg,Lvl,AllPub,CulDSac,Mod,Veenker,RRAe,Feedr,TwnhsE,SLvl,9,10,1985,1965,Gable,Metal,WdShing,BrkComm,BrkFace,1119.3,Fa,TA,BrkTil,Fa,Gd,NA,,5255.3,BLQ,1279.7,1063.1,3621.2,Wall,Ex,N,FuseA,2690.4,1185.9,0.0,3845.1,3,2,3,1,7,3,Fa,11,Sal,0,TA,CarPort,1927.0,RFn,2,496.1,Fa,Po,Y,442.4,279.9,327.5,332.3,217.0,173.0,,,,4760.8,6,2008,ConLD,AdjLand,597786
845,150,C,239.3,162501.6,Pave,,IR1,Lvl,AllPub,Corner,Gtl,Gilbert,PosA,Feedr,2FmCon,2Story,5,9,1983,1993,Hip,Roll,BrkComm,Stone,BrkCmn,745.2,Fa,Po,Slab,Ex,Fa,Av,ALQ,2040.0,BLQ,190.3,811.7,2970.7,Floor,Gd,N,Mix,2296.3,1852.3,0.0,1217.9,1,1,0,1,8,0,Ex,8,Maj1,1,,Attchd,1932.0,Unf,2,769.3,Ex,Po,N,386.2,73.7,478.1,481.3,130.3,395.0,,MnPrv,,3709.5,6,2006,VWD,Normal,304119
846,50,FV,,188043.9,Pave,,IR2,HLS,AllPub,FR2,Sev,Sawyer,Norm,Feedr,2FmCon,1.5Unf,8,5,1875,2007,Flat,Tar&Grv,Stucco,Wd Sdng,BrkFace,819.3,TA,Fa,PConc,NA,Fa,Mn,GLQ,2240.3,Rec,932.9,1468.1,4513.9,OthW,Fa,Y,SBrkr,2343.1,1821.5,0.0,2659.0,3,0,3,2,1,1,Ex,14,Min1,3,,Basment,1923.0,Fin,4,589.9,TA,Ex,N,796.0,275.4,460.2,299.0,442.9,8.0,,,,7394.2,5,2007,CWD,Alloca,506109
847,85,RL,37.9,108263.7,Pave,,Reg,Low,AllPub,Corner,Gtl,CollgCr,Artery,RRNn,1Fam,2Story,6,6,2005,2005,Flat,Metal,VinylSd,VinylSd,BrkFace,219.1,Fa,Fa,PConc,Gd,Fa,NA,GLQ,982.7,ALQ,1061.4,100.2,4504.6,Wall,TA,N,FuseP,2379.6,877.0,0.0,1087.7,2,0,1,2,2,2,Ex,14,Min1,1,TA,2Types,2010.0,Unf,4,51.6,Fa,Ex,P,568.8,113.2,235.4,404.3,264.4,447.0,,GdWo,,4593.2,4,2008,Con,Partial,383144
848,85,RL,300.7,157533.2,Grvl,,IR2,Low,NoSeWa,Inside,Sev,BrDale,Artery,RRNn,1Fam,2.5Unf,3,1,1897,1987,Flat,WdShake,BrkFace,HdBoard,BrkFace,545.6,Ex,Fa,BrkTil,NA,NA,Mn,NA,2134.3,NA,237.1,399.2,2612.8,Wall,Gd,Y,FuseF,4175.5,874.7,0.0,4876.7,1,2,3,0,5,3,Gd,2,Typ,1,Ex,BuiltIn,2008.0,NA,0,1104.2,NA,TA,P,299.2,511.6,357.5,85.5,277.8,570.0,,,,6523.0,12,2007,Con,AdjLand,475741
849,70,FV,296.3,133768.9,Pave,,IR2,Lvl,NoSeWa,Corner,Sev,IDOTRR,RRAn,Feedr,Duplex,1Story,8,6,2010,1955,Mansard,ClyTile,AsbShng,CemntBd,BrkCmn,300.4,Fa,Gd,CBlock,Ex,TA,NA,BLQ,4537.5,GLQ,932.5,1010.9,760.3,GasA,Gd,Y,FuseF,3901.6,332.7,0.0,913.5,2,0,1,0,8,3,Fa,10,Mod,3,Gd,CarPort,1969.0,Unf,2,1016.7,Gd,Fa,P,609.8,245.3,164.4,332.3,4.0,596.0,,,,12934.2,9,2009,ConLD,Family,389043
850,160,FV,250.3,41230.7,Grvl,,IR2,Lvl,NoSeWa,Inside,Sev,Blueste,Norm,Norm,2FmCon,SFoyer,9,2,1888,1993,Hip,Membran,CBlock,Other,Stone,1313.9,Ex,Fa,BrkTil,Fa,Po,Mn,Unf,4515.2,Rec,77.3,832.3,3239.4,Floor,Ex,Y,FuseA,3077.7,531.6,0.0,3806.7,1,1,0,2,7,3,TA,11,Mod,2,Po,Attchd,1984.0,Unf,0,579.7,TA,Fa,P,499.3,544.2,349.4,372.4,313.3,661.0,,,,7315.8,11,2009,ConLD,Partial,474135
851,180,RL,310.5,6796.2,Pave,,IR2,Lvl,AllPub,FR2,Mod,Sawyer,RRAe,RRNn,TwnhsE,SLvl,8,6,1963,1974,Gable,CompShg,VinylSd,Stone,None,1463.6,Fa,Ex,Wood,Ex,Fa,Av,BLQ,5281.6,BLQ,432.3,914.9,2330.8,Grav,Ex,N,FuseF,3456.5,1911.5,0.0,3556.0,1,1,0,2,5,3,Gd,7,Min2,0,Po,Basment,2008.0,Fin,4,1199.5,Ex,Fa,N,297.5,25.4,503.9,21.1,147.0,320.0,,,,9933.6,4,2009,New,Normal,491434
852,85,C,180.0,62176.2,Grvl,,IR1,Lvl,NoSeWa,FR2,Sev,Gilbert,Norm,RRNn,1Fam,2.5Fin,4,9,1902,1964,Mansard,Tar&Grv,HdBoard,Wd Sdng,BrkCmn,859.1,Gd,Fa,Stone,TA,TA,Mn,GLQ,2275.8,BLQ,1357.8,1877.6,842.7,Grav,Po,Y,SBrkr,520.5,291.2,0.0,2843.5,2,0,2,1,4,3,Fa,12,Typ,2,Po,,1903.0,Fin,3,758.3,NA,Gd,Y,673.0,69.8,344.7,49.4,246.4,571.0,,,,1396.7,1,2010,ConLD,Partial,302817
853,50,RH,302.1,96084.8,Pave,,IR1,Bnk,AllPub,Corner,Mod,NWAmes,PosN,Norm,TwnhsE,SFoyer,6,8,1978,1953,Flat,CompShg,MetalSd,Stone,None,1164.4,Gd,Gd,Stone,Ex,TA,Av,ALQ,4000.0,Unf,253.1,2070.5,5998.9,GasW,TA,Y,FuseP,3576.3,2000.4,0.0,1810.9,0,0,0,0,2,1,Ex,2,Mod,1,NA,CarPort,1932.0,NA,4,92.5,NA,NA,N,572.6,242.4,167.7,397.0,254.9,124.0,,,,11813.0,8,2010,COD,Family,414929
854,40,RH,43.1,133326.7,Pave,,IR1,HLS,AllPub,FR3,Gtl,SWISU,Norm,RRNn,1Fam,1.5Fin,1,9,1982,2005,Mansard,ClyTile,BrkComm,Stucco,BrkCmn,194.3,TA,Ex,Wood,Ex,Po,No,NA,2862.8,ALQ,96.2,580.9,2259.2,Grav,Gd,N,FuseF,2452.7,1042.3,0.0,2478.2,3,0,0,2,3,3,Fa,11,Sev,3,,Attchd,1909.0,Fin,2,367.8,Gd,Ex,P,4.6,478.3,355.5,223.5,284.3,40.0,,,,7485.0,11,2009,VWD,Abnorml,274238
855,70,FV,127.8,183144.5,Grvl,,IR1,Low,NoSeWa,FR3,Gtl,StoneBr,Norm,RRNn,2FmCon,2.5Unf,4,10,1972,1953,Mansard,Roll,CBlock,Plywood,BrkFace,973.7,Fa,TA,Stone,Ex,NA,Mn,ALQ,4537.9,BLQ,654.0,1953.8,3823.6,Grav,Gd,Y,Mix,1718.7,942.9,0.0,4614.3,1,2,1,0,6,3,Gd,7,Sal,1,,Detchd,1935.0,Fin,0,654.8,NA,Ex,Y,741.4,303.7,498.3,206.0,395.3,336.0,,,Elev,5594.6,8,2010,ConLw,Family,501160
856,150,RH,86.8,43285.8,Pave,,IR1,Low,AllPub,FR3,Mod,NoRidge,Artery,PosN,TwnhsE,1.5Unf,8,8,1983,1979,Shed,Tar&Grv,MetalSd,MetalSd,BrkCmn,1124.5,Fa,Po,Wood,Gd,Gd,Gd,Rec,4021.6,BLQ,1253.8,1071.7,2994.7,GasA,Fa,Y,Mix,943.1,360.6,0.0,4376.3,3,2,2,2,6,0,Gd,6,Min1,2,,Attchd,1976.0,NA,2,146.7,Ex,TA,N,340.3,400.6,75.6,467.5,143.5,684.0,,,,9470.3,11,2010,CWD,Normal,551979
857,90,RL,78.2,28160.7,Pave,,IR3,HLS,NoSeWa,FR2,Gtl,IDOTRR,Feedr,Norm,Duplex,1.5Unf,1,3,1933,1983,Flat,ClyTile,BrkFace,Other,None,724.4,Ex,Po,Slab,Gd,Fa,Gd,Unf,2076.4,GLQ,113.0,639.6,872.7,Floor,Ex,Y,FuseP,661.8,1366.1,0.0,4255.6,1,1,0,2,2,2,Gd,13,Sev,2,Ex,2Types,1999.0,Unf,4,809.8,Po,NA,Y,553.1,231.7,266.3,503.9,123.0,325.0,,,,1580.8,3,2007,VWD,Family,341743
858,90,RL,62.1,207431.7,Pave,,IR3,Low,AllPub,Inside,Gtl,BrkSide,RRAe,PosN,Duplex,2.5Fin,3,8,1983,1976,Flat,WdShngl,MetalSd,AsbShng,None,389.2,Fa,Ex,BrkTil,Ex,NA,Mn,GLQ,1900.2,ALQ,524.1,2302.0,339.4,GasA,Fa,N,Mix,529.6,949.6,0.0,4314.1,3,1,3,2,3,3,Gd,6,Typ,2,NA,Basment,1972.0,Fin,4,171.0,Fa,Po,N,340.0,22.2,177.2,388.3,382.0,684.0,,NA,Shed,6417.0,9,2008,COD,Family,420938
859,30,FV,,24415.6,Grvl,,Reg,Low,AllPub,CulDSac,Gtl,NoRidge,Norm,Norm,Duplex,1Story,1,6,1987,1980,Gable,WdShngl,Stone,CBlock,None,1403.8,TA,Ex,PConc,TA,Po,Av,Unf,1424.8,LwQ,1326.3,1926.7,3823.5,Floor,Ex,Y,Mix,1039.1,765.4,0.0,1097.7,1,0,2,2,2,0,Ex,6,Min1,0,,BuiltIn,1930.0,Unf,1,284.3,NA,Ex,Y,755.3,354.4,133.3,402.6,345.0,185.0,,,,12570.1,7,2009,Con,Normal,279370
860,180,FV,249.1,103670.8,Grvl,,IR2,Lvl,NoSeWa,Corner,Gtl,Somerst,PosN,Norm,1Fam,2.5Unf,9,6,1906,2005,Hip,Metal,BrkFace,ImStucc,Stone,1188.7,Fa,Po,Slab,TA,NA,NA,LwQ,3253.9,LwQ,174.2,2322.6,1509.3,Grav,Ex,N,FuseF,465.4,546.2,0.0,860.0,0,0,0,1,1,1,Ex,5,Min1,2,TA,Detchd,1903.0,Unf,4,1267.7,Gd,Fa,P,557.8,346.8,218.7,105.8,108.3,240.0,,,,4062.0,7,2010,ConLI,Partial,371372
861,120,FV,189.9,126578.4,Grvl,,IR3,Low,AllPub,Inside,Sev,SWISU,Feedr,Norm,1Fam,1.5Unf,2,6,1899,1981,Gambrel,CompShg,VinylSd,Wd Sdng,BrkCmn,1439.8,Gd,Po,Stone,NA,TA,No,LwQ,5439.9,BLQ,457.9,392.9,1488.7,GasW,Fa,Y,Mix,3526.9,137.3,0.0,4906.8,1,0,2,2,5,0,Gd,8,Min2,0,,NA,1983.0,RFn,2,1417.7,Ex,Gd,Y,496.5,39.1,217.5,97.7,0.4,338.0,,,,14168.5,5,2007,ConLI,AdjLand,397659
862,80,C,63.9,117124.4,Grvl,,IR1,HLS,NoSeWa,CulDSac,Gtl,Veenker,Norm,RRNn,Duplex,1.5Fin,9,3,1974,1993,Gambrel,Metal,BrkFace,BrkComm,BrkFace,1309.4,TA,Ex,Slab,Ex,NA,Mn,ALQ,1129.2,BLQ,1147.4,336.0,5847.1,Grav,Fa,N,FuseF,1417.5,1072.4,0.0,4777.7,0,2,0,1,6,3,Ex,14,Maj2,0,TA,Detchd,1907.0,Fin,0,780.3,Po,Po,P,840.1,93.5,116.2,498.2,319.6,93.0,,,,9356.5,12,2007,Con,Alloca,610294
863,85,RH,257.8,19706.1,Pave,,IR2,HLS,NoSeWa,FR2,Sev,CollgCr,RRAe,Feedr,TwnhsE,1.5Unf,4,10,1996,1988,Shed,WdShake,Stone,ImStucc,BrkCmn,1584.6,Gd,Po,PConc,NA,Fa,No,BLQ,537.6,NA,800.7,1175.9,2821.4,Floor,Fa,N,SBrkr,1941.0,646.2,0.0,3950.4,1,2,1,1,3,0,Gd,10,Min2,2,,NA,1926.0,Fin,0,878.7,Fa,Po,N,240.5,260.5,222.8,353.1,75.4,415.0,,,,8382.1,12,2008,Con,AdjLand,465009
864,85,FV,206.7,13500.6,Pave,,IR1,HLS,NoSeWa,CulDSac,Gtl,BrDale,RRNn,Artery,1Fam,1.5Unf,2,1,1973,2001,Gambrel,ClyTile,ImStucc,WdShing,Stone,307.5,TA,TA,Slab,Fa,NA,Av,BLQ,673.9,GLQ,1226.9,1491.9,179.8,Grav,Ex,Y,FuseA,3919.4,1461.7,0.0,3550.1,3,0,2,2,4,0,TA,14,Maj1,3,Po,Attchd,1935.0,RFn,1,1130.8,Ex,Gd,N,55.9,244.3,349.8,348.8,459.4,62.0,,,,6193.4,3,2007,ConLI,Alloca,424080
865,120,RM,134.3,23867.7,Grvl,,IR1,Low,NoSeWa,FR2,Mod,Timber,PosA,Feedr,Duplex,SFoyer,4,4,2008,1958,Gable,Metal,CBlock,CemntBd,None,138.8,TA,Fa,CBlock,TA,NA,Gd,ALQ,4419.8,LwQ,164.5,399.6,2076.4,OthW,TA,N,FuseF,833.7,1494.1,0.0,2281.4,2,0,2,0,7,1,Fa,5,Sal,1,Po,Detchd,1908.0,Unf,2,987.1,TA,Gd,Y,442.2,411.6,14.2,145.4,290.1,732.0,,GdWo,,11501.0,10,2006,Oth,Family,406094
866,20,RM,217.8,126583.6,Pave,,Reg,Bnk,NoSeWa,FR2,Mod,NoRidge,RRNe,RRNn,1Fam,1.5Unf,10,10,1892,1990,Mansard,Membran,CBlock,BrkFace,None,539.2,TA,Fa,Stone,Fa,TA,Av,Rec,1976.0,ALQ,1356.9,2010.0,3571.2,Floor,Fa,N,FuseA,3975.5,685.8,0.0,1523.4,1,1,0,0,8,0,TA,3,Maj2,1,Gd,NA,1942.0,NA,4,258.7,Po,Ex,Y,363.4,211.9,546.1,450.3,407.8,519.0,,GdPrv,,8749.2,12,2006,ConLw,Abnorml,436053
867,150,RL,96.9,117759.9,Grvl,,IR2,Lvl,NoSeWa,Inside,Sev,Mitchel,RRAn,RRNn,Twnhs,SLvl,6,6,1923,1957,Flat,Roll,Wd Sdng,Stucco,Stone,206.4,TA,TA,BrkTil,Fa,NA,Av,GLQ,1266.3,ALQ,1378.1,1242.8,2007.5,GasW,Ex,N,FuseF,3121.1,1381.7,0.0,3877.9,1,2,2,2,6,1,Ex,3,Typ,0,Ex,Attchd,1923.0,Fin,3,583.8,Gd,Gd,P,389.3,362.8,163.4,22.6,386.7,724.0,,,,12346.4,5,2009,CWD,Alloca,416578
868,60,RH,,51307.7,Pave,,IR1,HLS,NoSeWa,FR3,Mod,Gilbert,RRAn,Artery,TwnhsE,SFoyer,7,10,1968,1963,Hip,Membran,ImStucc,Stone,BrkCmn,837.0,Ex,Fa,Wood,Ex,TA,Mn,LwQ,1991.5,Rec,228.9,960.0,164.1,Floor,Fa,N,FuseF,1824.6,534.2,0.0,5180.4,0,0,0,2,0,1,Ex,3,Mod,0,,Attchd,1936.0,Unf,0,758.8,Ex,TA,Y,531.4,385.3,344.3,139.5,267.7,208.0,,,,5141.0,3,2008,COD,AdjLand,459042
869,70,FV,,137748.6,Grvl,,IR1,Bnk,NoSeWa,FR3,Sev,SawyerW,RRAe,RRNn,2FmCon,2Story,3,2,1922,1982,Gambrel,Metal,AsphShn,BrkFace,BrkFace,1012.8,TA,Fa,Stone,TA,Fa,No,ALQ,3642.2,Unf,49.9,1406.4,2714.7,Grav,TA,Y,FuseP,847.4,1501.6,0.0,2653.6,3,2,3,2,2,0,Fa,8,Sev,0,,Detchd,1940.0,NA,2,510.1,Gd,,Y,527.2,352.8,156.5,91.5,210.4,208.0,,,,10881.2,3,2006,ConLI,Alloca,385945
870,160,RM,105.8,176749.3,Grvl,,Reg,Low,NoSeWa,Inside,Gtl,ClearCr,PosN,Norm,TwnhsE,1.5Unf,3,7,1954,1972,Shed,ClyTile,MetalSd,ImStucc,None,925.3,Gd,Fa,Stone,NA,Fa,NA,Unf,3086.1,,1459.0,1483.3,647.1,GasA,TA,Y,FuseF,732.7,33.2,0.0,1943.5,0,0,2,0,4,3,Ex,5,Min2,1,,Detchd,2003.0,NA,1,249.7,TA,Po,Y,336.2,326.1,217.2,361.2,238.5,375.0,,,,14623.4,1,2008,WD,Alloca,311613
871,150,RH,158.2,10195.6,Grvl,,IR2,Lvl,AllPub,Corner,Mod,NridgHt,RRNe,PosN,2FmCon,SFoyer,10,7,1926,1970,Hip,Metal,BrkComm,VinylSd,Stone,414.8,Fa,Gd,BrkTil,Fa,Gd,No,BLQ,4196.8,ALQ,710.8,99.9,3783.1,Floor,Po,Y,Mix,1796.2,313.1,0.0,1771.1,3,0,2,0,2,2,Gd,5,Typ,0,Gd,NA,1993.0,RFn,3,1043.8,Gd,Fa,Y,739.5,440.7,303.2,363.4,385.4,84.0,,,,4338.7,4,2009,WD,Abnorml,503373
872,75,RL,280.9,107872.4,Pave,,IR3,Bnk,AllPub,FR2,Sev,BrDale,PosA,PosN,Duplex,SFoyer,8,4,1948,2004,Hip,Tar&Grv,HdBoard,HdBoard,Stone,1454.1,Ex,TA,BrkTil,Ex,Gd,NA,GLQ,1913.7,Rec,843.2,2335.7,3785.7,Grav,Po,N,Mix,945.6,505.9,0.0,459.8,3,1,1,2,0,0,Fa,2,Sal,3,TA,2Types,,Fin,2,282.0,Po,Ex,Y,558.3,359.4,337.7,271.6,307.4,206.0,,MnPrv,,15205.5,9,2007,Con,Alloca,369890
873,85,C,227.7,148774.5,Grvl,,IR2,Low,AllPub,Corner,Sev,ClearCr,RRNe,Norm,1Fam,1.5Unf,5,4,1998,1961,Flat,Tar&Grv,VinylSd,VinylSd,BrkFace,33.9,Ex,Po,PConc,Gd,TA,Gd,LwQ,2551.2,Unf,907.8,850.1,230.7,Wall,TA,Y,FuseF,1500.7,1596.1,0.0,3095.8,0,1,1,0,1,0,TA,5,Min2,3,TA,2Types,,Unf,4,369.4,Fa,Fa,Y,762.7,456.3,425.3,2.7,98.7,346.0,,,,6363.2,12,2007,WD,Partial,384930
874,80,RH,39.2,55280.9,Grvl,,IR1,Low,NoSeWa,FR2,Gtl,CollgCr,Artery,Feedr,Duplex,SFoyer,4,1,1964,2006,Shed,WdShake,Wd Sdng,AsbShng,Stone,556.8,Ex,Ex,PConc,TA,Gd,No,Rec,575.5,Unf,1164.0,143.8,1776.0,OthW,Fa,N,SBrkr,564.8,137.1,0.0,5579.6,2,1,2,1,7,0,TA,7,Mod,0,Ex,CarPort,1900.0,Unf,0,406.3,Ex,Ex,Y,782.6,348.3,437.0,443.9,292.5,664.0,,,,597.3,6,2007,VWD,Family,515687
875,30,RH,64.0,67146.0,Pave,,IR3,Bnk,AllPub,FR2,Gtl,NAmes,Norm,PosN,2FmCon,1.5Unf,7,2,1959,1951,Gable,CompShg,BrkComm,AsbShng,Stone,1150.4,Fa,TA,CBlock,Gd,Gd,NA,ALQ,412.3,GLQ,1196.9,1991.0,2527.6,OthW,Po,Y,Mix,2927.0,388.3,0.0,4661.3,3,0,1,0,6,2,Ex,3,Min2,1,,,1919.0,RFn,4,229.4,NA,Ex,P,143.4,87.0,286.3,485.4,194.2,160.0,,,,5544.4,6,2006,COD,Abnorml,518162
876,90,C,23.3,132584.8,Pave,,Reg,Bnk,AllPub,FR3,Mod,SawyerW,PosN,Norm,Twnhs,2.5Fin,7,9,1951,1962,Flat,WdShngl,VinylSd,CBlock,Stone,1227.1,Fa,TA,Slab,NA,Po,No,GLQ,2609.0,BLQ,285.8,2319.7,3362.1,OthW,Ex,N,FuseA,967.1,740.6,0.0,5097.8,2,1,2,0,2,2,TA,5,Sal,2,,Basment,1991.0,Unf,1,1204.7,Fa,NA,P,583.2,169.3,41.8,102.8,29.4,449.0,,,,2319.5,6,2008,ConLD,Abnorml,612297
877,85,RH,205.2,193408.8,Pave,,Reg,HLS,AllPub,FR3,Sev,NoRidge,PosN,Feedr,2FmCon,2.5Fin,9,10,1963,2008,Shed,Roll,Plywood,BrkFace,None,665.8,Ex,Gd,Slab,NA,Gd,Av,Unf,1702.2,ALQ,348.8,1907.0,1808.9,GasW,TA,N,SBrkr,3631.8,18.9,0.0,3631.1,0,0,0,2,3,1,Ex,12,Maj1,1,,BuiltIn,1944.0,,0,865.9,Ex,NA,Y,272.1,180.7,307.9,427.9,183.0,115.0,,GdWo,,4716.4,5,2006,VWD,Partial,516934
878,30,RL,151.7,174579.3,Grvl,NA,IR1,Lvl,NoSeWa,FR2,Gtl,NAmes,Norm,PosN,1Fam,SFoyer,9,8,1918,1953,Gable,CompShg,BrkFace,BrkFace,None,27.1,Ex,Gd,Slab,NA,NA,Gd,LwQ,3458.6,LwQ,1292.5,1990.0,1758.1,Floor,Fa,Y,FuseA,1284.8,1573.8,0.0,2889.5,2,2,2,1,2,2,Ex,8,Typ,2,,,1987.0,RFn,3,1183.7,Gd,Ex,N,716.8,51.4,263.6,494.4,109.2,361.0,,,,1487.5,2,2010,Con,Abnorml,499729
879,50,RL,60.2,126057.8,Pave,,IR2,Lvl,AllPub,FR3,Mod,Somerst,RRNn,Norm,Twnhs,SLvl,5,8,1909,1969,Shed,WdShngl,VinylSd,Stone,BrkCmn,988.9,TA,Fa,Wood,TA,Fa,No,Rec,242.7,LwQ,1208.0,1462.2,6006.2,OthW,Ex,N,FuseF,3811.6,1156.6,0.0,5591.3,3,2,2,2,3,2,TA,14,Maj2,2,NA,2Types,1991.0,RFn,0,700.1,Gd,TA,N,628.1,378.7,118.9,166.1,402.5,250.0,,,,2762.2,5,2008,New,Abnorml,573916
880,150,C,300.7,157527.3,Grvl,,IR1,HLS,NoSeWa,FR3,Sev,SawyerW,PosA,PosN,1Fam,1Story,8,9,2010,1999,Mansard,Tar&Grv,MetalSd,BrkFace,BrkFace,101.0,TA,Gd,Stone,Fa,Gd,Av,BLQ,687.2,NA,910.4,2154.6,255.8,Grav,TA,N,FuseF,1161.5,1859.9,0.0,2707.5,0,0,3,0,7,0,TA,10,Maj2,0,NA,Attchd,1991.0,NA,4,736.7,Po,Gd,Y,170.3,325.5,5.6,94.0,50.4,182.0,,,TenC,1963.8,11,2009,VWD,AdjLand,476485
881,50,FV,,79351.9,Pave,,IR2,Lvl,AllPub,CulDSac,Gtl,IDOTRR,RRAe,PosN,Twnhs,SLvl,10,7,1886,2000,Hip,ClyTile,AsbShng,CBlock,Stone,172.6,Fa,Po,Stone,Ex,TA,Av,GLQ,4883.1,ALQ,1466.2,83.5,6043.1,GasW,TA,Y,FuseF,3477.7,64.1,0.0,5200.5,2,1,1,1,8,1,Gd,3,Typ,3,TA,BuiltIn,1968.0,RFn,2,873.7,Gd,NA,Y,804.5,322.6,174.4,496.6,173.1,675.0,,,,673.9,10,2006,ConLw,Family,645711
882,60,RM,,138431.4,Grvl,,Reg,Lvl,NoSeWa,CulDSac,Mod,NAmes,RRNe,PosN,1Fam,2.5Unf,1,9,1872,1997,Gambrel,Roll,CemntBd,CemntBd,Stone,1040.4,TA,Po,BrkTil,Fa,Po,Gd,Unf,3196.3,Rec,1083.7,1791.1,291.8,Wall,Fa,N,Mix,1785.5,560.4,0.0,4377.9,0,1,1,2,6,3,Ex,9,Min1,0,TA,Detchd,1995.0,Fin,2,526.0,TA,Gd,Y,585.7,261.7,143.2,30.3,333.8,327.0,,,,4590.9,3,2007,Oth,AdjLand,352981
883,40,FV,167.2,101037.2,Grvl,,IR1,Low,NoSeWa,FR2,Mod,NPkVill,Artery,Artery,2FmCon,1.5Fin,9,10,2006,2008,Hip,Metal,Wd Sdng,CBlock,None,500.0,Gd,Fa,Wood,,Po,No,ALQ,4018.8,Rec,318.1,1566.8,1761.8,GasA,Fa,N,SBrkr,2875.2,1510.0,0.0,2090.8,0,2,3,0,8,1,Gd,7,Sev,2,,Basment,1951.0,RFn,2,704.2,Po,NA,P,813.0,297.1,266.6,140.2,430.7,591.0,,,,14584.9,10,2007,WD,Family,473807
884,75,RH,,41935.9,Grvl,,IR1,Bnk,AllPub,FR3,Gtl,ClearCr,PosA,Feedr,2FmCon,2Story,8,2,1872,1963,Flat,Membran,CBlock,WdShing,None,556.8,Gd,Gd,CBlock,Gd,Fa,Mn,LwQ,4752.1,NA,1248.0,115.8,3016.5,OthW,Gd,N,FuseA,502.5,1394.2,0.0,3004.3,2,0,0,1,8,2,Gd,9,Maj2,0,,Detchd,1993.0,Fin,1,775.5,Ex,TA,Y,173.0,4.4,420.4,377.0,161.0,6.0,,,,14715.6,11,2007,COD,Family,404800
885,190,RM,43.3,151433.4,Pave,,IR3,HLS,NoSeWa,CulDSac,Gtl,Veenker,PosN,PosN,2FmCon,1Story,6,6,1920,1979,Shed,WdShake,CBlock,MetalSd,None,778.9,TA,Fa,CBlock,Ex,Fa,Mn,NA,2617.9,NA,611.3,1270.7,875.6,Grav,Fa,Y,FuseP,2492.3,501.9,0.0,2374.0,3,0,0,2,6,2,Fa,3,Maj2,2,,,1963.0,Unf,1,1352.1,Gd,Fa,P,745.3,52.6,242.4,313.6,291.1,598.0,,GdPrv,,13123.0,2,2006,Con,Family,387327
886,150,C,101.2,120352.8,Grvl,,IR1,Bnk,NoSeWa,Corner,Sev,Blmngtn,Norm,Norm,2FmCon,1.5Unf,3,3,1967,1978,Shed,Roll,VinylSd,BrkComm,BrkFace,1565.7,TA,Ex,Slab,NA,TA,Mn,NA,4295.4,NA,53.3,1203.2,823.9,GasW,Ex,Y,SBrkr,982.0,1230.1,0.0,1057.1,3,0,0,1,6,0,TA,12,Sal,0,TA,Basment,1920.0,NA,2,1252.0,Ex,Ex,N,572.5,373.8,525.3,347.7,179.4,519.0,,,,188.2,12,2006,Con,Normal,259263
887,20,C,256.6,78025.3,Grvl,,IR2,Lvl,AllPub,FR2,Sev,NAmes,RRAe,Artery,Twnhs,2.5Unf,3,6,1897,1957,Gable,WdShake,MetalSd,Stucco,None,1544.7,Ex,Gd,BrkTil,Gd,TA,Av,BLQ,2960.8,ALQ,473.8,1615.4,1566.1,Floor,Po,Y,FuseA,2453.4,1639.1,0.0,2227.7,3,2,3,0,7,3,TA,2,Sev,3,Gd,2Types,,Fin,3,183.3,Gd,TA,P,473.3,143.0,122.2,359.7,97.4,386.0,,NA,,435.9,4,2007,Con,Normal,258128
888,60,RM,155.2,196276.5,Grvl,,IR3,Lvl,AllPub,FR2,Gtl,Somerst,RRNe,RRNn,TwnhsE,1.5Unf,8,3,1958,1961,Mansard,Membran,CemntBd,Wd Sdng,Stone,666.0,TA,Gd,Slab,Fa,TA,No,,1257.2,ALQ,1125.5,181.1,5948.1,Floor,Fa,Y,FuseP,950.0,68.9,0.0,5052.7,3,2,2,2,2,3,TA,8,Maj1,3,Po,NA,1979.0,Unf,4,58.5,Po,Fa,P,703.2,59.0,122.0,348.6,156.3,369.0,,MnPrv,,160.5,10,2007,COD,Abnorml,634500
889,45,RL,,5778.7,Pave,,IR2,HLS,NoSeWa,Corner,Mod,Blmngtn,PosA,RRNn,TwnhsE,2.5Fin,5,8,1964,1990,Mansard,WdShake,Plywood,BrkFace,Stone,424.8,Gd,Gd,Stone,Ex,Po,NA,Unf,1905.7,ALQ,1415.3,1881.1,2322.5,Grav,Fa,Y,SBrkr,2238.8,1481.9,0.0,4329.0,1,1,0,0,7,3,Gd,14,Min2,1,Ex,BuiltIn,1971.0,,3,964.7,NA,Gd,N,542.4,179.8,333.7,173.9,305.2,547.0,,,,5682.9,9,2007,ConLI,Abnorml,470712
890,20,RM,,68858.1,Pave,,IR3,Bnk,NoSeWa,FR2,Gtl,NoRidge,PosN,Feedr,Duplex,1.5Unf,10,4,1973,1987,Gable,CompShg,BrkFace,CemntBd,Stone,484.1,Fa,Gd,BrkTil,NA,Po,No,BLQ,2767.5,GLQ,407.0,325.6,3458.2,Floor,Po,N,SBrkr,816.1,520.6,0.0,1807.4,0,0,0,1,0,2,Fa,10,Sal,2,Gd,BuiltIn,1975.0,Fin,2,69.8,TA,Po,P,573.8,139.2,494.7,158.2,343.8,611.0,,,,15194.0,7,2010,Oth,Family,429717
891,180,RH,33.8,13469.5,Pave,,Reg,Low,AllPub,FR3,Sev,SWISU,RRNn,Norm,TwnhsE,2.5Unf,7,10,1942,1975,Gable,Tar&Grv,Stone,CBlock,BrkCmn,430.1,Fa,Po,Wood,Ex,TA,,LwQ,1788.5,LwQ,363.4,978.0,4303.2,OthW,Po,N,FuseF,1292.5,1957.3,0.0,2286.9,0,0,3,0,5,2,TA,10,Min1,2,Po,2Types,1995.0,Fin,4,85.6,,Ex,P,217.4,16.1,370.9,217.7,177.9,78.0,,,,13901.0,10,2006,COD,Partial,443247
892,70,RL,69.4,165294.7,Grvl,,IR2,Bnk,NoSeWa,CulDSac,Sev,CollgCr,RRAe,Artery,Duplex,2Story,5,6,1966,1999,Gable,Roll,AsphShn,MetalSd,BrkFace,851.6,Ex,Fa,Slab,Fa,Gd,NA,LwQ,1893.7,GLQ,830.8,2058.7,4535.0,GasA,TA,Y,SBrkr,2927.4,1111.4,0.0,3606.0,1,0,1,1,1,1,TA,3,Min2,0,,Detchd,,Fin,1,225.8,Fa,Ex,Y,700.2,224.6,371.9,410.3,73.2,220.0,,GdWo,,3883.3,9,2007,CWD,Family,426995
893,80,C,,151512.4,Grvl,,IR2,Bnk,AllPub,Inside,Gtl,OldTown,RRAn,Norm,2FmCon,2Story,8,9,1989,1951,Mansard,Tar&Grv,ImStucc,BrkComm,Stone,971.0,Fa,Po,CBlock,TA,Gd,Gd,LwQ,1904.2,Unf,1196.4,1309.4,4203.9,GasW,TA,N,FuseA,4590.3,68.9,0.0,2542.9,0,0,3,2,6,2,Fa,5,Sal,1,Gd,Detchd,1966.0,NA,0,498.7,Gd,Ex,N,557.3,14.8,445.1,476.6,67.0,707.0,,,,6358.0,3,2009,COD,Partial,522674
894,150,RM,82.1,72191.2,Pave,,IR1,HLS,NoSeWa,CulDSac,Sev,OldTown,Feedr,Artery,1Fam,1Story,10,2,1990,2004,Hip,Metal,HdBoard,HdBoard,Stone,782.0,TA,Fa,PConc,Fa,TA,No,GLQ,693.3,NA,1100.4,886.7,2058.6,Grav,Po,Y,FuseF,2291.5,833.1,0.0,3004.2,0,2,1,0,2,3,Ex,14,Maj1,3,,2Types,1925.0,RFn,0,616.8,Po,NA,P,723.6,0.2,369.1,231.3,390.1,737.0,,,,12778.6,2,2007,ConLI,Abnorml,518032
895,45,FV,35.6,145854.7,Grvl,,Reg,Low,NoSeWa,Corner,Mod,NPkVill,PosA,Artery,TwnhsE,2.5Unf,10,2,1922,1989,Hip,Roll,Stucco,VinylSd,Stone,652.8,Ex,Ex,Wood,TA,TA,Gd,ALQ,477.7,NA,825.4,112.6,682.7,GasW,Po,Y,SBrkr,3328.7,1995.4,0.0,4039.9,2,1,0,2,4,3,Fa,2,Min1,0,,2Types,1999.0,RFn,4,736.5,Ex,Gd,Y,301.3,433.5,419.2,43.6,313.6,598.0,,,,11758.0,9,2006,Oth,Alloca,473474
896,45,FV,267.3,86008.8,Pave,,IR3,Bnk,AllPub,Inside,Sev,Blueste,RRAe,RRNn,TwnhsE,2.5Unf,4,7,1952,2005,Shed,Membran,HdBoard,CemntBd,None,338.1,TA,Gd,Stone,NA,Po,Av,BLQ,262.4,GLQ,930.7,1570.4,1721.3,OthW,Po,Y,FuseF,2684.8,1508.2,0.0,2814.2,1,2,0,2,1,3,Fa,12,Sal,1,Gd,BuiltIn,1980.0,NA,3,1407.1,Po,Ex,N,284.3,172.3,478.1,476.7,349.5,569.0,,MnPrv,,2055.6,6,2009,ConLw,AdjLand,343635
897,60,RH,307.5,163096.7,Pave,,IR3,Bnk,AllPub,FR3,Mod,NAmes,Norm,Feedr,2FmCon,1Story,2,2,1907,1963,Shed,Membran,BrkFace,CBlock,Stone,772.0,Fa,TA,Slab,Fa,Gd,Mn,NA,626.2,BLQ,356.9,2304.6,1284.9,Floor,Ex,N,FuseP,2505.8,620.5,0.0,1347.7,0,1,2,2,0,0,TA,8,Sal,3,,Detchd,1926.0,Fin,4,546.3,Ex,Ex,N,20.5,310.5,4.4,40.9,234.4,411.0,,,,1670.5,10,2006,COD,Alloca,236249
898,120,FV,252.6,98470.3,Pave,,Reg,Lvl,NoSeWa,FR3,Sev,Blueste,RRNn,Feedr,2FmCon,2.5Fin,3,2,1938,1955,Mansard,ClyTile,CBlock,CBlock,None,545.8,TA,Po,BrkTil,Fa,Fa,,Rec,1939.9,GLQ,637.6,2130.0,832.7,OthW,Gd,N,FuseA,616.0,1187.9,0.0,3097.2,0,0,2,2,4,1,Ex,3,Mod,0,,CarPort,1951.0,RFn,3,344.2,TA,NA,N,658.7,162.9,488.9,80.8,219.5,478.0,,,,8427.7,4,2006,VWD,Family,327291
899,180,RM,270.3,89505.2,Pave,,IR1,Lvl,NoSeWa,CulDSac,Mod,NoRidge,RRAe,Norm,TwnhsE,2.5Unf,8,4,2000,1991,Gambrel,CompShg,CemntBd,BrkComm,None,866.6,Ex,TA,BrkTil,Fa,Fa,NA,LwQ,3351.8,NA,376.4,1675.6,149.7,Wall,Ex,N,FuseP,962.8,1237.1,0.0,2224.3,1,0,1,0,8,1,Gd,5,Typ,3,Fa,Basment,1962.0,NA,3,815.7,NA,NA,N,283.1,508.7,118.8,440.8,101.4,681.0,,,,1582.7,4,2006,Con,Family,422203
900,40,RM,,201280.8,Pave,,IR2,Low,AllPub,FR2,Gtl,Edwards,PosN,Artery,2FmCon,1.5Fin,7,9,1985,1989,Flat,Metal,ImStucc,ImStucc,BrkFace,1080.3,Ex,Ex,Slab,Fa,NA,NA,NA,1061.9,Unf,1303.6,246.0,5717.3,Wall,Gd,Y,FuseA,4182.4,48.2,0.0,1877.2,1,0,0,0,8,2,Ex,13,Maj1,2,Ex,Basment,1985.0,RFn,0,305.1,Gd,Gd,P,280.4,398.9,503.5,280.2,80.8,96.0,,,,12787.8,10,2008,Con,AdjLand,430457
901,150,FV,,54974.3,Pave,,IR2,Bnk,NoSeWa,FR2,Mod,IDOTRR,PosN,Artery,TwnhsE,2.5Fin,2,8,1982,1980,Mansard,WdShngl,Stone,MetalSd,BrkFace,1013.3,Gd,TA,Wood,TA,Fa,Gd,ALQ,5011.9,LwQ,165.9,559.3,5627.5,OthW,TA,Y,Mix,2121.5,369.3,0.0,2075.6,2,0,0,2,6,0,TA,3,Sal,1,Ex,Attchd,1944.0,Fin,1,1333.7,Ex,NA,N,590.2,201.9,146.9,179.2,73.9,657.0,,,,3926.6,10,2009,VWD,Family,358375
902,120,RM,78.5,27069.1,Pave,,IR1,Bnk,AllPub,Corner,Gtl,IDOTRR,RRAe,PosN,1Fam,SLvl,6,2,1971,1966,Gambrel,Tar&Grv,CemntBd,Plywood,Stone,740.0,Fa,Ex,CBlock,TA,Gd,Mn,Rec,4562.5,Rec,1001.9,436.5,308.0,GasW,Po,N,FuseP,3011.3,1139.4,0.0,2664.2,2,0,3,2,8,1,Ex,2,Sev,3,TA,Attchd,1957.0,RFn,2,367.6,Fa,NA,N,216.7,115.2,251.3,472.9,476.1,392.0,,,,2919.1,6,2010,COD,Abnorml,407608
903,60,RH,298.8,126360.1,Grvl,,IR3,Lvl,AllPub,FR2,Sev,Veenker,PosN,Feedr,1Fam,1.5Unf,9,8,1980,1974,Flat,WdShake,HdBoard,Stucco,BrkFace,889.7,TA,Po,Slab,Gd,Po,No,GLQ,2937.9,LwQ,383.7,830.4,1057.5,Grav,Ex,N,Mix,2636.0,831.7,0.0,5040.1,3,2,0,1,3,0,TA,8,Maj1,1,,Attchd,1937.0,NA,1,1403.7,Gd,NA,N,779.0,75.4,515.5,487.9,394.0,467.0,,,,2877.9,7,2010,New,AdjLand,607218
904,70,RL,311.5,208681.6,Grvl,,IR1,Low,AllPub,FR3,Mod,Timber,RRAe,Artery,Duplex,1.5Unf,4,4,1991,2010,Hip,Roll,VinylSd,AsphShn,None,455.8,Gd,Ex,Stone,NA,Gd,Av,BLQ,4087.4,NA,701.0,550.2,852.3,Grav,Po,Y,FuseF,1985.2,392.4,0.0,4230.4,3,1,0,2,2,0,Fa,7,Sev,0,Gd,NA,1934.0,Unf,2,593.7,Gd,TA,P,461.1,417.0,60.6,168.0,300.5,370.0,,,,701.1,12,2008,COD,Normal,471873
905,90,RH,228.8,82136.8,Pave,,IR2,HLS,AllPub,Inside,Mod,SWISU,PosN,Norm,TwnhsE,1Story,9,2,1950,1981,Gable,Membran,BrkFace,Other,None,38.8,Gd,Po,BrkTil,NA,Gd,Gd,ALQ,2067.6,ALQ,441.3,571.0,1718.3,GasW,Po,N,FuseP,2024.1,1595.6,0.0,3879.1,2,2,3,1,3,2,Fa,3,Min2,1,NA,Detchd,1945.0,Fin,0,1152.4,Po,NA,Y,830.8,247.8,411.4,441.2,102.9,392.0,,,,9948.4,11,2006,Con,Family,577129
906,85,RH,307.5,14572.5,Grvl,,Reg,Lvl,AllPub,CulDSac,Sev,OldTown,RRNe,RRNn,1Fam,2.5Unf,2,10,2005,1961,Shed,Metal,CemntBd,BrkComm,Stone,1000.0,Fa,Po,Stone,,Fa,No,NA,207.6,Unf,476.5,1440.7,1246.9,GasA,Po,Y,SBrkr,2754.7,1009.8,0.0,2835.4,0,0,3,1,6,0,Fa,5,Mod,0,,Basment,1970.0,RFn,2,919.3,Gd,Fa,P,65.7,126.9,216.6,344.7,162.1,17.0,,,TenC,2549.7,10,2010,ConLw,Abnorml,402975
907,85,RM,187.3,73892.7,Pave,,IR3,Bnk,AllPub,CulDSac,Sev,NWAmes,RRAe,RRNn,1Fam,1.5Fin,2,7,1890,1998,Flat,WdShngl,AsphShn,Other,Stone,404.1,TA,TA,Wood,Gd,TA,No,ALQ,5104.1,ALQ,383.8,744.5,5779.2,GasW,Ex,Y,FuseA,949.1,640.1,0.0,343.7,1,1,0,2,7,1,Gd,13,Mod,1,,Detchd,1902.0,NA,3,1323.7,Ex,Po,P,288.7,503.0,13.3,139.4,168.4,183.0,,MnWw,,3616.7,5,2009,ConLw,Abnorml,233916
908,40,RL,96.8,109541.5,Grvl,,IR1,HLS,NoSeWa,CulDSac,Mod,SawyerW,PosN,Feedr,Twnhs,SFoyer,9,6,1998,1962,Shed,WdShake,HdBoard,VinylSd,Stone,1070.3,Fa,Fa,Wood,Gd,NA,Mn,BLQ,721.3,ALQ,1109.6,1581.9,514.3,OthW,Po,Y,SBrkr,2021.7,333.9,0.0,2141.6,2,1,2,0,1,2,Fa,12,Maj2,0,NA,2Types,1905.0,Unf,4,886.9,TA,Fa,P,326.9,213.4,518.4,478.2,229.3,142.0,,,,11645.2,8,2007,COD,Abnorml,452016
909,70,RM,148.6,35942.6,Pave,,IR2,Bnk,AllPub,FR2,Gtl,NridgHt,Norm,Feedr,1Fam,1Story,7,10,1900,1968,Gable,WdShake,CemntBd,MetalSd,None,1195.2,TA,Fa,PConc,Fa,Fa,NA,BLQ,5350.2,GLQ,539.1,2214.3,1293.3,OthW,TA,Y,SBrkr,2281.9,1262.1,0.0,4650.4,3,0,2,1,4,1,Ex,4,Maj1,0,Po,BuiltIn,1912.0,Fin,2,824.2,Ex,Gd,N,626.0,297.3,65.0,32.0,202.6,462.0,,MnWw,,891.0,10,2009,ConLD,Family,485383
910,160,C,194.3,142097.7,Grvl,,IR3,Bnk,NoSeWa,Inside,Sev,StoneBr,RRAe,PosN,Duplex,SLvl,7,5,1895,1993,Gambrel,Metal,Plywood,Plywood,None,1465.5,Gd,Fa,CBlock,Gd,Fa,Mn,Unf,3227.7,Unf,1070.7,1491.5,493.2,Wall,Gd,Y,FuseF,4627.2,1375.8,0.0,2394.4,1,1,0,0,4,0,Fa,13,Maj1,0,,CarPort,,NA,1,925.7,NA,Gd,Y,182.5,469.2,427.3,161.5,448.4,506.0,,,,3142.5,12,2006,VWD,Partial,366044
911,40,RM,42.3,214763.5,Pave,,IR1,Bnk,NoSeWa,FR2,Mod,StoneBr,RRAn,Feedr,1Fam,SFoyer,1,1,1881,1997,Shed,Metal,CBlock,BrkFace,Stone,1533.0,Gd,Gd,Slab,NA,Fa,Gd,NA,1724.6,BLQ,672.2,1755.9,5990.2,Grav,Fa,N,FuseF,1865.6,1382.7,0.0,3326.8,3,2,2,2,8,0,TA,4,Typ,3,NA,Attchd,1978.0,Unf,0,1115.2,Gd,Fa,N,321.7,455.9,212.1,201.3,346.0,333.0,,,,2314.9,1,2009,CWD,Family,400942
912,150,RM,202.7,97947.4,Grvl,,Reg,Low,AllPub,FR2,Sev,Sawyer,PosA,Artery,2FmCon,SFoyer,6,2,1976,1974,Mansard,Metal,MetalSd,ImStucc,Stone,16.8,Gd,TA,Slab,Ex,NA,Gd,LwQ,2796.7,Rec,806.6,1755.7,5611.5,Wall,TA,Y,SBrkr,3143.1,454.9,0.0,1420.8,0,2,3,2,2,3,TA,4,Mod,2,,2Types,1989.0,RFn,0,1274.6,Fa,NA,Y,780.4,349.0,447.4,350.9,39.1,61.0,,,,75.2,1,2006,Con,Abnorml,515173
913,150,RM,307.5,77192.4,Pave,,IR3,HLS,AllPub,FR3,Sev,SWISU,Artery,Artery,Twnhs,SFoyer,7,8,1926,1980,Mansard,ClyTile,MetalSd,BrkFace,None,1584.6,TA,Ex,CBlock,TA,Po,Mn,NA,2831.2,GLQ,800.8,772.5,4378.6,Grav,Gd,Y,SBrkr,932.9,1229.4,0.0,5195.4,0,2,2,2,5,2,Ex,12,Maj1,1,Ex,2Types,1932.0,Unf,4,378.3,NA,,Y,98.2,486.1,414.2,19.5,172.8,162.0,,MnPrv,,8359.8,4,2009,New,Abnorml,581813
914,30,RL,76.5,87028.7,Pave,,Reg,Bnk,NoSeWa,FR3,Gtl,NridgHt,RRNn,Artery,TwnhsE,2.5Fin,6,1,1873,2008,Gable,Tar&Grv,BrkFace,BrkComm,BrkFace,1092.8,Ex,Fa,BrkTil,Fa,Fa,No,BLQ,131.4,NA,1438.4,34.9,2602.7,GasW,Fa,Y,SBrkr,619.4,1869.7,0.0,5234.2,3,2,0,2,4,2,Fa,5,Sal,2,,CarPort,1978.0,Unf,3,284.9,Fa,Po,P,638.7,520.8,349.5,452.0,63.8,551.0,,,,2945.5,8,2008,ConLD,Family,510067
915,120,RM,252.4,25934.9,Grvl,,IR2,Low,NoSeWa,FR2,Gtl,Edwards,RRAn,Artery,Duplex,1.5Unf,6,3,2006,1986,Flat,ClyTile,Wd Sdng,CemntBd,None,1029.6,Fa,TA,Slab,Gd,Po,NA,ALQ,2006.2,ALQ,541.1,128.6,1162.0,GasA,Po,Y,FuseA,4132.2,729.3,0.0,1109.3,1,1,2,1,1,3,Fa,2,Typ,2,,BuiltIn,1961.0,Fin,3,48.7,NA,Ex,P,602.0,511.5,518.5,334.8,134.1,178.0,,,,9810.1,11,2009,ConLD,Abnorml,300159
916,160,RL,,190272.0,Pave,Grvl,IR3,HLS,AllPub,Corner,Gtl,OldTown,RRAe,PosN,1Fam,SFoyer,2,2,1982,1974,Flat,Membran,HdBoard,ImStucc,BrkFace,24.3,TA,Gd,CBlock,TA,Po,Gd,LwQ,4175.8,LwQ,306.1,658.9,1353.3,Floor,TA,Y,FuseF,3518.5,435.2,0.0,4177.8,3,2,0,1,1,1,Ex,2,Min2,2,Po,Basment,1962.0,Fin,0,524.8,Ex,TA,P,111.8,190.9,54.6,139.7,460.3,234.0,,,,7777.6,8,2010,ConLI,Family,399035
917,85,FV,296.6,90049.9,Pave,NA,Reg,Lvl,NoSeWa,Corner,Mod,Veenker,PosA,Feedr,TwnhsE,2Story,6,5,1909,1965,Shed,ClyTile,CBlock,HdBoard,Stone,1378.0,Fa,TA,Slab,TA,Gd,Mn,NA,2878.8,NA,1344.0,1610.8,2707.0,Grav,Fa,N,FuseP,1717.7,1594.5,0.0,733.4,1,1,2,0,3,1,Gd,8,Mod,2,,,1955.0,Unf,3,1199.9,Ex,Po,Y,590.0,217.3,440.8,334.4,338.5,59.0,,MnWw,,10352.1,6,2007,CWD,Family,296409
918,45,C,301.4,84155.4,Pave,,IR1,Low,NoSeWa,Corner,Sev,IDOTRR,Artery,Feedr,1Fam,SLvl,4,4,2002,2006,Gambrel,Membran,VinylSd,AsbShng,None,232.8,Fa,Ex,BrkTil,TA,TA,Gd,BLQ,1378.4,ALQ,257.7,2118.0,4693.8,GasA,Fa,N,FuseF,2533.0,365.3,0.0,3511.1,2,0,0,0,3,0,TA,6,Min1,1,,NA,1938.0,Unf,4,99.1,Ex,NA,Y,488.3,131.6,370.3,272.8,3.8,227.0,,,,15214.2,5,2008,CWD,Alloca,464744
919,120,RL,173.3,142437.4,Grvl,,Reg,HLS,AllPub,FR2,Gtl,Timber,Artery,Feedr,Twnhs,1.5Fin,9,7,1973,1987,Mansard,CompShg,BrkComm,Wd Sdng,Stone,1339.7,Gd,Fa,CBlock,NA,NA,NA,Rec,1891.4,LwQ,1229.9,2239.8,1617.5,GasA,Fa,N,SBrkr,925.6,524.0,0.0,1282.3,3,2,0,1,6,2,TA,4,Min1,1,NA,2Types,1959.0,Unf,0,763.6,Ex,,P,246.4,457.7,173.7,170.8,157.9,238.0,,,,3408.0,10,2009,WD,AdjLand,377297
920,75,FV,306.4,95870.8,Grvl,,IR2,Bnk,AllPub,Inside,Mod,Timber,PosN,PosN,TwnhsE,1Story,1,5,1966,1992,Gable,Membran,HdBoard,Plywood,Stone,24.9,Fa,Ex,BrkTil,Fa,TA,Av,NA,4871.1,Rec,221.4,60.4,1898.9,GasA,Po,N,FuseP,3415.8,207.8,0.0,1107.4,3,0,2,2,0,0,Fa,10,Maj1,2,,BuiltIn,2004.0,RFn,3,985.2,,TA,P,266.6,66.6,301.4,14.5,210.6,567.0,,,,10321.1,10,2006,WD,Normal,286035
921,150,RL,242.1,139986.3,Grvl,,IR1,Bnk,NoSeWa,Corner,Gtl,NridgHt,Feedr,PosN,2FmCon,2.5Fin,8,8,1963,1998,Hip,Metal,BrkComm,Wd Sdng,Stone,1033.5,Ex,Gd,Slab,Ex,Po,Av,Rec,2966.2,ALQ,971.0,2312.8,3665.7,GasW,Gd,N,FuseP,640.5,553.2,0.0,355.9,1,2,2,0,5,3,Ex,6,Sev,1,,Basment,2010.0,NA,2,1186.7,Ex,NA,P,713.9,194.2,355.8,280.0,289.2,83.0,,,,12921.0,2,2008,ConLI,Abnorml,440262
922,180,RL,68.2,14446.1,Grvl,,Reg,Low,NoSeWa,FR3,Gtl,CollgCr,Artery,Artery,2FmCon,1.5Fin,5,4,1942,2007,Shed,ClyTile,HdBoard,CBlock,BrkCmn,695.7,TA,Ex,CBlock,Fa,Po,No,BLQ,2982.0,Unf,221.9,753.4,1452.5,GasA,Gd,Y,FuseP,3633.2,847.3,0.0,5328.1,2,0,3,1,8,0,Ex,11,Sev,1,NA,NA,1977.0,RFn,2,827.3,Po,Fa,Y,198.0,5.3,406.4,41.7,239.9,714.0,,,,14839.5,5,2010,Oth,AdjLand,500900
923,80,C,,175392.0,Grvl,,IR3,Lvl,AllPub,CulDSac,Sev,StoneBr,PosA,PosN,TwnhsE,1.5Unf,1,6,1895,1972,Mansard,Membran,HdBoard,Plywood,BrkCmn,321.2,Ex,Gd,PConc,Gd,NA,No,Unf,5426.5,Unf,1360.6,1969.1,3569.6,GasA,TA,Y,FuseF,2717.1,132.5,0.0,4735.7,1,0,1,0,1,1,Fa,4,Maj1,0,Gd,Attchd,1982.0,RFn,3,264.2,Gd,Ex,Y,439.5,325.3,103.3,411.6,33.5,40.0,,,,9646.2,12,2007,COD,Normal,387230
924,70,RH,230.8,202516.1,Pave,NA,Reg,Low,AllPub,CulDSac,Mod,CollgCr,Norm,PosN,2FmCon,2Story,4,4,1939,1963,Mansard,Tar&Grv,Wd Sdng,ImStucc,None,172.1,Ex,Ex,Slab,Fa,TA,Av,NA,1811.1,Rec,832.8,421.2,2365.4,OthW,Po,N,SBrkr,1549.2,1800.1,0.0,745.2,1,0,0,1,4,1,Gd,10,Maj2,1,NA,Detchd,1991.0,Fin,2,1367.7,,Fa,P,583.7,360.1,56.4,45.0,247.5,437.0,,,,2027.9,5,2007,WD,AdjLand,265852
925,20,RH,93.2,140100.1,Pave,,IR3,Lvl,AllPub,FR2,Sev,SWISU,Feedr,Norm,Duplex,SFoyer,1,2,1999,1955,Gambrel,Roll,MetalSd,Other,BrkCmn,704.2,Gd,Gd,CBlock,NA,Gd,NA,ALQ,2706.5,ALQ,485.3,146.9,210.0,OthW,Gd,N,SBrkr,4093.1,1060.7,0.0,3515.5,3,0,0,2,3,3,Ex,2,Typ,3,NA,BuiltIn,1923.0,Fin,4,134.2,Ex,TA,Y,111.3,136.2,56.3,217.8,62.5,528.0,,,,834.6,2,2009,ConLI,Abnorml,320378
926,40,RL,,205524.6,Grvl,Grvl,IR3,Lvl,NoSeWa,CulDSac,Gtl,SWISU,RRNe,Artery,Twnhs,2.5Unf,6,1,1964,1974,Mansard,CompShg,HdBoard,VinylSd,None,197.3,TA,TA,PConc,Ex,TA,Mn,LwQ,4581.3,NA,206.8,883.8,2460.5,Grav,TA,Y,Mix,4631.3,1214.4,0.0,1570.2,3,0,0,1,3,1,Ex,10,Sev,2,TA,CarPort,1949.0,NA,1,1090.4,Fa,Ex,Y,799.0,403.0,162.2,220.8,249.2,104.0,,,,4317.0,8,2010,Oth,AdjLand,333121
927,150,RM,215.6,33698.2,Grvl,,Reg,Low,NoSeWa,FR2,Sev,Blueste,PosN,Artery,Duplex,2.5Fin,2,1,1915,1972,Gambrel,Roll,Stone,Stucco,BrkFace,778.3,TA,TA,CBlock,Fa,Fa,Mn,Unf,4283.3,ALQ,547.1,2006.4,5618.3,OthW,Gd,Y,FuseA,1442.5,766.7,0.0,1735.4,1,1,0,0,7,3,Gd,6,Maj1,1,,NA,2004.0,Fin,4,122.7,Gd,Fa,N,223.4,208.7,85.1,282.6,118.1,536.0,,,,14386.4,10,2010,Con,AdjLand,262984
928,120,FV,68.5,103440.8,Grvl,,IR2,Low,AllPub,CulDSac,Mod,NoRidge,Norm,Norm,TwnhsE,1Story,5,8,2004,2009,Gambrel,ClyTile,Plywood,Stone,None,1000.3,Ex,TA,Stone,Gd,TA,NA,LwQ,1500.2,LwQ,1039.2,515.8,1790.9,Grav,Ex,N,FuseF,3847.6,1383.2,0.0,4974.1,0,1,2,1,5,2,Ex,7,Maj1,2,,2Types,1932.0,Fin,4,203.4,Gd,TA,P,273.2,170.5,295.7,20.1,69.2,381.0,,,,8322.4,5,2007,WD,AdjLand,540406
929,160,RM,186.0,130053.5,Pave,,IR3,Low,NoSeWa,Inside,Gtl,SWISU,Feedr,Feedr,Duplex,SLvl,7,4,1926,1992,Hip,WdShngl,Wd Sdng,Stucco,BrkCmn,1323.8,TA,TA,Stone,Fa,Po,Mn,LwQ,852.8,BLQ,567.4,359.6,1972.5,GasA,Po,N,Mix,3603.2,891.6,0.0,940.8,0,2,2,0,6,3,Fa,3,Typ,1,Po,Detchd,1975.0,Unf,3,1273.7,Ex,Ex,N,570.9,523.0,241.2,103.5,138.2,92.0,,,,8979.2,5,2007,ConLI,Abnorml,321388
930,80,RM,246.3,125759.6,Pave,,IR2,HLS,NoSeWa,Inside,Gtl,NWAmes,PosN,Norm,Twnhs,2.5Fin,2,5,1900,1961,Shed,CompShg,WdShing,CemntBd,BrkCmn,1085.8,Fa,Ex,CBlock,NA,NA,No,GLQ,3954.8,,362.7,2125.3,402.9,OthW,Ex,N,Mix,3590.3,1572.1,0.0,3526.7,0,1,1,0,8,3,TA,9,Sev,2,TA,Basment,1973.0,Fin,4,1067.9,Gd,Gd,P,67.0,322.0,493.0,101.3,47.8,214.0,,,,9464.3,12,2010,Oth,Partial,308939
931,180,RL,166.7,87190.7,Grvl,,IR3,HLS,NoSeWa,Inside,Gtl,ClearCr,Feedr,Norm,Twnhs,1Story,6,8,1908,1962,Flat,ClyTile,MetalSd,AsphShn,BrkFace,104.3,TA,Po,CBlock,TA,Fa,Mn,BLQ,1454.2,LwQ,851.1,2192.0,3757.9,Wall,Gd,Y,Mix,4505.6,1696.2,0.0,2463.9,3,0,0,0,2,3,TA,4,Min1,3,Ex,Basment,1906.0,NA,3,518.3,TA,Ex,Y,537.9,138.0,396.0,304.3,136.3,695.0,,GdWo,,5149.3,1,2007,ConLD,Partial,380721
932,120,RL,24.5,73631.5,Grvl,Grvl,IR3,Low,AllPub,Inside,Gtl,CollgCr,Artery,Norm,TwnhsE,1.5Unf,6,7,1986,1985,Mansard,ClyTile,VinylSd,VinylSd,BrkFace,491.9,TA,Gd,Stone,NA,Po,Mn,Unf,5207.6,GLQ,615.9,29.3,5188.9,Floor,Gd,N,FuseF,2454.7,1387.4,0.0,1346.8,3,1,1,2,1,1,Fa,2,Sal,1,,CarPort,1945.0,NA,0,905.7,NA,,Y,785.0,537.8,113.6,133.9,416.1,216.0,,,,2814.7,1,2006,Oth,AdjLand,401779
933,20,RL,23.6,28433.4,Grvl,,Reg,HLS,NoSeWa,Corner,Mod,NridgHt,Artery,PosN,Duplex,2.5Fin,5,8,1874,1988,Gambrel,Tar&Grv,CemntBd,MetalSd,None,460.8,Fa,Gd,Slab,NA,TA,No,GLQ,729.5,NA,244.4,1699.3,2156.4,Floor,Ex,N,FuseA,3272.0,1014.6,0.0,2732.8,2,1,3,2,2,2,Fa,8,Typ,1,,BuiltIn,1961.0,,3,648.4,Fa,TA,Y,213.5,212.0,25.2,73.3,147.4,488.0,,,,14790.7,11,2007,Oth,Family,346455
934,80,RL,125.3,85111.3,Pave,,IR3,HLS,AllPub,FR3,Sev,SawyerW,Feedr,Norm,Twnhs,2.5Fin,5,8,1993,1983,Gambrel,Tar&Grv,AsphShn,BrkComm,None,1464.1,Fa,Po,Stone,NA,NA,Gd,Unf,1796.6,NA,227.0,722.3,1467.9,GasW,Po,Y,FuseP,3924.5,1615.4,0.0,5326.1,3,0,1,1,7,0,Fa,13,Sal,3,,Detchd,1900.0,Unf,3,94.4,Gd,Po,P,310.2,354.4,391.5,9.3,225.7,150.0,,,,11708.5,1,2006,VWD,Family,498539
935,75,RH,,36100.5,Grvl,,IR1,Lvl,NoSeWa,Inside,Mod,Crawfor,Norm,RRNn,TwnhsE,1Story,3,6,1914,1955,Flat,Membran,ImStucc,BrkComm,Stone,1388.5,Fa,Gd,Stone,Ex,Fa,Av,GLQ,309.2,NA,1042.8,875.3,5844.9,OthW,TA,N,FuseA,2423.8,1020.7,0.0,4482.8,2,1,1,1,8,2,Gd,4,Sal,1,,Basment,1978.0,,0,1022.6,TA,TA,Y,199.1,395.9,466.9,427.0,249.5,373.0,,,,7921.3,8,2007,CWD,Abnorml,491508
936,20,RL,,158413.9,Grvl,,Reg,Bnk,AllPub,Corner,Gtl,SWISU,PosN,Norm,Twnhs,1.5Fin,10,10,1878,1987,Flat,CompShg,AsphShn,AsphShn,Stone,592.2,Fa,Gd,Wood,Fa,TA,Mn,Rec,3969.5,Rec,1436.7,1095.8,4552.4,GasW,Fa,Y,FuseA,2432.1,230.3,0.0,1035.2,3,0,3,0,4,1,Fa,5,Maj2,2,,BuiltIn,1964.0,Unf,1,1082.3,Ex,Po,Y,701.7,231.0,386.9,493.5,85.6,630.0,,MnWw,,5838.9,10,2008,ConLw,Family,472281
937,60,RH,206.2,45978.3,Pave,,IR1,Bnk,AllPub,FR2,Mod,OldTown,Artery,Feedr,1Fam,2.5Unf,10,2,1996,1999,Gambrel,CompShg,WdShing,AsphShn,None,113.8,TA,TA,Stone,Gd,Fa,Av,LwQ,5030.3,,343.6,997.0,3465.4,Floor,Ex,Y,SBrkr,1722.7,240.2,0.0,4842.8,0,1,3,2,7,2,Gd,6,Maj2,3,Ex,Detchd,1944.0,RFn,0,1251.2,Fa,Fa,Y,143.6,293.1,355.4,357.3,212.1,448.0,,,,7483.0,2,2008,ConLD,AdjLand,704405
938,50,RH,85.8,13829.8,Grvl,,IR1,HLS,AllPub,CulDSac,Gtl,NAmes,PosA,Feedr,1Fam,SFoyer,2,6,1920,2001,Mansard,Membran,Stone,VinylSd,BrkFace,1430.6,Gd,Gd,BrkTil,TA,Gd,Av,GLQ,3588.9,BLQ,1139.6,1203.0,1866.8,OthW,Po,Y,Mix,3736.8,1958.8,0.0,5309.9,0,0,1,1,6,2,Gd,2,Sev,0,TA,NA,1983.0,Unf,3,766.6,NA,NA,N,297.1,131.2,137.6,209.7,409.4,421.0,,GdWo,,521.8,8,2008,ConLI,Partial,393626
939,60,RL,114.9,119476.0,Grvl,,IR3,Lvl,NoSeWa,CulDSac,Gtl,Veenker,RRNn,Feedr,Twnhs,SLvl,7,1,1992,1989,Shed,ClyTile,Stucco,Stucco,None,1421.1,Gd,Gd,Slab,TA,Gd,NA,NA,5292.7,ALQ,129.1,1360.4,1349.1,Floor,Po,Y,Mix,3324.4,441.0,0.0,1804.1,1,2,3,1,8,3,Fa,12,Mod,2,,NA,1954.0,Unf,2,954.5,Fa,Gd,Y,515.1,254.8,273.0,62.0,38.7,645.0,,,,3836.1,12,2006,COD,Alloca,451511
940,85,C,268.6,128646.4,Grvl,,IR2,Low,AllPub,Corner,Sev,BrDale,Feedr,Norm,TwnhsE,1Story,1,1,1944,1957,Mansard,Roll,HdBoard,Wd Sdng,Stone,1367.6,Fa,Fa,BrkTil,Ex,NA,NA,ALQ,725.3,Rec,562.4,1087.6,4373.2,OthW,Fa,Y,FuseP,2300.1,1684.9,0.0,2103.8,1,1,1,2,3,3,Fa,12,Mod,1,,2Types,1965.0,Fin,3,621.2,Fa,Ex,N,346.7,170.0,400.2,241.4,443.0,206.0,,,,3885.9,6,2006,COD,Family,314534
941,120,FV,233.8,187841.4,Pave,,Reg,Lvl,NoSeWa,CulDSac,Gtl,CollgCr,Artery,Artery,1Fam,2Story,6,3,1912,2010,Shed,Tar&Grv,CemntBd,AsbShng,BrkFace,1352.1,TA,Gd,Slab,Gd,Gd,NA,BLQ,495.2,NA,746.9,1638.9,3188.1,Wall,TA,Y,SBrkr,2161.5,509.4,0.0,1004.5,2,2,2,0,2,1,Ex,10,Maj1,2,Ex,2Types,1966.0,Unf,0,452.2,TA,TA,Y,56.1,299.5,106.7,232.3,418.1,701.0,,,,6902.9,5,2009,COD,Alloca,359953
942,150,RM,48.9,124742.3,Pave,,IR2,Lvl,NoSeWa,Inside,Mod,ClearCr,PosA,Feedr,Twnhs,2Story,6,3,1977,1957,Mansard,Tar&Grv,WdShing,VinylSd,Stone,768.4,TA,Po,BrkTil,TA,Po,Gd,ALQ,4732.0,BLQ,396.1,1678.7,3180.9,GasA,TA,N,FuseP,650.3,889.6,0.0,2164.9,2,0,2,1,8,3,Ex,8,Maj1,3,,NA,1999.0,RFn,3,583.8,Po,Gd,Y,812.2,366.4,263.1,213.3,410.8,669.0,,,,3662.2,6,2009,ConLD,Family,413760
943,190,RH,,75213.9,Pave,,Reg,Bnk,NoSeWa,CulDSac,Mod,IDOTRR,Artery,Norm,2FmCon,2.5Fin,3,5,1948,1989,Flat,ClyTile,MetalSd,Wd Sdng,None,283.9,TA,Gd,Wood,Gd,TA,,LwQ,4828.5,GLQ,780.6,1028.7,450.4,Grav,Gd,N,FuseF,362.3,1352.5,0.0,3907.0,1,0,1,0,7,1,TA,3,Maj2,1,Po,Basment,1979.0,Unf,0,1292.9,Fa,Po,Y,289.6,335.9,64.6,192.2,95.3,476.0,,,TenC,2874.6,4,2007,Con,AdjLand,448687
944,150,FV,29.5,173100.4,Pave,,IR1,Low,NoSeWa,Inside,Sev,MeadowV,RRAn,Feedr,Duplex,1.5Unf,2,1,1998,1982,Mansard,WdShngl,CBlock,MetalSd,None,764.0,TA,Po,BrkTil,Gd,Fa,Av,Rec,4690.4,Rec,1301.0,332.8,3129.5,OthW,Gd,Y,SBrkr,2638.9,328.1,0.0,1778.6,2,2,3,2,6,0,Gd,14,Min1,1,Gd,NA,1953.0,RFn,4,232.8,TA,Po,P,381.9,424.9,293.0,252.4,232.5,587.0,,GdWo,,11865.7,12,2006,Oth,Partial,321981
945,150,C,161.4,116890.0,Grvl,Grvl,IR3,Bnk,NoSeWa,Inside,Sev,BrDale,PosA,PosN,Twnhs,2.5Unf,2,10,1962,1983,Shed,Tar&Grv,HdBoard,BrkFace,BrkCmn,791.4,TA,Gd,CBlock,Fa,Fa,Av,ALQ,4509.4,NA,1392.1,1496.5,5027.0,OthW,Ex,Y,Mix,2153.4,1522.4,0.0,370.2,3,0,3,2,0,2,Gd,2,Min1,3,TA,BuiltIn,1992.0,Fin,1,352.4,,TA,Y,143.6,22.7,316.6,37.2,295.8,563.0,,,,13849.3,11,2008,ConLI,Family,278691
946,180,RM,214.4,18261.6,Pave,,IR3,HLS,AllPub,CulDSac,Gtl,NoRidge,PosA,PosN,1Fam,SFoyer,9,6,1879,1993,Mansard,Tar&Grv,ImStucc,AsphShn,None,,Gd,Po,Stone,,Gd,Av,ALQ,2044.4,GLQ,148.2,1805.6,5784.9,GasW,TA,N,FuseP,3803.1,1424.7,0.0,2131.0,0,0,2,1,1,0,Gd,12,Min2,0,,Attchd,2007.0,NA,1,859.6,Po,NA,Y,741.6,43.0,295.5,19.5,48.0,225.0,,,,1040.7,3,2008,ConLD,Alloca,490501
947,50,RM,55.6,122360.9,Pave,,IR3,Bnk,AllPub,Corner,Gtl,ClearCr,Feedr,Norm,Twnhs,1.5Unf,5,7,1903,1964,Mansard,WdShake,AsbShng,CBlock,BrkCmn,862.0,Ex,Gd,Wood,NA,Fa,Av,Unf,1227.4,Unf,400.7,1490.6,651.8,GasA,Ex,N,SBrkr,2698.9,1121.5,0.0,2739.4,1,0,2,1,8,0,TA,3,Mod,1,Fa,Basment,1999.0,Unf,0,164.9,TA,Po,N,249.8,112.3,259.1,32.5,267.3,605.0,,,,3249.6,11,2008,WD,Alloca,361512
948,190,RH,105.4,195566.0,Pave,,IR2,Lvl,NoSeWa,FR2,Gtl,NWAmes,RRAn,Feedr,TwnhsE,2.5Unf,7,10,1935,1985,Flat,WdShake,Plywood,CemntBd,BrkCmn,412.3,Ex,Gd,Wood,NA,Fa,No,NA,5242.2,LwQ,1443.2,1373.7,3856.4,OthW,Gd,N,SBrkr,4416.2,1168.6,0.0,3340.2,1,0,3,2,4,2,Gd,4,Sev,1,,Attchd,1962.0,RFn,1,1264.7,TA,Gd,Y,17.0,539.2,324.3,101.6,403.2,689.0,,MnWw,,11992.1,4,2007,ConLw,AdjLand,532710
949,60,RL,137.2,86089.1,Pave,,IR3,Low,AllPub,Corner,Gtl,CollgCr,RRAe,Feedr,1Fam,1Story,5,3,2009,2009,Gable,ClyTile,WdShing,CBlock,BrkCmn,586.0,Ex,Fa,CBlock,TA,TA,Av,GLQ,1732.7,Rec,398.6,535.9,3472.6,OthW,Ex,N,FuseA,1188.8,218.4,0.0,3963.7,3,0,3,0,0,3,TA,13,Mod,1,,Detchd,1953.0,,2,67.0,TA,Gd,P,271.2,437.7,550.2,141.3,449.5,386.0,,,,12645.4,9,2006,ConLw,AdjLand,490888
950,50,C,289.5,64697.4,Grvl,,IR3,Low,NoSeWa,FR3,Mod,Mitchel,PosA,RRNn,TwnhsE,SFoyer,7,4,1884,2006,Gable,WdShake,Stone,WdShing,BrkCmn,694.7,Fa,Fa,CBlock,TA,NA,NA,ALQ,2248.6,Rec,1021.1,1507.0,5439.8,Grav,Fa,Y,SBrkr,4649.1,900.2,0.0,662.0,2,0,3,0,8,0,Gd,4,Maj2,0,NA,BuiltIn,2007.0,Fin,2,1071.0,Fa,Gd,Y,843.3,505.5,343.6,86.1,133.6,105.0,,,,7752.5,8,2007,ConLD,Partial,346312
951,90,RH,311.0,31994.6,Pave,,IR2,Low,AllPub,FR3,Gtl,IDOTRR,RRNe,Feedr,TwnhsE,2.5Fin,4,10,1964,1984,Mansard,ClyTile,VinylSd,Stucco,Stone,209.8,Fa,Gd,CBlock,Ex,Fa,Av,Rec,3948.3,ALQ,373.6,782.2,4590.1,Floor,Ex,N,SBrkr,1632.3,178.8,0.0,2827.4,1,0,3,2,0,2,TA,9,Min2,2,TA,CarPort,2002.0,Unf,1,529.9,Ex,TA,P,125.8,148.8,415.4,128.0,138.6,75.0,,,,10770.7,11,2010,WD,Family,435812
952,120,C,34.1,33701.0,Pave,,IR2,Bnk,NoSeWa,Inside,Sev,Somerst,PosA,Artery,TwnhsE,2.5Fin,8,10,1932,1995,Gable,Metal,CemntBd,BrkFace,None,728.6,Gd,Fa,PConc,Fa,Gd,NA,ALQ,1655.7,GLQ,525.3,2148.1,5897.8,GasA,Gd,N,Mix,3133.7,635.7,0.0,1747.9,1,0,1,1,7,0,TA,6,Min2,0,Po,Basment,1951.0,Fin,0,72.6,NA,Po,N,26.7,313.9,106.1,94.4,130.0,515.0,,,,1202.8,8,2010,COD,Normal,428034
953,50,RL,,93889.3,Pave,,IR3,Bnk,AllPub,Inside,Mod,BrDale,PosA,PosN,Twnhs,1Story,10,10,1879,1971,Mansard,Membran,VinylSd,Stone,None,1296.8,Gd,Ex,Wood,TA,Gd,NA,ALQ,4623.2,LwQ,281.9,1527.1,5865.8,GasA,Gd,N,FuseF,2521.1,1859.1,0.0,5365.8,3,2,3,2,4,0,Ex,10,Mod,2,Ex,2Types,1953.0,,2,1195.3,Fa,Po,N,495.5,303.5,292.6,76.6,73.7,186.0,,,,13167.7,1,2009,ConLD,Family,727672
954,45,RL,129.5,128742.7,Pave,,IR3,Bnk,NoSeWa,Corner,Mod,NWAmes,Artery,Feedr,1Fam,SLvl,10,10,1900,1972,Flat,Metal,ImStucc,Wd Sdng,None,1324.9,TA,Ex,Slab,TA,NA,Av,LwQ,395.3,BLQ,1262.2,649.8,1378.9,Floor,Fa,Y,FuseP,1901.0,1186.4,0.0,2244.3,0,1,2,1,5,2,Fa,4,Sal,1,,NA,1966.0,NA,1,908.2,NA,Fa,P,318.5,311.5,4.1,148.8,206.7,531.0,,,,12907.3,5,2006,Oth,Alloca,421731
955,40,RH,,18547.3,Pave,,IR1,HLS,NoSeWa,Corner,Gtl,NAmes,PosA,Artery,TwnhsE,2.5Fin,7,10,1966,1989,Mansard,Tar&Grv,Plywood,Stone,BrkCmn,658.5,Gd,TA,CBlock,Gd,Fa,Av,Unf,4465.4,LwQ,1301.0,1104.8,4431.9,OthW,Fa,N,FuseF,941.1,1533.7,0.0,865.5,1,0,2,0,0,3,TA,7,Sev,2,,Detchd,1936.0,RFn,3,12.6,NA,Ex,P,681.3,392.5,17.4,201.9,376.5,274.0,,,,10747.7,6,2008,ConLI,Normal,433959
956,40,RL,241.2,202316.0,Grvl,NA,IR3,Bnk,AllPub,Inside,Gtl,NWAmes,Artery,Norm,2FmCon,2Story,10,3,1912,1994,Hip,WdShake,Wd Sdng,CemntBd,Stone,830.1,Fa,TA,CBlock,Ex,Fa,Mn,Rec,3396.8,Rec,437.6,1977.6,3241.5,GasA,TA,Y,SBrkr,921.6,1185.1,0.0,554.2,1,2,0,1,1,1,Fa,5,Maj1,2,TA,CarPort,2007.0,Fin,2,379.4,Fa,Ex,P,627.2,215.5,178.0,378.1,341.8,647.0,,GdPrv,,14203.1,9,2006,Con,Alloca,365156
957,45,FV,289.2,162857.1,Pave,,IR2,HLS,NoSeWa,FR2,Mod,Gilbert,PosA,PosN,Duplex,1.5Unf,5,1,1882,2004,Gambrel,Membran,AsbShng,AsphShn,Stone,53.8,Gd,Ex,PConc,NA,Fa,NA,ALQ,3234.0,Unf,1214.0,783.6,1311.2,GasA,Fa,Y,Mix,3434.7,401.1,0.0,1742.8,3,0,3,0,6,2,Gd,9,Sal,2,,NA,1911.0,RFn,4,499.2,Fa,Po,P,158.9,370.4,257.6,485.4,432.2,538.0,,,,738.3,10,2009,VWD,Alloca,312158
958,80,RM,298.7,126805.3,Pave,,Reg,Bnk,AllPub,FR2,Sev,Blmngtn,Norm,Norm,Twnhs,2.5Unf,6,8,1873,2000,Flat,WdShngl,Stone,AsbShng,BrkCmn,1079.1,TA,TA,PConc,,NA,Av,LwQ,2587.1,GLQ,528.0,1227.4,1190.7,Grav,Fa,Y,Mix,1979.8,1228.3,0.0,1283.5,1,1,1,2,1,1,Fa,13,Mod,2,Gd,Detchd,1958.0,Unf,2,457.4,Fa,NA,P,483.9,431.3,317.8,466.8,170.8,647.0,,,,3579.9,10,2008,ConLD,Alloca,283540
959,30,RH,189.5,178540.3,Grvl,,IR3,HLS,AllPub,FR3,Gtl,Edwards,RRAn,Feedr,2FmCon,1.5Fin,5,10,2002,1971,Shed,WdShngl,BrkFace,MetalSd,BrkCmn,647.4,TA,Gd,Stone,NA,Gd,Av,BLQ,1563.6,Rec,146.0,1587.7,495.4,Wall,TA,Y,Mix,4523.3,1559.9,0.0,3783.1,1,0,0,1,4,2,Gd,2,Min2,1,Ex,Detchd,1919.0,RFn,1,706.6,Po,Po,P,27.8,158.1,490.2,241.8,274.7,17.0,,,,5619.5,6,2007,VWD,AdjLand,431174
960,180,C,125.3,18455.6,Pave,Grvl,Reg,Lvl,AllPub,FR2,Mod,BrkSide,Feedr,Norm,1Fam,2.5Unf,7,10,1951,1954,Hip,Roll,WdShing,WdShing,None,712.8,TA,Gd,CBlock,Gd,Fa,Mn,ALQ,2619.2,BLQ,1117.4,1762.6,4860.8,Floor,Fa,Y,Mix,1753.2,285.8,0.0,4829.7,0,2,0,0,8,2,Fa,5,Min1,3,Ex,Attchd,1986.0,NA,1,747.0,Po,Gd,Y,376.6,517.3,426.0,234.4,367.9,284.0,,,,2458.1,1,2008,Oth,Normal,533334
961,80,FV,251.0,103317.3,Grvl,,IR3,Lvl,AllPub,CulDSac,Mod,NWAmes,PosA,PosN,Duplex,SFoyer,2,2,1958,1980,Hip,WdShngl,HdBoard,CBlock,Stone,1397.9,Fa,TA,Slab,Fa,Fa,No,ALQ,2540.0,BLQ,879.2,406.2,1982.7,Floor,Po,N,FuseA,4620.2,1686.9,0.0,1993.1,1,2,1,1,4,1,TA,8,Typ,0,,Attchd,1985.0,Unf,1,562.6,TA,TA,P,611.9,283.4,165.6,63.9,431.1,301.0,,,,12629.8,1,2010,WD,Abnorml,278081
962,20,RH,94.3,136105.3,Grvl,,IR3,Low,NoSeWa,Inside,Gtl,BrDale,RRAe,Norm,TwnhsE,SLvl,5,1,1977,1962,Gambrel,Tar&Grv,WdShing,AsphShn,BrkFace,738.9,Ex,Ex,CBlock,NA,Po,NA,LwQ,3294.7,Rec,404.4,1320.2,5236.1,Grav,Po,Y,SBrkr,1229.2,1146.9,0.0,3400.9,3,1,0,0,2,1,TA,10,Min1,2,NA,CarPort,1931.0,,0,470.5,Gd,Po,Y,355.6,400.8,410.4,493.6,418.4,498.0,,,,11736.5,12,2007,Oth,AdjLand,483759
963,160,RL,185.7,178586.1,Grvl,,IR1,Lvl,NoSeWa,Corner,Sev,IDOTRR,PosN,Norm,2FmCon,2Story,10,8,2010,1977,Hip,Membran,AsbShng,BrkFace,BrkFace,33.9,Ex,Po,Stone,Gd,TA,NA,Unf,1589.2,Unf,372.9,2130.9,3716.8,Wall,Po,N,FuseA,782.1,8.8,0.0,4210.5,0,0,0,0,5,3,Ex,14,Sev,1,,Detchd,1970.0,Fin,0,715.3,NA,Fa,N,101.1,398.7,303.3,386.1,223.4,649.0,,NA,,11985.4,7,2008,New,Alloca,646917
964,180,RL,125.7,168919.4,Grvl,,IR3,Low,NoSeWa,Inside,Mod,Veenker,Artery,Norm,2FmCon,1.5Unf,3,7,1888,2007,Gambrel,WdShake,CemntBd,AsbShng,BrkFace,364.0,Fa,Gd,Wood,Fa,NA,Mn,LwQ,437.9,NA,1438.1,2262.1,4115.9,Grav,Fa,Y,FuseA,1696.2,1073.3,0.0,2449.2,0,2,2,2,6,2,TA,2,Maj2,1,,NA,1985.0,Fin,3,47.7,Gd,Fa,P,52.7,309.2,430.1,430.6,435.3,256.0,,,Gar2,4515.0,3,2007,ConLw,Normal,366594
965,180,RL,212.7,60577.6,Grvl,,IR2,HLS,NoSeWa,CulDSac,Mod,SawyerW,RRNn,Artery,TwnhsE,SLvl,9,7,1894,1969,Mansard,Tar&Grv,MetalSd,Plywood,BrkFace,761.0,TA,Fa,CBlock,Gd,TA,No,NA,818.9,Rec,1271.3,1532.8,1782.1,Floor,Gd,N,SBrkr,4193.4,817.1,0.0,686.1,0,1,0,2,7,2,Fa,9,Min1,1,,Basment,1943.0,RFn,3,914.9,Ex,NA,N,731.6,176.5,226.9,119.0,213.1,218.0,,,,11821.6,7,2010,New,Normal,325188
966,20,RL,91.2,202596.6,Grvl,,IR3,Low,NoSeWa,FR2,Mod,NWAmes,RRNe,Artery,TwnhsE,2.5Fin,6,4,1919,1982,Flat,Roll,BrkComm,Other,BrkCmn,679.0,TA,Po,PConc,Fa,NA,Gd,LwQ,3946.2,Rec,1193.6,2297.8,2794.1,Floor,Gd,Y,Mix,2608.2,612.2,0.0,1550.5,2,1,1,1,2,2,Fa,3,Min2,1,Gd,Attchd,1965.0,RFn,2,859.3,TA,Po,Y,763.9,364.8,50.7,203.8,433.4,643.0,,,,1907.4,5,2010,New,Partial,358088
967,50,C,,27903.2,Pave,,Reg,Lvl,AllPub,Inside,Gtl,Blueste,PosA,Feedr,2FmCon,2.5Unf,10,9,1891,1965,Flat,Roll,WdShing,AsbShng,None,1376.6,Fa,Fa,PConc,TA,TA,Mn,ALQ,126.9,GLQ,188.7,1333.2,2519.3,OthW,TA,N,FuseP,925.2,1592.6,0.0,5021.3,3,0,3,0,3,3,Ex,5,Mod,2,Po,BuiltIn,1977.0,NA,1,395.9,NA,Ex,P,294.0,47.7,341.4,52.1,372.9,356.0,,,TenC,1655.4,1,2006,CWD,AdjLand,604301
968,60,FV,,188530.5,Grvl,,IR3,HLS,AllPub,CulDSac,Mod,StoneBr,RRNe,Norm,1Fam,2.5Fin,3,6,1873,1978,Flat,ClyTile,BrkComm,CemntBd,BrkFace,867.4,Ex,Gd,Stone,Fa,Po,Av,GLQ,4833.8,ALQ,1113.1,1033.9,1440.1,Grav,Gd,Y,Mix,1216.5,1857.5,0.0,4710.3,2,2,3,2,3,1,Gd,5,Maj2,0,,NA,1954.0,NA,3,254.6,Ex,TA,Y,140.7,536.8,307.5,477.9,106.4,255.0,,,,9052.9,11,2010,CWD,Abnorml,405600
969,60,RM,50.7,209027.8,Pave,,IR2,Low,NoSeWa,FR2,Mod,Veenker,PosN,Artery,Twnhs,1.5Unf,7,2,1959,1972,Gambrel,ClyTile,BrkComm,BrkFace,None,1103.4,TA,TA,Stone,NA,TA,Av,GLQ,3919.2,BLQ,316.2,1288.5,5086.6,GasA,Gd,Y,Mix,1690.5,1574.9,0.0,793.3,1,0,3,1,1,2,Fa,9,Min2,1,,,1915.0,Fin,1,103.5,Po,Fa,P,838.7,100.6,526.4,145.2,446.2,607.0,,,,754.4,8,2010,Con,Partial,425650
970,40,C,168.7,39201.1,Grvl,,IR3,HLS,NoSeWa,FR3,Gtl,Somerst,PosN,PosN,1Fam,2.5Unf,4,1,1902,1973,Gambrel,Tar&Grv,Stone,HdBoard,None,750.9,TA,Fa,PConc,Fa,Fa,Av,LwQ,4335.1,GLQ,1440.7,270.3,3800.9,GasA,TA,Y,FuseA,2905.9,1748.6,0.0,1522.7,0,0,2,2,6,1,Fa,12,Min2,0,Gd,Basment,1987.0,Fin,2,832.9,Fa,Po,P,467.8,150.7,89.5,302.8,116.4,273.0,,,,14549.1,9,2010,Oth,Normal,322928
971,190,C,,155782.4,Pave,,Reg,HLS,AllPub,FR3,Sev,NAmes,RRAe,PosN,1Fam,1.5Fin,3,1,2001,1983,Hip,WdShngl,Stone,ImStucc,Stone,703.4,Ex,Ex,PConc,Ex,TA,Gd,GLQ,4718.3,BLQ,76.8,938.4,228.7,GasW,Po,Y,FuseF,1782.5,1876.6,0.0,4416.7,2,0,2,1,3,3,Ex,3,Sev,0,,CarPort,1970.0,RFn,0,806.7,Ex,Po,P,408.5,522.1,362.2,77.3,436.0,333.0,,,,5097.1,6,2009,ConLw,Partial,425720
972,70,RM,32.4,9918.9,Grvl,,IR3,Lvl,NoSeWa,FR3,Mod,Veenker,PosA,Norm,Twnhs,1Story,8,9,1949,1956,Flat,WdShake,AsphShn,Stone,BrkFace,714.1,Fa,Fa,CBlock,Fa,TA,Av,BLQ,692.6,Rec,519.1,1070.8,5009.7,OthW,TA,N,Mix,3589.7,1884.6,0.0,2913.1,1,2,2,2,3,0,TA,8,Maj2,0,Po,,1967.0,NA,3,756.2,Ex,Gd,P,635.6,102.0,261.7,407.8,295.3,367.0,,MnWw,,7394.0,2,2010,VWD,Alloca,525316
973,80,RM,31.5,88038.2,Pave,NA,IR1,HLS,NoSeWa,CulDSac,Gtl,Timber,RRNe,Feedr,1Fam,1Story,4,4,1875,1987,Hip,Metal,AsbShng,Plywood,None,657.5,Gd,Ex,Stone,Gd,Gd,Gd,GLQ,4641.9,BLQ,631.8,1982.4,647.9,GasA,Gd,Y,SBrkr,3019.8,236.7,0.0,4367.9,2,1,1,2,7,1,Gd,4,Sal,3,Po,NA,1951.0,RFn,4,1397.6,Po,Fa,Y,144.7,93.0,209.2,94.7,320.3,14.0,,,,12605.1,9,2006,ConLw,AdjLand,427753
974,90,RL,72.2,111756.2,Grvl,,IR3,Bnk,AllPub,CulDSac,Sev,NAmes,Artery,Artery,Duplex,SLvl,1,5,1999,1986,Mansard,ClyTile,Plywood,MetalSd,Stone,861.7,TA,Po,Wood,NA,NA,Mn,GLQ,2848.2,Unf,1214.9,1772.2,2466.6,OthW,Gd,N,SBrkr,4142.1,942.4,0.0,1454.5,0,0,3,0,5,3,Fa,10,Maj2,1,,BuiltIn,1936.0,NA,4,753.7,TA,Gd,Y,497.1,440.1,438.6,411.2,52.5,178.0,,MnWw,,6200.8,2,2007,VWD,Abnorml,280377
975,120,C,274.1,125526.1,Pave,,Reg,Lvl,NoSeWa,Corner,Gtl,ClearCr,RRNn,Artery,TwnhsE,SLvl,6,3,2005,2010,Hip,ClyTile,Stone,VinylSd,BrkCmn,400.7,Ex,Po,CBlock,TA,TA,Gd,ALQ,4997.9,Unf,1129.4,1404.9,3490.4,Grav,TA,N,SBrkr,2517.2,0.6,0.0,5390.9,1,0,1,0,5,0,Fa,6,Maj2,1,Ex,CarPort,1945.0,Fin,4,1023.5,Fa,,N,762.9,137.5,447.5,204.1,31.6,444.0,,,,6675.0,6,2009,Con,Family,605620
976,85,RH,103.5,201539.1,Pave,,Reg,Low,AllPub,Corner,Sev,BrkSide,RRAe,Artery,2FmCon,1.5Unf,10,4,1902,1953,Flat,CompShg,BrkComm,Wd Sdng,None,1425.7,Fa,TA,PConc,TA,Fa,Av,Unf,5003.9,Unf,552.7,811.2,46.7,GasA,Fa,Y,FuseA,1777.3,1045.8,0.0,4493.4,0,2,1,2,8,2,TA,13,Maj1,1,TA,NA,1940.0,Unf,4,160.1,Fa,TA,P,19.8,51.8,394.5,293.5,464.8,402.0,,,,5393.1,10,2007,WD,Abnorml,483127
977,190,RM,298.5,145124.7,Pave,,Reg,Bnk,AllPub,FR3,Gtl,IDOTRR,RRAn,Feedr,Twnhs,SFoyer,1,8,2009,1983,Gambrel,Tar&Grv,Stone,CemntBd,None,532.9,Ex,Ex,Slab,Gd,Fa,NA,GLQ,136.5,LwQ,833.6,436.9,3989.3,OthW,Gd,Y,FuseP,4675.8,1908.6,0.0,1382.1,0,0,0,0,3,2,TA,9,Maj2,0,NA,CarPort,1904.0,NA,4,423.9,TA,NA,N,576.7,124.0,46.1,137.0,161.7,87.0,,,,5451.7,4,2007,ConLI,Normal,292905
978,190,RM,,104267.0,Grvl,,IR1,Lvl,AllPub,Inside,Sev,Crawfor,RRNn,RRNn,1Fam,1.5Unf,5,4,1892,1991,Hip,WdShake,ImStucc,VinylSd,Stone,236.0,Ex,TA,Stone,TA,NA,Av,LwQ,2160.9,BLQ,1231.7,812.4,4030.8,Grav,Gd,Y,FuseP,1883.9,411.1,0.0,3298.2,2,1,3,2,8,1,Fa,6,Sev,1,,Attchd,1965.0,NA,4,390.6,NA,Fa,N,472.6,485.9,190.5,448.5,405.3,93.0,,,,7253.3,6,2006,ConLw,Partial,423401
979,75,FV,148.5,174525.9,Pave,,IR3,HLS,NoSeWa,FR2,Sev,Crawfor,RRAn,Artery,2FmCon,SLvl,7,9,1894,1971,Hip,CompShg,VinylSd,BrkFace,None,154.5,Gd,Fa,CBlock,NA,Po,Gd,NA,2971.0,Unf,26.8,1588.0,3986.9,Floor,TA,N,FuseP,2201.9,1321.2,0.0,934.3,3,0,0,1,0,0,Gd,2,Sev,1,TA,2Types,1904.0,Unf,4,816.7,Po,Gd,N,814.8,153.3,25.8,386.0,338.1,394.0,,GdPrv,,14661.9,4,2009,New,Abnorml,363763
980,60,RH,,204661.7,Grvl,,Reg,Low,NoSeWa,Corner,Gtl,Blmngtn,RRAe,Norm,Duplex,1.5Unf,6,9,2002,1954,Gambrel,CompShg,BrkFace,ImStucc,BrkCmn,21.5,TA,TA,Stone,Gd,NA,Gd,ALQ,3828.7,LwQ,1182.4,614.5,998.8,Wall,Gd,N,Mix,3860.2,1330.6,0.0,2252.5,1,1,2,2,8,3,Ex,10,Maj1,0,NA,Detchd,1962.0,NA,3,469.1,,NA,Y,221.7,380.2,189.7,180.0,290.0,27.0,,,,14508.3,11,2008,VWD,Abnorml,359837
981,120,RH,171.9,6020.9,Pave,,IR1,HLS,NoSeWa,FR2,Mod,Edwards,PosN,Artery,1Fam,2.5Fin,2,6,1900,1999,Gambrel,Roll,WdShing,CBlock,BrkCmn,676.6,TA,Fa,Slab,NA,Fa,No,NA,1615.2,GLQ,1395.7,997.2,1562.5,GasW,Fa,N,Mix,720.3,331.1,0.0,3835.3,1,0,2,2,0,2,Ex,11,Typ,1,Ex,NA,1902.0,Unf,4,909.0,Po,NA,N,736.1,216.1,357.7,297.4,328.9,696.0,,,,8450.0,3,2010,New,Alloca,355866
982,75,RM,242.6,211505.5,Grvl,Grvl,IR1,HLS,NoSeWa,Inside,Sev,Somerst,PosN,Artery,1Fam,1Story,4,2,1976,1991,Flat,Metal,AsbShng,Other,Stone,300.2,TA,Po,Wood,TA,Po,No,GLQ,1423.1,GLQ,47.3,903.5,1511.5,Grav,Fa,Y,FuseF,2018.3,492.6,0.0,2086.3,3,0,1,1,6,2,Ex,12,Maj1,2,TA,2Types,2005.0,Unf,4,978.5,Ex,Ex,P,264.8,143.4,286.3,65.5,42.9,74.0,,,,7067.4,12,2007,WD,Alloca,322424
983,120,RL,103.5,19727.5,Grvl,Pave,Reg,Low,AllPub,FR3,Gtl,OldTown,Artery,RRNn,1Fam,2.5Unf,2,10,1923,1972,Mansard,Metal,HdBoard,BrkFace,BrkFace,34.6,Gd,TA,BrkTil,TA,Po,No,NA,2151.9,NA,67.2,1788.4,5866.0,Floor,TA,N,FuseF,707.5,954.1,0.0,3820.1,1,0,1,1,5,0,Ex,13,Typ,3,NA,,1907.0,Fin,2,47.8,Gd,Gd,P,368.4,78.8,388.0,81.5,197.9,53.0,,,,12526.5,11,2007,Con,Normal,431597
984,50,FV,124.1,175534.0,Pave,,IR2,Low,NoSeWa,FR2,Mod,SawyerW,RRAn,Norm,Duplex,1.5Unf,1,7,1986,2003,Shed,ClyTile,Stone,Wd Sdng,None,832.0,Ex,Po,PConc,Ex,Gd,Av,BLQ,2827.3,Unf,507.8,2064.5,412.6,Wall,Ex,N,FuseF,941.1,388.7,0.0,1633.3,2,1,0,0,6,3,Fa,8,Min1,2,Po,CarPort,1925.0,RFn,3,907.2,Gd,Fa,P,182.8,531.8,304.4,271.1,291.4,320.0,,,,10554.4,8,2006,New,Family,257228
985,75,RH,282.1,61276.2,Pave,,IR3,Lvl,NoSeWa,FR3,Mod,Blmngtn,RRNn,Norm,TwnhsE,SLvl,3,9,1972,2009,Flat,Tar&Grv,VinylSd,BrkComm,None,1088.0,Fa,Fa,Slab,Gd,TA,Gd,ALQ,5368.3,NA,129.4,1633.7,2619.7,OthW,Po,N,FuseA,354.2,1208.0,0.0,4162.2,1,0,0,1,8,2,Fa,5,Min1,2,,BuiltIn,1973.0,Unf,2,165.6,Po,Fa,N,740.1,285.1,306.8,325.4,416.4,558.0,,,,13664.2,5,2006,Oth,Partial,414243
986,85,RM,297.4,29579.2,Grvl,,Reg,Lvl,NoSeWa,FR2,Gtl,OldTown,RRNn,Norm,2FmCon,2Story,3,6,1955,1964,Hip,Tar&Grv,ImStucc,VinylSd,BrkFace,137.2,Ex,Ex,BrkTil,Fa,Gd,No,Unf,4301.3,LwQ,706.5,798.0,5323.4,Wall,Fa,Y,FuseP,375.6,1000.6,0.0,2242.7,2,0,1,0,3,2,Ex,8,Min2,2,,BuiltIn,1997.0,NA,1,659.6,TA,Gd,N,167.5,62.8,282.1,283.2,343.0,233.0,,,,11324.5,1,2006,New,Alloca,374434
987,120,RH,281.6,95404.9,Grvl,NA,IR3,HLS,AllPub,Inside,Gtl,OldTown,Artery,Artery,1Fam,2Story,7,3,1932,1980,Flat,ClyTile,WdShing,BrkFace,BrkCmn,737.5,TA,Gd,CBlock,Gd,TA,NA,ALQ,2423.1,BLQ,1074.1,1011.9,4701.4,GasA,Fa,N,Mix,1991.3,1072.1,0.0,4529.9,1,0,3,2,8,1,Ex,6,Min1,0,Gd,Basment,2009.0,NA,4,1030.3,NA,Po,N,736.2,108.8,201.1,284.2,121.3,629.0,,,,14761.3,8,2009,Oth,Partial,538576
988,45,FV,143.5,139071.3,Grvl,,IR1,Lvl,AllPub,Corner,Sev,NWAmes,RRNe,Artery,1Fam,1Story,1,7,1996,2008,Flat,ClyTile,AsbShng,Plywood,None,1189.8,Gd,Fa,Slab,NA,Gd,Mn,ALQ,306.8,Unf,835.6,334.9,5025.1,Floor,Po,Y,FuseF,3860.3,277.7,0.0,1059.6,2,1,1,1,2,3,Gd,11,Maj1,1,TA,BuiltIn,1999.0,NA,0,997.3,TA,Po,P,390.5,222.8,246.5,377.1,472.8,229.0,,,,13736.8,3,2010,Oth,Family,263004
989,85,FV,248.9,82802.7,Pave,,IR3,Bnk,AllPub,CulDSac,Gtl,Mitchel,PosN,PosN,Duplex,SLvl,9,5,1942,1958,Gambrel,WdShake,WdShing,AsbShng,Stone,1577.3,Ex,Fa,BrkTil,TA,Po,Mn,GLQ,951.1,GLQ,289.5,392.7,5940.7,Floor,TA,Y,FuseA,2892.2,1068.1,0.0,2255.4,3,0,3,2,8,2,Fa,10,Sal,2,,Attchd,1952.0,Fin,4,425.1,Gd,Ex,Y,715.7,297.7,62.1,458.4,308.7,331.0,,,,13256.4,4,2009,ConLD,Normal,518336
990,75,C,160.1,12974.0,Pave,,IR2,Low,AllPub,FR3,Mod,ClearCr,Feedr,RRNn,Duplex,1.5Unf,6,1,1941,1992,Mansard,Roll,CemntBd,AsphShn,Stone,1067.5,Gd,Gd,Slab,Ex,TA,No,Unf,2573.2,BLQ,965.2,383.8,2366.2,OthW,Gd,Y,FuseF,3101.0,102.2,0.0,2796.6,1,2,0,0,0,0,TA,3,Maj1,2,Ex,Attchd,1975.0,NA,4,386.2,NA,NA,N,226.7,99.4,460.6,196.9,240.6,693.0,,MnPrv,,6069.0,9,2006,New,AdjLand,408717
991,85,RM,166.3,129551.7,Pave,,IR3,HLS,NoSeWa,Corner,Gtl,CollgCr,Artery,Norm,2FmCon,2.5Unf,4,3,2010,2007,Shed,Metal,Stucco,Stone,Stone,391.7,Fa,Gd,BrkTil,Gd,Fa,No,LwQ,4593.2,ALQ,1009.5,305.0,1892.0,GasW,TA,Y,Mix,2596.9,1820.4,0.0,2583.8,2,1,2,1,4,2,Gd,5,Maj1,1,,2Types,1983.0,Unf,2,624.2,TA,NA,Y,113.7,151.9,490.8,272.8,375.1,471.0,,,,5986.3,3,2006,New,Normal,354512
992,120,FV,80.8,194364.7,Pave,,Reg,Bnk,AllPub,FR2,Mod,SawyerW,RRNe,Norm,2FmCon,SLvl,3,5,1979,2002,Mansard,Membran,HdBoard,WdShing,None,1146.5,Fa,Po,CBlock,NA,Po,No,Rec,2148.6,Unf,1374.4,419.5,187.3,GasW,Ex,Y,FuseF,3906.7,708.8,0.0,2632.9,0,2,2,0,4,3,Fa,7,Sal,0,,CarPort,1928.0,RFn,1,267.5,TA,Ex,N,475.6,428.7,423.0,453.7,289.3,316.0,,,,11488.6,5,2007,Oth,AdjLand,306473
993,30,C,193.6,83287.0,Pave,,Reg,Bnk,AllPub,Corner,Mod,Blmngtn,Artery,PosN,1Fam,SLvl,3,7,1892,1974,Flat,Roll,Stone,VinylSd,BrkFace,956.7,TA,Fa,CBlock,Ex,NA,Mn,Unf,3039.3,ALQ,216.4,473.5,916.6,OthW,Ex,N,FuseA,4170.7,1768.3,0.0,2695.0,0,0,0,0,0,1,Fa,12,Mod,2,,Detchd,1913.0,Fin,2,1382.1,NA,Ex,Y,436.6,228.4,322.1,235.9,340.8,100.0,,,,1298.1,12,2009,VWD,Alloca,278958
994,120,C,75.4,47583.3,Pave,,Reg,Low,NoSeWa,CulDSac,Gtl,OldTown,RRNe,Artery,1Fam,2Story,2,3,2002,1974,Gambrel,Metal,MetalSd,ImStucc,None,338.9,Gd,Fa,CBlock,Ex,Po,No,Rec,5033.3,Unf,1020.5,261.3,3433.9,GasA,Po,N,FuseA,4037.2,1448.9,0.0,5582.6,0,1,0,1,0,2,TA,6,Maj1,1,,CarPort,1904.0,RFn,3,489.1,Fa,Fa,P,305.6,0.8,314.2,226.1,296.2,247.0,,,,4994.3,8,2009,ConLI,Abnorml,503119
995,120,RH,,95987.2,Pave,,IR3,Lvl,AllPub,FR3,Mod,NridgHt,RRNn,PosN,1Fam,1Story,2,6,1953,2010,Gambrel,Membran,Stone,Stone,BrkFace,1361.8,TA,TA,CBlock,Ex,Fa,NA,Rec,5157.5,LwQ,1343.4,1495.6,963.3,OthW,Ex,N,FuseF,3873.3,1582.1,0.0,1359.3,1,1,2,1,2,0,Gd,2,Maj2,1,Fa,2Types,1926.0,RFn,1,1308.8,NA,Fa,P,568.0,29.5,259.6,389.4,85.8,479.0,,,,14449.5,6,2010,ConLD,Normal,275688
996,50,RH,,11647.0,Grvl,,Reg,Bnk,AllPub,FR3,Mod,ClearCr,RRAe,PosN,1Fam,2.5Fin,10,5,1959,1998,Hip,WdShake,Wd Sdng,CBlock,BrkFace,683.8,Gd,Gd,CBlock,TA,Gd,NA,GLQ,1217.8,LwQ,739.3,2313.6,4498.8,OthW,Ex,N,Mix,1130.3,649.5,0.0,4414.1,2,0,3,0,8,2,TA,10,Min2,3,,Basment,1967.0,Fin,1,1287.9,TA,Po,N,81.5,240.3,127.7,445.7,260.8,624.0,,,,6976.6,3,2009,ConLI,Partial,635302
997,80,C,81.5,176839.2,Grvl,,IR3,HLS,NoSeWa,Corner,Sev,NWAmes,Feedr,Artery,1Fam,SFoyer,5,1,1982,1970,Gable,Membran,BrkComm,BrkFace,None,1539.2,Gd,Ex,Wood,NA,TA,NA,BLQ,246.0,BLQ,533.3,2053.8,227.5,Floor,Po,N,FuseA,2922.1,470.3,0.0,3262.9,0,2,0,1,6,0,TA,10,Sal,2,,CarPort,1928.0,,1,517.4,Fa,Gd,N,533.1,32.9,211.9,374.7,135.9,220.0,,,,4183.4,8,2010,New,Partial,363157
998,45,RH,,178091.5,Pave,,IR3,Bnk,AllPub,Inside,Mod,StoneBr,RRNe,Feedr,Duplex,2.5Unf,9,10,1881,1958,Hip,Metal,VinylSd,MetalSd,BrkCmn,1156.6,Fa,Fa,BrkTil,Ex,Gd,NA,ALQ,1723.7,ALQ,251.7,106.5,1585.5,OthW,Po,Y,FuseP,2871.1,839.9,0.0,2529.5,1,1,3,0,5,3,Gd,4,Min2,2,,Basment,1902.0,RFn,2,360.3,NA,TA,P,181.5,95.1,546.4,50.9,273.7,338.0,,MnPrv,,7385.0,5,2008,ConLI,Family,417199
999,190,FV,,127099.8,Pave,,Reg,Low,NoSeWa,FR2,Sev,NPkVill,RRAn,RRNn,TwnhsE,2Story,2,6,1883,2004,Shed,WdShngl,MetalSd,VinylSd,BrkFace,1031.3,Ex,TA,CBlock,TA,Gd,Gd,ALQ,3927.1,ALQ,1277.6,988.3,4249.2,Grav,Po,N,FuseA,2634.8,50.0,0.0,3696.8,2,1,3,2,8,1,Ex,5,Min1,3,,CarPort,1996.0,Unf,4,1093.0,Fa,Gd,Y,110.5,398.1,80.5,236.1,60.2,147.0,,,,4473.1,6,2010,ConLD,AdjLand,456446
1000,90,RL,,76844.6,Pave,,IR2,Lvl,AllPub,Corner,Sev,NWAmes,Feedr,Feedr,2FmCon,1Story,2,8,1878,1997,Hip,CompShg,CemntBd,Stone,None,1165.4,Ex,Ex,Slab,TA,TA,No,NA,5368.1,LwQ,581.1,2007.3,1561.1,GasW,Po,N,SBrkr,2429.4,1897.2,0.0,4864.5,0,1,2,2,3,3,TA,5,Typ,1,NA,Attchd,1929.0,NA,4,325.3,NA,,Y,779.5,262.8,299.6,107.7,111.3,295.0,,,,11908.0,11,2006,ConLw,Partial,397923
1001,60,FV,169.0,172409.7,Grvl,,Reg,Lvl,NoSeWa,Inside,Sev,Edwards,RRNn,Feedr,Duplex,1Story,6,1,1985,1987,Hip,WdShngl,AsbShng,Wd Sdng,,765.0,Fa,Po,Slab,TA,Gd,Av,Unf,434.8,Rec,1363.3,314.6,4452.7,GasW,Po,Y,FuseF,722.6,799.2,0.0,2810.9,0,1,3,1,3,2,Fa,11,Maj2,1,,Basment,1999.0,NA,4,739.1,Gd,Po,P,394.0,263.9,478.3,161.2,388.2,708.0,,,,13184.4,3,2008,ConLI,Alloca,509179
1002,180,C,140.5,119972.5,Grvl,,IR1,HLS,NoSeWa,FR3,Sev,NAmes,PosA,RRNn,Twnhs,SFoyer,10,2,1897,1971,Gable,ClyTile,AsbShng,BrkComm,BrkCmn,808.4,Fa,TA,CBlock,Gd,Fa,Gd,LwQ,160.8,,1249.6,1980.1,6084.7,GasA,Fa,Y,FuseP,779.2,2041.4,0.0,4924.4,1,1,2,1,2,2,Gd,9,Maj2,2,,CarPort,1908.0,NA,4,157.0,Fa,Po,N,654.2,327.2,250.1,238.1,194.5,406.0,,,,12131.2,8,2007,Oth,AdjLand,660654
1003,20,C,,178004.1,Pave,,IR1,HLS,NoSeWa,FR2,Mod,NridgHt,RRAe,Feedr,Twnhs,1.5Fin,2,4,1886,1992,Gambrel,CompShg,CBlock,Stucco,None,1361.9,Gd,Ex,Slab,,NA,Av,NA,4990.1,BLQ,555.2,1384.5,4870.2,GasW,Gd,Y,Mix,4266.1,1572.4,0.0,831.9,2,0,0,2,4,1,TA,7,Sev,2,NA,Attchd,1900.0,NA,4,547.3,Po,Po,N,76.4,431.3,334.3,112.5,323.4,580.0,,,,2310.2,4,2007,Con,Abnorml,259623
1004,80,FV,265.1,136397.5,Grvl,,IR2,HLS,AllPub,FR3,Mod,Blueste,RRNe,Artery,Twnhs,SFoyer,4,2,1904,1972,Gambrel,ClyTile,AsbShng,BrkFace,None,1089.5,Ex,Fa,CBlock,NA,TA,Av,Unf,4222.5,GLQ,845.9,2175.5,2088.6,GasA,Po,Y,FuseP,3080.4,166.3,0.0,3800.6,1,1,1,0,4,0,Fa,3,Maj2,3,Fa,,1922.0,RFn,3,110.8,Ex,Po,N,49.2,86.7,456.9,262.1,239.0,477.0,,,,5208.9,9,2007,ConLw,Normal,351128
1005,20,RH,118.0,169119.6,Pave,NA,IR1,HLS,NoSeWa,CulDSac,Gtl,BrkSide,RRAn,Feedr,2FmCon,SFoyer,6,9,1933,1998,Mansard,Membran,BrkComm,AsbShng,BrkCmn,1435.6,TA,TA,Wood,Fa,Gd,Gd,ALQ,5600.3,LwQ,40.1,2046.4,5502.6,Floor,Gd,N,FuseA,1477.2,1363.3,0.0,2102.5,0,2,1,0,6,3,Ex,5,Mod,2,Ex,NA,1966.0,NA,0,401.9,,Fa,P,424.1,94.7,302.3,326.8,163.5,23.0,,,,3316.6,5,2006,COD,AdjLand,365797
1006,50,RH,223.5,129359.6,Grvl,,IR2,HLS,NoSeWa,Inside,Sev,NWAmes,Norm,Feedr,1Fam,1Story,5,10,1918,1953,Mansard,WdShake,CBlock,CemntBd,None,1425.3,TA,Gd,Slab,Gd,TA,No,LwQ,2239.5,GLQ,388.0,1581.6,312.7,GasA,Ex,Y,FuseA,1551.2,559.3,0.0,2386.7,1,1,1,0,6,0,Fa,2,Typ,2,,2Types,1931.0,RFn,1,943.4,Po,Ex,N,270.4,66.4,403.8,444.4,237.7,185.0,,GdWo,,663.4,1,2007,COD,Family,296512
1007,45,C,246.2,89903.4,Pave,,IR3,Bnk,AllPub,CulDSac,Mod,ClearCr,PosN,Feedr,Twnhs,1.5Fin,1,8,1966,1978,Flat,WdShake,ImStucc,WdShing,BrkCmn,1562.4,Ex,Ex,Stone,Ex,Gd,Gd,Unf,2348.2,Rec,1046.9,1536.7,4429.8,GasW,Fa,N,SBrkr,2993.2,503.3,0.0,3365.0,1,0,1,1,5,2,TA,4,Mod,0,TA,CarPort,1987.0,RFn,0,1405.7,Po,Ex,N,4.2,512.4,191.7,107.4,390.6,169.0,,,,11457.2,9,2010,Con,Family,395929
1008,150,RM,212.2,206247.7,Grvl,,IR1,Bnk,NoSeWa,CulDSac,Sev,Blmngtn,Norm,Artery,Twnhs,2.5Fin,6,8,1906,1964,Shed,CompShg,VinylSd,AsbShng,BrkCmn,1120.3,Ex,Fa,PConc,TA,Fa,Mn,GLQ,972.5,GLQ,999.2,498.0,142.5,OthW,Po,N,FuseP,2107.4,529.8,0.0,2881.4,0,0,1,0,3,0,Fa,5,Maj2,3,,Basment,1905.0,Unf,3,361.3,TA,Gd,Y,157.1,315.8,404.6,157.8,135.2,543.0,,MnWw,,6639.6,8,2006,ConLI,Alloca,365358
1009,120,RH,65.3,117068.6,Pave,,IR2,Low,NoSeWa,CulDSac,Sev,IDOTRR,PosA,PosN,TwnhsE,1.5Fin,1,4,1947,1950,Flat,CompShg,CBlock,ImStucc,BrkCmn,803.7,Ex,TA,Slab,Gd,Po,NA,,653.8,Rec,520.9,272.7,1066.5,OthW,Fa,N,FuseA,2257.3,1891.7,0.0,2360.5,0,2,1,1,6,3,Ex,9,Min2,1,Ex,Detchd,1976.0,RFn,4,671.2,Po,Gd,P,187.5,50.7,22.6,206.1,202.3,437.0,,GdWo,,4287.7,5,2009,Con,AdjLand,268434
1010,190,FV,276.8,130755.9,Grvl,,Reg,Lvl,NoSeWa,Inside,Gtl,NoRidge,PosN,Norm,Duplex,SLvl,3,5,1994,2003,Flat,CompShg,CemntBd,ImStucc,Stone,266.1,Gd,Ex,Slab,Gd,NA,Gd,Unf,3266.3,GLQ,1191.9,970.4,6034.1,Grav,TA,Y,Mix,598.3,1032.5,0.0,1970.6,2,1,3,1,1,0,Fa,4,Sev,2,Ex,Basment,1948.0,RFn,3,635.3,TA,NA,N,247.2,120.7,84.4,114.1,97.2,300.0,,,,4766.7,3,2006,WD,Alloca,409168
1011,150,RH,178.4,48472.2,Grvl,,IR1,Bnk,NoSeWa,FR2,Sev,Crawfor,Feedr,RRNn,2FmCon,SFoyer,10,4,1954,1979,Mansard,CompShg,ImStucc,WdShing,None,1128.6,Fa,Po,Wood,NA,NA,Gd,NA,2056.0,LwQ,347.6,435.9,2205.0,GasA,Gd,N,Mix,938.6,1382.5,0.0,3616.0,2,2,3,1,8,2,Fa,6,Sal,1,,BuiltIn,1914.0,Unf,3,261.1,Po,Po,P,752.0,396.9,351.8,168.7,168.6,687.0,,,,2092.8,9,2006,ConLI,Family,548689
1012,150,FV,,135154.9,Pave,Pave,IR1,HLS,AllPub,FR3,Mod,BrkSide,Feedr,RRNn,2FmCon,SFoyer,5,9,1896,1978,Mansard,Tar&Grv,CemntBd,BrkComm,Stone,466.5,Fa,Po,PConc,Ex,,Mn,LwQ,453.3,Rec,679.9,239.2,5013.3,Wall,Po,Y,FuseP,2048.2,580.2,0.0,3017.6,0,2,1,2,6,3,Fa,2,Sal,2,,NA,1957.0,Unf,0,865.1,Gd,,Y,360.5,15.9,247.8,448.7,424.9,363.0,,,,12814.8,12,2009,Oth,AdjLand,387162
1013,160,C,145.2,123592.6,Pave,,IR2,Low,NoSeWa,FR2,Mod,Mitchel,RRNe,Artery,TwnhsE,1.5Fin,10,2,1928,1969,Hip,Metal,ImStucc,HdBoard,None,452.7,Gd,Gd,Stone,,NA,NA,LwQ,5006.2,BLQ,696.5,706.2,2297.9,Wall,Gd,Y,FuseP,3383.2,1079.9,0.0,2050.1,0,2,0,0,1,0,TA,14,Min2,0,,Basment,1952.0,Fin,1,1027.6,Gd,TA,P,582.3,396.9,457.2,70.4,377.1,176.0,,,Gar2,2230.8,7,2010,ConLw,AdjLand,451632
1014,40,RH,32.0,40845.3,Pave,,IR3,HLS,NoSeWa,FR2,Mod,SWISU,Norm,Norm,Twnhs,1.5Fin,5,8,1903,1982,Gambrel,Metal,CBlock,CemntBd,BrkFace,381.3,TA,TA,PConc,Fa,Gd,Av,ALQ,1119.5,LwQ,502.4,2010.1,5132.6,Floor,Gd,N,SBrkr,543.3,723.0,0.0,1421.9,3,2,0,1,1,0,Ex,5,Mod,3,Fa,,1929.0,Fin,2,208.8,Gd,Ex,P,15.8,498.6,188.8,225.4,179.3,143.0,,,,5243.9,12,2008,CWD,Abnorml,330718
1015,150,FV,58.3,14048.4,Grvl,Grvl,IR2,Lvl,NoSeWa,FR2,Mod,Crawfor,RRAe,Feedr,TwnhsE,2.5Unf,10,2,1934,1990,Mansard,WdShake,AsbShng,Stone,,1400.2,Gd,TA,Slab,Gd,Fa,Mn,GLQ,4225.0,LwQ,1407.2,40.1,5898.8,GasW,TA,N,FuseP,1792.0,663.2,0.0,4444.9,3,1,3,0,5,3,TA,3,Min1,3,,Basment,1975.0,RFn,2,1073.6,,Po,Y,697.5,30.8,423.5,158.0,63.5,522.0,,,,114.5,11,2009,Con,AdjLand,735377
1016,60,C,244.5,130599.7,Pave,Pave,IR2,HLS,AllPub,FR3,Sev,Blueste,RRAn,RRNn,1Fam,1.5Unf,6,1,1883,1993,Gable,Tar&Grv,AsbShng,MetalSd,None,1388.7,Ex,Gd,CBlock,Gd,Fa,No,Rec,1592.9,NA,1026.9,683.6,2661.1,GasW,Gd,Y,Mix,3363.1,510.0,0.0,4578.9,2,0,3,2,6,2,Ex,5,Maj1,1,,BuiltIn,1939.0,Unf,1,992.8,NA,NA,P,206.0,102.0,76.8,39.2,201.6,480.0,,,,6764.4,8,2006,New,Alloca,483124
1017,30,RM,21.0,164688.1,Pave,,IR1,Low,AllPub,FR3,Mod,CollgCr,Norm,Feedr,Twnhs,1.5Fin,10,10,1934,1985,Hip,CompShg,VinylSd,MetalSd,None,1009.6,Fa,TA,Stone,Ex,,Gd,GLQ,4588.0,NA,794.8,990.6,3417.6,Wall,Ex,N,FuseP,3785.8,844.6,0.0,1468.8,1,0,1,0,8,3,TA,6,Maj1,0,,NA,1958.0,Fin,4,279.8,Gd,Gd,N,264.8,1.3,513.4,48.8,370.4,491.0,,,Gar2,5499.4,3,2007,New,AdjLand,385642
1018,40,FV,142.6,113279.1,Pave,,IR2,Low,NoSeWa,Inside,Gtl,Gilbert,RRNn,Artery,2FmCon,1Story,8,3,1948,2009,Gable,Tar&Grv,Stucco,WdShing,BrkCmn,756.8,Fa,Po,Slab,Gd,Gd,Gd,Rec,668.2,Unf,752.5,1192.7,3841.0,Grav,Gd,N,FuseA,1163.0,1363.0,0.0,1722.8,0,1,0,2,3,2,Gd,4,Typ,1,NA,NA,1962.0,Fin,3,920.2,Po,Gd,P,38.8,59.6,231.0,398.7,21.0,485.0,,MnPrv,,11146.1,6,2009,COD,Partial,459478
1019,190,RM,173.6,49816.9,Pave,,Reg,Low,NoSeWa,Corner,Sev,SawyerW,RRNn,Artery,Duplex,1Story,5,9,1963,1971,Gable,CompShg,BrkFace,Stone,BrkFace,1075.4,Gd,Po,CBlock,TA,NA,Mn,BLQ,4267.3,ALQ,234.8,424.2,5711.8,Floor,TA,N,FuseA,3521.8,458.5,0.0,1603.4,0,2,2,1,7,0,TA,7,Sev,0,Fa,Basment,1947.0,Unf,4,558.2,Fa,Gd,N,351.1,337.5,127.5,433.0,357.8,658.0,,MnWw,,11087.4,12,2009,ConLI,Abnorml,376744
1020,50,RM,,143899.0,Grvl,,IR2,Lvl,AllPub,FR3,Mod,NoRidge,Feedr,Artery,TwnhsE,1Story,1,3,1872,1962,Gambrel,Membran,MetalSd,BrkFace,BrkFace,971.6,Fa,Gd,CBlock,Fa,Gd,Gd,GLQ,553.8,BLQ,548.6,2252.4,1568.7,GasA,TA,Y,FuseP,4497.7,1993.6,0.0,5029.3,1,1,1,1,1,3,Ex,13,Sev,2,,NA,1998.0,RFn,3,965.9,Fa,TA,Y,730.7,24.5,435.6,376.6,326.4,484.0,,,,598.8,4,2008,Oth,Alloca,385540
1021,180,RL,305.1,18438.2,Pave,,Reg,Bnk,NoSeWa,FR3,Mod,Gilbert,Norm,PosN,TwnhsE,1.5Unf,5,9,1941,1956,Gable,Metal,AsphShn,WdShing,None,665.2,Gd,Fa,Wood,TA,NA,NA,,2522.4,GLQ,991.7,1352.2,3734.7,GasA,Po,N,FuseF,4285.9,257.3,0.0,4443.1,2,2,3,2,5,2,Fa,3,Min2,2,Gd,,,RFn,2,703.5,Fa,,N,324.6,232.9,523.2,273.9,31.0,436.0,,,,1795.9,3,2006,Con,Normal,525185
1022,80,RH,87.0,95828.1,Pave,,Reg,Bnk,AllPub,Corner,Gtl,BrkSide,RRAn,Artery,2FmCon,2.5Unf,3,7,2007,1957,Gable,CompShg,WdShing,MetalSd,BrkFace,607.4,Fa,Gd,Stone,NA,,NA,Rec,4142.7,NA,1362.8,1219.7,1984.0,Floor,Ex,Y,FuseP,3774.1,991.6,0.0,729.8,3,2,3,1,3,3,Ex,6,Maj1,0,,NA,1967.0,Unf,1,68.3,Gd,Po,N,778.7,275.4,506.8,392.5,305.1,194.0,,,,14021.7,4,2007,Con,Family,288281
1023,30,FV,109.8,36251.5,Grvl,,IR2,Low,NoSeWa,FR3,Sev,NWAmes,RRAe,Feedr,Twnhs,SFoyer,4,10,2004,1977,Shed,Membran,MetalSd,MetalSd,BrkFace,612.5,Gd,Po,Slab,Gd,NA,Mn,LwQ,977.6,LwQ,1203.5,20.6,1325.5,GasW,Gd,Y,SBrkr,3438.3,175.6,0.0,4753.8,2,1,3,0,7,0,TA,5,Sal,2,,NA,1906.0,NA,0,1115.9,Gd,,Y,743.4,495.9,131.3,77.2,143.4,465.0,,,,12272.9,2,2007,VWD,AdjLand,500053
1024,85,RM,109.8,40764.1,Pave,,IR3,Bnk,AllPub,FR2,Gtl,MeadowV,RRNe,PosN,Twnhs,2.5Unf,8,1,1957,1994,Gable,Metal,CBlock,VinylSd,Stone,942.6,Ex,Gd,BrkTil,Ex,NA,Mn,,1612.3,GLQ,442.8,1134.6,518.9,Floor,TA,Y,Mix,1358.7,46.8,0.0,529.6,1,1,2,0,8,3,TA,6,Min2,3,TA,Attchd,1946.0,RFn,0,787.8,Po,Po,N,53.1,259.4,370.9,396.3,85.1,75.0,,,,6037.0,5,2008,VWD,Alloca,326601
1025,75,RL,88.3,44579.8,Pave,,Reg,Lvl,NoSeWa,FR3,Gtl,SawyerW,RRAn,Feedr,Twnhs,2.5Unf,7,10,1910,1992,Gable,CompShg,WdShing,MetalSd,BrkFace,1036.3,Gd,Po,CBlock,NA,Fa,Mn,,4880.7,LwQ,639.7,1956.8,3792.5,GasW,TA,Y,Mix,3096.6,1905.3,0.0,1678.0,0,2,0,2,1,0,TA,14,Sev,0,,NA,1942.0,Unf,1,1027.8,NA,NA,N,261.6,78.0,301.9,215.1,184.7,159.0,,MnPrv,,2578.8,8,2007,COD,Partial,399874
1026,160,C,,84034.0,Pave,,Reg,HLS,NoSeWa,Inside,Mod,Veenker,Artery,Artery,Duplex,1.5Fin,5,5,1894,1958,Hip,Membran,CemntBd,ImStucc,BrkFace,722.8,Fa,Fa,Wood,NA,Po,,NA,4995.6,BLQ,122.2,513.1,5389.5,Floor,Gd,Y,FuseP,3137.4,1673.4,0.0,5212.0,3,2,3,0,6,0,Ex,10,Maj2,0,Fa,Detchd,1915.0,RFn,2,178.8,Fa,TA,P,780.2,158.2,400.3,381.2,98.6,489.0,,,,4042.1,5,2010,VWD,AdjLand,510014
1027,30,FV,234.0,12243.3,Pave,,Reg,Lvl,AllPub,FR3,Mod,NridgHt,RRAn,PosN,Duplex,1.5Unf,2,9,1939,1974,Hip,Roll,ImStucc,BrkComm,BrkCmn,1549.9,Gd,Po,PConc,Ex,Po,Gd,Rec,253.6,LwQ,150.6,820.4,2147.0,OthW,Gd,Y,FuseF,2106.9,1433.4,0.0,4921.9,1,2,1,1,6,0,Fa,7,Min2,1,NA,Attchd,1921.0,NA,3,1022.8,NA,Po,N,25.5,367.7,268.8,115.7,395.8,99.0,,,,10199.4,2,2009,WD,Partial,457732
1028,90,RM,303.3,86405.9,Pave,,IR3,Bnk,NoSeWa,Corner,Gtl,NoRidge,RRNe,Norm,Twnhs,1Story,6,3,1875,2005,Gambrel,ClyTile,WdShing,Stucco,BrkCmn,134.2,Gd,TA,BrkTil,NA,TA,Av,Rec,948.7,NA,693.1,48.1,3376.8,Grav,Po,Y,Mix,2482.6,1786.6,0.0,4481.9,0,2,2,1,7,2,Gd,8,Min2,0,,NA,1962.0,Fin,0,586.6,TA,NA,Y,656.3,61.3,259.3,422.9,356.2,115.0,,,,14655.1,7,2009,ConLI,AdjLand,502526
1029,150,RH,86.5,110777.2,Pave,,IR2,Lvl,AllPub,FR2,Sev,Blmngtn,RRAe,Artery,Duplex,SLvl,6,9,1997,1965,Gambrel,WdShake,AsphShn,CemntBd,Stone,555.3,Fa,Ex,Wood,TA,Po,Av,NA,663.0,GLQ,781.5,2282.1,3923.4,GasA,Po,Y,FuseF,3358.6,1657.9,0.0,2762.7,2,1,0,1,4,2,Gd,12,Maj1,1,,Attchd,1945.0,NA,2,1133.4,Gd,Ex,P,776.8,126.8,487.3,288.6,470.8,379.0,,,,9543.9,8,2007,CWD,AdjLand,485455
1030,50,RL,214.6,104698.4,Pave,,IR3,HLS,NoSeWa,Corner,Sev,Gilbert,RRAe,PosN,TwnhsE,1.5Fin,10,5,1892,1959,Shed,Metal,BrkComm,MetalSd,None,670.5,Ex,Fa,PConc,NA,TA,Av,BLQ,1014.2,GLQ,389.2,155.7,2533.5,OthW,Ex,Y,Mix,4483.3,1336.5,0.0,2040.1,3,0,1,0,2,1,Fa,9,Maj1,0,,2Types,1944.0,Unf,1,849.6,,Po,P,660.3,544.7,480.9,3.7,256.4,594.0,,,,409.9,11,2007,VWD,Family,439020
1031,70,RM,237.6,83194.7,Grvl,,IR2,Lvl,NoSeWa,FR3,Sev,Blueste,RRNn,PosN,Twnhs,2.5Unf,10,9,1976,1960,Gable,Membran,CBlock,Wd Sdng,BrkCmn,27.1,Gd,Ex,Stone,Ex,Fa,Mn,Unf,5475.7,BLQ,947.5,2098.2,5519.5,Wall,Po,N,FuseA,1620.9,1749.8,0.0,5013.2,0,0,1,1,0,2,Gd,10,Maj2,3,Po,CarPort,1940.0,RFn,4,503.3,Ex,Po,N,637.4,3.0,434.8,263.8,42.8,62.0,,,,10086.1,12,2007,Con,Family,669383
1032,75,RH,268.7,180831.2,Grvl,,Reg,Bnk,AllPub,FR3,Gtl,Crawfor,RRNn,PosN,Duplex,1.5Unf,6,10,1937,1980,Flat,WdShake,Stone,BrkComm,Stone,583.9,TA,Fa,Wood,Fa,TA,No,GLQ,3113.5,,1036.8,731.1,2216.4,OthW,Po,N,SBrkr,1407.7,807.0,0.0,3821.7,0,2,2,0,3,1,Fa,6,Maj1,3,,Detchd,1924.0,RFn,2,286.3,Ex,Gd,P,722.8,83.2,389.1,157.6,176.5,131.0,,,,14643.7,4,2009,New,Normal,448352
1033,20,RM,144.4,32391.9,Pave,,IR1,HLS,AllPub,Inside,Sev,Veenker,PosA,RRNn,TwnhsE,1.5Fin,9,6,1878,1961,Gable,Tar&Grv,VinylSd,Stone,BrkFace,437.9,TA,Fa,CBlock,Gd,Po,No,Unf,2642.0,GLQ,440.9,1372.5,763.8,Floor,Fa,N,Mix,2956.7,1141.4,0.0,1902.6,0,0,2,2,2,3,Ex,9,Mod,3,,NA,,Unf,2,1157.0,Po,Po,Y,570.6,461.5,374.5,29.2,402.5,247.0,,MnWw,,5558.9,3,2007,CWD,Normal,400706
1034,60,FV,109.5,109491.3,Pave,,Reg,Bnk,AllPub,FR2,Mod,NAmes,RRNe,PosN,TwnhsE,2.5Unf,8,9,1920,2009,Gable,Roll,HdBoard,WdShing,Stone,809.7,Ex,Fa,CBlock,Ex,NA,Av,LwQ,5556.3,Rec,1117.9,1586.9,880.0,Wall,Gd,Y,FuseP,904.0,1603.1,0.0,2792.6,0,0,2,1,1,0,Ex,3,Sal,1,Gd,2Types,,RFn,4,794.4,TA,Fa,Y,362.6,55.5,31.0,227.2,190.5,394.0,,,,14470.1,8,2010,CWD,Partial,422520
1035,20,FV,116.0,14573.5,Grvl,,IR2,HLS,NoSeWa,FR3,Gtl,NoRidge,PosN,Norm,Duplex,1.5Unf,8,7,1887,1980,Shed,ClyTile,Wd Sdng,WdShing,BrkCmn,538.3,Ex,Fa,Stone,TA,TA,Av,Rec,3143.5,LwQ,303.1,329.0,5443.1,Wall,Po,N,FuseA,2872.7,175.1,0.0,5013.0,0,0,3,2,5,2,Fa,11,Maj1,1,,Attchd,1951.0,,2,1400.2,,TA,N,53.8,18.4,413.7,158.2,218.7,642.0,,,,10394.6,10,2010,VWD,Abnorml,624093
1036,30,FV,229.1,16523.4,Pave,Grvl,IR3,Low,NoSeWa,Inside,Gtl,IDOTRR,PosN,Artery,Twnhs,1.5Fin,1,7,1955,1963,Gambrel,CompShg,BrkFace,Stucco,BrkFace,1161.9,Fa,Po,CBlock,TA,Po,No,GLQ,3731.3,Rec,802.2,1036.6,6036.7,GasA,Fa,Y,FuseF,721.2,1773.1,0.0,5129.5,2,0,0,0,6,0,Gd,10,Min2,2,,Basment,1985.0,RFn,0,529.6,Po,Gd,N,675.3,66.4,352.2,103.8,197.7,410.0,,,,2942.4,2,2009,Oth,Family,520549
1037,190,RL,,124075.7,Grvl,,Reg,HLS,NoSeWa,Inside,Gtl,Edwards,RRNn,Artery,Twnhs,1Story,5,8,1958,2000,Mansard,Tar&Grv,CemntBd,BrkComm,Stone,815.9,Fa,TA,Wood,Fa,Po,Mn,Rec,1878.2,ALQ,1185.5,760.3,1765.4,OthW,Fa,Y,SBrkr,2472.0,323.9,0.0,3833.6,1,0,3,0,6,1,Gd,3,Maj2,1,,Attchd,1930.0,Fin,0,972.3,Fa,TA,Y,775.8,379.4,166.9,177.4,113.0,427.0,,,,2252.2,7,2006,VWD,AdjLand,487024
1038,180,FV,,122396.8,Grvl,Grvl,Reg,Bnk,NoSeWa,Corner,Sev,NPkVill,Norm,Artery,Duplex,2Story,7,7,1969,1993,Gambrel,CompShg,AsphShn,AsbShng,BrkCmn,207.6,Gd,Po,BrkTil,TA,NA,Mn,Rec,2156.7,NA,791.6,132.2,877.4,GasA,Po,Y,FuseF,3037.8,1785.3,0.0,4222.4,3,0,2,2,7,2,Ex,14,Min2,1,TA,Detchd,1936.0,RFn,0,883.2,Fa,Fa,Y,438.4,543.2,452.7,91.2,35.1,669.0,,,,2732.6,10,2006,ConLD,Normal,528127
1039,20,RH,129.3,189150.9,Pave,,IR2,Low,NoSeWa,FR2,Sev,NoRidge,RRNn,PosN,Duplex,SLvl,6,9,1946,1981,Hip,Metal,Wd Sdng,AsphShn,Stone,1200.1,Ex,Po,Wood,Ex,Gd,Av,NA,3354.8,ALQ,1338.3,1946.3,2946.3,Grav,TA,Y,FuseF,639.5,642.9,0.0,542.6,2,2,2,1,1,2,Ex,13,Sev,3,TA,,1921.0,Fin,2,904.1,Gd,Gd,Y,456.4,323.1,459.5,152.3,86.7,727.0,,,,10838.0,8,2006,ConLD,Abnorml,397361
1040,90,RM,284.4,120654.3,Grvl,,IR2,Low,NoSeWa,CulDSac,Mod,NAmes,RRAe,Artery,1Fam,SLvl,5,9,1905,1999,Gambrel,ClyTile,VinylSd,BrkComm,None,158.8,Gd,TA,BrkTil,TA,Po,NA,Rec,393.9,Unf,86.2,105.5,4335.2,Grav,Po,N,Mix,1235.9,674.8,0.0,3543.2,3,2,2,1,5,2,Fa,6,Maj2,0,,Detchd,1926.0,Fin,2,1045.0,NA,NA,P,345.6,68.0,514.6,58.6,174.7,325.0,,GdPrv,,9137.6,5,2010,CWD,Partial,510777
1041,50,C,256.6,206642.5,Grvl,,IR1,Bnk,AllPub,Inside,Sev,StoneBr,RRNn,Norm,TwnhsE,2.5Fin,8,6,1897,2002,Shed,ClyTile,BrkComm,AsphShn,BrkFace,1342.5,Fa,Fa,Wood,Fa,Fa,Mn,GLQ,1444.2,Unf,867.2,1526.0,3741.8,Grav,Po,Y,FuseA,1795.6,152.7,0.0,3991.2,0,2,3,1,5,2,Fa,7,Typ,1,Gd,Detchd,1901.0,RFn,2,197.3,Gd,NA,N,734.3,100.5,230.9,42.8,117.8,545.0,,,,7060.9,7,2008,Con,Family,511233
1042,85,RH,,11718.0,Pave,,Reg,Bnk,NoSeWa,CulDSac,Sev,StoneBr,RRAn,RRNn,Twnhs,1.5Unf,3,7,1937,1966,Mansard,CompShg,BrkComm,CBlock,Stone,1490.3,Gd,TA,Stone,Fa,NA,NA,ALQ,1110.8,NA,828.0,733.7,5811.3,Grav,Gd,Y,SBrkr,1940.4,1829.4,0.0,442.2,1,1,1,2,0,0,Ex,5,Min1,2,,NA,1921.0,RFn,1,779.4,Ex,NA,N,12.7,294.1,304.3,462.3,274.9,374.0,,,Othr,4082.0,12,2006,ConLI,Alloca,304891
1043,180,RH,241.2,22268.3,Pave,NA,Reg,Lvl,AllPub,Corner,Sev,NAmes,RRAe,Norm,2FmCon,2Story,6,2,1996,1984,Gable,Membran,AsbShng,CBlock,Stone,515.9,Gd,Ex,Wood,NA,Gd,Gd,LwQ,89.7,LwQ,973.4,448.8,4996.6,Wall,TA,Y,FuseA,3280.5,360.4,0.0,4813.2,0,0,2,0,1,2,Ex,9,Mod,0,Po,Basment,1952.0,NA,4,721.9,TA,Gd,Y,535.2,391.5,500.1,458.6,294.7,297.0,,,TenC,14062.1,9,2008,ConLw,Family,578260
1044,80,FV,135.8,10727.7,Pave,,Reg,Bnk,NoSeWa,Inside,Sev,MeadowV,RRNe,RRNn,TwnhsE,SLvl,5,9,1934,1950,Mansard,WdShngl,WdShing,MetalSd,BrkFace,1481.8,Gd,TA,Slab,NA,NA,Mn,LwQ,3030.3,GLQ,1228.4,1558.3,5309.4,Floor,Ex,N,FuseA,2639.5,1301.1,0.0,5261.3,2,0,3,2,8,1,Ex,11,Sev,1,,NA,1916.0,Unf,2,485.7,Ex,Fa,Y,777.7,362.6,174.9,420.6,273.6,278.0,,,,3313.0,8,2009,Oth,Family,617548
1045,60,RL,,40939.1,Pave,NA,IR1,HLS,AllPub,FR2,Mod,Crawfor,RRNn,Artery,Twnhs,1.5Unf,8,1,1958,1978,Shed,WdShngl,WdShing,CBlock,BrkCmn,1268.8,Ex,Po,CBlock,TA,TA,NA,ALQ,3166.6,BLQ,1069.9,1342.1,3309.6,Grav,Po,Y,Mix,1999.2,1329.8,0.0,1597.0,2,1,2,0,7,2,Ex,4,Sal,0,,2Types,1955.0,Fin,4,618.5,TA,Fa,N,88.5,314.4,439.7,117.0,40.8,295.0,,,,4395.9,5,2010,ConLI,Normal,414645
1046,90,RM,214.0,117102.0,Pave,,IR1,Low,AllPub,CulDSac,Mod,StoneBr,Feedr,Feedr,1Fam,2.5Fin,4,1,1912,2000,Shed,WdShngl,HdBoard,CemntBd,Stone,1475.9,TA,Fa,Wood,TA,Po,Gd,Rec,2167.0,ALQ,1164.9,736.4,1999.7,GasA,Po,Y,FuseF,2298.0,580.6,0.0,4823.5,3,0,3,1,3,1,Gd,12,Maj2,0,TA,BuiltIn,1983.0,NA,3,735.7,Po,Ex,P,822.0,539.5,547.6,368.8,320.1,526.0,,,,851.2,4,2006,New,AdjLand,462940
1047,90,RL,43.9,139416.9,Pave,,Reg,Lvl,NoSeWa,FR2,Mod,Blmngtn,RRNn,RRNn,TwnhsE,1Story,8,3,1969,2010,Gambrel,WdShake,BrkComm,VinylSd,BrkCmn,1066.0,Ex,Po,Wood,TA,Po,Gd,ALQ,1516.7,NA,425.7,1198.3,4287.6,Floor,Gd,Y,FuseA,390.6,2035.4,0.0,3866.5,0,2,0,1,5,1,Ex,14,Typ,0,,2Types,1987.0,Unf,0,455.1,Po,Gd,N,829.3,108.3,359.9,299.6,184.6,114.0,,,,4267.5,3,2010,ConLD,Normal,536906
1048,20,RM,180.0,11052.7,Pave,,IR2,Lvl,AllPub,CulDSac,Sev,MeadowV,RRNe,Norm,TwnhsE,1.5Unf,10,6,1995,1953,Flat,WdShngl,VinylSd,WdShing,None,377.0,Gd,Ex,BrkTil,TA,NA,Av,Unf,3680.2,GLQ,571.2,575.2,2682.6,OthW,Ex,Y,FuseF,3691.9,132.5,0.0,3416.3,0,2,0,0,1,0,TA,6,Maj2,0,Gd,Attchd,2008.0,RFn,1,415.7,NA,TA,N,796.8,94.6,543.0,26.0,421.5,492.0,,MnWw,,14304.9,6,2009,VWD,AdjLand,532138
1049,150,RM,,203685.7,Pave,,IR3,Lvl,NoSeWa,Corner,Sev,ClearCr,Norm,Norm,Twnhs,2.5Fin,2,5,1950,1972,Shed,CompShg,AsphShn,AsbShng,BrkFace,1431.2,Fa,Fa,PConc,NA,TA,NA,BLQ,760.0,NA,923.9,2017.6,1758.2,OthW,Fa,N,FuseA,512.7,1255.3,0.0,4809.3,1,1,3,1,4,2,Ex,3,Mod,0,,Detchd,1930.0,Unf,4,1046.9,TA,Po,N,396.4,469.9,284.7,457.0,252.3,56.0,,,NA,2907.9,4,2010,ConLI,Family,420578
1050,20,RL,69.9,181477.1,Pave,,Reg,Low,AllPub,Inside,Gtl,BrDale,Artery,Feedr,2FmCon,1.5Fin,9,2,1881,1977,Hip,Tar&Grv,AsbShng,Plywood,BrkCmn,294.8,TA,Gd,CBlock,Ex,NA,Av,BLQ,2927.1,Unf,815.8,733.1,930.4,GasA,TA,N,SBrkr,3948.2,990.3,0.0,1850.0,1,2,2,2,1,1,Ex,4,Mod,1,NA,Detchd,1942.0,Fin,0,94.9,Po,Fa,Y,328.2,159.1,84.5,507.0,40.6,141.0,,,,3161.4,11,2007,COD,Family,396884
1051,30,RH,248.9,64758.8,Pave,,Reg,Lvl,AllPub,Inside,Gtl,NWAmes,Norm,RRNn,Duplex,2Story,9,9,1886,1965,Shed,WdShake,Stucco,WdShing,BrkCmn,340.9,Gd,Po,BrkTil,Ex,Fa,Gd,GLQ,4335.0,BLQ,1416.7,572.7,3225.3,GasW,Ex,N,FuseP,2691.7,506.9,0.0,4531.9,0,1,3,0,4,2,Gd,9,Min2,0,,BuiltIn,1971.0,NA,1,443.8,TA,Ex,N,605.0,181.9,96.9,360.0,4.4,718.0,,GdWo,,9299.6,4,2006,ConLD,Normal,603405
1052,80,RM,191.5,17813.9,Pave,,Reg,Low,AllPub,Corner,Sev,NoRidge,RRNn,RRNn,2FmCon,1.5Fin,10,10,1913,1961,Mansard,ClyTile,CemntBd,Stone,BrkCmn,433.7,Gd,Po,BrkTil,Ex,Po,Mn,GLQ,927.3,LwQ,275.4,1756.3,3630.9,GasW,Po,N,FuseP,2634.2,337.7,0.0,2003.5,3,2,0,1,6,0,Gd,12,Min2,0,,NA,1952.0,NA,0,927.0,NA,Fa,N,273.1,300.1,403.7,117.6,337.2,651.0,,,,8787.8,7,2010,Oth,Partial,441757
1053,40,RL,299.0,37646.5,Grvl,,IR2,Low,AllPub,FR3,Gtl,CollgCr,Feedr,Norm,1Fam,2.5Unf,10,4,1964,2002,Shed,Metal,AsphShn,WdShing,None,486.8,Fa,TA,BrkTil,NA,Po,Mn,BLQ,4251.4,GLQ,517.8,41.1,3475.3,GasW,Fa,N,FuseP,3404.6,1522.1,0.0,4513.8,1,0,3,1,6,0,Ex,6,Min2,2,TA,NA,1904.0,Fin,2,296.0,NA,NA,N,58.6,208.6,0.5,281.6,192.2,618.0,,GdWo,,2727.4,10,2010,New,Partial,661296
1054,180,RM,33.4,28459.1,Grvl,,IR1,Lvl,AllPub,CulDSac,Mod,BrkSide,Feedr,RRNn,TwnhsE,SLvl,6,4,1888,1970,Gambrel,Roll,Stucco,WdShing,BrkFace,823.2,Gd,Fa,Slab,Ex,Fa,Mn,Unf,4293.9,Rec,844.2,626.1,712.1,GasW,Gd,Y,Mix,4080.0,1892.2,0.0,2728.2,0,2,0,1,8,2,Ex,4,Min2,2,Gd,2Types,1901.0,Unf,2,811.5,NA,TA,N,772.5,157.3,365.4,55.6,138.2,408.0,,,,2391.1,5,2010,CWD,Partial,337278
1055,20,C,98.5,27675.9,Grvl,,IR3,Low,AllPub,CulDSac,Mod,NWAmes,RRAn,Feedr,Twnhs,SFoyer,4,5,1880,1994,Gable,WdShake,ImStucc,Other,BrkCmn,1141.5,Gd,Po,Stone,Ex,Gd,NA,Unf,338.2,LwQ,1279.4,876.9,3482.6,Wall,Po,Y,Mix,4442.1,222.1,0.0,954.7,0,1,0,1,2,1,TA,6,Typ,0,,Attchd,1958.0,Fin,0,428.5,Po,Po,P,544.1,501.7,83.5,151.8,214.6,77.0,,,,1813.1,1,2009,VWD,Partial,284825
1056,50,RH,196.7,112243.7,Pave,,IR3,Lvl,AllPub,FR3,Mod,Blmngtn,Artery,RRNn,TwnhsE,SLvl,4,8,1985,1966,Gambrel,Membran,CemntBd,CBlock,BrkCmn,1481.9,TA,Ex,Slab,,Po,No,ALQ,106.0,ALQ,1369.9,2060.9,1029.0,Wall,Gd,Y,FuseF,2702.0,400.6,0.0,2359.1,0,0,1,0,3,3,Gd,10,Min1,1,Fa,Detchd,1903.0,Unf,1,1195.8,NA,Po,P,177.5,70.7,543.4,364.4,34.7,1.0,,,,13346.8,5,2006,ConLI,Partial,390629
1057,190,FV,107.6,53897.8,Pave,,IR1,Bnk,NoSeWa,Corner,Gtl,Mitchel,Feedr,RRNn,Duplex,SLvl,6,10,1907,1989,Shed,ClyTile,BrkComm,Plywood,None,141.5,Ex,Fa,Wood,Gd,NA,Av,NA,5496.9,LwQ,495.3,2220.2,4055.3,OthW,TA,N,Mix,990.6,2036.6,0.0,1573.4,2,1,2,0,8,3,Fa,4,Min1,2,,NA,1998.0,Fin,0,496.3,Fa,Fa,Y,15.8,221.1,90.0,152.9,188.2,34.0,,,,10143.7,6,2006,ConLD,AdjLand,355447
1058,70,RM,229.6,77922.2,Grvl,,Reg,HLS,NoSeWa,FR2,Mod,Blueste,PosN,Feedr,2FmCon,2Story,5,4,1907,1962,Shed,Membran,CemntBd,Stone,,1527.0,Fa,Fa,PConc,TA,Gd,No,Unf,1091.5,LwQ,98.9,1673.7,2623.5,OthW,Gd,N,FuseP,4163.1,31.0,0.0,867.6,3,0,3,1,7,0,Fa,13,Maj2,2,NA,CarPort,1933.0,Unf,3,325.5,Gd,Po,N,620.1,1.6,305.0,74.8,151.1,394.0,,,,14778.4,1,2007,ConLw,AdjLand,306242
1059,60,C,242.6,212999.7,Grvl,,Reg,Bnk,NoSeWa,FR2,Mod,BrkSide,PosN,Artery,2FmCon,2.5Fin,6,5,1919,2001,Gable,Tar&Grv,CemntBd,MetalSd,Stone,1474.1,Fa,TA,PConc,TA,Gd,No,GLQ,4640.2,BLQ,621.5,1150.6,5186.1,Wall,Ex,Y,Mix,511.2,1049.5,0.0,919.4,0,0,2,2,6,1,Gd,11,Typ,0,Fa,BuiltIn,1966.0,NA,1,751.7,Po,NA,Y,730.8,441.7,369.5,3.8,384.1,217.0,,,,2570.4,3,2007,WD,Alloca,392840
1060,120,FV,50.9,147705.6,Grvl,,IR3,HLS,NoSeWa,Corner,Mod,Somerst,Feedr,RRNn,1Fam,1.5Fin,7,4,1922,2007,Flat,Roll,Plywood,BrkComm,BrkFace,86.4,Fa,Po,Stone,Gd,NA,Gd,NA,3171.1,NA,581.3,1496.5,4755.2,Wall,Ex,N,FuseP,3852.4,1065.8,0.0,4474.6,0,2,2,2,7,3,Fa,8,Min1,1,,BuiltIn,1983.0,RFn,1,192.4,Po,NA,N,347.6,92.1,452.4,290.8,83.9,66.0,,,,7139.4,6,2010,New,Family,592713
1061,20,FV,171.0,204329.7,Grvl,,IR3,Low,AllPub,FR2,Sev,SWISU,RRAn,Norm,Twnhs,2Story,7,6,1968,1981,Hip,WdShngl,BrkComm,AsbShng,Stone,576.5,Ex,Po,Wood,Fa,Fa,Av,ALQ,1492.7,ALQ,1454.1,967.1,4426.0,OthW,TA,Y,FuseA,3299.3,543.4,0.0,5012.5,0,2,0,2,8,1,Ex,9,Maj2,3,,CarPort,1972.0,Fin,0,1130.8,Fa,Po,Y,69.3,422.8,253.5,492.1,363.0,68.0,,NA,Elev,11517.2,7,2006,ConLI,Partial,659291
1062,50,RM,,31799.3,Grvl,Grvl,Reg,Low,AllPub,Corner,Sev,BrDale,Norm,PosN,Duplex,1Story,9,3,1990,1986,Mansard,Roll,Plywood,Other,None,1301.0,Ex,Gd,Stone,Ex,Gd,Gd,GLQ,733.6,Unf,635.4,698.1,4281.5,GasA,TA,Y,FuseP,4276.8,1369.2,0.0,5255.2,1,0,0,2,3,2,Ex,6,Maj1,1,NA,Attchd,1905.0,NA,4,964.3,Ex,TA,N,555.9,81.3,515.5,245.9,240.2,223.0,,,,3310.0,7,2006,Con,Abnorml,692966
1063,180,RL,128.8,83056.8,Grvl,,IR2,Lvl,NoSeWa,CulDSac,Mod,NAmes,RRAe,Norm,Duplex,1.5Fin,8,8,1966,1999,Gambrel,Tar&Grv,Wd Sdng,Stucco,Stone,978.5,TA,Gd,BrkTil,Gd,Po,No,LwQ,2803.2,BLQ,450.6,2220.8,3424.6,Wall,TA,N,FuseP,4245.1,1951.3,0.0,4866.7,0,2,3,0,4,0,Fa,4,Sev,2,Ex,BuiltIn,1957.0,Fin,0,1092.6,Fa,,P,254.5,228.0,265.1,108.0,39.3,360.0,,,,10612.5,7,2010,ConLD,AdjLand,626740
1064,50,RM,293.4,119982.1,Pave,,Reg,Bnk,NoSeWa,CulDSac,Mod,SawyerW,RRNn,Norm,Twnhs,1Story,6,6,1941,1964,Gambrel,WdShake,Plywood,Plywood,None,1246.6,TA,Fa,PConc,Ex,TA,Gd,ALQ,2299.1,LwQ,538.6,269.6,373.4,GasA,Ex,Y,SBrkr,565.6,929.7,0.0,4740.8,2,2,3,0,8,2,TA,12,Sev,2,Gd,CarPort,1946.0,Fin,4,565.6,Po,Fa,P,123.4,398.3,139.1,235.3,465.4,457.0,,,,7344.0,9,2008,CWD,AdjLand,498561
1065,60,C,,17722.0,Grvl,,IR2,Bnk,AllPub,FR3,Sev,CollgCr,Artery,Artery,1Fam,2.5Fin,6,10,1945,1961,Mansard,WdShake,HdBoard,MetalSd,Stone,1150.5,Fa,Po,BrkTil,Gd,Gd,Gd,BLQ,3944.5,NA,585.1,809.2,4005.0,Grav,Po,Y,SBrkr,2990.0,1547.6,0.0,699.4,2,1,3,2,6,2,Fa,7,Maj1,2,TA,BuiltIn,1904.0,Unf,1,1184.0,Fa,Ex,N,437.4,148.1,327.4,305.9,352.4,293.0,,,,6677.8,2,2006,New,Alloca,383886
1066,40,FV,,2195.9,Grvl,,Reg,Low,NoSeWa,Corner,Sev,MeadowV,PosN,Artery,Duplex,1Story,5,5,1951,2010,Shed,WdShake,CemntBd,ImStucc,None,794.8,Ex,TA,Stone,TA,Fa,NA,BLQ,5103.1,NA,1211.0,2100.3,2852.9,GasA,Ex,N,SBrkr,877.3,1334.1,0.0,4528.0,3,2,0,0,3,2,TA,14,Maj1,2,,2Types,1960.0,Fin,2,699.9,Fa,NA,Y,412.9,171.7,363.2,407.1,124.8,325.0,,,,9997.5,3,2010,New,AdjLand,465580
1067,50,RM,229.6,144736.1,Pave,,IR3,Bnk,AllPub,FR2,Gtl,Edwards,PosN,Norm,1Fam,2.5Fin,1,2,1939,1998,Gable,Tar&Grv,BrkFace,BrkComm,BrkFace,65.9,TA,Po,PConc,Ex,NA,Av,Unf,4544.8,GLQ,119.4,1689.3,2869.0,GasA,Gd,Y,SBrkr,676.0,976.6,0.0,4491.7,0,0,1,2,5,1,Fa,13,Min2,2,TA,Detchd,2004.0,RFn,2,134.3,NA,Ex,N,442.9,365.0,280.1,230.0,279.2,202.0,,,,7249.3,7,2010,ConLD,Normal,404340
1068,70,RL,155.8,138614.1,Pave,,Reg,HLS,NoSeWa,Corner,Sev,Veenker,PosN,RRNn,Twnhs,1.5Unf,9,10,1948,2006,Hip,CompShg,AsphShn,Plywood,BrkFace,934.8,Gd,TA,BrkTil,NA,Po,Av,NA,1549.0,Rec,466.5,68.0,2315.8,Wall,TA,Y,FuseP,2287.6,102.9,0.0,1030.9,0,2,3,1,0,3,TA,4,Maj1,0,Gd,2Types,1955.0,RFn,0,317.7,Fa,Gd,N,706.1,102.7,404.7,87.9,432.0,592.0,,,,12710.2,6,2008,Con,Family,381283
1069,50,RM,289.9,89186.2,Grvl,,Reg,Low,AllPub,Inside,Mod,BrkSide,Norm,Norm,Twnhs,1.5Unf,9,10,1987,1964,Flat,CompShg,HdBoard,VinylSd,Stone,77.7,Ex,Gd,CBlock,TA,TA,No,GLQ,4960.7,Rec,1424.4,54.0,5676.6,Grav,Fa,Y,FuseF,759.3,1531.7,0.0,3847.9,0,0,0,1,0,2,TA,10,Maj2,0,Gd,BuiltIn,2001.0,Fin,4,1008.3,TA,TA,N,415.3,520.6,232.2,95.5,446.8,577.0,,,,14423.1,1,2007,New,AdjLand,598886
1070,50,RH,223.8,106056.9,Pave,,IR1,Lvl,NoSeWa,FR3,Sev,Sawyer,Feedr,RRNn,Twnhs,2Story,9,7,1877,1983,Mansard,Membran,Stone,WdShing,BrkFace,966.0,Gd,Ex,Wood,TA,Gd,Mn,ALQ,4703.7,BLQ,225.7,1206.6,1524.1,GasW,Ex,N,SBrkr,3506.2,750.1,0.0,2735.9,2,0,1,2,8,0,TA,3,Mod,0,TA,Basment,1934.0,RFn,0,1271.1,Fa,Fa,P,771.8,103.3,2.4,457.1,351.0,296.0,,MnPrv,Gar2,9127.3,10,2010,COD,Normal,405390
1071,50,RL,,90182.0,Grvl,,Reg,Lvl,NoSeWa,Inside,Mod,ClearCr,RRAn,Feedr,Duplex,1.5Unf,8,2,1946,1955,Hip,WdShngl,HdBoard,WdShing,Stone,1280.7,TA,Po,CBlock,TA,Fa,Gd,Rec,5244.0,NA,1094.6,1131.2,1934.4,GasA,Fa,N,Mix,4556.6,463.6,0.0,5111.3,1,1,2,0,7,1,Ex,14,Mod,2,Fa,Attchd,1994.0,Fin,3,135.0,Fa,Po,Y,721.4,410.2,146.0,120.0,349.3,260.0,,,,4659.2,7,2006,ConLD,Alloca,555005
1072,85,C,272.6,6435.8,Grvl,,Reg,Low,NoSeWa,FR3,Gtl,Edwards,PosN,Feedr,Twnhs,SLvl,10,1,1959,1966,Gambrel,Roll,WdShing,AsbShng,None,936.0,Gd,Gd,BrkTil,Ex,TA,Av,NA,2588.7,GLQ,525.3,1034.8,5884.2,Grav,Po,N,Mix,2816.2,1958.2,0.0,4025.2,1,0,0,2,0,3,Fa,4,Maj2,0,,,1912.0,Unf,0,1225.5,Po,TA,P,558.0,439.0,522.1,369.8,133.1,517.0,,GdWo,,12046.9,2,2007,VWD,Normal,607617
1073,85,FV,101.0,73051.1,Pave,,Reg,Low,AllPub,FR3,Sev,MeadowV,PosA,Artery,Duplex,2.5Unf,3,7,1874,1997,Hip,Membran,MetalSd,AsbShng,BrkCmn,1595.2,TA,Ex,Slab,Fa,TA,Mn,BLQ,4337.8,Rec,857.6,706.3,4950.0,Grav,Ex,Y,Mix,1358.9,1597.3,0.0,5381.8,0,0,3,0,1,2,Ex,8,Typ,2,TA,BuiltIn,1925.0,NA,0,1133.1,TA,Fa,N,48.7,204.8,421.3,136.6,475.1,131.0,,,,2642.6,4,2007,VWD,Family,581357
1074,40,RM,,39185.9,Pave,,IR3,Lvl,NoSeWa,FR3,Gtl,Crawfor,Artery,PosN,1Fam,2.5Fin,1,5,1923,1998,Shed,Metal,Stone,BrkFace,None,729.4,Fa,Ex,BrkTil,Gd,Po,Av,,3339.3,GLQ,146.7,2304.8,86.1,Wall,Po,N,FuseP,4008.7,1987.1,0.0,890.9,1,1,3,1,3,0,Gd,11,Sev,1,Ex,BuiltIn,1985.0,Unf,0,505.6,Ex,Fa,Y,741.3,85.5,104.6,366.0,116.9,324.0,,NA,,1472.4,7,2007,Oth,Abnorml,175165
1075,20,RL,78.0,22357.4,Pave,,Reg,HLS,NoSeWa,Inside,Mod,Veenker,RRNn,PosN,TwnhsE,SFoyer,8,1,1945,2006,Flat,Tar&Grv,BrkFace,VinylSd,BrkCmn,1198.1,Fa,Gd,PConc,Gd,Po,No,ALQ,1752.5,Unf,451.7,635.4,5536.3,Grav,Po,Y,FuseA,4051.8,529.1,0.0,549.5,3,0,1,0,0,2,Gd,9,Sal,3,,CarPort,1995.0,Unf,0,977.4,TA,TA,Y,776.1,90.7,36.8,39.8,42.9,67.0,,,,8040.3,4,2010,VWD,AdjLand,441647
1076,50,RH,121.8,205985.6,Grvl,,IR2,Bnk,AllPub,FR3,Mod,OldTown,RRNe,Artery,1Fam,2.5Unf,7,4,1996,1969,Hip,CompShg,CBlock,AsphShn,BrkFace,1067.5,Fa,Gd,Stone,NA,Gd,Gd,,5612.6,Unf,738.3,1144.7,1384.8,Floor,Ex,N,FuseA,3527.5,1725.9,0.0,5501.8,2,1,1,2,1,3,Gd,6,Mod,1,NA,2Types,1963.0,Fin,4,265.1,TA,NA,P,321.4,539.0,193.6,105.4,469.1,125.0,,MnPrv,,10024.4,6,2006,CWD,Abnorml,525720
1077,160,RL,119.0,129530.0,Grvl,,IR2,Low,AllPub,Corner,Mod,Edwards,Feedr,Feedr,Duplex,SLvl,5,4,1936,1958,Shed,WdShngl,Plywood,ImStucc,BrkFace,1586.3,Ex,Gd,BrkTil,Fa,Gd,,GLQ,216.2,BLQ,341.5,945.8,4313.2,GasW,Ex,Y,SBrkr,3014.7,1254.9,0.0,759.7,0,0,0,1,4,3,Ex,6,Maj2,3,Ex,,1978.0,NA,4,1153.4,TA,TA,N,450.9,396.8,461.6,207.6,73.4,392.0,,,,12942.5,11,2008,COD,Partial,339203
1078,80,RH,306.7,157192.4,Pave,,Reg,Low,NoSeWa,Corner,Mod,BrDale,RRNn,Artery,2FmCon,SLvl,10,10,1923,2008,Gambrel,Metal,MetalSd,BrkComm,Stone,1141.2,Ex,TA,PConc,TA,TA,No,Unf,915.9,ALQ,798.7,397.7,3379.3,Wall,Po,N,Mix,4115.8,2026.8,0.0,2383.9,1,2,1,1,7,2,Gd,6,Sev,0,TA,CarPort,1910.0,Unf,4,932.1,Po,TA,N,240.8,246.2,58.5,261.8,250.4,401.0,,,,14805.8,9,2009,CWD,Alloca,441417
1079,160,C,271.1,68770.5,Grvl,,IR3,HLS,AllPub,Inside,Gtl,BrkSide,Feedr,Feedr,2FmCon,1.5Fin,7,7,1947,1954,Flat,WdShngl,BrkFace,VinylSd,Stone,262.4,Fa,Fa,PConc,Gd,Fa,No,Unf,5037.5,GLQ,323.9,473.3,3279.9,Floor,TA,N,SBrkr,1045.6,1954.1,0.0,3784.0,0,1,0,0,5,2,Gd,5,Sal,3,,Detchd,1961.0,NA,3,622.3,NA,Gd,Y,12.6,140.8,299.9,179.3,224.8,682.0,,,,13536.7,5,2009,ConLw,Alloca,536430
1080,20,FV,225.7,85411.9,Grvl,,IR2,Lvl,AllPub,CulDSac,Sev,Crawfor,RRAe,RRNn,TwnhsE,2Story,10,9,1960,1972,Flat,ClyTile,CemntBd,CemntBd,BrkCmn,1528.8,Ex,Fa,CBlock,Ex,TA,No,Rec,341.8,GLQ,958.2,2145.2,4386.5,GasA,Ex,Y,FuseP,4393.9,2009.2,0.0,5005.3,0,1,1,1,5,1,TA,10,Maj2,1,,Attchd,,RFn,3,1225.9,Gd,Po,P,410.9,10.3,151.8,291.3,407.1,335.0,,,,15324.8,3,2007,VWD,AdjLand,668414
1081,40,C,233.3,51988.7,Pave,,Reg,Low,AllPub,CulDSac,Sev,Timber,Feedr,Feedr,Twnhs,2.5Fin,4,2,1943,1982,Flat,WdShngl,BrkFace,BrkComm,None,1068.4,TA,Fa,BrkTil,TA,Fa,Mn,NA,5005.2,ALQ,1333.0,2004.9,1265.9,Wall,Po,N,Mix,4461.9,1965.4,0.0,1685.3,2,0,2,1,3,3,Fa,7,Sev,1,,BuiltIn,1946.0,Fin,0,197.4,Po,TA,P,110.9,366.7,400.9,165.3,190.4,28.0,,,,7373.3,6,2009,ConLw,Family,307130
1082,150,RM,185.1,22045.3,Pave,,Reg,HLS,NoSeWa,Inside,Mod,SawyerW,Norm,Feedr,1Fam,1.5Fin,9,1,1939,1987,Gambrel,Membran,Stucco,BrkComm,BrkCmn,94.9,Gd,TA,Wood,TA,Po,No,BLQ,4036.7,,126.0,465.0,971.6,GasA,Gd,N,SBrkr,4134.1,15.8,0.0,488.2,2,1,3,0,1,3,TA,14,Typ,3,Ex,2Types,1969.0,RFn,4,1199.3,Po,Gd,N,157.1,523.4,0.2,344.6,241.0,687.0,,GdWo,,4906.3,4,2009,Con,AdjLand,359040
1083,150,RL,297.6,39602.9,Grvl,,IR2,Low,AllPub,FR3,Mod,Edwards,Artery,Feedr,1Fam,SFoyer,10,2,2009,2005,Gable,Membran,AsbShng,HdBoard,BrkCmn,1052.1,TA,Gd,Slab,Fa,Fa,NA,ALQ,207.0,LwQ,319.3,2045.5,3983.2,Wall,Fa,N,FuseF,1426.4,1530.3,0.0,3101.0,1,0,3,1,2,2,Fa,13,Min1,1,Po,,2009.0,Unf,3,33.9,Ex,Ex,P,412.0,58.4,153.0,259.7,21.0,616.0,,,,7125.4,9,2010,Con,Alloca,587002
1084,45,RH,165.9,171924.1,Grvl,,IR3,HLS,NoSeWa,FR3,Gtl,Blueste,RRAn,PosN,Duplex,2Story,2,7,1986,1963,Gambrel,ClyTile,AsbShng,AsbShng,None,1413.0,Fa,Fa,Slab,Fa,Fa,Gd,,2423.1,NA,1244.7,488.7,1775.4,Grav,Gd,N,FuseP,4073.9,561.5,0.0,2834.7,2,1,2,2,5,0,Gd,14,Mod,0,Po,,1974.0,Fin,2,1068.0,NA,NA,Y,743.1,412.7,374.9,358.2,99.8,44.0,,,,9984.0,2,2008,ConLI,AdjLand,406439
1085,160,RH,132.1,146257.5,Pave,,IR3,HLS,AllPub,FR3,Gtl,Mitchel,Feedr,Feedr,TwnhsE,2.5Unf,9,10,1928,1966,Gable,Metal,Plywood,Wd Sdng,Stone,923.3,Gd,TA,Stone,Gd,Po,Av,NA,4258.2,LwQ,930.9,1463.6,5950.8,GasW,Ex,Y,FuseP,2502.7,1455.9,0.0,1963.0,3,1,3,0,5,2,TA,9,Maj2,1,,BuiltIn,1957.0,RFn,0,813.0,Ex,Gd,N,723.9,83.8,301.8,218.9,399.8,100.0,,,,7862.5,10,2009,New,Normal,530285
1086,20,RL,68.6,118312.7,Pave,,IR2,Lvl,NoSeWa,Inside,Mod,Mitchel,RRAe,Norm,Twnhs,2.5Unf,9,6,1937,2006,Shed,Roll,ImStucc,CBlock,BrkFace,566.4,TA,TA,Stone,Gd,NA,Mn,Rec,3291.0,BLQ,116.0,189.9,2758.7,Wall,Ex,Y,FuseP,2926.7,2025.0,0.0,4972.7,0,2,3,0,4,2,Gd,9,Maj2,3,,Attchd,1909.0,NA,1,988.0,Ex,NA,Y,827.1,433.3,429.9,445.3,229.6,225.0,,GdWo,,9828.9,5,2008,Con,Family,619648
1087,20,RL,250.6,102943.1,Pave,,Reg,Bnk,AllPub,FR3,Mod,Crawfor,Norm,RRNn,TwnhsE,2.5Unf,5,4,1961,1968,Gable,WdShake,AsbShng,WdShing,BrkFace,1313.5,Gd,Gd,CBlock,TA,TA,No,Unf,5282.1,LwQ,716.9,2056.5,681.9,Floor,Ex,Y,FuseF,3997.3,81.3,0.0,4311.4,2,0,3,0,5,3,TA,6,Mod,0,,CarPort,1915.0,RFn,4,584.7,Gd,Po,P,413.7,202.7,87.0,194.1,110.8,418.0,,,,13744.2,9,2009,ConLD,Family,447543
1088,75,RM,235.5,198650.2,Pave,,IR3,Lvl,AllPub,Corner,Sev,SawyerW,Norm,PosN,2FmCon,SLvl,1,1,1921,1982,Gambrel,CompShg,MetalSd,AsbShng,Stone,1252.0,Ex,Ex,BrkTil,NA,Gd,Av,Unf,4897.0,BLQ,309.2,120.3,4190.3,OthW,Ex,Y,FuseA,462.9,1170.8,0.0,4888.9,1,2,3,0,5,1,Fa,13,Typ,3,Ex,CarPort,1911.0,NA,0,1225.8,TA,Ex,N,473.1,389.5,293.1,156.5,177.1,615.0,,MnWw,,2570.1,10,2007,ConLI,Normal,448352
1089,190,C,133.2,16861.3,Pave,Pave,IR1,HLS,NoSeWa,FR3,Sev,OldTown,RRNe,Norm,TwnhsE,1Story,7,1,1885,1950,Shed,Roll,Wd Sdng,HdBoard,BrkCmn,870.7,Gd,TA,Stone,TA,Fa,No,NA,1877.5,ALQ,293.5,1296.3,1870.6,Grav,Gd,Y,FuseA,1915.7,1517.7,0.0,1192.9,1,1,2,2,0,2,Ex,10,Mod,2,Gd,NA,1970.0,Unf,0,444.0,Gd,TA,Y,704.6,506.7,108.1,283.0,136.8,261.0,,NA,,1864.1,7,2007,WD,Family,322942
1090,30,RH,,61333.1,Grvl,,Reg,Bnk,NoSeWa,Inside,Sev,OldTown,RRNn,PosN,Twnhs,1.5Unf,10,5,1887,1962,Hip,CompShg,HdBoard,BrkFace,Stone,247.0,Gd,Po,BrkTil,Ex,Gd,Gd,LwQ,477.6,NA,1386.5,1821.4,907.9,Wall,TA,Y,FuseF,3888.8,523.2,0.0,4009.3,1,0,0,0,5,0,Ex,3,Sal,2,,Attchd,2002.0,NA,1,389.9,TA,TA,N,599.6,339.2,352.8,258.7,267.0,676.0,,,,7727.0,5,2008,New,Normal,487239
1091,120,RM,266.0,76167.5,Pave,,IR3,Bnk,NoSeWa,FR3,Mod,Timber,RRAe,PosN,Twnhs,SLvl,10,1,1913,1995,Gambrel,Metal,CBlock,BrkFace,BrkCmn,401.6,Fa,TA,Wood,NA,Gd,NA,LwQ,5329.4,GLQ,1122.5,272.9,2583.5,Grav,Po,N,FuseA,3881.2,464.9,0.0,5509.8,3,2,3,2,4,0,Ex,9,Typ,0,NA,,1990.0,Unf,2,427.9,Gd,TA,N,156.7,503.6,72.5,263.2,24.7,291.0,,,,15217.4,8,2008,New,Alloca,644166
1092,180,C,,168696.1,Grvl,,Reg,Lvl,NoSeWa,Corner,Gtl,MeadowV,RRNe,Norm,1Fam,SLvl,4,7,1981,1976,Flat,ClyTile,BrkFace,Stone,BrkFace,1181.6,Ex,Ex,Slab,Gd,TA,NA,Rec,2919.6,Rec,1026.2,944.9,5891.4,OthW,Po,N,FuseF,4032.6,124.6,0.0,3582.0,2,1,2,0,7,2,Gd,4,Mod,0,NA,Attchd,1987.0,RFn,3,1098.0,NA,TA,Y,341.2,128.6,82.1,404.4,108.0,211.0,,NA,,915.2,2,2008,VWD,Alloca,536388
1093,75,RM,226.5,213643.5,Grvl,,IR1,Lvl,NoSeWa,Inside,Gtl,NoRidge,PosA,Artery,1Fam,2Story,9,1,1893,1955,Hip,CompShg,CBlock,BrkFace,,1289.7,TA,Ex,PConc,NA,NA,Mn,ALQ,419.9,,352.2,98.0,2513.8,Floor,Po,Y,SBrkr,1071.4,193.9,0.0,1243.6,2,2,3,0,8,0,Gd,8,Sev,1,,CarPort,1949.0,Unf,3,702.3,Po,Ex,N,796.3,535.0,181.2,299.0,170.4,655.0,,,,15291.6,4,2008,New,Family,386290
1094,70,RH,304.3,52790.3,Grvl,,IR2,Low,NoSeWa,CulDSac,Gtl,Blmngtn,Artery,Artery,Twnhs,SLvl,6,1,1939,2008,Mansard,Tar&Grv,Stucco,MetalSd,BrkFace,446.8,Fa,Po,Slab,NA,NA,Av,LwQ,4608.8,BLQ,174.8,1594.9,2122.2,Grav,Fa,N,FuseF,3410.3,1356.2,0.0,5619.6,3,1,2,1,5,0,Gd,14,Sev,3,TA,Attchd,1914.0,Fin,1,761.6,Po,,N,125.2,477.4,221.9,449.7,445.5,455.0,,MnWw,,14999.5,6,2006,ConLD,Abnorml,590590
1095,85,RL,148.8,188353.7,Grvl,,IR1,Bnk,NoSeWa,Inside,Mod,Blueste,PosA,Feedr,1Fam,SFoyer,3,2,1890,1955,Shed,Tar&Grv,AsphShn,BrkComm,BrkFace,588.8,Gd,Fa,CBlock,Gd,NA,Av,NA,4901.9,,1283.6,718.2,2715.9,Grav,Ex,N,FuseA,972.5,1043.3,0.0,3138.3,2,1,2,1,3,2,TA,10,Sal,2,Gd,CarPort,1958.0,,1,1179.3,TA,NA,N,179.4,58.8,275.2,314.5,299.2,235.0,,,,4535.3,7,2007,ConLw,Partial,418177
1096,85,RL,89.6,179007.6,Pave,,Reg,HLS,NoSeWa,FR2,Mod,Gilbert,Feedr,Norm,1Fam,2.5Fin,6,10,1937,1982,Mansard,Tar&Grv,MetalSd,MetalSd,BrkCmn,124.2,TA,TA,BrkTil,Ex,NA,NA,NA,3608.9,NA,8.7,1306.7,74.0,Wall,Gd,N,FuseF,3755.5,62.1,0.0,4793.0,2,0,0,2,2,0,Gd,12,Sev,1,Fa,NA,,RFn,3,1181.7,TA,NA,Y,343.4,226.2,320.6,11.0,242.0,533.0,,,,13810.6,11,2009,COD,AdjLand,511889
1097,30,C,226.8,49364.3,Grvl,,IR2,Low,AllPub,CulDSac,Gtl,NWAmes,RRNn,Feedr,1Fam,2.5Fin,10,3,1944,1979,Mansard,Metal,Stone,Other,BrkFace,1141.5,Gd,Gd,PConc,Ex,Po,Gd,ALQ,2525.7,Unf,572.1,2178.9,813.3,Grav,Gd,Y,FuseF,1402.3,2002.4,0.0,1126.8,2,0,1,1,0,0,Fa,6,Maj2,2,,,1961.0,Fin,2,229.3,TA,,Y,805.5,507.1,258.8,442.2,91.6,68.0,,,,120.3,8,2006,New,Alloca,359218
1098,60,FV,259.6,86735.2,Grvl,,IR1,Low,NoSeWa,CulDSac,Gtl,Sawyer,PosN,Artery,Twnhs,1.5Unf,6,1,1925,1995,Flat,Membran,BrkComm,CBlock,Stone,5.7,Gd,Gd,PConc,Fa,Gd,Mn,GLQ,3737.3,GLQ,409.2,714.5,5191.5,Floor,Gd,Y,Mix,3549.4,1354.7,0.0,3869.6,3,0,0,0,6,2,Gd,12,Min2,1,,Attchd,,RFn,2,779.6,Fa,Gd,N,97.5,42.7,25.2,426.6,267.8,580.0,,,,7037.9,4,2008,CWD,Abnorml,510039
1099,60,C,,88947.5,Pave,,IR3,Low,NoSeWa,Inside,Gtl,CollgCr,PosN,Norm,1Fam,SLvl,5,9,1983,1984,Shed,WdShngl,Stucco,VinylSd,BrkCmn,74.5,TA,Po,CBlock,Fa,Gd,No,BLQ,3988.5,NA,840.7,113.6,5975.8,Wall,TA,N,FuseF,2316.9,1064.4,0.0,5178.2,3,1,0,2,4,3,Ex,9,Sev,1,,Detchd,1971.0,NA,0,178.7,Ex,Fa,Y,576.7,248.2,189.6,24.8,445.9,245.0,,GdWo,,6232.9,9,2009,New,Partial,600197
1100,40,FV,303.4,210585.4,Grvl,,IR1,Low,NoSeWa,FR2,Mod,NoRidge,Norm,Norm,2FmCon,1Story,2,10,1889,1972,Shed,WdShngl,HdBoard,ImStucc,None,7.0,Gd,Ex,PConc,Ex,Po,Mn,NA,5040.3,ALQ,369.2,1578.3,965.0,GasW,Ex,Y,FuseA,4632.1,563.2,0.0,3158.0,1,2,3,1,3,1,Gd,5,Min1,2,,Basment,2010.0,RFn,1,1231.6,Fa,Gd,N,113.2,395.8,33.9,63.6,271.8,574.0,,,,13991.2,7,2007,VWD,Normal,309640
1101,90,RM,36.1,40000.9,Pave,,Reg,Lvl,AllPub,CulDSac,Sev,NridgHt,RRNe,Norm,Twnhs,2Story,10,8,1988,1959,Flat,WdShake,ImStucc,Stone,BrkFace,1032.5,Gd,Fa,BrkTil,Ex,TA,NA,GLQ,5394.9,NA,458.7,1838.1,3272.0,OthW,Po,N,FuseP,2861.2,1359.0,0.0,1866.2,3,0,2,0,8,1,Fa,2,Sev,1,Fa,BuiltIn,1961.0,RFn,1,1186.9,Fa,,P,449.5,18.3,65.2,282.6,79.1,236.0,,,,7320.6,2,2008,COD,AdjLand,515662
1102,30,RM,,172275.9,Pave,,IR3,Bnk,NoSeWa,FR3,Sev,MeadowV,PosN,Feedr,TwnhsE,2.5Unf,10,5,1956,2000,Gable,WdShake,HdBoard,VinylSd,BrkCmn,667.8,TA,TA,Slab,Fa,Fa,No,NA,2902.8,NA,1253.0,2237.6,5904.3,Floor,Po,N,SBrkr,3090.8,752.0,0.0,1010.4,3,0,1,1,6,3,TA,2,Mod,2,,NA,1999.0,RFn,1,1204.4,Po,NA,P,459.8,411.8,51.2,21.8,478.6,330.0,,,,6478.1,9,2010,VWD,Alloca,492653
1103,120,RH,230.8,72798.9,Pave,,IR1,Low,AllPub,FR2,Mod,MeadowV,Norm,PosN,Duplex,SFoyer,2,2,2010,1968,Shed,ClyTile,BrkFace,HdBoard,BrkCmn,476.1,TA,TA,BrkTil,Fa,NA,Mn,NA,4506.7,GLQ,889.1,368.6,956.7,Floor,Ex,Y,FuseF,1938.5,1450.7,0.0,1904.9,1,0,2,1,7,2,Fa,7,Maj2,0,Gd,Basment,1949.0,NA,3,999.5,NA,,P,36.5,197.6,87.3,208.9,239.5,362.0,,,,9913.7,7,2008,COD,Abnorml,327337
1104,20,FV,272.9,157666.1,Grvl,,Reg,Bnk,AllPub,FR2,Sev,BrDale,Artery,PosN,Duplex,2.5Unf,7,5,1910,2000,Flat,Tar&Grv,CBlock,Wd Sdng,BrkCmn,1460.3,Fa,TA,Stone,Ex,NA,Gd,LwQ,5443.7,Unf,214.7,916.0,1138.4,GasA,Po,N,FuseA,3535.0,1409.5,0.0,2217.7,3,0,3,1,3,3,Fa,9,Min1,3,,CarPort,1976.0,Unf,3,662.0,Po,Gd,Y,817.7,136.4,448.7,495.5,153.4,530.0,,,,5824.9,5,2009,VWD,Normal,383173
1105,60,RH,73.3,91159.3,Grvl,,IR2,HLS,AllPub,Inside,Gtl,Crawfor,Norm,PosN,2FmCon,2Story,2,6,1976,1977,Shed,ClyTile,WdShing,HdBoard,None,308.5,TA,Gd,PConc,Gd,Po,Av,LwQ,853.6,BLQ,1070.8,1971.9,5662.8,OthW,Po,Y,FuseA,2490.7,191.5,0.0,4102.4,2,1,2,1,7,1,Ex,11,Mod,1,,BuiltIn,1953.0,Fin,3,573.9,TA,NA,N,691.3,315.1,346.4,87.8,241.6,464.0,,,,8316.7,3,2007,Oth,Partial,484767
1106,120,RL,,125037.2,Grvl,,IR1,Bnk,AllPub,Inside,Sev,StoneBr,Norm,Norm,Twnhs,2.5Fin,6,1,1939,1972,Gable,Tar&Grv,VinylSd,Other,None,623.0,Fa,Fa,PConc,Ex,NA,No,ALQ,103.1,GLQ,305.8,1884.9,4311.8,Grav,Ex,Y,Mix,412.7,1877.6,0.0,1282.1,0,2,3,0,3,1,Ex,3,Sal,2,,2Types,,,2,560.4,Po,NA,Y,259.5,297.7,279.7,104.7,126.6,228.0,,,,14811.3,9,2008,New,Family,378261
1107,50,FV,182.4,179433.1,Grvl,,IR2,Lvl,AllPub,Inside,Gtl,ClearCr,Norm,Artery,TwnhsE,1Story,5,4,1896,1953,Mansard,Metal,Stone,BrkComm,BrkFace,1504.5,TA,Po,BrkTil,Gd,Po,Mn,LwQ,4904.4,BLQ,638.2,1459.5,928.5,Floor,Gd,N,FuseA,2986.2,1005.6,0.0,897.2,1,1,0,1,0,1,Fa,12,Mod,2,,Attchd,1996.0,Unf,3,93.9,TA,Gd,P,111.9,478.0,404.2,343.6,14.6,508.0,,,,3140.6,7,2007,WD,Abnorml,161737
1108,160,C,136.8,173347.2,Grvl,,IR3,Bnk,AllPub,FR2,Mod,SWISU,Feedr,Feedr,Twnhs,1.5Fin,4,9,1994,1969,Gambrel,Tar&Grv,ImStucc,AsphShn,Stone,683.4,Fa,Gd,Wood,Gd,Fa,Gd,ALQ,1102.1,Rec,953.1,629.2,2404.2,Wall,Fa,N,FuseP,3953.1,811.4,0.0,2387.9,0,1,0,2,7,1,TA,5,Sev,3,,CarPort,1995.0,NA,0,1345.5,NA,Ex,P,296.2,369.8,530.6,22.3,427.0,381.0,,,,7113.1,3,2006,COD,Partial,383742
1109,160,RL,59.5,186666.9,Pave,Pave,IR2,HLS,AllPub,Corner,Mod,IDOTRR,Norm,Feedr,TwnhsE,2.5Fin,7,2,1992,1968,Gambrel,Tar&Grv,WdShing,CBlock,None,887.5,Fa,Ex,CBlock,Gd,Gd,Mn,Rec,239.8,GLQ,400.8,663.5,343.8,GasA,Ex,Y,FuseA,1366.0,1973.0,0.0,2768.5,0,1,3,2,0,2,Gd,4,Sev,3,Fa,BuiltIn,1927.0,Unf,3,638.5,NA,Po,N,766.4,230.8,230.6,416.9,205.9,126.0,,,,238.3,5,2010,ConLw,Family,474713
1110,90,RL,273.7,14054.8,Pave,,Reg,HLS,AllPub,Inside,Gtl,Crawfor,PosA,Artery,TwnhsE,SFoyer,8,5,1932,1991,Shed,Tar&Grv,Stone,AsphShn,None,128.5,Gd,Fa,Wood,Fa,NA,No,LwQ,903.6,ALQ,566.2,289.7,2643.6,GasA,Po,Y,FuseP,1297.4,904.9,0.0,3669.5,1,0,0,1,2,1,Ex,14,Min2,3,Gd,BuiltIn,2003.0,Unf,2,1318.9,Fa,Po,N,113.7,355.6,202.8,101.1,361.4,657.0,,,Gar2,13054.7,3,2006,ConLD,Alloca,477063
1111,80,C,66.9,149360.8,Grvl,,IR3,Low,NoSeWa,Corner,Gtl,OldTown,RRAn,PosN,Twnhs,2.5Fin,4,1,1971,1976,Flat,CompShg,CBlock,WdShing,BrkCmn,1264.3,Ex,Ex,BrkTil,TA,TA,Gd,Rec,2167.9,Rec,1082.1,2153.5,4753.0,Floor,Po,N,SBrkr,2987.5,1489.3,0.0,4089.6,0,2,2,2,6,1,Fa,10,Sal,1,,2Types,1950.0,NA,1,1246.8,Ex,Fa,N,299.4,410.3,539.7,270.0,466.2,113.0,,,,1426.3,3,2010,COD,Family,533665
1112,20,RL,111.5,31249.6,Grvl,,IR1,HLS,AllPub,CulDSac,Sev,Sawyer,Norm,RRNn,1Fam,1Story,1,4,1922,2006,Shed,WdShngl,AsbShng,BrkComm,BrkCmn,676.4,TA,TA,Slab,Ex,Po,Av,Rec,1237.5,ALQ,1382.5,404.0,3384.8,Grav,Fa,Y,FuseF,3898.8,1352.9,0.0,5054.3,0,1,1,1,2,2,Ex,4,Maj1,2,,CarPort,1973.0,NA,0,1175.0,Po,Gd,Y,423.6,512.7,425.8,126.4,303.6,242.0,,,Shed,1468.8,12,2006,COD,Abnorml,459053
1113,190,FV,,90262.3,Grvl,,IR2,Low,AllPub,FR3,Gtl,BrkSide,Norm,Artery,Duplex,2.5Unf,1,4,1969,1983,Mansard,Roll,Wd Sdng,VinylSd,Stone,1280.8,TA,Gd,CBlock,NA,Fa,Gd,Unf,1722.9,ALQ,780.1,1338.3,3955.9,Floor,Fa,N,SBrkr,1421.8,341.0,0.0,1867.8,1,1,1,0,7,3,Gd,12,Sev,1,Ex,Basment,1932.0,Unf,2,834.2,Fa,TA,Y,28.2,385.2,429.0,334.7,332.0,144.0,,,,13684.0,7,2007,ConLw,AdjLand,300724
1114,180,RH,275.5,118667.7,Grvl,,IR3,Lvl,NoSeWa,FR3,Mod,SWISU,RRAe,PosN,1Fam,1.5Fin,1,6,2008,1953,Shed,CompShg,MetalSd,Plywood,BrkFace,406.1,Gd,Fa,PConc,NA,TA,Mn,BLQ,5504.6,BLQ,14.7,1365.0,1996.9,GasA,Fa,N,FuseF,4396.8,2046.7,0.0,3139.9,1,1,2,0,4,2,TA,9,Maj1,1,,CarPort,1900.0,RFn,4,144.0,NA,Po,N,229.7,297.5,331.2,298.3,452.8,552.0,,MnWw,,6344.1,9,2007,ConLw,Normal,372576
1115,180,RL,217.4,87464.1,Pave,,IR3,Lvl,NoSeWa,Corner,Mod,MeadowV,RRAe,Norm,Duplex,2.5Fin,1,10,1873,2005,Mansard,Membran,AsphShn,Plywood,BrkCmn,676.0,Ex,Gd,Wood,Ex,Gd,Mn,Unf,3975.7,ALQ,498.9,863.4,986.1,Wall,Ex,Y,SBrkr,4375.6,957.3,0.0,2276.9,2,0,1,2,2,1,Gd,8,Min1,0,Ex,Basment,1984.0,NA,1,459.3,TA,NA,Y,510.5,204.0,279.9,480.8,247.9,672.0,,,,10653.1,5,2006,ConLI,Abnorml,207388
1116,70,FV,253.6,112468.3,Grvl,,IR1,Lvl,NoSeWa,FR2,Sev,SWISU,Norm,Artery,1Fam,2.5Unf,5,9,1876,1987,Gable,Tar&Grv,Plywood,CemntBd,BrkFace,1258.5,Ex,Fa,Wood,Gd,TA,Mn,ALQ,4019.6,Unf,587.6,823.5,80.1,Grav,Gd,N,FuseP,1207.9,815.2,0.0,341.5,1,0,2,2,4,0,TA,2,Sal,3,Fa,Basment,,NA,3,855.9,,TA,Y,277.6,487.6,303.9,226.4,153.6,438.0,,,,13296.6,12,2009,WD,Alloca,212306
1117,180,RM,94.1,214501.8,Grvl,,IR1,Bnk,NoSeWa,FR3,Gtl,BrkSide,RRNe,PosN,Twnhs,1Story,4,3,1957,1956,Gable,Roll,MetalSd,Other,Stone,1558.2,TA,TA,PConc,Fa,Po,Mn,Rec,534.4,LwQ,499.9,1561.8,5018.2,Floor,Fa,Y,FuseF,1483.6,1899.0,0.0,3409.6,3,1,3,1,4,2,Gd,9,Sal,0,Gd,Attchd,,Unf,2,19.1,NA,Fa,P,746.0,433.5,360.0,444.4,442.3,337.0,,GdWo,,5804.4,11,2006,ConLD,Alloca,495732
1118,50,FV,203.5,30229.1,Grvl,,IR1,HLS,NoSeWa,Corner,Gtl,NoRidge,PosN,Feedr,Twnhs,2.5Fin,9,9,2004,1997,Mansard,Tar&Grv,Plywood,AsphShn,Stone,95.4,TA,Fa,CBlock,Fa,NA,Mn,BLQ,4132.0,ALQ,643.1,907.1,3890.0,OthW,TA,N,FuseF,3387.2,1092.9,0.0,4664.2,0,0,1,1,7,2,Ex,10,Min1,0,Gd,2Types,,NA,4,60.5,Ex,TA,P,802.8,42.2,208.0,292.5,33.1,407.0,,,,4054.0,4,2008,CWD,Partial,550336
1119,50,RH,187.9,145810.4,Grvl,,IR1,HLS,NoSeWa,Inside,Sev,NAmes,RRAn,RRNn,TwnhsE,1.5Fin,3,6,1939,2010,Shed,ClyTile,Stucco,CBlock,None,1299.9,Fa,TA,CBlock,Gd,Gd,NA,LwQ,4172.9,GLQ,932.6,595.9,1401.2,Grav,Gd,N,SBrkr,4481.7,1456.0,0.0,527.4,1,2,3,1,8,3,Gd,9,Min2,1,,BuiltIn,1984.0,,2,960.9,Po,Gd,N,378.4,382.6,431.8,464.5,103.0,588.0,,MnPrv,,2627.5,4,2009,CWD,Partial,200371
1120,160,FV,,86022.4,Grvl,,IR2,HLS,NoSeWa,Corner,Mod,StoneBr,Norm,RRNn,2FmCon,1.5Fin,7,7,1880,1956,Flat,CompShg,HdBoard,BrkComm,BrkFace,481.1,Ex,Gd,CBlock,Ex,Po,Gd,LwQ,3723.6,Unf,178.5,932.4,2556.6,Grav,Fa,N,Mix,3427.7,1747.5,0.0,352.5,2,0,3,0,5,1,Fa,11,Sev,1,Gd,Basment,,NA,3,1259.5,TA,Gd,N,455.9,294.7,501.9,148.2,163.8,167.0,,,,9410.4,3,2007,Oth,AdjLand,361226
1121,30,C,285.6,29756.8,Pave,,IR3,Low,NoSeWa,CulDSac,Gtl,SWISU,RRAn,RRNn,Twnhs,2.5Fin,8,10,1964,1999,Flat,CompShg,AsbShng,Other,BrkCmn,881.2,Ex,Gd,PConc,,Fa,Gd,Rec,1289.3,BLQ,401.9,1886.7,4896.8,GasA,Po,N,Mix,2272.9,486.3,0.0,4197.3,1,1,2,1,2,0,Gd,11,Sev,2,TA,Basment,1983.0,RFn,2,1212.6,Fa,Ex,N,540.6,56.7,315.3,279.3,375.4,621.0,,,,3910.2,8,2006,WD,Alloca,644726
1122,90,RH,24.5,35260.9,Pave,,IR1,Low,NoSeWa,Corner,Sev,CollgCr,Norm,PosN,Duplex,2Story,6,2,2009,2001,Mansard,Metal,HdBoard,BrkComm,BrkCmn,464.1,Fa,Gd,PConc,Fa,TA,Gd,Unf,2387.6,BLQ,748.3,2257.7,3291.5,Floor,Ex,N,SBrkr,1070.5,349.9,0.0,3963.9,0,2,1,0,1,2,Fa,2,Typ,0,,Basment,1944.0,Fin,4,238.4,NA,Gd,P,569.5,309.0,210.6,198.1,433.9,706.0,,,,9831.5,10,2009,ConLD,Alloca,531134
1123,40,RM,217.8,204392.2,Pave,,IR3,Lvl,AllPub,Inside,Sev,IDOTRR,PosN,PosN,TwnhsE,1.5Unf,10,10,1996,1975,Shed,Metal,CBlock,HdBoard,BrkFace,981.5,Fa,TA,Wood,Gd,TA,Gd,LwQ,4776.4,Unf,465.2,1485.6,1834.0,GasW,Po,Y,FuseA,2343.1,141.5,0.0,2488.3,1,0,0,2,2,2,Fa,12,Min1,3,Fa,Detchd,1972.0,Fin,2,1292.1,Fa,Po,Y,54.2,105.3,384.0,33.5,216.9,166.0,,GdPrv,,4915.7,12,2008,COD,Alloca,584534
1124,70,C,36.1,189486.3,Grvl,Grvl,IR3,HLS,NoSeWa,Corner,Sev,Sawyer,RRAn,Norm,Duplex,SLvl,1,6,1932,1975,Shed,ClyTile,VinylSd,Plywood,BrkCmn,566.1,TA,Ex,Wood,Fa,Gd,No,ALQ,3782.6,LwQ,1460.9,1827.0,1632.5,GasA,Po,N,SBrkr,2978.3,1852.6,0.0,3845.8,0,1,0,0,8,2,Ex,14,Maj1,0,Ex,Attchd,1979.0,Fin,0,987.4,Ex,Gd,Y,46.0,387.4,100.6,291.7,137.3,532.0,,,,5390.5,1,2010,Oth,Normal,361397
1125,60,FV,181.3,195357.1,Grvl,,Reg,Bnk,AllPub,Inside,Sev,CollgCr,Norm,RRNn,1Fam,2.5Fin,8,6,1922,2003,Gambrel,ClyTile,Plywood,Other,BrkCmn,533.8,Ex,Ex,PConc,Gd,Gd,Mn,NA,4135.7,BLQ,635.9,1244.7,1329.6,Floor,Ex,N,FuseP,1776.3,413.8,0.0,5394.6,1,2,0,2,6,0,Fa,12,Min2,2,Ex,Basment,1991.0,NA,0,1015.8,Ex,Gd,P,741.8,152.3,534.7,403.5,169.5,164.0,,,,3861.3,3,2007,ConLD,Normal,563818
1126,190,RH,105.0,213433.5,Pave,,Reg,Bnk,NoSeWa,Inside,Gtl,NoRidge,RRAe,Feedr,2FmCon,SLvl,10,2,1881,1968,Gambrel,Tar&Grv,VinylSd,AsbShng,BrkCmn,60.7,Gd,Fa,PConc,Fa,Fa,NA,,3315.1,BLQ,1282.1,1459.6,5033.0,Floor,Gd,Y,FuseP,2557.7,635.5,0.0,1649.7,2,2,0,0,8,2,Ex,8,Typ,0,,CarPort,,Unf,3,431.1,Fa,TA,N,188.4,82.2,363.2,282.6,315.1,641.0,,,,6486.3,2,2009,Oth,Alloca,402517
1127,120,RM,110.6,45868.0,Pave,,IR1,Lvl,NoSeWa,CulDSac,Sev,Sawyer,RRNn,RRNn,Twnhs,1Story,3,2,2005,1958,Gable,CompShg,BrkFace,CBlock,,235.1,Fa,Gd,PConc,NA,Fa,No,GLQ,2537.5,Rec,1321.5,2308.2,3555.2,GasW,Po,Y,FuseA,901.5,590.2,0.0,1639.4,3,2,2,0,5,2,TA,14,Maj2,0,,Detchd,2009.0,Fin,4,1015.3,Gd,Fa,N,500.6,44.8,37.3,141.9,75.8,261.0,,,,2513.0,12,2009,WD,Normal,369206
1128,30,C,,77344.5,Grvl,,IR1,Low,AllPub,CulDSac,Gtl,Crawfor,Feedr,Artery,1Fam,1.5Fin,8,2,1933,2010,Shed,Membran,CemntBd,BrkFace,Stone,1467.3,Ex,Ex,BrkTil,Fa,Gd,Gd,LwQ,4284.1,Rec,1232.3,1024.1,4333.0,Grav,Gd,N,Mix,2304.6,629.0,0.0,1322.5,2,0,3,1,7,0,TA,10,Min2,0,,NA,1960.0,NA,4,1006.5,Fa,Gd,N,535.3,268.5,292.4,134.0,262.8,563.0,,,,4955.5,11,2009,ConLw,Alloca,420408
1129,60,RM,202.4,144476.1,Grvl,,Reg,Low,AllPub,FR3,Mod,Edwards,Artery,Artery,TwnhsE,SLvl,4,10,1984,1969,Mansard,Metal,Wd Sdng,WdShing,Stone,1597.2,Ex,Po,BrkTil,Ex,Po,Gd,Rec,383.4,NA,69.1,154.8,5255.3,Grav,Ex,Y,FuseP,729.6,1379.5,0.0,4176.9,1,2,1,2,8,2,Gd,6,Maj1,2,,2Types,1935.0,NA,4,843.2,TA,,N,140.9,109.2,414.2,120.8,282.5,260.0,,GdWo,,12057.1,11,2006,New,Partial,527327
1130,30,FV,118.5,104807.1,Pave,,IR3,Low,NoSeWa,Inside,Sev,Gilbert,RRNe,Feedr,Duplex,1Story,8,1,2004,1991,Gambrel,ClyTile,WdShing,Stucco,BrkCmn,1248.8,Ex,Gd,BrkTil,TA,Po,,BLQ,3799.3,Rec,1397.0,2235.6,6029.7,Floor,Fa,N,FuseP,547.9,1970.2,0.0,2208.7,0,0,2,0,2,0,Gd,3,Maj2,0,Po,BuiltIn,2002.0,Fin,4,506.6,Po,Fa,Y,652.7,467.8,153.4,497.7,339.8,174.0,,GdWo,,3342.1,12,2007,CWD,Partial,459506
1131,30,RM,234.9,90812.3,Pave,NA,IR1,Lvl,AllPub,Inside,Sev,Blueste,Artery,PosN,2FmCon,1Story,1,5,1993,1994,Flat,Roll,Stone,Plywood,BrkFace,458.9,Ex,Po,CBlock,Gd,Gd,Gd,ALQ,5628.2,LwQ,189.8,1852.6,1524.3,OthW,Po,Y,FuseF,4069.9,680.3,0.0,5582.0,2,1,0,0,6,3,Ex,9,Min2,1,Gd,Basment,1923.0,Fin,4,1150.0,Gd,Gd,N,742.1,1.6,28.1,202.8,289.9,95.0,,MnWw,,14680.3,7,2007,Oth,Normal,424161
1132,30,RL,139.1,77851.9,Pave,,IR2,Lvl,AllPub,Inside,Mod,NAmes,RRNn,RRNn,Twnhs,SFoyer,3,8,1994,1999,Hip,WdShake,BrkComm,BrkFace,BrkCmn,643.9,Fa,Ex,PConc,TA,TA,Gd,ALQ,4403.4,Unf,50.7,930.5,1105.3,GasA,Po,Y,FuseF,1227.7,841.8,0.0,4127.4,3,0,1,2,8,0,Ex,10,Sev,0,Po,Attchd,1979.0,Unf,1,1329.4,Fa,Fa,P,244.6,461.5,270.0,161.0,46.5,356.0,,,,7640.3,6,2006,WD,Partial,427107
1133,160,C,,128336.4,Pave,,IR1,HLS,AllPub,FR3,Sev,NPkVill,Feedr,Artery,Duplex,2Story,6,2,1934,1965,Hip,CompShg,VinylSd,AsphShn,BrkFace,1183.2,Gd,TA,Wood,NA,NA,Gd,BLQ,1639.9,NA,610.8,2294.9,2822.8,OthW,Ex,N,FuseA,2840.5,1592.4,0.0,2284.0,3,0,2,0,1,3,Gd,8,Sal,1,Ex,Basment,1913.0,Fin,2,1233.5,Po,Po,N,752.3,285.0,460.2,212.6,330.6,369.0,,,,1657.3,1,2006,New,Family,426052
1134,180,RM,249.9,124445.3,Grvl,,IR1,HLS,NoSeWa,FR2,Gtl,StoneBr,RRNn,Feedr,Twnhs,2Story,9,5,1982,2003,Shed,WdShngl,WdShing,HdBoard,BrkFace,1549.6,Gd,Po,Wood,NA,Fa,Gd,ALQ,1568.0,BLQ,286.9,807.2,214.3,Wall,Ex,Y,FuseP,983.3,892.8,0.0,1125.9,0,1,3,2,6,0,Gd,13,Sev,0,Ex,Attchd,1997.0,Unf,4,344.5,NA,TA,Y,69.4,504.4,138.8,58.8,10.4,551.0,,,,14617.4,3,2006,Oth,Partial,353473
1135,90,FV,104.4,35843.1,Pave,,IR2,HLS,AllPub,CulDSac,Mod,BrkSide,RRAn,Norm,Twnhs,2.5Fin,2,8,1960,1966,Mansard,Roll,ImStucc,Other,None,728.8,Fa,Po,BrkTil,TA,Po,No,Unf,3765.8,NA,271.5,869.3,4837.4,Grav,Fa,Y,SBrkr,1478.1,1912.3,0.0,3476.5,1,0,0,2,4,1,Gd,14,Mod,1,Fa,Detchd,1987.0,RFn,0,632.0,Ex,TA,N,686.0,111.9,395.8,99.6,187.3,720.0,,,,7078.5,11,2008,New,AdjLand,411487
1136,40,FV,,102226.4,Pave,,IR1,Bnk,AllPub,CulDSac,Mod,SWISU,RRAe,Artery,Duplex,2.5Unf,1,10,1922,1971,Gable,WdShake,BrkFace,Other,None,1327.2,Ex,Gd,CBlock,NA,NA,No,Rec,5056.2,NA,424.2,1424.3,5399.8,Floor,Ex,N,Mix,1908.7,1039.1,0.0,1899.3,2,0,1,2,7,2,Fa,6,Sev,0,,Attchd,2010.0,Fin,2,485.5,NA,Ex,N,548.6,55.9,225.1,258.5,200.2,141.0,,,,8633.0,4,2009,ConLI,AdjLand,289895
1137,180,RM,,119712.5,Grvl,,IR3,Bnk,AllPub,Inside,Gtl,ClearCr,RRNe,Artery,Twnhs,1.5Unf,10,5,2003,1962,Hip,WdShake,MetalSd,Plywood,None,1560.1,Fa,Fa,Slab,NA,TA,No,Rec,3261.9,BLQ,366.1,640.9,4191.7,Floor,TA,Y,FuseA,960.1,718.1,0.0,5140.4,2,1,1,0,3,3,TA,9,Maj1,3,,CarPort,1974.0,Unf,3,1003.2,Fa,Po,Y,499.7,341.9,32.9,405.8,56.0,166.0,,,,2870.5,10,2008,VWD,Alloca,672174
1138,30,FV,,123310.0,Pave,,IR2,HLS,NoSeWa,FR3,Gtl,Mitchel,PosA,RRNn,TwnhsE,1.5Fin,3,2,1975,1961,Flat,ClyTile,HdBoard,ImStucc,BrkFace,1397.6,Fa,TA,Stone,Gd,Fa,Gd,BLQ,2976.7,BLQ,1009.4,1631.9,1637.4,OthW,TA,Y,SBrkr,534.3,2006.3,0.0,2677.0,0,2,0,0,0,2,Gd,7,Typ,1,Ex,2Types,2008.0,RFn,3,1179.1,Gd,NA,P,197.2,386.6,167.8,445.2,4.7,702.0,,,,5166.3,11,2007,COD,Abnorml,372496
1139,45,RH,37.5,46251.4,Grvl,,IR2,Bnk,NoSeWa,Inside,Mod,Mitchel,RRAe,PosN,2FmCon,SLvl,4,3,1994,1959,Flat,Roll,AsphShn,CBlock,BrkFace,363.4,Ex,Gd,Slab,Gd,Po,Av,Rec,905.2,ALQ,275.3,357.1,752.5,Wall,Ex,Y,SBrkr,4156.7,879.2,0.0,1887.4,2,1,3,1,7,2,Fa,13,Sev,3,TA,Attchd,1999.0,Fin,4,306.0,TA,Gd,Y,310.1,203.8,173.3,439.9,34.2,318.0,,,,10906.4,7,2006,Con,Abnorml,317348
1140,80,RH,130.2,160105.3,Pave,,Reg,Bnk,AllPub,CulDSac,Sev,OldTown,RRAn,Artery,1Fam,2.5Fin,5,6,1919,1950,Flat,Membran,AsphShn,Wd Sdng,BrkFace,12.9,Fa,Gd,Slab,Gd,Po,No,GLQ,4038.0,NA,800.6,252.3,2334.9,GasW,Fa,Y,FuseA,385.6,477.4,0.0,3458.0,0,2,0,2,5,0,Ex,5,Min2,1,Gd,CarPort,1900.0,RFn,1,1343.2,Po,NA,Y,780.1,7.5,499.4,479.9,214.2,630.0,,,,1921.5,3,2009,COD,AdjLand,395113
1141,60,RH,296.8,6691.2,Pave,,IR3,Low,AllPub,FR3,Gtl,NWAmes,PosN,Artery,2FmCon,1.5Fin,3,5,1903,1981,Hip,CompShg,BrkComm,CBlock,BrkFace,787.3,Fa,Ex,Stone,Ex,TA,Mn,Rec,3963.8,BLQ,1454.0,1249.5,5091.7,GasA,TA,N,FuseA,601.2,367.0,0.0,1061.1,0,0,3,0,7,1,Gd,2,Sal,0,,BuiltIn,1946.0,Fin,1,960.5,NA,NA,N,399.1,222.6,541.9,63.9,115.4,657.0,,MnPrv,,8842.1,4,2010,CWD,Family,382123
1142,20,RL,,77214.5,Grvl,,Reg,Low,AllPub,Corner,Gtl,StoneBr,Norm,RRNn,1Fam,SLvl,10,4,1991,1979,Gambrel,Roll,AsphShn,WdShing,BrkFace,850.2,Ex,Fa,Wood,Ex,TA,Mn,ALQ,5457.5,BLQ,637.3,1297.6,2125.2,Wall,Po,Y,FuseP,3842.5,2055.0,0.0,3314.7,1,1,1,0,2,0,Ex,7,Maj1,2,Fa,Detchd,1975.0,Fin,2,309.8,Po,Gd,Y,509.4,127.9,115.8,20.8,33.1,334.0,,,,10749.6,11,2009,ConLD,Alloca,541273
1143,75,RM,217.1,168222.6,Pave,,IR3,Lvl,NoSeWa,CulDSac,Gtl,Blmngtn,RRNn,PosN,TwnhsE,SLvl,2,4,1970,1957,Flat,ClyTile,BrkComm,AsbShng,Stone,322.0,Gd,Fa,CBlock,Ex,Po,Av,BLQ,1694.3,Unf,946.1,249.1,209.3,GasA,Fa,N,Mix,1563.0,1554.9,0.0,631.8,0,2,0,2,7,2,Ex,9,Maj1,0,,Attchd,1920.0,NA,1,526.2,Fa,Ex,N,802.0,190.1,237.6,53.7,123.1,473.0,,,,28.5,7,2010,Con,AdjLand,182140
1144,180,RL,,121942.1,Grvl,,IR1,Low,AllPub,Corner,Mod,Blmngtn,RRAe,Norm,2FmCon,SLvl,2,5,1945,1970,Gable,Membran,BrkComm,WdShing,BrkCmn,455.5,Fa,TA,Stone,Ex,Po,NA,Unf,4269.4,GLQ,1428.9,2252.3,1675.9,Grav,Ex,Y,FuseP,3484.1,843.9,0.0,3555.4,2,0,3,2,7,0,TA,4,Sev,2,,Basment,1972.0,RFn,3,148.3,TA,Po,Y,399.8,277.2,539.1,305.2,253.8,640.0,,,,12982.4,4,2009,ConLD,Partial,353506
1145,120,FV,79.1,57174.4,Grvl,,Reg,HLS,AllPub,FR2,Sev,Gilbert,RRNe,Norm,TwnhsE,2.5Unf,7,2,1905,1971,Mansard,Roll,CemntBd,ImStucc,None,1224.2,TA,TA,CBlock,TA,NA,Mn,GLQ,2449.9,GLQ,202.9,1339.2,6048.6,Floor,TA,Y,SBrkr,971.3,1706.4,0.0,3148.1,0,0,3,2,0,3,Ex,13,Sal,3,Fa,NA,1938.0,NA,4,846.6,TA,Fa,Y,332.7,384.2,224.8,282.5,356.2,144.0,,,,873.2,9,2006,Oth,Alloca,560135
1146,160,RL,143.2,149981.7,Pave,,IR1,Low,AllPub,Corner,Gtl,MeadowV,PosA,Norm,Duplex,SLvl,9,9,1941,1967,Mansard,Tar&Grv,WdShing,AsbShng,BrkFace,752.6,Ex,Fa,Slab,Gd,TA,NA,Rec,3152.0,BLQ,617.0,352.8,4134.4,GasW,Fa,N,FuseP,1368.1,1129.2,0.0,3098.2,2,0,2,1,3,1,Fa,8,Sev,2,Ex,2Types,1902.0,RFn,0,239.9,Ex,Fa,N,765.5,526.9,192.7,341.0,197.8,53.0,,,Gar2,3827.3,12,2010,Oth,Family,525178
1147,70,FV,240.3,122690.5,Grvl,,IR1,Bnk,AllPub,FR3,Mod,CollgCr,RRNe,Norm,1Fam,SLvl,10,2,1981,1951,Mansard,WdShngl,BrkComm,Plywood,Stone,507.8,TA,Po,Stone,,TA,Mn,GLQ,4608.1,ALQ,1253.2,727.5,5504.2,Grav,Po,N,FuseP,2830.2,655.4,0.0,3965.5,0,2,3,1,6,2,TA,14,Typ,2,TA,NA,1915.0,Unf,3,982.8,Fa,NA,Y,780.6,78.8,60.7,188.5,294.3,121.0,,,,14934.9,6,2010,ConLI,Alloca,639010
1148,85,FV,50.6,171652.3,Grvl,,Reg,Bnk,AllPub,Corner,Mod,NWAmes,RRNe,PosN,Duplex,SFoyer,2,10,1887,1997,Gambrel,Metal,Stucco,Other,None,996.2,Fa,Po,Slab,Fa,NA,Av,LwQ,1252.9,ALQ,1374.2,1869.3,4734.4,Wall,Ex,Y,Mix,4642.5,1535.1,0.0,570.0,1,2,0,1,0,0,Gd,13,Maj1,2,,BuiltIn,1967.0,Fin,3,1045.4,NA,TA,Y,303.9,371.9,415.8,198.9,286.4,123.0,,,,1256.1,2,2007,ConLD,Abnorml,290333
1149,40,C,102.1,158555.0,Grvl,,Reg,HLS,AllPub,FR2,Sev,StoneBr,PosN,Norm,Duplex,SFoyer,7,2,1930,1993,Mansard,Membran,WdShing,AsphShn,BrkCmn,1044.4,Gd,Gd,Stone,Ex,TA,No,LwQ,1935.2,LwQ,886.2,1222.3,3297.6,GasW,Gd,N,FuseF,654.1,1540.3,0.0,2774.3,1,2,0,2,2,3,Fa,8,Typ,2,Ex,Attchd,1925.0,RFn,2,679.7,Po,,N,507.3,127.6,246.7,277.2,430.2,166.0,,,,12802.1,11,2009,ConLI,Abnorml,401722
1150,20,RH,101.7,131829.5,Pave,,IR1,HLS,NoSeWa,CulDSac,Mod,Mitchel,PosA,RRNn,2FmCon,SLvl,7,10,1890,1958,Mansard,Metal,AsbShng,AsbShng,Stone,1231.0,Fa,Fa,Stone,NA,Gd,NA,GLQ,4364.6,LwQ,211.4,439.5,908.5,Wall,TA,Y,Mix,2079.6,1032.8,0.0,2691.0,0,0,3,0,2,1,Ex,10,Maj1,3,,Attchd,2009.0,Unf,1,133.0,Ex,,Y,825.9,120.7,352.5,40.2,86.1,654.0,,,,10106.0,1,2008,ConLD,Abnorml,400477
1151,50,FV,147.1,105743.2,Grvl,,IR1,Low,NoSeWa,FR2,Mod,OldTown,RRAn,RRNn,Twnhs,2.5Unf,7,9,1966,1952,Hip,ClyTile,MetalSd,Stucco,BrkFace,250.7,Ex,Gd,PConc,Gd,Fa,NA,LwQ,3219.7,Unf,1328.8,240.3,2130.2,GasA,Po,N,FuseP,521.7,93.3,0.0,2774.5,0,2,0,2,5,0,Gd,2,Min2,2,TA,BuiltIn,,NA,0,866.2,Po,NA,Y,47.5,346.6,281.4,406.3,228.7,21.0,,,,9274.9,8,2008,WD,Normal,401560
1152,150,C,307.3,29793.6,Pave,NA,IR3,Low,NoSeWa,FR3,Gtl,Mitchel,Feedr,RRNn,Twnhs,1Story,3,3,1984,2003,Gambrel,Tar&Grv,VinylSd,ImStucc,Stone,1186.4,Gd,Po,BrkTil,TA,Gd,Av,LwQ,521.6,BLQ,257.1,1006.3,3566.7,Grav,Fa,N,FuseF,1202.2,159.1,0.0,5535.3,0,1,1,0,4,0,Gd,6,Typ,0,Fa,BuiltIn,1912.0,Fin,0,527.8,NA,NA,N,34.1,424.5,96.3,468.8,303.3,275.0,,,,9016.1,11,2007,Oth,Partial,539784
1153,45,RH,40.7,57210.9,Grvl,,IR1,Low,AllPub,Corner,Gtl,Mitchel,RRAn,Norm,TwnhsE,1Story,7,10,1912,1975,Gambrel,WdShngl,MetalSd,AsbShng,Stone,959.1,Fa,TA,BrkTil,NA,TA,NA,LwQ,2428.0,Rec,520.1,788.2,5319.6,GasA,TA,Y,SBrkr,4288.8,1628.8,0.0,1073.3,1,2,1,1,6,2,Ex,9,Sev,1,NA,Attchd,1960.0,Fin,1,1346.6,,Po,Y,442.7,534.8,97.4,196.8,249.5,407.0,,,,2580.1,3,2007,ConLI,Partial,450293
1154,85,FV,172.5,90964.2,Grvl,,IR2,Lvl,NoSeWa,Corner,Gtl,Mitchel,PosA,RRNn,2FmCon,2.5Fin,1,7,1952,1970,Hip,Membran,Wd Sdng,Plywood,BrkCmn,92.1,Ex,Fa,Slab,Fa,NA,Mn,Unf,3311.0,ALQ,553.5,1532.2,1641.6,GasW,TA,Y,Mix,754.4,1700.5,0.0,3998.8,3,2,0,1,2,3,Fa,14,Typ,1,NA,Basment,1919.0,NA,4,727.7,NA,NA,P,249.6,420.6,518.7,375.7,216.2,481.0,,,,10366.7,7,2007,Oth,Partial,319813
1155,75,FV,73.4,129517.1,Grvl,,IR1,Lvl,NoSeWa,FR3,Mod,NridgHt,Feedr,RRNn,Duplex,2Story,10,4,1974,1979,Gable,ClyTile,AsbShng,AsbShng,Stone,1243.9,TA,Ex,Slab,NA,Po,No,NA,5133.3,Rec,659.3,2161.4,740.7,OthW,Ex,N,FuseA,4068.2,1400.7,0.0,2467.8,0,0,3,1,0,1,Fa,14,Maj1,0,TA,Basment,1982.0,NA,1,102.5,Fa,Po,Y,498.6,86.1,491.0,278.8,467.3,298.0,,,,14750.3,4,2006,CWD,Partial,494246
1156,20,RL,304.4,111205.2,Grvl,,IR1,HLS,AllPub,Inside,Sev,NWAmes,Feedr,Feedr,TwnhsE,SLvl,1,6,1925,1977,Mansard,WdShngl,ImStucc,ImStucc,None,612.9,Fa,Gd,Slab,,TA,,NA,1063.8,LwQ,1164.7,578.7,3414.5,GasA,Po,Y,SBrkr,1108.9,1732.7,0.0,3050.2,3,1,1,0,2,0,Gd,4,Maj2,3,,Basment,1926.0,RFn,4,901.9,NA,Ex,Y,620.7,123.3,337.1,119.9,452.2,276.0,,,,1194.0,3,2006,VWD,Family,345653
1157,85,RL,54.1,62955.6,Grvl,,IR1,Low,AllPub,FR3,Sev,Veenker,PosA,Norm,Duplex,1Story,5,4,1966,1985,Gable,WdShake,AsphShn,CemntBd,Stone,528.6,TA,Fa,PConc,NA,Po,Av,Unf,4548.8,ALQ,1182.4,1997.8,1078.4,GasW,TA,N,FuseF,4089.7,1485.7,0.0,4380.8,0,1,3,0,7,1,Ex,6,Mod,0,,Attchd,1901.0,NA,0,1105.1,Ex,,Y,59.2,416.5,0.7,34.4,293.5,321.0,,,,5152.4,9,2006,VWD,Partial,489175
1158,20,RH,138.9,2683.0,Grvl,Grvl,Reg,Bnk,AllPub,FR3,Sev,Timber,PosN,RRNn,TwnhsE,2Story,2,10,1933,1975,Hip,WdShake,Stucco,CemntBd,None,716.9,Ex,Ex,PConc,TA,Fa,NA,BLQ,737.2,Rec,1060.8,2150.2,3729.3,GasW,TA,Y,SBrkr,2678.7,1852.2,0.0,1169.3,2,1,0,2,4,3,Ex,2,Maj2,0,,Detchd,1909.0,NA,2,227.6,Ex,NA,N,756.2,288.3,239.2,124.9,211.0,114.0,,,,7319.9,6,2006,WD,Family,188592
1159,120,FV,236.5,107467.9,Pave,,Reg,Lvl,AllPub,FR2,Mod,NridgHt,PosA,PosN,1Fam,2.5Fin,9,7,1970,1983,Hip,WdShngl,AsbShng,BrkComm,BrkFace,553.9,Ex,Gd,Slab,Gd,Gd,NA,BLQ,1367.2,BLQ,32.6,2107.1,1610.1,Wall,Po,N,FuseA,4161.2,310.6,0.0,4387.1,1,2,2,2,2,2,Gd,10,Maj2,2,Fa,Attchd,1959.0,NA,3,636.8,TA,Po,N,237.3,161.6,292.8,307.3,362.6,271.0,,NA,,3600.5,6,2007,Con,Partial,580481
1160,45,RM,226.7,62408.3,Pave,,IR2,HLS,NoSeWa,FR2,Gtl,ClearCr,RRAe,RRNn,TwnhsE,1.5Unf,7,1,1964,1957,Hip,Membran,AsphShn,HdBoard,BrkFace,541.3,TA,Po,PConc,Ex,Fa,NA,LwQ,1373.4,Rec,832.6,2224.1,1411.2,GasA,Fa,N,FuseA,995.1,800.7,0.0,707.3,3,0,1,2,7,2,Ex,5,Typ,2,Po,,1988.0,RFn,0,1053.9,NA,Ex,P,326.8,258.1,248.1,20.4,246.2,167.0,,,Gar2,11483.8,6,2007,ConLw,Normal,313905
1161,75,RL,,158465.8,Pave,,IR1,Lvl,AllPub,FR3,Mod,Mitchel,Norm,Feedr,TwnhsE,1Story,4,3,1936,1959,Hip,Membran,BrkFace,Other,None,1292.9,Gd,Gd,Stone,Gd,Po,NA,ALQ,4952.5,NA,1101.8,1967.2,2439.0,Grav,Ex,N,Mix,3655.0,958.4,0.0,2899.4,3,2,0,1,5,2,TA,6,Mod,3,,Basment,1918.0,NA,0,29.1,TA,Ex,N,288.8,500.4,510.8,424.8,477.9,435.0,,,,10673.7,3,2006,WD,Alloca,349021
1162,50,RH,122.2,6423.2,Grvl,,IR3,Low,NoSeWa,CulDSac,Gtl,NWAmes,PosN,PosN,Duplex,2.5Fin,4,3,1939,1997,Shed,Membran,CemntBd,Other,BrkFace,199.2,Fa,TA,Stone,NA,Fa,Av,LwQ,1123.3,LwQ,655.4,1386.4,3624.4,GasA,TA,N,Mix,3300.5,614.7,0.0,4272.9,1,0,1,2,2,1,Fa,4,Maj2,3,Ex,Attchd,1914.0,RFn,0,41.1,NA,Gd,P,719.7,413.3,22.6,492.9,329.2,263.0,,,,1825.5,6,2006,Oth,Abnorml,485419
1163,30,FV,,126421.0,Pave,,IR3,Bnk,AllPub,Corner,Mod,CollgCr,Feedr,PosN,Twnhs,2Story,2,1,1899,2004,Flat,ClyTile,Wd Sdng,Other,BrkCmn,1553.0,Ex,Gd,Stone,Fa,Po,Mn,LwQ,4441.6,ALQ,1392.8,957.4,3331.9,Wall,Po,N,FuseP,2700.1,1497.9,0.0,1356.1,3,1,3,1,4,1,Fa,3,Min1,1,,CarPort,2002.0,Fin,3,959.9,Po,,Y,146.2,246.5,361.5,42.4,32.7,249.0,,,,8826.7,4,2010,WD,Abnorml,276821
1164,60,FV,98.2,202723.7,Grvl,,IR1,Bnk,AllPub,FR3,Mod,BrkSide,PosN,Artery,Duplex,1.5Fin,5,6,1889,1992,Hip,CompShg,Stucco,VinylSd,BrkCmn,887.9,Gd,Gd,BrkTil,Gd,Gd,Mn,LwQ,2606.4,ALQ,1214.3,1148.6,1495.3,GasW,Gd,N,FuseP,3866.5,1884.2,0.0,4426.0,0,2,2,0,0,0,Fa,13,Min2,3,TA,Basment,1946.0,NA,4,1028.2,TA,Po,Y,24.6,536.4,173.2,125.3,192.9,461.0,,GdWo,Othr,5717.5,2,2009,Oth,Abnorml,426673
1165,50,RM,81.0,38614.0,Pave,,IR1,HLS,NoSeWa,Inside,Sev,NridgHt,Feedr,Feedr,2FmCon,2.5Fin,4,9,1897,1999,Gable,Membran,MetalSd,CBlock,BrkCmn,292.7,Ex,Fa,Stone,Gd,Po,No,ALQ,5638.9,NA,940.6,2038.4,5444.7,Grav,Fa,N,SBrkr,3159.2,851.8,0.0,1219.4,3,0,2,1,5,3,TA,8,Mod,0,,Attchd,1923.0,RFn,2,1199.4,Fa,Ex,Y,832.8,434.8,308.8,343.2,350.5,438.0,,,,3539.9,3,2010,ConLw,Family,388617
1166,30,RH,162.0,102207.1,Grvl,,IR1,Lvl,NoSeWa,Corner,Mod,NAmes,PosN,Feedr,Duplex,2.5Fin,1,8,1975,2003,Hip,CompShg,WdShing,CemntBd,BrkCmn,209.9,Ex,Fa,BrkTil,Gd,,No,ALQ,4735.8,ALQ,92.0,704.1,671.4,OthW,Ex,N,FuseA,4156.2,1944.3,0.0,4576.4,0,2,0,1,8,3,Gd,12,Maj2,1,,Basment,1915.0,RFn,2,566.6,Fa,Fa,Y,840.4,3.2,362.1,409.5,404.3,341.0,,MnWw,,13148.6,4,2009,Con,Partial,362921
1167,150,FV,99.4,20859.3,Pave,Grvl,IR1,Low,NoSeWa,CulDSac,Sev,Sawyer,Artery,RRNn,Twnhs,1Story,8,7,1926,1963,Gable,CompShg,WdShing,Plywood,None,946.4,Ex,Po,Stone,Gd,,Gd,Unf,4174.9,BLQ,961.6,372.0,241.1,Floor,Gd,Y,SBrkr,1994.7,1067.1,0.0,2823.1,3,0,1,1,6,3,Fa,6,Maj2,1,,BuiltIn,1980.0,Unf,2,552.7,Ex,NA,P,220.8,61.5,243.3,175.8,390.4,465.0,,,NA,847.4,11,2006,New,Abnorml,392056
1168,160,RL,104.9,135161.5,Pave,,IR1,Low,NoSeWa,FR3,Mod,ClearCr,RRAn,Feedr,2FmCon,SLvl,3,10,1990,1989,Hip,WdShngl,BrkFace,AsphShn,BrkCmn,1012.8,TA,TA,Slab,NA,Po,Mn,LwQ,4914.4,NA,1343.7,329.0,3682.5,Grav,Fa,N,FuseF,2904.9,1079.0,0.0,3968.1,2,1,2,0,7,1,Ex,12,Min2,2,Ex,CarPort,1959.0,RFn,4,783.3,Po,Po,P,8.0,303.0,81.9,261.7,469.1,57.0,,,,7244.5,1,2006,New,Family,497269
1169,90,RM,212.8,119083.5,Pave,,Reg,Bnk,NoSeWa,CulDSac,Sev,Blmngtn,Feedr,PosN,Twnhs,1.5Unf,6,8,1995,2004,Hip,Metal,VinylSd,AsbShng,None,84.8,TA,TA,BrkTil,Ex,,Av,Rec,3578.5,ALQ,559.3,1931.9,754.0,Floor,TA,Y,FuseF,4128.1,1239.5,0.0,5203.6,3,2,1,0,5,2,Gd,11,Typ,2,Gd,Attchd,1979.0,Unf,1,1073.9,Fa,NA,Y,553.6,191.4,286.5,453.0,234.8,4.0,,,Gar2,7367.3,7,2006,Oth,Normal,564212
1170,90,RH,303.8,88453.8,Pave,,IR2,Bnk,AllPub,Corner,Mod,NridgHt,Feedr,PosN,2FmCon,SLvl,4,6,2005,1964,Flat,CompShg,Stucco,VinylSd,Stone,388.8,Ex,Po,PConc,Fa,NA,Mn,Unf,4761.6,Rec,1235.4,1778.8,3084.9,GasA,Ex,Y,FuseP,1270.2,554.1,0.0,2501.9,3,1,3,2,4,3,Gd,4,Maj2,1,,Detchd,1981.0,RFn,1,908.9,Ex,Fa,Y,555.7,444.5,515.0,195.3,67.2,622.0,,,,8836.9,12,2010,Oth,Partial,483257
1171,190,RM,197.3,112846.0,Grvl,,Reg,Low,AllPub,Inside,Mod,CollgCr,Feedr,RRNn,Duplex,SFoyer,9,9,2000,1966,Hip,Metal,MetalSd,AsbShng,None,1272.7,Fa,Ex,Wood,Gd,Fa,Mn,GLQ,1473.8,GLQ,461.6,1162.5,5815.3,Grav,Fa,Y,SBrkr,2450.9,791.6,0.0,1570.5,0,2,3,2,5,0,Fa,3,Sal,2,Ex,Basment,1948.0,RFn,2,464.1,Po,Ex,N,805.9,489.9,295.8,41.4,313.1,264.0,,,,3062.7,5,2007,WD,Partial,515519
1172,90,RL,43.5,193117.7,Grvl,,IR3,Low,NoSeWa,Corner,Gtl,Blueste,PosA,PosN,Twnhs,1.5Fin,7,3,1879,2002,Mansard,CompShg,CemntBd,CBlock,BrkFace,79.4,Gd,Gd,BrkTil,Fa,NA,No,BLQ,551.4,Unf,840.3,642.1,4268.3,GasA,Fa,Y,FuseF,4520.9,1142.4,0.0,4936.9,1,2,0,2,6,1,Ex,11,Sev,2,,CarPort,1903.0,Unf,0,491.4,Fa,Fa,Y,255.8,131.6,67.9,505.4,34.0,248.0,,,,13503.6,12,2009,ConLD,Normal,511919
1173,40,RH,43.1,43296.2,Grvl,,Reg,Lvl,AllPub,Corner,Gtl,ClearCr,RRNe,RRNn,Twnhs,1.5Fin,9,10,1922,1967,Flat,WdShngl,Stucco,CemntBd,BrkCmn,1368.1,Ex,Fa,CBlock,NA,Fa,NA,GLQ,3476.3,Unf,955.8,1582.9,3772.7,Grav,Fa,N,FuseP,2398.0,1945.2,0.0,1191.9,2,0,2,0,8,2,Gd,7,Sal,2,TA,CarPort,1965.0,Fin,0,1081.9,Gd,NA,P,162.4,417.5,454.9,91.6,467.3,94.0,,,,14962.2,11,2010,VWD,Alloca,446013
1174,180,RM,298.8,6127.6,Pave,,Reg,HLS,AllPub,FR3,Gtl,Mitchel,Artery,Artery,1Fam,1Story,10,10,1956,1981,Flat,ClyTile,CBlock,CemntBd,None,1053.1,Gd,Po,BrkTil,Ex,Po,NA,BLQ,2453.4,GLQ,999.4,89.8,3512.1,GasA,Fa,N,SBrkr,1435.8,1327.2,0.0,3685.9,1,0,2,0,7,3,Fa,11,Sal,1,Gd,,1948.0,Fin,3,758.1,Ex,TA,P,528.2,292.9,122.4,24.8,364.1,696.0,,,,8508.8,9,2006,ConLw,Normal,596898
1175,80,C,107.8,185648.9,Grvl,,IR2,Lvl,AllPub,Corner,Mod,MeadowV,PosN,Feedr,1Fam,2Story,3,9,1896,1987,Mansard,CompShg,CBlock,Wd Sdng,None,695.1,Ex,Po,Stone,Gd,TA,Mn,NA,2406.8,Unf,1300.9,1327.4,1097.0,Floor,Gd,Y,FuseA,1864.0,687.9,0.0,5234.6,0,0,1,0,4,2,Ex,7,Sal,1,Gd,2Types,,Fin,1,138.9,Fa,Fa,N,483.1,214.4,204.4,208.6,471.4,456.0,,,,3969.9,6,2007,CWD,Normal,411145
1176,70,RL,47.9,124771.3,Grvl,,IR3,Lvl,AllPub,FR3,Gtl,SWISU,RRAe,Feedr,TwnhsE,1.5Unf,1,4,1954,1972,Shed,ClyTile,MetalSd,VinylSd,None,554.3,Gd,Fa,Stone,Ex,Po,Mn,Unf,2973.0,BLQ,345.8,930.7,2643.5,GasW,Ex,Y,FuseF,4191.2,21.6,0.0,3913.7,2,1,3,0,6,0,Ex,4,Min2,1,Fa,Detchd,1965.0,Unf,0,216.9,Gd,NA,Y,615.1,430.4,236.7,61.7,181.1,316.0,,,,13590.8,8,2010,ConLD,Normal,388964
1177,70,RL,195.9,191851.9,Pave,,IR3,Low,NoSeWa,FR3,Gtl,Blmngtn,Norm,Feedr,1Fam,2.5Unf,5,7,1964,1995,Flat,Membran,BrkFace,Other,Stone,30.8,Fa,Fa,Stone,Gd,Gd,Mn,GLQ,2039.6,Rec,386.7,2284.3,2092.8,GasW,TA,N,FuseF,4495.4,2027.1,0.0,1372.7,3,1,2,0,7,3,Gd,14,Mod,0,,2Types,1953.0,NA,2,1207.0,NA,TA,N,758.6,309.0,187.5,497.2,7.6,118.0,,,,15316.7,9,2009,New,Alloca,354971
1178,190,RL,203.1,129013.4,Pave,,IR1,Lvl,AllPub,CulDSac,Mod,Sawyer,Feedr,Artery,Twnhs,1.5Unf,3,9,1988,1972,Hip,Metal,CBlock,CemntBd,None,1320.3,Gd,Ex,PConc,Gd,TA,Mn,Unf,3533.5,Unf,1037.8,1185.7,5823.3,GasA,Ex,Y,FuseA,4474.6,1018.0,0.0,1142.3,1,2,0,1,0,3,TA,10,Maj2,1,Po,Basment,1901.0,RFn,3,1416.3,Ex,NA,P,479.7,347.5,223.3,193.4,250.2,201.0,,GdWo,,11499.1,6,2006,Oth,Family,370188
1179,180,C,210.4,174629.9,Pave,,IR2,Lvl,NoSeWa,Inside,Mod,NAmes,RRAn,Feedr,TwnhsE,1.5Unf,6,2,2009,1984,Mansard,Tar&Grv,BrkComm,Stone,BrkCmn,228.4,Ex,TA,Slab,TA,Po,No,ALQ,172.5,BLQ,261.2,1290.1,1480.6,GasA,Gd,N,FuseP,3380.0,1938.0,0.0,1673.2,1,0,0,2,7,2,TA,2,Sev,2,Po,CarPort,1960.0,Unf,1,476.0,Fa,Po,N,128.6,34.1,439.1,419.5,58.2,52.0,,,Elev,5172.4,7,2009,VWD,Abnorml,345176
1180,90,C,99.1,93226.5,Pave,,Reg,Lvl,NoSeWa,FR3,Gtl,IDOTRR,PosN,Artery,Duplex,SFoyer,8,2,1927,1988,Hip,Membran,Stucco,Other,BrkFace,495.3,Fa,Fa,BrkTil,Fa,TA,Mn,NA,5474.1,GLQ,684.3,1664.1,2881.0,OthW,Ex,N,FuseF,2554.8,1134.4,0.0,2411.6,1,1,2,1,6,1,Fa,4,Maj2,1,,NA,1914.0,NA,3,548.3,Ex,NA,N,512.6,320.5,123.3,89.7,326.2,316.0,,,,3658.3,6,2006,WD,Normal,422031
1181,60,FV,25.4,161728.8,Grvl,,Reg,Bnk,NoSeWa,FR2,Gtl,StoneBr,RRAe,Artery,TwnhsE,2.5Fin,4,9,1883,1964,Flat,Metal,Stone,Stucco,Stone,910.6,Ex,Po,PConc,Ex,Gd,Mn,NA,5219.1,Unf,29.5,1131.9,5731.7,GasA,Gd,Y,FuseA,1130.2,1250.3,0.0,1178.8,3,2,0,2,1,2,Fa,14,Typ,0,TA,Attchd,1959.0,NA,0,219.1,TA,Ex,P,320.6,164.5,259.7,70.5,238.8,672.0,,GdPrv,,2427.6,6,2006,Con,Partial,280300
1182,190,RM,302.8,196640.7,Pave,,Reg,HLS,NoSeWa,CulDSac,Mod,Sawyer,Norm,RRNn,2FmCon,1.5Fin,5,3,1991,2002,Gambrel,Tar&Grv,HdBoard,Plywood,BrkFace,393.6,Ex,Gd,CBlock,Fa,NA,Gd,LwQ,5278.7,ALQ,207.8,524.6,4821.9,Wall,Gd,Y,FuseP,871.0,1470.1,0.0,4568.8,0,1,2,1,1,0,TA,2,Maj2,2,,Attchd,1942.0,Fin,2,334.2,NA,Fa,Y,388.0,269.8,11.0,329.8,361.7,243.0,,,,3641.6,2,2008,CWD,Abnorml,569551
1183,75,FV,,123702.8,Grvl,,IR3,HLS,NoSeWa,FR3,Mod,SWISU,RRAe,Norm,TwnhsE,2.5Fin,5,9,1942,1973,Mansard,ClyTile,CBlock,WdShing,Stone,795.4,TA,Ex,BrkTil,Fa,TA,Gd,BLQ,2060.1,GLQ,1000.6,1255.1,5893.2,Floor,Gd,N,Mix,594.5,662.8,0.0,2229.1,3,2,2,0,5,2,Ex,8,Mod,3,,Attchd,1992.0,NA,2,602.1,Gd,Fa,N,822.3,121.4,280.2,461.9,139.7,93.0,,,,3523.9,5,2009,ConLI,Abnorml,414423
1184,45,RM,218.4,39978.1,Pave,,IR3,Bnk,NoSeWa,FR3,Sev,Blmngtn,PosA,Norm,1Fam,1.5Fin,4,5,1888,1977,Gable,Membran,Stucco,ImStucc,Stone,1294.9,Gd,Gd,Wood,Fa,TA,Mn,LwQ,3002.0,GLQ,1101.8,2205.8,3716.9,GasA,Gd,N,FuseP,411.2,1443.4,0.0,5302.7,3,0,2,2,2,2,Gd,3,Typ,1,Fa,2Types,1997.0,Unf,2,403.3,Po,NA,N,475.6,336.1,61.7,58.2,398.0,551.0,,,,14995.0,6,2007,WD,Family,522267
1185,75,C,227.3,58807.9,Pave,Grvl,Reg,Low,AllPub,CulDSac,Sev,NAmes,Norm,RRNn,Duplex,2.5Unf,4,6,1993,1965,Flat,Metal,VinylSd,CemntBd,BrkCmn,752.9,Ex,Gd,Stone,Ex,Gd,NA,LwQ,5385.1,NA,170.0,957.6,2039.4,GasW,Fa,N,FuseF,4160.8,1087.8,0.0,4805.9,0,2,2,1,0,3,Ex,12,Mod,1,Fa,,1939.0,Unf,0,994.6,Po,NA,P,128.2,80.7,155.8,299.3,312.4,279.0,,,,9970.2,10,2006,ConLw,AdjLand,542786
1186,45,C,,43799.0,Pave,,IR3,Low,AllPub,Corner,Mod,Gilbert,RRAe,RRNn,2FmCon,SLvl,4,2,1995,1965,Gambrel,Membran,BrkFace,AsbShng,BrkFace,1518.4,Fa,TA,PConc,Gd,Po,Av,Unf,5092.8,GLQ,335.6,1587.6,5050.8,Grav,Ex,N,FuseP,3860.0,1388.7,0.0,5158.0,0,2,1,2,7,1,Gd,12,Sev,3,NA,NA,1995.0,Fin,4,762.7,Ex,Fa,P,379.8,67.2,179.3,43.1,474.1,91.0,,,Shed,2588.1,5,2007,WD,Normal,597136
1187,75,FV,112.4,54113.8,Pave,,IR1,HLS,NoSeWa,FR3,Mod,NPkVill,RRAe,RRNn,TwnhsE,2.5Unf,4,8,1881,1989,Flat,ClyTile,VinylSd,Plywood,BrkFace,1356.0,Fa,Gd,PConc,Gd,NA,Gd,NA,4460.1,BLQ,145.8,2284.7,1780.8,GasW,Po,N,FuseF,2808.6,1726.0,0.0,1897.2,3,0,2,0,6,1,Ex,13,Sev,2,,NA,1984.0,RFn,2,1166.0,Ex,Ex,N,195.8,103.1,45.5,412.6,85.7,37.0,,,,7564.6,4,2010,ConLw,Abnorml,275304
1188,80,RH,100.2,66856.1,Grvl,,Reg,HLS,NoSeWa,Inside,Gtl,StoneBr,RRNn,Feedr,Duplex,SLvl,4,9,1902,1988,Hip,Membran,Wd Sdng,ImStucc,Stone,532.9,Fa,Po,BrkTil,Gd,TA,,ALQ,2299.0,LwQ,638.9,1938.7,1006.8,Wall,Gd,N,FuseP,4686.4,380.4,0.0,3379.4,0,0,0,0,3,1,Gd,5,Typ,1,,Basment,1929.0,RFn,4,1027.4,TA,NA,P,116.1,447.2,199.0,461.9,24.6,412.0,,,,2861.9,12,2006,ConLD,Partial,330496
1189,40,FV,195.5,120068.1,Pave,,Reg,Low,NoSeWa,FR3,Sev,NoRidge,RRAn,PosN,1Fam,2.5Fin,5,2,1931,1955,Shed,ClyTile,AsphShn,BrkFace,BrkCmn,639.9,TA,Po,Wood,Gd,TA,Gd,BLQ,3185.1,BLQ,185.9,1539.5,4315.4,Grav,Gd,Y,Mix,4487.4,1267.0,0.0,2040.3,1,2,3,2,0,1,TA,5,Maj2,0,Gd,BuiltIn,1962.0,Fin,2,181.6,Gd,Fa,Y,610.4,18.3,274.9,319.4,408.5,242.0,,,,9393.3,6,2006,ConLw,Alloca,360207
1190,190,RM,273.9,127097.9,Pave,,IR1,Lvl,NoSeWa,CulDSac,Gtl,Blueste,PosN,RRNn,Duplex,2Story,2,6,1941,1951,Shed,Roll,AsbShng,AsphShn,BrkCmn,677.3,Ex,Fa,PConc,Gd,TA,Mn,NA,4475.2,LwQ,644.6,1719.3,3904.0,GasW,Ex,N,FuseP,3189.0,107.6,0.0,1697.9,2,1,1,2,1,2,TA,14,Mod,2,NA,NA,1923.0,RFn,4,175.0,Ex,Po,N,538.7,399.1,238.0,349.7,162.5,363.0,,,,5291.8,6,2006,ConLw,Alloca,264156
1191,40,FV,,92547.5,Grvl,Grvl,IR3,HLS,NoSeWa,FR2,Sev,StoneBr,RRNe,Artery,Duplex,1Story,2,6,1888,2003,Hip,Roll,CemntBd,BrkComm,Stone,1001.9,Fa,TA,PConc,Gd,TA,NA,Rec,1540.9,,1079.1,2187.6,5370.4,GasA,Fa,N,Mix,2358.6,210.9,0.0,3556.4,0,0,3,0,8,3,TA,9,Min1,1,,Attchd,1943.0,NA,1,1270.0,Po,Po,Y,426.6,30.9,154.8,28.2,207.0,647.0,,,,3031.7,8,2007,Con,Family,433604
1192,90,RL,51.9,132966.2,Pave,,Reg,Lvl,NoSeWa,CulDSac,Gtl,NPkVill,PosN,Norm,2FmCon,2Story,9,8,1921,1962,Shed,CompShg,MetalSd,HdBoard,BrkFace,458.9,TA,Fa,PConc,NA,Gd,NA,ALQ,3535.7,NA,1007.3,2242.0,5877.4,Floor,TA,N,FuseF,997.2,1393.0,0.0,4675.9,2,2,3,0,3,3,TA,12,Mod,2,,Basment,1913.0,Fin,1,1162.1,Gd,Po,P,362.7,323.7,162.8,37.1,444.3,63.0,,,,3763.3,8,2008,ConLI,Abnorml,702328
1193,150,RM,66.2,18752.5,Grvl,,IR1,HLS,AllPub,CulDSac,Sev,IDOTRR,RRAn,Feedr,Twnhs,1Story,2,10,1908,1993,Hip,CompShg,BrkFace,BrkComm,Stone,1550.8,Fa,Gd,BrkTil,NA,TA,Gd,LwQ,4672.9,Unf,413.4,2263.5,5237.5,GasA,Gd,Y,FuseP,2581.0,146.5,0.0,830.8,1,0,3,0,2,1,Gd,5,Mod,1,,BuiltIn,1927.0,NA,2,663.5,Gd,Po,Y,276.1,423.1,349.7,91.3,211.5,200.0,,,,10464.0,10,2009,ConLI,Alloca,320039
1194,190,RM,296.9,20081.9,Grvl,,IR2,Bnk,AllPub,Inside,Mod,OldTown,Artery,PosN,1Fam,SFoyer,6,5,1989,1996,Gambrel,Metal,CBlock,HdBoard,Stone,973.9,TA,Po,Stone,Gd,NA,Av,Unf,3992.9,NA,993.1,1461.5,366.7,Grav,Fa,N,FuseA,1021.4,1229.4,0.0,1797.8,0,0,3,1,7,2,Gd,4,Min1,3,,BuiltIn,1913.0,NA,3,184.9,TA,Gd,Y,75.4,126.4,396.6,139.1,143.0,306.0,,,,6324.6,1,2006,WD,AdjLand,384399
1195,30,RH,,38062.1,Grvl,,IR1,HLS,AllPub,Corner,Mod,Blueste,RRNn,Norm,2FmCon,2.5Fin,2,9,1951,2008,Hip,CompShg,HdBoard,HdBoard,Stone,639.0,Gd,Fa,Wood,Ex,Gd,Av,BLQ,2706.2,Unf,1367.4,898.7,4060.2,Floor,Fa,Y,Mix,2070.5,454.3,0.0,1422.9,3,1,3,2,3,1,TA,11,Sev,1,TA,NA,1955.0,,3,1274.2,NA,,N,256.5,107.2,318.2,386.0,28.6,174.0,,,,7954.0,2,2009,New,Alloca,281354
1196,150,C,278.8,112140.1,Pave,,Reg,Bnk,AllPub,Inside,Mod,BrDale,RRAn,Norm,2FmCon,2.5Unf,5,1,1882,1958,Flat,CompShg,Stone,MetalSd,BrkCmn,1032.0,Ex,Po,PConc,Fa,TA,Av,ALQ,3299.5,Unf,512.3,311.0,4794.7,OthW,Po,N,SBrkr,4442.1,627.9,0.0,4571.6,3,0,0,0,6,1,Gd,13,Min2,2,,Basment,2007.0,Fin,0,327.1,Ex,Po,P,718.5,158.2,538.9,221.2,212.6,688.0,,,,12730.8,11,2009,ConLw,Alloca,529218
1197,85,RM,80.2,47083.1,Grvl,,IR1,Lvl,AllPub,Inside,Gtl,NoRidge,Feedr,Norm,2FmCon,1.5Fin,4,9,2005,1983,Flat,WdShngl,CemntBd,Stucco,Stone,632.6,Fa,Fa,PConc,Fa,NA,Av,ALQ,5580.1,GLQ,485.1,900.6,5999.6,Wall,Gd,Y,Mix,1824.3,267.7,0.0,5288.3,1,2,2,2,4,3,Ex,4,Typ,1,,Attchd,,Unf,1,50.4,Gd,Fa,P,671.6,382.7,521.6,39.8,314.4,596.0,,,,10159.0,1,2009,CWD,Alloca,631388
1198,40,C,192.6,61907.3,Pave,,IR3,Low,NoSeWa,FR3,Sev,Blueste,Artery,Artery,Twnhs,1.5Unf,7,10,1994,1966,Shed,WdShake,ImStucc,Stucco,Stone,1308.5,TA,Ex,Slab,Ex,Fa,No,,3397.6,ALQ,842.3,2202.7,2289.2,GasW,Fa,Y,FuseP,999.8,513.5,0.0,758.3,0,2,0,1,4,3,Fa,6,Maj2,1,Ex,Attchd,1977.0,Unf,1,1310.6,TA,Po,Y,833.3,139.4,54.4,433.1,129.2,671.0,,,,7167.4,10,2007,CWD,Partial,335249
1199,40,FV,225.7,86944.9,Grvl,,Reg,Lvl,AllPub,FR2,Gtl,Edwards,RRAn,Artery,Twnhs,2Story,7,7,1906,1976,Flat,WdShake,CBlock,CemntBd,None,908.5,Ex,TA,Wood,NA,Fa,Mn,NA,4434.0,NA,361.9,2078.6,1038.0,GasW,Po,Y,Mix,2872.1,1696.0,0.0,2346.9,3,0,1,1,5,1,Gd,7,Sev,2,,Detchd,1988.0,Unf,3,1147.1,,Gd,N,562.2,274.5,144.3,504.9,344.5,693.0,,,,14787.9,7,2009,VWD,AdjLand,338905
1200,50,RL,219.6,174994.7,Grvl,,Reg,Lvl,NoSeWa,CulDSac,Mod,NAmes,PosN,Artery,TwnhsE,1.5Unf,6,4,1904,1978,Mansard,Membran,HdBoard,Plywood,BrkCmn,67.2,Gd,Fa,Wood,Fa,NA,NA,NA,4101.0,Rec,960.4,1223.3,5211.4,Wall,Fa,N,FuseP,2959.1,1319.3,0.0,5188.2,0,0,0,0,3,2,Gd,8,Sev,1,Gd,Basment,1911.0,Fin,2,983.4,TA,Gd,N,474.5,73.6,479.4,231.2,229.6,547.0,,,,3324.8,8,2010,ConLw,AdjLand,573378
1201,50,RH,140.2,4265.7,Pave,,IR3,Lvl,AllPub,Inside,Sev,Gilbert,Artery,PosN,TwnhsE,1Story,10,3,1889,1986,Flat,Roll,ImStucc,AsphShn,BrkCmn,282.8,TA,Gd,CBlock,NA,TA,Av,,3959.2,LwQ,1226.8,1254.4,1939.7,GasW,Po,N,FuseF,1178.6,1961.3,0.0,2163.3,2,1,1,2,1,1,Ex,14,Sal,1,,CarPort,1955.0,NA,0,48.3,TA,Ex,Y,253.7,252.3,16.4,260.0,411.9,98.0,,,,4479.4,3,2007,WD,Alloca,459958
1202,30,C,25.5,140231.4,Grvl,,IR3,Bnk,AllPub,Inside,Sev,NAmes,RRNe,Norm,1Fam,2.5Unf,5,10,1884,1992,Hip,Metal,AsbShng,CemntBd,None,1384.0,Fa,Po,Slab,TA,TA,No,BLQ,4043.2,BLQ,677.0,721.6,3655.0,Grav,Po,Y,FuseF,1190.7,100.7,0.0,4116.8,3,1,2,1,5,3,TA,6,Mod,2,,BuiltIn,,NA,1,749.3,NA,Ex,N,65.9,341.7,326.9,39.9,77.6,225.0,,GdWo,Elev,14127.2,3,2007,CWD,Abnorml,484254
1203,120,RM,191.2,144402.8,Pave,,IR3,HLS,NoSeWa,Corner,Gtl,Gilbert,PosN,RRNn,1Fam,SFoyer,1,6,1961,1971,Mansard,ClyTile,Wd Sdng,Other,Stone,900.6,Ex,Po,Stone,Fa,Gd,Mn,BLQ,2564.7,,1001.6,1061.7,2382.3,OthW,Po,Y,FuseA,4646.5,1636.3,0.0,868.3,1,1,3,2,4,3,Ex,8,Min2,3,NA,2Types,2004.0,Unf,0,926.9,TA,Fa,N,529.6,39.3,526.9,194.6,363.4,548.0,,,,13225.0,7,2010,ConLw,Family,256293
1204,85,C,94.9,172168.4,Grvl,,IR2,Low,NoSeWa,Corner,Mod,NoRidge,RRAe,PosN,Twnhs,2.5Fin,3,1,1981,2000,Mansard,ClyTile,WdShing,ImStucc,BrkCmn,1520.5,Gd,TA,Slab,TA,TA,No,BLQ,2676.2,ALQ,960.9,1669.0,2458.2,Grav,Fa,Y,SBrkr,1394.2,1443.6,0.0,2692.8,3,2,2,2,2,2,TA,5,Maj1,0,Po,2Types,1960.0,NA,1,1076.8,Ex,Ex,P,418.4,446.0,374.7,188.9,447.6,272.0,,,,2015.9,8,2008,New,Family,387349
1205,150,RM,152.5,200857.8,Pave,,Reg,Lvl,AllPub,FR2,Gtl,Edwards,RRNn,Artery,Twnhs,2Story,9,3,1872,1973,Mansard,ClyTile,BrkFace,CBlock,None,115.9,Gd,TA,BrkTil,TA,Gd,Gd,BLQ,2640.6,Rec,57.0,940.1,4475.4,OthW,TA,N,FuseF,3986.8,538.7,0.0,3005.5,1,1,0,0,3,1,Ex,6,Min2,0,Ex,CarPort,1939.0,Unf,4,668.0,TA,TA,P,650.5,512.8,50.7,490.6,355.9,185.0,,,,14414.2,6,2008,Oth,Partial,495754
1206,60,C,,5608.4,Pave,Pave,Reg,Lvl,AllPub,CulDSac,Gtl,Gilbert,Feedr,Artery,Twnhs,1.5Unf,1,2,1934,1956,Mansard,WdShake,Stucco,BrkComm,Stone,472.4,TA,Ex,Slab,TA,TA,Gd,NA,187.7,ALQ,270.4,439.1,2208.6,Floor,Ex,Y,FuseA,2383.7,1505.7,0.0,4355.7,1,2,0,1,2,1,TA,7,Maj1,0,Gd,NA,1919.0,RFn,4,1351.8,,TA,P,353.0,105.9,412.8,335.5,194.8,451.0,,,,157.6,8,2006,COD,Abnorml,369896
1207,50,RM,137.5,34201.3,Grvl,,Reg,Lvl,NoSeWa,Inside,Mod,StoneBr,RRNe,Artery,2FmCon,1.5Fin,5,9,1905,1983,Shed,Tar&Grv,Plywood,Other,BrkCmn,309.7,Gd,Fa,BrkTil,TA,,Av,GLQ,1360.6,Unf,1317.1,1263.4,4234.7,GasA,Po,Y,SBrkr,2229.7,1479.7,0.0,1867.1,2,1,2,1,2,0,Ex,10,Typ,0,,Attchd,1941.0,Unf,0,347.1,Gd,NA,P,844.6,415.4,207.8,397.3,110.6,560.0,,,,12747.5,2,2008,Con,Normal,374128
1208,60,FV,266.2,190891.9,Grvl,,IR1,Bnk,AllPub,FR3,Mod,Edwards,RRNe,Feedr,Twnhs,SFoyer,2,3,1974,1997,Gambrel,Metal,Stone,Stucco,BrkCmn,886.1,Fa,Ex,Slab,Gd,Po,Gd,NA,872.4,NA,1383.9,526.4,87.5,OthW,Gd,N,FuseA,1619.4,948.5,0.0,1736.3,2,2,2,1,3,1,Fa,7,Sal,0,,Detchd,1906.0,Fin,3,98.9,Fa,Ex,N,340.8,171.5,508.7,65.2,47.2,504.0,,,,4321.4,7,2006,Oth,Partial,273494
1209,20,RM,,99397.8,Pave,,Reg,Bnk,NoSeWa,Corner,Gtl,NPkVill,Norm,Norm,2FmCon,SLvl,4,2,1881,1961,Shed,ClyTile,ImStucc,Other,Stone,612.5,TA,Fa,Slab,Gd,NA,Mn,ALQ,5003.1,NA,1150.4,2275.9,1983.6,OthW,Ex,N,FuseF,3706.3,1422.0,0.0,1942.2,1,0,0,2,1,2,Fa,11,Maj1,0,Po,CarPort,1978.0,NA,3,471.9,NA,TA,Y,285.4,370.2,158.0,211.8,308.3,93.0,,,,2924.2,12,2009,Oth,Family,244650
1210,50,RM,217.4,122091.3,Grvl,,Reg,Bnk,AllPub,Inside,Sev,Crawfor,RRAe,RRNn,2FmCon,1.5Fin,1,4,1999,1972,Flat,ClyTile,BrkComm,Plywood,Stone,251.6,Gd,Fa,CBlock,Ex,Po,Av,ALQ,1551.9,LwQ,1357.9,911.8,1949.4,OthW,TA,N,SBrkr,4171.9,918.1,0.0,3283.6,3,2,2,1,3,3,Gd,12,Min1,2,Ex,NA,1972.0,Fin,1,938.4,Ex,NA,N,746.4,167.8,261.2,97.3,68.6,306.0,,,,6955.0,5,2006,CWD,Alloca,390674
1211,80,RL,306.3,143151.4,Pave,,IR3,HLS,NoSeWa,FR3,Mod,Timber,Feedr,Norm,1Fam,1.5Unf,3,2,1878,1964,Gambrel,Metal,ImStucc,BrkComm,None,1028.4,Ex,TA,Wood,Fa,Fa,No,NA,781.4,LwQ,451.3,2125.0,4575.4,GasW,Ex,N,FuseF,1472.0,692.9,0.0,4983.8,1,0,1,1,1,0,Fa,2,Min1,2,,NA,1967.0,Unf,4,1045.3,Fa,Gd,Y,338.9,471.7,412.1,437.0,402.4,737.0,,,,13904.8,6,2008,CWD,Partial,521725
1212,120,RM,,146582.9,Grvl,,IR3,HLS,NoSeWa,Inside,Mod,Crawfor,Artery,PosN,Duplex,SLvl,10,1,1927,1982,Shed,Tar&Grv,VinylSd,BrkComm,Stone,858.1,Fa,TA,BrkTil,Ex,Fa,NA,Unf,676.0,NA,365.1,526.9,1921.9,OthW,Ex,N,FuseP,748.4,963.3,0.0,4744.6,0,2,1,2,7,2,Ex,13,Sal,2,Po,2Types,1930.0,RFn,4,1047.2,NA,Po,Y,746.4,189.9,142.2,77.4,461.2,516.0,,,,12181.4,7,2006,VWD,Partial,546057
1213,85,RL,23.4,200641.2,Pave,,IR3,Lvl,NoSeWa,FR2,Mod,SawyerW,PosA,Feedr,TwnhsE,SFoyer,7,6,1951,2006,Gable,WdShake,Stucco,AsbShng,None,439.6,Ex,Fa,Stone,TA,Gd,NA,,3950.7,NA,566.5,442.0,3869.6,Wall,TA,Y,SBrkr,930.7,1848.4,0.0,641.6,0,2,0,1,4,2,Fa,12,Min2,1,Po,Attchd,1986.0,,0,156.9,NA,Po,Y,23.4,464.3,100.3,222.9,65.2,173.0,,,,14989.6,9,2007,WD,Abnorml,329425
1214,160,RH,147.6,214592.3,Pave,,Reg,Low,AllPub,FR2,Mod,Somerst,RRAe,PosN,TwnhsE,SFoyer,10,10,1883,1962,Gambrel,Tar&Grv,MetalSd,Plywood,Stone,,Gd,TA,Wood,Ex,Fa,,ALQ,34.3,Rec,81.6,1441.1,4206.9,GasA,Gd,Y,FuseA,3789.0,794.2,0.0,4999.5,3,0,0,1,6,0,Ex,8,Min1,3,Fa,Detchd,1969.0,NA,0,1255.1,TA,TA,N,593.6,419.1,1.5,27.3,180.5,694.0,,,,8385.5,7,2008,ConLI,Family,606576
1215,30,RL,48.0,155374.1,Grvl,,IR3,Bnk,NoSeWa,FR3,Sev,StoneBr,Norm,Artery,1Fam,SLvl,3,8,1919,1972,Shed,CompShg,CemntBd,BrkFace,BrkCmn,1193.2,Fa,Fa,PConc,Gd,TA,Mn,GLQ,2660.0,Rec,1193.8,1820.6,4023.0,GasA,Po,Y,FuseP,2233.3,833.6,0.0,838.8,3,2,2,2,3,1,TA,12,Min1,3,,2Types,1991.0,Fin,3,398.2,Ex,Gd,Y,61.6,107.4,269.4,322.2,449.9,72.0,,GdWo,,7913.7,12,2006,ConLD,Normal,264921
1216,20,FV,239.5,62749.5,Pave,,IR2,HLS,AllPub,Corner,Sev,BrkSide,RRAe,Artery,1Fam,2.5Fin,4,10,1897,1987,Shed,Metal,VinylSd,HdBoard,None,328.4,Ex,TA,Stone,NA,Gd,Av,GLQ,670.9,Unf,1450.7,1324.0,3686.1,GasW,Fa,Y,FuseA,908.9,1256.4,0.0,2538.7,2,2,2,1,5,0,Fa,14,Min2,0,Gd,BuiltIn,1975.0,Unf,3,297.7,Po,Gd,P,127.0,85.9,512.6,244.8,225.9,144.0,,,,202.0,11,2008,WD,Partial,397364
1217,160,RL,288.0,189518.6,Pave,,IR3,HLS,AllPub,FR2,Gtl,StoneBr,RRNe,RRNn,Twnhs,1Story,2,10,1983,1981,Mansard,WdShngl,BrkFace,BrkFace,None,468.6,Gd,Gd,Slab,NA,Po,Gd,ALQ,4795.5,Unf,1214.6,536.8,2527.2,Grav,Gd,Y,FuseF,1817.0,1554.9,0.0,4396.8,0,1,3,0,3,2,Fa,12,Mod,0,Fa,2Types,1946.0,RFn,3,871.3,Fa,Ex,N,600.0,426.5,155.4,253.0,257.0,663.0,,MnWw,,2799.4,1,2010,Oth,Normal,481510
1218,85,RH,,11830.6,Grvl,,IR2,Low,AllPub,Corner,Gtl,NridgHt,RRAn,Norm,Twnhs,2.5Unf,3,2,1993,1994,Flat,Roll,Plywood,AsphShn,BrkFace,553.8,Fa,Fa,Stone,NA,Po,Av,Unf,5409.5,LwQ,818.0,88.5,2280.9,Wall,Gd,N,FuseF,2575.0,1517.0,0.0,766.7,1,0,1,2,5,1,TA,4,Typ,2,TA,2Types,,Unf,2,300.4,Gd,NA,Y,248.3,213.5,23.9,51.6,358.8,55.0,,,,7713.1,5,2008,COD,Normal,300595
1219,150,FV,96.5,50738.6,Grvl,,IR1,Bnk,NoSeWa,FR3,Mod,Crawfor,Feedr,PosN,Twnhs,SFoyer,9,9,1883,1999,Shed,Tar&Grv,Stucco,BrkComm,BrkCmn,1194.8,Fa,Po,Slab,NA,Fa,No,NA,5411.2,LwQ,435.2,1444.3,3449.6,Grav,Po,N,FuseP,4047.2,40.9,0.0,548.4,1,0,0,1,0,3,Fa,7,Maj1,3,Fa,2Types,1957.0,Fin,4,720.4,NA,NA,Y,180.3,519.3,342.5,261.1,101.1,694.0,,,,11664.8,11,2010,Con,Abnorml,380086
1220,90,C,147.8,193291.2,Pave,NA,IR2,HLS,AllPub,FR3,Gtl,MeadowV,RRAn,Artery,2FmCon,2Story,3,3,1913,1984,Flat,Roll,BrkFace,CBlock,Stone,1355.1,Fa,Gd,Slab,NA,Fa,NA,NA,2494.4,GLQ,291.4,306.1,389.2,OthW,Gd,Y,FuseP,3130.7,1419.5,0.0,2085.6,0,1,0,0,5,0,Gd,3,Min2,1,Gd,NA,1921.0,NA,4,577.2,Po,Gd,Y,686.9,515.8,31.0,286.4,470.0,633.0,,,,12750.3,11,2006,ConLD,Family,257664
1221,80,C,232.2,56110.9,Grvl,,IR2,Low,NoSeWa,Inside,Sev,Edwards,Feedr,RRNn,2FmCon,2.5Unf,5,8,1932,1950,Hip,Metal,BrkFace,Stone,None,602.2,Gd,Ex,PConc,Fa,TA,Av,NA,3637.6,Rec,536.6,801.7,5351.3,Grav,Gd,Y,SBrkr,1101.2,930.4,0.0,4208.4,0,1,0,2,5,2,Ex,13,Sev,1,Ex,2Types,1923.0,Fin,0,329.0,Po,Gd,P,810.9,379.3,279.8,489.1,374.8,243.0,,,,4390.6,11,2010,VWD,Family,512694
1222,85,RL,23.6,48507.2,Pave,,IR1,Low,NoSeWa,FR3,Mod,Crawfor,RRAe,RRNn,Twnhs,2Story,2,8,1929,1996,Shed,ClyTile,AsbShng,VinylSd,BrkFace,474.6,Gd,TA,CBlock,TA,Po,Av,ALQ,3384.7,Rec,983.1,1578.6,5042.7,Wall,Ex,N,FuseA,1025.6,1082.2,0.0,3103.5,2,0,0,1,1,1,Gd,8,Min1,2,Fa,,1933.0,RFn,4,414.1,Fa,Gd,P,199.2,273.8,210.6,16.9,77.5,203.0,,MnPrv,,11043.1,4,2008,COD,Abnorml,413494
1223,80,RL,193.1,30851.2,Pave,,IR2,Bnk,AllPub,Inside,Mod,Mitchel,Artery,PosN,2FmCon,SFoyer,4,3,1905,2007,Gambrel,ClyTile,BrkComm,BrkFace,Stone,1423.1,Fa,Ex,CBlock,Gd,Fa,Gd,GLQ,1975.6,NA,659.0,229.0,2116.4,GasW,Ex,Y,Mix,2131.0,1159.8,0.0,2547.4,0,0,3,2,8,2,TA,2,Maj1,0,,Basment,1962.0,RFn,0,606.1,Gd,NA,P,271.8,106.6,262.4,468.7,53.3,590.0,,,,12842.2,8,2007,New,Alloca,347627
1224,180,RH,,185102.7,Grvl,,Reg,Bnk,NoSeWa,Corner,Mod,NWAmes,Feedr,Norm,1Fam,2.5Fin,7,3,1878,1994,Flat,Membran,CBlock,WdShing,BrkCmn,1599.0,Fa,Po,PConc,NA,Po,No,Rec,2506.3,LwQ,1376.8,297.3,3463.3,GasW,TA,Y,FuseF,661.7,1511.0,0.0,4649.8,2,0,1,0,5,1,Fa,14,Mod,3,Po,BuiltIn,1959.0,RFn,2,490.9,Ex,Po,P,612.0,482.7,89.8,243.6,448.8,15.0,,NA,,5809.5,7,2010,CWD,Alloca,539693
1225,80,RH,207.2,108285.0,Grvl,,Reg,Bnk,NoSeWa,Inside,Gtl,NPkVill,RRNn,Feedr,Twnhs,2.5Unf,7,6,1980,1954,Gable,Membran,BrkComm,Stone,None,1072.6,Fa,TA,Stone,Fa,Po,NA,LwQ,363.0,NA,1259.1,144.1,5695.9,OthW,TA,Y,Mix,3626.8,1716.7,0.0,4403.7,3,1,3,2,6,1,Ex,3,Maj2,1,NA,NA,1918.0,NA,3,541.1,Po,TA,P,698.7,44.9,49.8,106.7,328.8,125.0,,,,10781.1,4,2008,ConLw,Partial,668631
1226,60,RM,,145690.0,Grvl,,IR3,Lvl,NoSeWa,Corner,Mod,BrkSide,RRAe,RRNn,TwnhsE,SLvl,3,1,1906,2006,Gable,Roll,BrkFace,AsbShng,BrkFace,1584.0,Gd,Ex,BrkTil,Gd,Fa,Gd,BLQ,4490.9,BLQ,150.9,2326.8,1659.7,Wall,TA,N,Mix,2083.5,1334.5,0.0,4506.3,3,1,1,1,1,0,Gd,10,Typ,0,,Basment,1923.0,Fin,2,1042.8,Ex,Ex,N,856.3,202.6,413.4,338.1,18.5,598.0,,NA,,6777.9,11,2007,WD,Alloca,434119
1227,180,RH,229.5,52447.1,Pave,,IR3,HLS,AllPub,FR2,Mod,Blmngtn,Artery,PosN,TwnhsE,SLvl,5,4,1886,1962,Shed,Metal,CBlock,AsbShng,BrkFace,1055.9,TA,Gd,PConc,NA,Po,NA,GLQ,1359.1,GLQ,193.9,904.2,4536.4,GasW,Fa,N,FuseP,1828.9,1164.5,0.0,2774.2,0,2,0,0,1,3,Gd,10,Sal,3,Fa,Attchd,1963.0,NA,3,238.8,Po,Ex,N,234.3,174.6,135.6,262.7,68.2,465.0,,,,15277.6,3,2009,VWD,Family,387437
1228,75,RM,47.7,163479.0,Grvl,,IR3,Low,NoSeWa,Corner,Sev,CollgCr,RRNn,Artery,2FmCon,1.5Fin,1,1,1896,2003,Gambrel,Tar&Grv,VinylSd,Stucco,BrkFace,1173.5,Ex,Ex,Wood,TA,Fa,Gd,ALQ,2599.2,BLQ,996.8,2115.9,505.5,OthW,Po,Y,FuseA,2552.7,771.8,0.0,437.2,0,1,1,2,1,1,TA,8,Typ,1,,2Types,1919.0,Unf,3,890.0,TA,Ex,P,477.0,524.3,441.8,115.2,23.0,427.0,,MnWw,,103.3,6,2010,ConLD,Abnorml,135162
1229,160,FV,79.2,163899.4,Pave,,IR3,Lvl,NoSeWa,CulDSac,Mod,Blueste,RRNe,Feedr,TwnhsE,SLvl,10,3,1930,1954,Shed,Roll,Wd Sdng,ImStucc,None,621.8,Ex,TA,Slab,Ex,NA,Gd,Unf,2712.6,NA,340.2,685.8,3197.8,Grav,Fa,N,Mix,3423.6,284.7,0.0,1247.7,0,2,0,1,8,2,Fa,3,Min1,0,Ex,NA,1997.0,RFn,0,961.6,NA,Fa,Y,114.9,64.6,418.7,318.4,467.6,350.0,,MnPrv,,6422.3,8,2010,ConLD,Alloca,403757
1230,90,RL,,68178.8,Grvl,,Reg,Bnk,AllPub,Inside,Gtl,StoneBr,PosN,Feedr,Twnhs,1Story,10,9,1950,2009,Shed,WdShngl,ImStucc,AsphShn,BrkCmn,692.7,Ex,Gd,Wood,TA,Fa,NA,GLQ,3164.7,LwQ,1166.0,1759.5,5401.1,Wall,Fa,N,FuseA,2815.2,1979.5,0.0,4268.8,0,2,3,1,2,1,Ex,6,Mod,1,,Detchd,2010.0,NA,3,1137.4,Po,TA,N,283.5,486.9,109.5,240.4,239.0,554.0,,,,4087.6,3,2006,ConLI,Alloca,630127
1231,180,FV,236.7,89163.5,Pave,,IR3,HLS,NoSeWa,FR2,Mod,SWISU,PosA,Norm,TwnhsE,1Story,10,5,1957,1981,Hip,Metal,BrkFace,Wd Sdng,Stone,230.6,TA,Po,CBlock,TA,Po,No,ALQ,4616.1,GLQ,871.7,511.7,3370.9,GasW,TA,Y,FuseP,3830.9,953.7,0.0,4331.8,1,1,1,0,3,3,Fa,5,Typ,0,TA,Detchd,1926.0,RFn,2,1201.5,Ex,Po,P,38.5,249.7,501.4,350.0,221.8,78.0,,GdPrv,,13170.9,5,2009,Oth,Alloca,532544
1232,190,RH,,46162.2,Pave,,IR2,HLS,NoSeWa,Corner,Gtl,IDOTRR,Norm,PosN,1Fam,2Story,1,5,2005,2000,Shed,ClyTile,Plywood,Stone,Stone,1316.4,Gd,Ex,CBlock,NA,NA,Mn,GLQ,3905.0,GLQ,338.8,1164.1,3765.3,Wall,Po,N,Mix,3076.8,1169.2,0.0,5495.0,1,1,2,0,0,2,Fa,3,Maj1,0,Ex,Basment,1957.0,Unf,1,225.0,Gd,,P,180.7,26.0,89.0,350.1,458.8,500.0,,,,4450.5,10,2006,ConLw,Family,473048
1233,150,FV,93.5,210230.3,Grvl,Pave,IR1,Lvl,NoSeWa,FR3,Sev,MeadowV,PosN,Norm,2FmCon,SFoyer,5,4,1959,1970,Shed,CompShg,Stucco,Stone,BrkFace,1489.7,Fa,Fa,Stone,Ex,Po,Mn,NA,3742.3,LwQ,705.6,1926.3,5545.7,GasW,Fa,Y,Mix,3768.0,1551.0,0.0,1343.5,3,1,1,2,0,1,TA,3,Maj1,0,Ex,NA,1943.0,Unf,0,196.1,Fa,TA,P,434.1,398.7,440.0,240.2,242.2,378.0,,,,8429.6,1,2006,CWD,Normal,363477
1234,20,FV,83.6,139423.4,Pave,,IR2,Low,AllPub,Inside,Sev,Crawfor,RRNe,RRNn,TwnhsE,2Story,10,3,1942,1973,Gable,CompShg,MetalSd,BrkComm,Stone,997.5,Fa,TA,BrkTil,Ex,Po,Av,ALQ,2973.0,Unf,598.6,1907.0,4370.9,Floor,Ex,Y,FuseF,3370.6,141.3,0.0,986.5,1,1,0,1,3,1,TA,11,Maj2,3,Fa,CarPort,1992.0,NA,3,871.7,Gd,,Y,140.3,55.2,232.1,198.5,248.5,263.0,,MnWw,,11474.2,10,2008,ConLI,Alloca,456863
1235,85,FV,100.1,201241.0,Pave,Grvl,IR1,Lvl,NoSeWa,Corner,Mod,SWISU,PosA,RRNn,2FmCon,SFoyer,9,5,1992,2009,Hip,Roll,ImStucc,Plywood,BrkCmn,549.8,TA,Fa,Wood,Gd,NA,Av,Rec,541.6,ALQ,1287.0,1855.4,4251.8,GasW,Fa,N,Mix,1175.6,1765.6,0.0,1070.7,0,0,2,0,1,0,Ex,9,Min1,2,Fa,Detchd,1964.0,RFn,3,1073.3,Po,Po,N,762.2,129.6,101.0,32.1,472.4,304.0,,,,7707.1,12,2006,VWD,Abnorml,489710
1236,45,RH,93.3,66207.8,Pave,,Reg,HLS,NoSeWa,FR2,Sev,NoRidge,Artery,PosN,1Fam,2Story,1,4,1964,1967,Gambrel,ClyTile,HdBoard,Plywood,BrkFace,246.4,Ex,Fa,PConc,,TA,No,Unf,2268.9,ALQ,47.4,1924.2,3582.8,Wall,Ex,Y,SBrkr,562.2,1645.9,0.0,1314.9,2,1,0,1,7,3,Ex,6,Mod,0,,Basment,,NA,4,386.2,Ex,TA,N,608.7,437.5,517.8,250.9,53.5,487.0,,,,6361.2,10,2010,ConLD,Normal,247178
1237,20,FV,39.3,168581.7,Grvl,,IR1,Low,AllPub,FR3,Mod,Timber,RRNe,Artery,TwnhsE,SFoyer,1,8,1967,1970,Shed,CompShg,AsphShn,AsbShng,BrkCmn,424.2,Gd,Ex,Slab,Gd,NA,Mn,NA,5403.1,Rec,1320.5,494.0,3867.6,GasW,Fa,Y,FuseP,4271.0,1599.2,0.0,3139.1,3,2,2,2,3,1,TA,9,Sev,0,Gd,BuiltIn,1999.0,NA,0,745.7,TA,NA,P,23.8,84.6,531.7,123.5,473.2,124.0,,,,659.0,8,2006,WD,Alloca,370471
1238,75,RM,155.0,165151.6,Pave,,IR3,Lvl,NoSeWa,Inside,Sev,IDOTRR,PosN,RRNn,Twnhs,SFoyer,4,4,1903,2003,Flat,WdShngl,HdBoard,CBlock,BrkCmn,408.7,Gd,Fa,Wood,NA,Po,,LwQ,5618.9,LwQ,961.2,1126.5,4910.6,Grav,Po,Y,SBrkr,4455.2,45.4,0.0,5510.4,0,2,2,0,2,3,TA,3,Maj1,1,,Detchd,1953.0,,0,1095.0,Gd,,N,751.3,178.0,282.3,27.0,79.5,617.0,,,,355.4,7,2007,CWD,Alloca,599737
1239,20,RH,235.0,149276.3,Grvl,,Reg,Lvl,NoSeWa,FR2,Sev,Blmngtn,Feedr,RRNn,Duplex,2Story,4,8,1924,1959,Hip,WdShake,Wd Sdng,VinylSd,None,981.6,Gd,Gd,Slab,Ex,Po,Mn,ALQ,4122.9,Unf,1087.1,1132.7,5983.1,OthW,Ex,N,Mix,3502.0,1087.3,0.0,3462.7,1,0,1,2,2,1,Ex,3,Typ,1,TA,NA,2006.0,,2,1088.3,TA,TA,Y,837.6,197.5,259.0,167.8,227.0,645.0,,,,14838.5,8,2010,VWD,Abnorml,459648
1240,40,FV,198.2,207893.6,Pave,,IR3,Bnk,NoSeWa,FR3,Gtl,NWAmes,RRNe,Artery,TwnhsE,2.5Fin,2,6,1930,1973,Shed,CompShg,CBlock,BrkFace,None,1512.1,Fa,Po,BrkTil,TA,TA,Mn,Unf,1284.1,LwQ,3.8,2080.2,4859.4,Floor,Ex,N,Mix,3490.1,112.1,0.0,3108.4,2,0,1,2,5,2,Gd,12,Maj1,3,Gd,CarPort,1938.0,NA,1,927.1,Fa,,Y,430.1,322.1,497.3,44.4,162.1,80.0,,,,9970.3,2,2008,ConLI,Partial,472598
1241,150,RH,217.5,85499.2,Pave,,IR2,HLS,NoSeWa,CulDSac,Gtl,OldTown,Artery,Feedr,1Fam,1.5Fin,9,5,1940,1989,Gable,Roll,WdShing,BrkFace,Stone,77.2,Ex,Po,Stone,TA,NA,Mn,Rec,575.1,Unf,926.0,693.5,4323.1,GasA,TA,N,SBrkr,1511.3,1137.6,0.0,3908.2,2,1,2,0,5,3,Gd,12,Maj2,2,,,2008.0,RFn,2,111.7,TA,Gd,N,269.6,432.1,329.1,294.5,458.6,620.0,,NA,,12791.4,7,2006,Con,Abnorml,540867
1242,45,C,44.7,29266.3,Grvl,,IR2,Bnk,AllPub,FR3,Mod,Edwards,RRAe,PosN,Duplex,1Story,9,4,2003,1996,Hip,Roll,Stucco,CemntBd,BrkFace,1.6,Ex,Fa,Wood,Fa,Fa,Av,LwQ,2340.9,,867.4,2176.0,828.2,Wall,Ex,N,FuseF,2698.0,1483.6,0.0,726.4,1,0,2,2,5,2,Fa,4,Typ,1,,Attchd,2009.0,RFn,2,71.8,Fa,Ex,Y,225.8,126.3,146.9,255.9,233.0,174.0,,,,7446.8,4,2007,New,AdjLand,353835
1243,180,RM,298.8,145008.8,Pave,,IR3,Bnk,AllPub,Inside,Mod,Blmngtn,PosN,Feedr,TwnhsE,SLvl,2,4,1957,1970,Flat,Tar&Grv,MetalSd,BrkComm,None,,TA,TA,BrkTil,NA,Po,Av,NA,4834.5,LwQ,791.8,1053.1,4992.4,Wall,Fa,Y,FuseF,4658.2,251.6,0.0,4661.9,0,1,2,1,5,3,Ex,12,Mod,3,Fa,BuiltIn,1906.0,RFn,2,550.8,TA,Gd,P,74.9,112.6,234.7,402.6,11.0,675.0,,,,4054.5,2,2007,Con,Abnorml,489888
1244,180,FV,265.8,157332.2,Pave,,IR1,Low,AllPub,CulDSac,Gtl,Edwards,RRAe,Norm,2FmCon,1.5Unf,9,4,1889,1974,Shed,ClyTile,Wd Sdng,Plywood,Stone,454.5,Ex,Fa,Stone,NA,NA,No,ALQ,4074.2,ALQ,1158.4,1564.6,4496.9,OthW,Fa,N,SBrkr,4065.1,1434.9,0.0,3767.6,2,1,0,0,7,2,Ex,11,Min1,3,,NA,1953.0,Unf,1,37.8,Po,Fa,P,421.3,121.4,461.5,136.0,106.4,124.0,,,,4565.3,9,2010,COD,Partial,498408
1245,180,C,256.1,124331.3,Pave,Grvl,IR2,Low,NoSeWa,Corner,Sev,IDOTRR,PosA,Artery,1Fam,1.5Unf,6,9,1952,2001,Flat,WdShake,MetalSd,BrkComm,BrkFace,1408.9,Fa,TA,Stone,Gd,Gd,Gd,BLQ,4988.7,Unf,819.4,628.1,4707.3,Grav,TA,Y,SBrkr,1660.6,928.3,0.0,1242.7,2,0,1,1,7,1,Fa,9,Maj2,3,Fa,Detchd,1942.0,RFn,2,1282.1,TA,Po,P,43.0,208.7,474.5,188.7,206.8,347.0,,,,674.1,5,2006,VWD,Abnorml,382546
1246,75,C,261.3,45547.7,Grvl,,IR1,HLS,NoSeWa,CulDSac,Mod,Timber,RRNn,PosN,TwnhsE,1Story,8,4,1985,2009,Gable,Tar&Grv,Stucco,CemntBd,BrkCmn,523.6,Fa,Po,Wood,Ex,Po,Av,GLQ,3475.4,LwQ,1263.4,958.5,1412.0,GasA,Gd,Y,FuseP,1646.0,1675.9,0.0,3681.8,1,0,0,2,8,2,Ex,9,Maj2,0,,NA,1919.0,Unf,0,28.6,NA,Gd,Y,431.8,292.7,518.5,350.0,324.7,366.0,,MnWw,,12258.7,7,2007,Con,Normal,447668
1247,60,RH,,109225.8,Grvl,,IR2,Low,NoSeWa,CulDSac,Sev,Mitchel,Feedr,Artery,1Fam,SLvl,10,9,1895,2006,Hip,WdShngl,Stone,CBlock,BrkCmn,463.6,Gd,Gd,PConc,Ex,Fa,NA,GLQ,735.6,BLQ,342.9,1658.1,5520.0,Grav,Ex,Y,FuseF,2441.4,1101.9,0.0,3498.7,2,2,1,0,0,2,Gd,4,Min1,2,Gd,Detchd,1983.0,NA,1,42.0,Gd,Po,P,216.4,7.4,159.1,504.4,269.7,534.0,,,,9014.3,4,2006,Con,Normal,600338
1248,160,C,179.9,68091.4,Grvl,,IR3,HLS,NoSeWa,CulDSac,Gtl,BrkSide,PosA,Artery,Twnhs,SFoyer,4,10,1937,2008,Hip,CompShg,Plywood,WdShing,None,431.2,Gd,TA,PConc,Fa,Po,Gd,NA,647.9,Rec,1188.0,1197.8,594.4,Wall,Ex,Y,FuseA,2097.2,694.1,0.0,678.2,2,0,3,1,7,1,Ex,2,Sev,2,,NA,1924.0,Fin,3,234.4,Gd,NA,N,408.3,426.8,375.3,459.3,408.0,414.0,,,,7452.4,10,2010,ConLw,Abnorml,277778
1249,85,RM,79.5,92754.3,Pave,,IR3,Low,AllPub,FR3,Sev,Crawfor,Artery,Feedr,Duplex,2.5Unf,2,6,1933,1972,Mansard,Metal,MetalSd,HdBoard,BrkCmn,231.8,Ex,Po,Slab,TA,NA,Mn,GLQ,270.9,Unf,264.3,2174.1,1549.6,GasA,Ex,N,Mix,1951.5,685.6,0.0,1750.9,2,0,0,1,4,3,TA,8,Min1,2,NA,NA,1942.0,NA,4,889.1,Gd,Gd,Y,358.6,506.9,37.8,264.6,397.6,573.0,,GdPrv,,13210.6,11,2009,VWD,Normal,265015
1250,120,RM,201.1,139341.3,Grvl,,IR2,Bnk,AllPub,CulDSac,Sev,NPkVill,RRNn,Feedr,Duplex,2Story,2,10,1925,1971,Gable,Roll,BrkFace,CBlock,Stone,930.4,Gd,Ex,CBlock,Gd,TA,No,NA,3200.6,GLQ,1198.5,1721.9,4051.1,GasW,Fa,N,Mix,3066.3,1853.3,0.0,2409.1,3,0,1,1,2,2,Ex,5,Min2,0,,Basment,1984.0,Unf,4,767.9,Fa,NA,N,261.5,461.4,400.7,344.4,283.4,723.0,,,,6895.1,11,2007,Con,Partial,326983
1251,70,RL,,160735.0,Pave,,IR2,HLS,NoSeWa,CulDSac,Mod,Blmngtn,PosA,Norm,Twnhs,1.5Unf,9,7,2002,1953,Hip,CompShg,HdBoard,AsbShng,BrkFace,269.1,Gd,Fa,Wood,Fa,Gd,NA,ALQ,1370.8,Unf,1386.2,1318.4,4116.4,Floor,Po,Y,SBrkr,384.1,935.2,0.0,1633.9,0,2,2,1,2,0,Ex,4,Min1,0,NA,BuiltIn,1972.0,Unf,0,935.2,Fa,Ex,P,384.5,20.3,310.9,270.2,274.2,251.0,,,Shed,14692.9,4,2008,ConLD,AdjLand,553704
1252,160,RM,236.5,50983.3,Pave,,IR1,Bnk,AllPub,Corner,Sev,Mitchel,RRAn,PosN,Duplex,2Story,1,10,1908,1983,Gambrel,WdShngl,VinylSd,MetalSd,BrkFace,679.4,TA,TA,Stone,Ex,Fa,NA,BLQ,4144.9,Rec,494.8,2071.3,1914.4,Wall,Po,N,FuseA,3660.6,837.9,0.0,1624.7,0,1,2,1,5,0,Fa,6,Min1,1,,Attchd,1926.0,NA,4,1267.1,Po,TA,Y,406.2,286.9,137.9,220.9,133.5,607.0,,,,205.2,3,2006,VWD,AdjLand,214728
1253,75,C,,88017.3,Pave,,IR1,Low,AllPub,CulDSac,Gtl,ClearCr,Artery,Artery,Duplex,SLvl,7,3,1908,2005,Mansard,CompShg,Stone,WdShing,None,737.6,Gd,Gd,Slab,Gd,Po,Gd,BLQ,3873.2,BLQ,781.1,1554.7,4286.3,Grav,Po,N,FuseF,3559.2,82.3,0.0,3375.2,1,2,1,2,7,2,TA,13,Typ,1,Po,Attchd,1991.0,Fin,4,645.1,Fa,NA,Y,714.5,445.3,361.4,306.0,459.8,720.0,,GdPrv,,15261.6,1,2010,ConLw,Partial,473000
1254,30,RM,41.0,58885.8,Grvl,,IR1,Bnk,AllPub,FR3,Sev,Gilbert,RRNe,Norm,Twnhs,2Story,3,8,2002,1955,Gable,Roll,CemntBd,Other,Stone,32.8,Gd,Fa,Wood,,Fa,No,BLQ,1795.4,LwQ,970.4,1512.1,2370.3,OthW,TA,Y,FuseF,3952.6,752.3,0.0,2833.3,0,0,2,2,1,2,Fa,7,Maj2,1,,Basment,1924.0,NA,4,62.2,Po,Gd,N,570.6,188.2,74.6,196.3,36.9,568.0,,,,12646.2,2,2010,Oth,Alloca,313606
1255,150,RH,129.4,43796.2,Grvl,,IR3,Low,AllPub,FR2,Gtl,NPkVill,RRNn,Artery,2FmCon,2Story,3,3,1906,1977,Flat,ClyTile,WdShing,Stucco,Stone,26.9,Ex,Po,CBlock,TA,TA,Gd,Unf,997.9,ALQ,117.1,575.5,1.1,GasW,TA,N,FuseF,4001.0,1754.5,0.0,3876.0,2,0,2,2,8,2,Ex,2,Sal,3,,Basment,1935.0,Fin,3,1082.6,TA,Ex,N,371.2,490.7,184.3,142.3,190.6,233.0,,,,5501.6,9,2008,ConLD,Alloca,416967
1256,85,RL,,168901.8,Grvl,,IR2,Lvl,AllPub,FR2,Gtl,Sawyer,RRAn,Norm,Duplex,2.5Fin,2,1,1995,1980,Gable,CompShg,Stucco,WdShing,BrkFace,832.3,Ex,Po,Slab,Ex,Gd,Av,LwQ,577.9,Unf,728.3,922.4,993.5,GasA,Fa,N,SBrkr,2802.4,1571.4,0.0,5410.6,0,0,3,2,4,3,TA,13,Mod,2,,Basment,1997.0,RFn,4,1151.4,Ex,Gd,N,775.8,485.1,221.3,358.5,317.2,357.0,,,,9228.1,1,2009,Oth,AdjLand,524253
1257,160,C,191.7,195830.1,Pave,,Reg,Bnk,NoSeWa,FR3,Mod,CollgCr,PosA,Artery,2FmCon,2.5Fin,10,10,1889,1984,Gambrel,CompShg,AsphShn,Other,None,1113.7,Gd,Po,Stone,Ex,Fa,Mn,Unf,4161.4,LwQ,531.5,1596.2,5392.8,Wall,Po,Y,SBrkr,3733.6,456.2,0.0,3840.2,3,1,3,2,4,1,Gd,13,Mod,0,,,1965.0,Fin,2,70.7,Gd,Fa,N,647.7,77.5,429.0,443.0,453.9,325.0,,,,13401.4,5,2006,ConLI,Normal,585858
1258,90,RL,178.2,80509.3,Grvl,,IR1,HLS,NoSeWa,FR3,Gtl,Timber,RRNn,Feedr,1Fam,2Story,6,5,1993,1988,Gambrel,WdShngl,VinylSd,BrkComm,None,1507.4,TA,TA,CBlock,Fa,NA,No,NA,2542.3,NA,1286.0,2083.2,1360.7,OthW,Gd,N,Mix,2479.9,853.0,0.0,3423.8,2,2,3,2,0,0,Gd,10,Maj1,1,TA,NA,1908.0,NA,0,344.4,Gd,Po,Y,64.9,270.0,170.4,146.3,240.7,64.0,,,,7464.8,2,2009,ConLD,Normal,446282
1259,75,C,,162032.4,Grvl,,Reg,Bnk,AllPub,CulDSac,Gtl,OldTown,RRAn,RRNn,1Fam,2.5Fin,10,2,1919,1991,Flat,ClyTile,AsbShng,HdBoard,BrkCmn,286.6,Fa,Ex,BrkTil,TA,NA,Av,ALQ,1826.0,Unf,1292.2,737.1,689.9,OthW,Ex,N,Mix,4480.8,405.9,0.0,4832.8,2,2,0,2,5,0,Ex,7,Min1,3,Ex,BuiltIn,1982.0,Unf,0,1092.7,Po,Gd,P,131.8,14.0,27.1,359.1,430.0,292.0,,,,791.3,4,2010,VWD,Alloca,604678
1260,40,RH,128.6,193207.7,Pave,,IR3,Bnk,AllPub,FR3,Mod,ClearCr,Artery,Norm,Duplex,1Story,2,10,1888,1972,Flat,CompShg,AsphShn,Stone,Stone,165.2,Fa,Ex,PConc,Ex,Fa,Mn,Rec,4834.9,NA,1032.9,503.4,4168.2,Grav,Po,N,FuseF,1165.1,1970.5,0.0,3689.0,3,1,3,1,4,3,Gd,4,Sal,0,,Attchd,1978.0,RFn,0,533.4,Fa,Ex,N,70.0,154.2,99.8,220.5,50.3,323.0,,,Othr,14007.3,11,2007,VWD,AdjLand,410674
1261,70,RL,282.4,182324.0,Grvl,,IR1,HLS,AllPub,CulDSac,Mod,Timber,RRAn,Norm,1Fam,2Story,10,6,2006,1955,Flat,Membran,HdBoard,Wd Sdng,BrkCmn,83.3,Fa,Po,PConc,Ex,Gd,Mn,LwQ,3350.4,GLQ,966.5,1386.9,2692.7,Floor,Gd,Y,Mix,4324.3,1235.1,0.0,1212.8,3,2,3,2,6,2,Ex,2,Mod,3,,2Types,1952.0,,3,670.2,NA,Ex,Y,273.3,444.1,335.7,153.5,255.2,330.0,,,,8013.8,7,2009,COD,Abnorml,481646
1262,40,FV,215.6,40412.0,Grvl,,IR1,HLS,AllPub,Inside,Mod,Gilbert,PosN,RRNn,Twnhs,1.5Fin,4,10,1928,1965,Mansard,Metal,VinylSd,BrkComm,BrkCmn,697.7,TA,Fa,CBlock,Ex,Po,Av,,2923.6,ALQ,1081.5,157.0,4867.2,OthW,Ex,Y,Mix,1460.7,1557.7,0.0,2004.7,0,1,3,1,6,2,Fa,14,Sal,3,,Attchd,1920.0,Fin,3,1167.3,TA,TA,N,373.3,533.4,8.4,315.5,151.7,528.0,,,,8449.9,5,2007,ConLI,Family,470937
1263,180,C,250.9,205893.9,Grvl,,Reg,Lvl,NoSeWa,Corner,Gtl,Mitchel,RRNe,Feedr,Duplex,2.5Fin,10,9,1879,1951,Gambrel,ClyTile,Plywood,ImStucc,BrkFace,997.0,Gd,Gd,Wood,Fa,NA,No,BLQ,4195.6,Rec,539.5,1669.2,5263.4,Grav,Ex,N,FuseF,781.7,1474.0,0.0,4226.7,0,1,1,0,3,1,Ex,10,Sev,3,Fa,,1949.0,Fin,4,134.2,Po,Po,P,432.1,499.6,437.3,477.2,381.9,134.0,,NA,,212.6,1,2008,WD,Abnorml,613462
1264,70,FV,153.7,81888.0,Grvl,,Reg,Low,AllPub,Corner,Mod,NWAmes,Artery,Norm,Twnhs,SLvl,9,1,1999,1973,Flat,ClyTile,VinylSd,Wd Sdng,Stone,1344.9,Fa,Fa,CBlock,Ex,Po,NA,Unf,4603.2,Unf,596.3,1642.5,5169.0,GasA,TA,N,SBrkr,2247.6,1804.2,0.0,4253.3,0,2,2,2,4,1,TA,3,Sev,2,,BuiltIn,1915.0,Fin,2,960.4,Gd,NA,P,729.7,23.3,497.4,178.7,213.6,418.0,,,,1551.0,3,2010,VWD,Normal,626487
1265,160,RL,205.0,73878.8,Grvl,,IR2,Low,AllPub,Corner,Gtl,Mitchel,Artery,Feedr,2FmCon,1Story,9,4,1988,1966,Gambrel,Roll,MetalSd,MetalSd,Stone,1092.2,Gd,TA,Stone,Fa,Po,Gd,,3872.2,BLQ,816.2,829.2,1912.5,Wall,Gd,Y,Mix,3013.8,1960.4,0.0,5573.0,3,2,1,1,7,0,TA,11,Sev,0,Ex,Basment,1965.0,NA,4,304.8,,TA,N,15.4,506.9,273.5,385.8,228.1,129.0,,,,12049.7,10,2007,Oth,Partial,628694
1266,90,FV,93.5,14656.9,Grvl,,Reg,HLS,AllPub,Inside,Gtl,Sawyer,Norm,Artery,TwnhsE,1Story,6,1,1927,1994,Mansard,Roll,ImStucc,Wd Sdng,BrkFace,333.4,Gd,Ex,CBlock,NA,Fa,No,BLQ,2483.4,Rec,1382.7,2085.3,3088.9,GasA,Po,N,SBrkr,1340.7,67.0,0.0,3662.0,0,1,3,0,1,1,Ex,7,Sal,0,Po,Detchd,1925.0,RFn,0,88.8,Po,Po,N,367.0,450.0,390.6,159.9,31.1,548.0,,,,6741.7,9,2006,COD,Family,428982
1267,180,FV,227.0,105314.4,Pave,,IR3,Bnk,NoSeWa,Corner,Gtl,Somerst,RRNe,Artery,TwnhsE,1.5Unf,4,1,1997,1950,Shed,Metal,BrkFace,HdBoard,None,738.8,Gd,Gd,Wood,NA,NA,NA,Rec,2140.8,NA,1067.2,1173.1,3972.4,Floor,Po,Y,FuseA,2756.2,2014.0,0.0,5108.8,1,2,0,0,0,0,Gd,7,Mod,3,Ex,,1943.0,RFn,2,939.4,Ex,Po,Y,352.2,474.6,255.4,408.4,210.2,568.0,,,,15469.9,1,2010,New,Alloca,591696
1268,120,RL,145.9,24622.9,Pave,,IR1,Low,AllPub,CulDSac,Mod,NWAmes,RRNn,RRNn,Duplex,SFoyer,7,8,1930,1955,Mansard,WdShake,Stone,Stucco,BrkCmn,1456.6,Fa,Po,PConc,NA,Fa,NA,BLQ,4355.3,NA,812.2,1508.5,1967.3,Grav,Fa,Y,SBrkr,3854.8,1797.7,0.0,623.7,0,1,1,1,5,3,Fa,13,Maj2,2,TA,2Types,1928.0,Fin,0,172.2,Ex,Gd,Y,812.0,500.4,170.4,386.1,38.8,356.0,,GdPrv,,10783.0,10,2008,CWD,Normal,343931
1269,150,RH,150.2,54473.9,Pave,,Reg,HLS,AllPub,FR2,Gtl,Crawfor,RRAe,PosN,Twnhs,SFoyer,1,2,1929,1954,Shed,ClyTile,VinylSd,HdBoard,BrkCmn,522.8,TA,Po,Stone,NA,TA,NA,LwQ,2923.1,GLQ,1135.6,489.6,251.1,GasA,Gd,N,FuseP,1454.4,790.8,0.0,3339.5,3,2,3,1,3,2,Ex,4,Mod,3,Ex,Detchd,1996.0,NA,2,1059.3,Ex,TA,Y,206.6,267.0,91.0,388.9,143.8,521.0,,GdWo,,14718.8,4,2006,Oth,Family,289645
1270,30,FV,210.6,69108.3,Grvl,,IR3,HLS,AllPub,Corner,Gtl,Sawyer,PosN,Feedr,TwnhsE,1.5Unf,4,1,1979,2006,Gambrel,WdShake,VinylSd,ImStucc,BrkCmn,798.0,TA,TA,Wood,Gd,Po,Gd,ALQ,3975.6,NA,546.7,974.9,3028.5,Wall,Ex,N,FuseP,2863.0,1728.5,0.0,5216.6,3,2,0,1,2,2,Gd,12,Sal,1,,Attchd,1997.0,RFn,1,287.4,TA,TA,N,104.9,115.5,286.0,506.8,60.9,459.0,,,,4330.0,5,2010,COD,Partial,510828
1271,85,FV,294.4,174344.3,Grvl,,Reg,Lvl,AllPub,Corner,Mod,NPkVill,RRNn,PosN,Duplex,2Story,5,8,1945,1994,Flat,WdShake,CBlock,Stucco,BrkCmn,1533.7,TA,TA,Slab,Gd,Gd,Gd,GLQ,5025.4,Unf,1076.7,2014.6,78.3,Wall,TA,Y,FuseF,1812.7,1521.0,0.0,1858.7,1,2,0,2,6,0,TA,7,Sal,0,Ex,NA,1945.0,RFn,3,68.8,Ex,TA,N,121.9,11.5,513.3,71.4,160.6,592.0,,,,2730.4,10,2009,COD,Partial,256947
1272,60,RH,39.7,188606.4,Pave,,Reg,Bnk,AllPub,CulDSac,Mod,SWISU,Artery,PosN,TwnhsE,1Story,8,4,1972,2009,Shed,WdShake,WdShing,ImStucc,Stone,1175.5,TA,TA,PConc,NA,Po,Gd,BLQ,5169.3,GLQ,605.3,497.4,5808.4,OthW,Fa,N,FuseP,2642.7,1637.8,0.0,1156.1,2,2,0,0,7,2,Fa,3,Mod,0,,BuiltIn,1990.0,RFn,3,140.8,TA,Ex,N,445.8,12.9,491.3,197.5,109.1,601.0,,,,5837.1,3,2010,CWD,Alloca,393191
1273,40,FV,,66011.2,Pave,NA,Reg,Lvl,AllPub,CulDSac,Gtl,Somerst,RRAn,Feedr,TwnhsE,2.5Unf,2,3,1919,2004,Gable,ClyTile,ImStucc,CBlock,BrkFace,1196.4,Gd,TA,BrkTil,NA,Gd,NA,BLQ,1567.4,LwQ,412.2,912.4,4867.7,Floor,TA,N,FuseA,3240.4,455.7,0.0,2194.5,1,2,2,2,3,3,Gd,9,Typ,2,,NA,1970.0,RFn,0,1192.9,,Fa,P,335.0,351.5,507.6,320.5,136.9,631.0,,,,4103.9,3,2006,WD,Partial,411019
1274,40,FV,106.4,185014.2,Grvl,,IR2,Lvl,NoSeWa,Corner,Gtl,Veenker,RRNn,PosN,1Fam,1.5Unf,5,4,1942,1999,Hip,Metal,BrkComm,CemntBd,None,403.7,Fa,Po,Stone,TA,Fa,Av,GLQ,1060.5,LwQ,898.7,743.0,1173.2,Grav,Ex,Y,SBrkr,1861.1,1339.3,0.0,4539.2,3,0,0,2,5,1,Ex,14,Min1,0,Gd,,1948.0,RFn,0,526.0,Po,Gd,P,646.3,184.5,533.5,300.0,71.2,613.0,,,,9507.2,1,2007,COD,Partial,412870
1275,180,FV,150.6,184700.3,Grvl,,IR1,Bnk,NoSeWa,FR3,Gtl,Blueste,Feedr,Norm,Duplex,1Story,6,5,1987,1978,Gambrel,ClyTile,VinylSd,HdBoard,BrkFace,663.5,TA,Po,BrkTil,Ex,NA,Gd,LwQ,1474.7,Unf,1012.5,353.0,1757.1,GasA,Ex,Y,SBrkr,4668.0,53.5,0.0,783.6,2,0,3,2,1,3,Fa,2,Mod,0,Po,2Types,1914.0,Unf,1,428.6,TA,NA,N,277.0,271.3,91.3,396.6,211.0,494.0,,,NA,11538.9,6,2007,Con,Family,307937
1276,190,RM,27.4,164893.2,Grvl,,IR1,HLS,AllPub,Inside,Mod,Veenker,PosA,Artery,TwnhsE,2.5Fin,5,1,1993,1961,Shed,WdShake,BrkFace,AsbShng,BrkFace,131.7,TA,TA,CBlock,TA,Po,NA,Rec,4240.7,NA,677.0,676.8,6005.1,OthW,TA,Y,Mix,2790.9,1751.6,0.0,3520.6,1,2,1,0,7,2,Fa,7,Typ,0,TA,Detchd,1916.0,RFn,4,696.5,Gd,TA,Y,109.7,71.8,80.9,23.8,238.8,538.0,,,,6232.5,12,2010,Con,Alloca,506052
1277,80,RH,108.9,32684.7,Grvl,,IR1,Bnk,NoSeWa,FR2,Mod,Somerst,Artery,RRNn,Duplex,2Story,9,1,1949,1988,Mansard,Tar&Grv,Stucco,Plywood,BrkCmn,970.4,TA,Po,Slab,TA,TA,No,Unf,2088.6,LwQ,833.5,543.8,2282.4,OthW,Fa,N,Mix,3927.0,1963.9,0.0,1053.9,1,2,1,0,5,3,Gd,2,Min2,2,Gd,Attchd,1908.0,Fin,2,897.5,Fa,Po,Y,331.6,533.6,236.1,358.2,401.6,260.0,,,,1392.6,4,2010,CWD,Family,361260
1278,70,FV,,148991.1,Grvl,,IR2,Lvl,AllPub,FR2,Sev,Gilbert,PosA,Feedr,1Fam,1.5Unf,10,3,1900,1996,Flat,Membran,BrkComm,VinylSd,BrkCmn,166.0,Ex,TA,CBlock,TA,Po,NA,Rec,978.6,GLQ,1023.1,2157.5,4788.5,GasA,Ex,Y,Mix,3494.1,1367.3,0.0,2645.8,2,2,3,0,8,2,Gd,10,Maj1,3,NA,2Types,,RFn,1,52.6,Ex,,N,756.8,71.1,380.5,374.8,258.6,572.0,,,,408.1,8,2008,Oth,AdjLand,537823
1279,50,RH,,203483.2,Grvl,,Reg,Lvl,NoSeWa,Inside,Mod,Sawyer,Norm,RRNn,Duplex,SLvl,1,6,1964,1952,Shed,WdShngl,BrkFace,Stucco,BrkCmn,1337.5,Gd,Gd,PConc,TA,Gd,Gd,LwQ,555.3,ALQ,1131.6,1731.2,2730.0,Grav,Po,N,SBrkr,4050.5,1058.7,0.0,5461.4,1,1,2,1,5,0,Ex,14,Sev,0,,NA,1931.0,RFn,1,1273.6,Fa,NA,Y,347.5,243.3,242.7,31.0,109.8,135.0,,,,3379.4,6,2009,COD,Family,467457
1280,120,C,164.4,147326.1,Pave,,IR1,Bnk,AllPub,Corner,Gtl,NWAmes,Norm,Artery,1Fam,1Story,3,1,1944,1997,Hip,Membran,MetalSd,VinylSd,BrkFace,1303.3,TA,TA,Slab,TA,Gd,Gd,ALQ,1847.4,Unf,1320.1,738.4,5279.6,Grav,Po,N,SBrkr,1091.4,1498.6,0.0,1369.8,2,0,2,2,5,1,TA,14,Typ,3,Gd,Attchd,1965.0,Fin,0,1359.1,Po,Po,N,714.4,242.5,492.6,273.7,353.2,608.0,,,,11353.6,3,2008,ConLI,Abnorml,384116
1281,85,C,291.7,72247.8,Pave,,IR1,Lvl,AllPub,Corner,Mod,Timber,Artery,RRNn,TwnhsE,SFoyer,2,2,1971,1950,Gambrel,WdShngl,ImStucc,Stone,None,853.8,Gd,TA,Wood,TA,Gd,Gd,NA,768.4,Rec,522.6,1783.2,4299.9,Floor,Po,N,Mix,1303.9,673.9,0.0,514.6,0,1,0,1,1,1,Fa,10,Maj1,2,,Attchd,1958.0,Unf,0,591.7,TA,Gd,P,318.4,4.7,396.0,124.5,142.7,660.0,,,Elev,3434.1,12,2008,ConLI,AdjLand,255258
1282,70,FV,51.8,108396.4,Grvl,,Reg,HLS,NoSeWa,Corner,Mod,NoRidge,RRAn,Feedr,TwnhsE,2Story,3,7,1945,1976,Gable,Metal,ImStucc,WdShing,None,225.9,Gd,Gd,PConc,NA,NA,Av,NA,882.6,Rec,1402.5,51.7,140.0,Wall,Fa,N,SBrkr,2458.1,1293.5,0.0,2601.6,2,0,3,1,4,2,Ex,7,Maj1,3,Gd,NA,1931.0,Fin,4,585.1,TA,Ex,Y,241.1,365.3,350.0,407.2,363.1,226.0,,,,14120.1,7,2007,Oth,Abnorml,355515
1283,80,RH,244.2,139449.6,Pave,,IR1,HLS,NoSeWa,Corner,Sev,NAmes,RRAn,RRNn,TwnhsE,1Story,10,1,1966,1997,Gable,ClyTile,BrkComm,HdBoard,None,40.9,Gd,Ex,Slab,TA,,Mn,Rec,3859.8,BLQ,939.4,1230.0,1798.7,Grav,Fa,N,FuseA,4048.4,1484.7,0.0,3400.4,1,0,0,2,8,2,TA,7,Min2,1,Ex,CarPort,2010.0,Fin,4,1245.8,Fa,TA,P,664.1,294.4,39.2,25.2,185.8,227.0,,GdWo,,10100.5,3,2007,VWD,Abnorml,552357
1284,20,RH,140.6,110534.0,Pave,,Reg,Bnk,AllPub,Corner,Sev,OldTown,Norm,PosN,1Fam,2.5Fin,9,7,1888,1973,Mansard,WdShngl,Wd Sdng,Stucco,Stone,1274.7,Ex,Fa,BrkTil,Gd,TA,Av,Unf,111.4,BLQ,1161.1,584.8,3409.3,OthW,Gd,N,Mix,1195.2,294.6,0.0,1913.2,0,2,0,0,0,1,Gd,10,Min2,0,,Basment,1983.0,Fin,0,608.8,Po,Fa,P,179.3,272.1,96.8,74.3,246.6,257.0,,,,13362.4,9,2006,CWD,Alloca,408397
1285,70,RH,212.3,26963.3,Grvl,,IR2,Bnk,AllPub,FR2,Gtl,BrkSide,RRNn,PosN,2FmCon,2.5Unf,9,4,2008,1993,Mansard,WdShngl,Wd Sdng,WdShing,Stone,960.2,Ex,TA,PConc,Ex,Gd,No,Unf,663.5,NA,1031.5,267.1,5658.9,Wall,Gd,Y,FuseP,4565.9,289.2,0.0,3209.7,3,2,3,2,3,3,TA,6,Min2,2,,NA,1942.0,NA,3,1214.1,Fa,Ex,N,198.7,447.5,236.3,53.1,241.8,413.0,,,,5980.1,8,2008,ConLw,AdjLand,619330
1286,60,RM,97.0,68064.5,Pave,,IR1,HLS,AllPub,Corner,Sev,Sawyer,PosA,Artery,1Fam,2.5Unf,10,10,1968,1968,Mansard,Roll,Wd Sdng,AsbShng,BrkCmn,1137.5,TA,Gd,Wood,Gd,TA,Gd,NA,4765.6,ALQ,303.0,2064.5,623.4,GasW,Po,N,Mix,890.1,1478.8,0.0,5394.7,3,1,2,1,2,3,Gd,10,Sal,2,Fa,2Types,1982.0,RFn,4,40.2,Gd,Gd,P,42.7,131.9,539.0,33.1,458.7,219.0,,,,15245.0,3,2006,VWD,Family,574356
1287,85,C,,172968.6,Grvl,,IR1,Low,NoSeWa,CulDSac,Gtl,StoneBr,RRNn,PosN,1Fam,SFoyer,2,6,1880,2008,Gambrel,CompShg,Wd Sdng,Stucco,None,486.1,Gd,Gd,PConc,Fa,TA,Mn,Unf,4768.7,LwQ,105.3,465.7,3673.1,Wall,TA,Y,FuseP,1097.0,891.6,0.0,1988.9,3,1,2,0,0,3,TA,6,Sev,3,,Attchd,2009.0,RFn,1,694.3,Ex,TA,Y,161.0,471.0,184.6,304.8,73.8,235.0,,,,10532.2,11,2010,VWD,Alloca,278232
1288,160,RH,67.9,185596.1,Grvl,,Reg,Low,NoSeWa,FR3,Gtl,BrkSide,RRAn,RRNn,Twnhs,1.5Fin,3,8,2006,1957,Gable,ClyTile,BrkComm,Other,Stone,815.2,Ex,Po,CBlock,Gd,Fa,No,LwQ,1858.3,,1070.5,1921.1,1846.3,OthW,TA,N,FuseF,1062.8,1836.2,0.0,1976.4,1,2,1,0,0,1,Ex,5,Typ,0,TA,CarPort,1990.0,RFn,0,1350.5,,Gd,N,324.6,473.0,347.7,441.2,450.5,19.0,,,,5532.9,2,2006,Oth,Family,337562
1289,120,RH,,30674.7,Pave,,IR3,Low,NoSeWa,Corner,Gtl,SWISU,PosA,Norm,TwnhsE,2.5Fin,4,9,1890,2004,Gable,WdShake,HdBoard,BrkFace,BrkFace,1195.5,Fa,TA,Wood,Fa,TA,,Unf,496.4,ALQ,753.3,965.3,5433.8,Floor,Po,Y,FuseP,2887.8,644.2,0.0,2896.5,0,2,3,1,0,0,Gd,3,Min2,2,,Detchd,1999.0,Fin,2,358.5,TA,,N,342.4,452.3,545.9,259.6,269.8,423.0,,,,3294.4,3,2007,VWD,AdjLand,385334
1290,80,RM,75.2,205058.4,Pave,,IR2,Bnk,AllPub,CulDSac,Gtl,NoRidge,RRNn,RRNn,TwnhsE,1Story,9,6,2005,1993,Mansard,Roll,ImStucc,Plywood,BrkFace,740.1,Fa,Gd,Stone,NA,Gd,Mn,BLQ,3978.9,NA,1035.1,33.4,4675.2,GasA,Gd,N,FuseA,4332.6,87.6,0.0,3069.3,2,0,0,0,0,2,Fa,3,Maj2,1,Fa,BuiltIn,1958.0,RFn,2,377.4,NA,Gd,Y,360.5,186.7,145.7,107.0,477.0,412.0,,,,13431.2,4,2008,CWD,Partial,536543
1291,20,RM,215.0,71650.0,Pave,,IR1,HLS,NoSeWa,FR2,Sev,Edwards,RRNn,Norm,Twnhs,1.5Unf,3,9,1985,1996,Mansard,WdShake,Stucco,MetalSd,BrkCmn,962.2,Gd,Ex,Wood,Fa,NA,Av,Unf,2032.6,Rec,702.9,1711.2,2258.9,GasA,Fa,N,SBrkr,1445.8,1342.0,0.0,341.3,3,0,3,0,1,2,Ex,14,Mod,3,,NA,1929.0,,3,893.5,Po,Gd,P,411.1,88.9,92.0,174.6,275.1,388.0,,,,4930.5,3,2007,ConLD,Family,302440
1292,150,RH,278.5,142998.7,Grvl,,Reg,HLS,NoSeWa,CulDSac,Gtl,CollgCr,RRAe,RRNn,2FmCon,2.5Unf,7,4,2010,1951,Flat,Roll,Stone,Plywood,BrkFace,1263.6,Fa,Ex,PConc,TA,Fa,Gd,GLQ,256.6,LwQ,460.2,1393.1,1021.0,Floor,TA,N,FuseA,2744.1,1413.0,0.0,3603.1,3,2,0,2,4,1,Ex,2,Typ,1,,Basment,,Unf,0,1313.3,Po,Fa,N,490.1,259.9,301.6,183.1,315.1,344.0,,,,687.6,9,2010,COD,Normal,479076
1293,45,RL,258.7,162149.2,Grvl,,IR2,HLS,AllPub,Inside,Gtl,Sawyer,PosN,Norm,Duplex,2Story,3,6,1996,2010,Gable,Roll,VinylSd,Plywood,Stone,344.4,TA,Fa,Wood,TA,TA,Mn,,890.8,Rec,420.1,804.0,70.3,Floor,Fa,N,FuseF,1100.0,1143.2,0.0,5628.0,0,0,1,2,1,0,TA,11,Min1,1,,CarPort,1979.0,RFn,1,281.8,TA,Gd,N,162.3,142.1,304.6,229.4,359.8,649.0,,,,4319.2,12,2009,Oth,AdjLand,423307
1294,80,RH,221.1,175011.8,Grvl,,Reg,HLS,NoSeWa,Inside,Mod,Edwards,RRAe,Norm,TwnhsE,SFoyer,7,8,1932,1979,Mansard,CompShg,Stone,MetalSd,None,105.5,Fa,Po,Slab,TA,Fa,No,ALQ,774.4,GLQ,1076.8,657.7,3795.1,GasA,Po,N,FuseA,3084.5,1411.1,0.0,1884.0,0,1,1,1,3,1,Ex,4,Min2,3,Fa,,1925.0,RFn,3,1306.9,Po,Po,N,526.2,28.5,508.9,213.6,394.5,466.0,,,,2781.5,11,2008,ConLI,AdjLand,433543
1295,45,RH,53.2,203638.4,Grvl,,IR3,Bnk,NoSeWa,CulDSac,Gtl,NPkVill,Feedr,Feedr,TwnhsE,2.5Fin,7,9,1913,1979,Mansard,Metal,HdBoard,CemntBd,Stone,850.9,Fa,Po,CBlock,Fa,Po,Av,Unf,3325.0,Unf,408.0,172.1,2481.4,OthW,Fa,Y,FuseA,871.1,1081.6,0.0,3682.3,0,0,1,1,8,3,TA,2,Typ,1,,,1993.0,Fin,1,940.1,Po,Gd,Y,288.4,152.9,14.6,340.9,229.2,188.0,,MnWw,,4955.8,10,2007,COD,Partial,487134
1296,85,RM,105.4,68247.6,Pave,,IR1,HLS,AllPub,Corner,Mod,BrDale,RRAn,Feedr,1Fam,1Story,9,3,1884,1998,Mansard,Tar&Grv,HdBoard,Plywood,Stone,99.4,Fa,Po,Stone,Fa,Fa,No,BLQ,5069.0,BLQ,1053.4,2199.2,1923.2,Floor,TA,N,FuseF,2475.1,1430.3,0.0,358.5,1,2,1,1,2,3,TA,14,Min2,3,Ex,BuiltIn,,Unf,2,1408.1,Ex,Fa,Y,629.0,256.6,224.9,172.7,325.7,616.0,,,,9505.6,2,2009,ConLD,Partial,362969
1297,40,RM,,184973.2,Pave,,IR3,HLS,NoSeWa,Corner,Sev,NPkVill,PosA,RRNn,2FmCon,SFoyer,2,2,1956,1988,Shed,Metal,CBlock,CemntBd,BrkCmn,1226.5,Gd,TA,PConc,Fa,Fa,No,Rec,4476.1,LwQ,566.0,1153.9,6021.4,Wall,Gd,N,FuseA,3189.3,90.7,0.0,3541.8,0,0,0,0,1,2,Gd,7,Maj1,3,,NA,1933.0,,1,1044.3,Gd,Gd,N,477.5,61.7,172.4,336.8,295.1,367.0,,,,7756.7,8,2010,Con,Abnorml,424703
1298,80,RH,94.0,29473.8,Pave,,IR1,Lvl,AllPub,Corner,Mod,Mitchel,RRNe,PosN,2FmCon,2Story,6,6,1891,1994,Flat,Tar&Grv,Plywood,WdShing,None,1150.7,Ex,Ex,BrkTil,,Fa,Gd,ALQ,3084.5,BLQ,1136.3,199.8,2848.1,GasA,TA,Y,FuseF,2857.8,760.7,0.0,2707.0,2,2,2,1,3,2,Ex,12,Mod,2,,2Types,1940.0,Unf,2,946.9,Gd,TA,N,475.0,516.6,315.2,277.8,195.4,384.0,,,,11018.2,7,2009,CWD,Normal,436649
1299,150,RH,171.4,152140.0,Grvl,,IR3,Lvl,NoSeWa,CulDSac,Sev,NPkVill,RRAe,Feedr,2FmCon,2.5Fin,9,4,1921,1981,Gable,Tar&Grv,BrkComm,Wd Sdng,BrkFace,1410.7,Fa,TA,Wood,Ex,TA,Mn,GLQ,2382.6,ALQ,210.5,2029.2,4581.5,Grav,Ex,Y,SBrkr,944.1,435.3,0.0,3148.8,2,0,0,2,8,2,Ex,14,Maj1,2,Ex,Detchd,1985.0,RFn,4,1155.5,,Ex,Y,587.5,358.9,5.2,24.6,394.0,97.0,,,,5174.4,1,2007,ConLw,Normal,551639
1300,30,RH,177.4,160042.4,Grvl,,IR1,Lvl,AllPub,Inside,Sev,Crawfor,PosA,Norm,2FmCon,1Story,2,1,1963,1950,Gable,Roll,HdBoard,BrkComm,None,1023.3,Fa,Gd,CBlock,Ex,Fa,No,BLQ,3491.8,Unf,302.1,651.4,1084.0,GasW,Fa,Y,Mix,1037.3,205.1,0.0,3221.0,3,1,1,0,3,2,Fa,8,Sev,1,NA,BuiltIn,1930.0,Unf,2,248.3,Gd,Fa,P,285.4,74.6,392.5,467.2,92.4,269.0,,,,1857.0,6,2007,ConLD,Normal,316087
1301,180,RM,125.2,146295.5,Pave,Pave,Reg,Lvl,AllPub,Inside,Mod,Blmngtn,Feedr,RRNn,Twnhs,1.5Unf,2,8,1959,1987,Gable,CompShg,BrkFace,BrkComm,BrkFace,107.5,Gd,Fa,Wood,TA,NA,Av,ALQ,2504.9,NA,1011.0,475.6,82.2,GasA,Fa,N,SBrkr,3259.9,483.4,0.0,1273.3,2,1,2,1,4,3,Ex,10,Min2,1,Ex,Detchd,1962.0,Fin,2,1341.4,Gd,NA,N,367.9,444.2,267.7,90.4,80.2,664.0,,,Gar2,2484.2,6,2010,ConLw,Family,265913
1302,45,RH,,55281.5,Grvl,,IR2,Bnk,AllPub,FR2,Sev,NoRidge,Artery,PosN,1Fam,1.5Unf,5,9,1940,1962,Flat,Metal,HdBoard,Wd Sdng,BrkCmn,405.0,TA,Fa,BrkTil,NA,TA,No,NA,1389.0,GLQ,825.8,656.3,2551.3,Floor,Fa,N,SBrkr,3859.2,395.1,0.0,4421.0,0,2,3,0,3,3,Fa,8,Typ,1,,Detchd,1954.0,Unf,3,234.8,Ex,NA,Y,499.5,507.7,386.8,229.4,353.5,217.0,,,,12357.9,9,2010,ConLD,AdjLand,451567
1303,180,RH,262.9,188083.2,Grvl,,IR1,Low,AllPub,Inside,Sev,Sawyer,PosN,RRNn,Twnhs,2.5Fin,10,9,1908,1960,Gambrel,WdShake,BrkFace,Plywood,None,1292.7,TA,TA,Slab,Gd,Gd,No,Unf,3833.4,LwQ,300.5,1318.8,4067.2,GasA,Po,Y,SBrkr,4291.4,2009.5,0.0,3282.4,2,2,0,0,7,0,Ex,5,Maj2,1,,Basment,1960.0,RFn,3,36.4,Gd,TA,P,361.3,143.7,247.2,481.4,306.0,20.0,,,,1518.9,12,2009,New,AdjLand,439202
1304,60,FV,251.5,37426.4,Pave,,IR1,Lvl,NoSeWa,Inside,Sev,Veenker,PosN,Norm,Twnhs,2.5Unf,10,2,1970,1959,Flat,ClyTile,Wd Sdng,HdBoard,Stone,267.4,Ex,Fa,CBlock,Ex,Po,Av,BLQ,4928.6,LwQ,1330.8,173.0,3095.3,GasW,Po,Y,FuseA,3879.7,591.7,0.0,1768.2,3,2,3,0,3,2,TA,5,Mod,1,,Attchd,1984.0,Unf,0,989.6,Gd,Fa,P,380.7,78.4,261.8,125.6,152.5,271.0,,,,12371.0,10,2009,ConLw,Alloca,480625
1305,30,RL,,12774.9,Pave,,Reg,Lvl,AllPub,FR3,Mod,ClearCr,RRNn,Feedr,Duplex,2Story,10,9,1996,1997,Shed,Roll,Wd Sdng,Stone,None,1117.6,Gd,TA,CBlock,Gd,Gd,NA,Rec,2104.5,Rec,406.7,1125.4,5440.7,Grav,TA,N,SBrkr,4578.4,476.9,0.0,5309.6,1,0,1,1,1,1,Fa,9,Maj1,2,,Detchd,1935.0,Unf,0,261.8,Gd,Ex,Y,233.5,176.4,494.3,11.3,304.9,713.0,,,,3295.8,11,2007,WD,Abnorml,697195
1306,180,C,287.8,154798.0,Grvl,,IR3,Lvl,AllPub,Inside,Sev,Blmngtn,Norm,Feedr,1Fam,SLvl,8,7,1925,2008,Hip,Membran,Plywood,CBlock,BrkCmn,1248.4,Ex,Po,CBlock,Ex,TA,No,Unf,4749.6,BLQ,620.7,2092.5,2651.6,GasW,Gd,N,FuseF,2113.2,1724.0,0.0,401.8,2,0,3,0,3,0,TA,5,Sal,1,Po,Detchd,1939.0,,2,1075.9,NA,Po,N,246.3,455.2,116.4,248.9,369.9,159.0,,,,10515.3,8,2010,Oth,Partial,364089
1307,75,RL,299.2,103025.7,Grvl,,IR1,Bnk,AllPub,CulDSac,Gtl,Somerst,RRAe,Artery,2FmCon,1Story,9,5,2001,1975,Shed,Metal,AsphShn,Stucco,None,528.2,Fa,Gd,Stone,Fa,Gd,Av,LwQ,2433.0,NA,298.2,439.6,1900.2,GasA,Ex,N,FuseF,1777.2,865.5,0.0,4187.3,3,0,2,0,1,0,Fa,2,Sev,1,,Detchd,1922.0,Unf,4,1127.4,NA,Ex,Y,599.0,95.8,120.1,113.8,104.1,491.0,,,,9658.0,7,2006,ConLD,Partial,513930
1308,75,FV,116.4,182960.3,Pave,,IR3,Low,NoSeWa,Corner,Mod,IDOTRR,Artery,Artery,1Fam,1Story,2,7,1912,2005,Flat,Metal,ImStucc,Plywood,BrkFace,515.7,Ex,Po,Wood,Fa,Po,Gd,BLQ,2265.1,GLQ,572.0,773.7,5597.1,GasA,Gd,N,FuseF,456.8,870.3,0.0,2357.6,3,1,2,0,8,3,Ex,10,Mod,0,TA,Detchd,1925.0,RFn,0,335.6,Fa,Po,Y,3.7,426.3,308.8,295.7,279.1,428.0,,,,1523.0,7,2010,ConLw,Partial,353318
1309,20,C,124.5,83325.9,Grvl,,Reg,HLS,AllPub,CulDSac,Gtl,Blueste,RRAn,RRNn,2FmCon,1.5Unf,5,9,1916,2004,Hip,Membran,VinylSd,CBlock,None,892.5,Ex,Fa,Stone,TA,Fa,Mn,Rec,159.9,Unf,724.7,925.3,2485.6,Wall,Gd,N,FuseF,2294.6,916.0,0.0,3107.7,0,2,2,2,7,2,Fa,4,Mod,3,Gd,Basment,1917.0,NA,2,123.0,Gd,Gd,P,81.7,391.8,364.4,415.1,395.8,575.0,,,,10320.9,5,2008,ConLD,Alloca,390445
1310,120,RH,168.6,37302.4,Pave,,IR1,Lvl,AllPub,Corner,Mod,SWISU,RRAn,RRNn,Duplex,1.5Unf,7,8,1974,1969,Shed,Tar&Grv,Wd Sdng,ImStucc,None,1378.1,Fa,Gd,PConc,TA,Gd,Av,ALQ,3924.2,Rec,435.2,1369.4,1647.5,Floor,Ex,Y,SBrkr,3172.7,860.1,0.0,1881.3,3,0,0,1,8,0,TA,2,Min2,3,,,1978.0,RFn,3,710.2,Fa,TA,N,813.1,356.3,195.8,259.7,197.4,595.0,,,,6936.4,2,2008,New,Alloca,428959
1311,40,FV,,180252.6,Pave,,IR2,Low,NoSeWa,Corner,Gtl,Mitchel,RRAn,PosN,TwnhsE,2.5Fin,6,6,1977,1966,Mansard,Tar&Grv,MetalSd,Stone,BrkCmn,358.2,Ex,Ex,BrkTil,Gd,TA,Av,ALQ,4557.5,Unf,1133.6,2147.4,596.7,OthW,Po,N,FuseP,3887.6,674.4,0.0,2039.2,2,1,3,2,3,2,TA,10,Mod,2,,Attchd,1933.0,Unf,0,1262.3,Ex,Fa,P,160.3,237.0,286.8,327.7,274.4,584.0,,,,10961.0,10,2010,CWD,AdjLand,406757
1312,85,RH,276.9,118736.5,Pave,,IR1,HLS,NoSeWa,FR2,Sev,StoneBr,RRNn,Feedr,Twnhs,2.5Unf,6,4,2008,1966,Hip,WdShake,Stucco,Stucco,None,1506.0,Ex,TA,Wood,TA,NA,Mn,Rec,3745.1,GLQ,580.7,921.6,4847.1,Wall,Fa,Y,Mix,1499.6,591.3,0.0,414.5,3,2,3,0,0,3,Ex,12,Min1,3,,CarPort,1985.0,Fin,0,1201.5,Gd,Po,Y,358.3,200.6,125.8,338.4,37.7,571.0,,,,12949.8,12,2009,CWD,Alloca,430952
1313,80,RM,50.9,41777.5,Grvl,,Reg,Lvl,AllPub,Inside,Gtl,ClearCr,Artery,Feedr,Duplex,2.5Fin,7,1,1999,1953,Flat,ClyTile,CBlock,WdShing,None,958.6,Fa,Gd,Wood,NA,Po,Av,ALQ,854.3,NA,1075.3,161.5,5041.3,Wall,Po,N,FuseP,2572.2,1821.2,0.0,4208.0,3,1,3,0,2,0,TA,12,Min1,1,,2Types,1927.0,Fin,2,166.0,Po,,Y,728.2,46.6,75.0,416.8,398.6,658.0,,,,612.2,5,2008,Oth,Alloca,602752
1314,50,FV,135.7,155422.6,Pave,,IR3,Bnk,NoSeWa,FR2,Gtl,NPkVill,Artery,Artery,Twnhs,SFoyer,3,6,1957,1954,Gambrel,Membran,BrkComm,Wd Sdng,Stone,1587.4,Fa,TA,PConc,NA,Gd,NA,,583.0,GLQ,305.2,812.8,203.4,Wall,Fa,N,FuseA,3219.0,333.9,0.0,4106.9,0,2,1,2,6,0,Ex,14,Maj1,3,,2Types,2006.0,RFn,2,1368.1,Fa,,N,0.1,195.5,131.5,349.5,382.1,46.0,,GdPrv,TenC,10043.4,1,2007,ConLw,Partial,456933
1315,60,RM,182.6,110650.2,Pave,,IR1,Bnk,AllPub,Corner,Gtl,MeadowV,RRNn,Norm,2FmCon,1Story,3,3,1918,2009,Gable,Membran,WdShing,AsphShn,None,143.4,Fa,Gd,BrkTil,NA,NA,Gd,,3233.2,ALQ,555.8,444.0,2191.3,Wall,Fa,N,SBrkr,2737.9,373.9,0.0,3807.3,0,0,0,0,0,1,Gd,11,Maj1,2,,Detchd,1948.0,Fin,1,374.3,Gd,Ex,Y,792.9,329.2,505.8,495.9,219.0,222.0,,,,1626.8,11,2007,Con,Family,386297
1316,45,FV,167.9,130589.7,Pave,Grvl,Reg,Bnk,AllPub,FR3,Mod,Timber,PosA,Norm,2FmCon,SLvl,10,6,1876,1972,Flat,WdShake,Plywood,Stucco,None,202.5,Ex,Fa,PConc,TA,Po,NA,ALQ,2266.2,ALQ,11.9,1522.5,4581.7,Wall,Po,N,FuseP,1528.2,1180.6,0.0,4994.2,2,1,0,2,7,3,TA,11,Maj2,3,Gd,Basment,1963.0,Unf,1,495.4,NA,Gd,Y,45.8,491.3,442.6,231.8,57.2,157.0,,,,5872.6,10,2007,Con,Family,642322
1317,85,FV,77.6,99906.9,Pave,,Reg,HLS,NoSeWa,FR3,Sev,NAmes,RRAn,Artery,Duplex,SFoyer,9,6,1872,1995,Gable,Membran,WdShing,MetalSd,BrkCmn,1322.6,Fa,Po,CBlock,,Gd,No,ALQ,2421.8,Rec,1118.2,68.4,5782.4,Grav,Gd,N,SBrkr,3804.2,709.7,0.0,5117.9,3,1,3,0,8,1,Gd,6,Typ,3,NA,Attchd,1970.0,NA,4,211.4,Po,Ex,P,146.4,455.7,77.4,25.5,317.0,46.0,,,Elev,196.5,6,2010,CWD,Alloca,595400
1318,190,RM,271.8,178598.1,Grvl,,Reg,Bnk,AllPub,FR2,Sev,Blueste,RRNn,RRNn,TwnhsE,SFoyer,8,4,1915,2001,Shed,Tar&Grv,HdBoard,VinylSd,BrkFace,1383.6,Gd,Fa,CBlock,Gd,TA,Gd,Rec,5462.3,Rec,922.6,681.9,2308.5,Floor,Fa,Y,FuseF,1089.5,870.5,0.0,3287.6,1,1,0,0,7,3,Gd,13,Sal,0,,,1962.0,Fin,0,535.7,TA,Po,N,24.9,17.6,25.7,200.2,275.0,721.0,,,,5094.0,2,2008,New,Abnorml,488401
1319,30,C,218.7,178780.8,Pave,,IR3,Low,NoSeWa,FR2,Gtl,SawyerW,RRAe,Feedr,TwnhsE,1.5Fin,5,2,1909,1959,Hip,Metal,Wd Sdng,AsphShn,None,712.7,Ex,Ex,BrkTil,Gd,NA,No,Unf,4085.8,Unf,1205.5,1273.5,5328.2,OthW,Po,Y,FuseA,4277.9,1665.5,0.0,3969.0,3,2,3,0,4,1,Fa,10,Min2,0,TA,Attchd,2003.0,NA,1,901.3,Fa,TA,Y,445.2,76.0,51.4,426.7,441.4,532.0,,,Elev,2625.0,12,2009,ConLI,Alloca,501017
1320,90,RL,265.7,153070.2,Pave,,IR3,HLS,AllPub,Inside,Gtl,ClearCr,RRAe,Feedr,Twnhs,1Story,6,9,1890,1995,Mansard,Tar&Grv,HdBoard,HdBoard,Stone,1142.5,Fa,Fa,CBlock,,NA,Mn,Rec,2324.1,Rec,671.6,647.9,2405.6,OthW,Gd,Y,FuseP,4485.4,1866.0,0.0,392.4,1,2,3,0,8,3,Gd,4,Maj1,1,,Detchd,1961.0,Fin,2,717.6,Ex,Po,N,808.2,464.1,162.0,67.6,134.3,350.0,,,,8622.1,1,2007,ConLw,Family,270815
1321,75,RH,271.8,23850.1,Pave,,IR2,Bnk,AllPub,FR2,Mod,SWISU,Norm,Feedr,2FmCon,1.5Fin,10,2,1986,1977,Mansard,WdShngl,Stone,Plywood,BrkCmn,1388.1,Ex,Gd,PConc,Ex,Gd,Av,BLQ,107.8,GLQ,1178.8,1287.1,1096.7,Floor,Ex,Y,Mix,1927.2,1632.5,0.0,4826.4,2,1,3,1,3,3,Fa,7,Typ,3,Ex,Basment,1941.0,RFn,0,1173.5,TA,Po,N,719.1,513.8,447.9,373.9,15.5,318.0,,,,7940.2,1,2009,CWD,Family,644210
1322,90,FV,239.5,180768.6,Grvl,,IR2,Low,NoSeWa,FR2,Gtl,NPkVill,RRNn,Norm,2FmCon,2.5Unf,1,3,1958,1982,Flat,WdShngl,Plywood,HdBoard,BrkFace,69.0,Gd,Ex,Stone,TA,Gd,Av,GLQ,192.4,LwQ,954.5,268.0,21.1,OthW,Fa,Y,FuseF,1973.4,485.1,0.0,4667.5,0,2,2,1,8,0,TA,12,Maj2,1,,NA,1923.0,Unf,1,909.4,Po,NA,P,548.3,30.5,177.4,272.1,122.3,230.0,,,,12295.8,1,2007,ConLI,Normal,379512
1323,150,RH,149.2,144859.9,Grvl,,IR1,Low,AllPub,CulDSac,Gtl,Edwards,Feedr,RRNn,TwnhsE,SLvl,10,10,1994,1992,Hip,Tar&Grv,AsbShng,Plywood,BrkCmn,918.3,Fa,Gd,Slab,Ex,TA,Gd,LwQ,3865.0,ALQ,5.3,2202.4,2017.4,Grav,Gd,Y,FuseF,3573.2,2023.6,0.0,441.5,2,1,1,1,0,1,Ex,13,Sev,3,,2Types,,NA,4,373.7,Fa,Ex,P,159.0,383.6,102.5,457.5,205.4,297.0,,,,9919.4,4,2010,ConLD,Alloca,389476
1324,60,RM,199.3,150424.8,Pave,,Reg,Lvl,NoSeWa,FR2,Gtl,MeadowV,Artery,Norm,2FmCon,1Story,1,1,1953,1975,Hip,WdShake,Plywood,Stone,BrkFace,1365.6,Fa,Po,Wood,Fa,TA,Av,Unf,4728.2,Unf,373.9,679.6,2312.5,Grav,Fa,Y,FuseA,2322.5,750.0,0.0,3215.3,0,0,0,2,2,1,Ex,12,Maj1,1,,CarPort,1976.0,NA,4,790.4,Fa,Po,Y,745.2,200.1,218.5,371.4,74.6,444.0,,GdWo,,11076.7,12,2007,Oth,AdjLand,346495
1325,50,RH,67.8,78958.4,Pave,,IR2,Lvl,AllPub,FR2,Mod,NridgHt,RRAn,RRNn,2FmCon,1.5Fin,4,7,1929,2004,Gable,Tar&Grv,AsbShng,Other,None,637.0,TA,TA,Wood,Ex,Fa,Av,,3994.3,Unf,728.0,2156.1,5774.7,Floor,Gd,N,FuseF,458.7,349.1,0.0,5146.5,0,1,1,2,3,1,Fa,13,Typ,1,Gd,BuiltIn,1954.0,RFn,4,91.0,Gd,,Y,646.8,199.3,68.5,335.5,470.3,104.0,,GdWo,,1433.4,5,2010,ConLD,Abnorml,517451
1326,80,RM,217.7,189417.5,Pave,,IR3,Low,AllPub,CulDSac,Gtl,Mitchel,PosA,Artery,Duplex,1.5Fin,2,1,1938,1999,Shed,Metal,Plywood,Plywood,BrkFace,483.8,Gd,Po,PConc,TA,Gd,,Unf,2290.8,Unf,911.9,761.2,1259.1,Grav,Ex,N,FuseF,4342.8,1031.5,0.0,1296.8,3,1,2,2,0,0,Fa,8,Sev,3,,Detchd,1948.0,Fin,4,823.6,TA,Gd,N,228.7,351.5,259.6,450.5,106.7,637.0,,,,430.4,5,2008,COD,Alloca,268196
1327,20,RH,73.3,156489.6,Pave,,Reg,Lvl,NoSeWa,Corner,Gtl,Gilbert,RRAn,RRNn,TwnhsE,2.5Fin,7,9,1993,1997,Shed,WdShngl,Stone,BrkComm,BrkFace,1273.1,Gd,Po,BrkTil,Ex,TA,,ALQ,175.7,NA,96.7,1826.4,2335.4,GasA,Fa,Y,FuseP,2211.2,1497.7,0.0,2205.8,3,2,0,2,5,2,Gd,6,Min2,0,TA,Detchd,1976.0,RFn,2,552.5,Gd,Ex,P,690.0,443.2,372.9,461.4,325.4,298.0,,,,15027.9,11,2008,ConLw,AdjLand,365517
1328,50,RL,223.6,25388.2,Grvl,,IR1,Lvl,AllPub,Corner,Gtl,SWISU,PosN,Norm,TwnhsE,1.5Unf,2,1,1958,1978,Hip,CompShg,BrkFace,VinylSd,None,537.3,TA,Po,CBlock,TA,Gd,Av,NA,5460.0,LwQ,1039.3,575.1,153.7,OthW,Po,Y,FuseF,1220.8,172.0,0.0,2091.2,0,2,3,1,3,3,Fa,13,Min2,2,Po,,1994.0,NA,4,139.5,Ex,Po,Y,751.7,150.3,203.6,195.5,218.0,67.0,,NA,,6619.0,1,2009,New,Family,284462
1329,60,RL,88.0,88542.1,Pave,,Reg,HLS,NoSeWa,CulDSac,Mod,SawyerW,RRNn,Feedr,1Fam,SFoyer,10,5,2002,1976,Gambrel,WdShake,BrkFace,Stone,Stone,5.1,Gd,Gd,Slab,Ex,TA,No,GLQ,5566.9,BLQ,801.2,1564.6,4665.2,GasW,Gd,N,FuseA,2755.6,1309.8,0.0,2223.3,1,2,1,2,3,1,Gd,9,Maj1,1,,Basment,1958.0,Fin,3,436.0,TA,Fa,N,598.4,385.8,95.8,471.3,266.5,537.0,,,,6122.1,12,2007,WD,Abnorml,542741
1330,50,RL,55.3,190936.6,Grvl,,IR2,Bnk,NoSeWa,Inside,Mod,NridgHt,PosA,Norm,TwnhsE,1.5Fin,2,7,1926,1967,Mansard,CompShg,VinylSd,Other,Stone,1535.3,Fa,TA,Slab,Ex,Po,NA,NA,3100.6,ALQ,775.0,756.2,5591.5,Wall,Ex,Y,SBrkr,1288.0,1771.9,0.0,556.3,1,0,2,2,0,3,Gd,11,Min1,2,TA,NA,1982.0,RFn,4,1273.5,Fa,Gd,N,86.0,347.8,250.2,27.8,447.7,672.0,,,,542.7,11,2008,ConLD,Alloca,298484
1331,60,RL,69.3,11397.5,Pave,,IR2,HLS,NoSeWa,FR2,Sev,Sawyer,PosA,Artery,TwnhsE,1.5Fin,5,3,1960,1989,Shed,WdShake,Plywood,WdShing,None,947.4,TA,Gd,CBlock,Gd,TA,Av,Unf,398.9,Unf,430.5,1189.4,1453.1,GasA,Fa,N,FuseA,1231.8,540.6,0.0,1815.0,3,0,0,2,4,0,Fa,7,Mod,3,Ex,,1992.0,,1,831.0,Po,Ex,P,843.5,283.0,420.9,387.4,255.1,619.0,,,,1843.1,6,2006,Con,Abnorml,312205
1332,60,RL,21.6,206990.3,Grvl,,Reg,HLS,NoSeWa,Inside,Mod,MeadowV,PosA,Feedr,1Fam,2.5Unf,4,9,1929,2009,Gambrel,ClyTile,BrkComm,BrkComm,BrkCmn,1311.2,Ex,Ex,PConc,Gd,TA,Gd,GLQ,3053.2,BLQ,876.8,1574.0,2621.2,GasA,Ex,Y,FuseA,2712.3,1431.3,0.0,1899.1,2,0,0,0,8,3,Gd,13,Maj1,1,,BuiltIn,1921.0,NA,0,1280.8,Ex,TA,Y,65.1,329.5,42.3,171.0,146.5,595.0,,,,14577.3,3,2006,ConLD,Family,314142
1333,70,RL,,146603.4,Grvl,,IR3,Lvl,NoSeWa,FR3,Sev,NWAmes,RRAe,Norm,2FmCon,1Story,8,8,1934,1959,Shed,CompShg,MetalSd,CBlock,BrkCmn,1320.5,Fa,Gd,CBlock,Gd,Po,,NA,5036.4,BLQ,40.5,1375.6,746.1,Wall,Ex,N,SBrkr,2038.2,825.8,0.0,4930.0,1,2,1,2,5,0,TA,7,Typ,3,,Basment,,Fin,1,582.5,Gd,TA,Y,560.9,9.9,39.2,247.6,106.0,40.0,,,,10770.1,4,2009,ConLI,Family,514032
1334,190,RM,234.9,136379.7,Grvl,,Reg,Bnk,NoSeWa,Inside,Sev,NAmes,PosA,Feedr,2FmCon,2.5Fin,4,3,1962,2007,Gambrel,CompShg,WdShing,Stucco,BrkFace,106.3,Gd,Po,Stone,TA,,Gd,Rec,3837.8,NA,95.4,1346.2,2791.3,GasA,Fa,N,FuseP,2831.1,855.2,0.0,2203.0,0,1,1,0,7,2,TA,14,Sev,1,,Detchd,1984.0,RFn,0,1388.1,Gd,Gd,Y,94.7,2.2,175.6,424.6,428.2,199.0,,,,6342.8,5,2008,Con,Normal,363791
1335,45,FV,171.4,59184.8,Grvl,,Reg,HLS,NoSeWa,FR2,Gtl,Gilbert,Feedr,Artery,Twnhs,1.5Unf,6,5,1923,1991,Gable,Membran,WdShing,Plywood,BrkCmn,273.4,TA,Fa,BrkTil,NA,Fa,Mn,Rec,4063.6,Rec,1081.7,153.4,814.7,Grav,Fa,Y,Mix,4678.2,579.9,0.0,2707.8,3,1,0,2,3,1,Fa,8,Min2,0,Po,BuiltIn,1960.0,Fin,2,510.5,NA,TA,P,775.9,301.1,229.1,323.6,473.6,547.0,,,,14019.5,12,2010,VWD,Partial,347875
1336,160,RH,68.1,54527.8,Grvl,,Reg,HLS,NoSeWa,Corner,Sev,Somerst,RRAe,RRNn,2FmCon,1.5Unf,5,7,1997,1954,Hip,Roll,AsphShn,Plywood,BrkCmn,497.8,Ex,Fa,Wood,NA,TA,Gd,GLQ,479.6,Unf,474.5,581.8,3197.7,GasA,Gd,Y,Mix,4077.6,1289.4,0.0,2355.0,3,1,0,2,8,0,Gd,9,Sal,1,NA,Attchd,1979.0,,0,1073.1,Ex,Ex,N,299.9,286.7,119.5,232.4,120.9,374.0,,,,9143.3,4,2006,WD,Alloca,423993
1337,90,RL,,202848.6,Grvl,,Reg,HLS,NoSeWa,FR2,Gtl,BrkSide,Artery,RRNn,TwnhsE,1Story,2,4,1895,1959,Gable,Tar&Grv,Stucco,VinylSd,None,513.1,TA,Gd,CBlock,NA,Po,Av,Rec,601.2,GLQ,511.4,1335.8,4488.5,OthW,Po,N,FuseA,367.4,745.5,0.0,974.5,0,2,2,0,6,3,Fa,13,Maj1,1,Po,Attchd,1929.0,RFn,3,433.1,TA,Ex,Y,438.4,39.0,14.9,83.3,346.5,405.0,,,,11570.3,4,2008,CWD,Abnorml,272503
1338,160,RM,26.6,65113.9,Pave,,Reg,HLS,NoSeWa,FR2,Mod,Edwards,RRAn,PosN,Twnhs,SFoyer,8,5,1943,1999,Shed,WdShake,HdBoard,Plywood,None,1054.1,Fa,Po,PConc,NA,Fa,Av,BLQ,718.8,LwQ,307.2,42.8,3380.9,OthW,Ex,Y,FuseP,554.3,1715.8,0.0,5590.8,2,2,3,2,6,0,TA,14,Min2,1,,CarPort,1968.0,Fin,4,150.3,Ex,NA,P,153.2,269.1,121.2,477.1,242.8,233.0,,,,6689.8,10,2010,COD,AdjLand,597589
1339,160,RM,,167215.5,Grvl,,IR3,Bnk,AllPub,FR2,Mod,OldTown,PosA,Feedr,Twnhs,1.5Unf,2,3,1880,1970,Mansard,Membran,AsbShng,Stone,BrkFace,997.0,Fa,Po,Stone,TA,Fa,Gd,BLQ,5104.3,,656.8,585.5,1498.3,Floor,Fa,Y,FuseP,2992.7,1988.4,0.0,4717.5,0,0,3,0,7,0,Gd,3,Maj1,3,Ex,,2004.0,Fin,1,1181.3,TA,Ex,Y,468.4,414.4,240.3,168.9,335.3,507.0,,,,6688.7,1,2007,ConLw,Normal,435847
1340,160,RM,281.1,85406.4,Grvl,,IR1,Lvl,NoSeWa,Inside,Sev,NAmes,RRAe,Artery,2FmCon,1Story,9,9,1981,1973,Gable,WdShngl,Wd Sdng,AsbShng,BrkCmn,791.3,TA,Fa,Wood,Gd,Gd,Gd,LwQ,2967.9,NA,76.6,535.4,2161.7,Floor,Ex,N,FuseP,3063.2,1931.0,0.0,3205.2,2,2,2,2,1,2,Fa,8,Min2,0,,Detchd,1959.0,Unf,0,1081.3,Ex,NA,Y,804.6,296.0,43.8,51.4,462.8,241.0,,,,1059.4,2,2008,COD,Partial,485425
1341,180,FV,91.5,31092.7,Pave,,IR1,Low,NoSeWa,Corner,Gtl,StoneBr,PosN,Norm,Twnhs,SLvl,9,10,1965,1987,Shed,CompShg,Plywood,BrkComm,BrkFace,338.0,TA,TA,Stone,Gd,Po,No,LwQ,4467.6,NA,442.7,583.7,3901.7,GasW,Gd,N,FuseP,4161.2,336.9,0.0,2862.5,3,1,0,2,5,1,Ex,10,Sal,3,Gd,Basment,2004.0,Fin,1,1163.7,NA,Po,P,772.7,283.1,395.2,286.6,132.5,338.0,,,,11376.6,2,2007,Con,AdjLand,481996
1342,75,RH,124.4,3592.5,Grvl,Pave,IR2,Lvl,AllPub,Corner,Sev,BrDale,RRNe,Norm,1Fam,SFoyer,3,9,1988,1952,Gambrel,Tar&Grv,MetalSd,ImStucc,None,611.2,Gd,TA,PConc,Gd,NA,NA,Unf,650.7,Unf,777.0,1251.2,3603.4,OthW,Gd,Y,FuseA,3075.4,29.3,0.0,3780.2,2,0,1,0,6,0,Gd,14,Min1,2,,Detchd,1905.0,RFn,4,425.0,NA,TA,Y,54.8,392.7,304.8,206.4,355.2,19.0,,,,1536.3,2,2006,ConLw,Normal,467520
1343,70,FV,51.8,117741.1,Pave,,IR3,Low,NoSeWa,Inside,Sev,Edwards,RRNn,PosN,Twnhs,2.5Fin,4,7,1954,1989,Gable,Metal,BrkFace,WdShing,BrkCmn,869.8,Fa,Po,BrkTil,TA,Po,Gd,Unf,5235.6,BLQ,686.3,1359.5,835.7,Wall,Gd,N,FuseF,1326.4,905.4,0.0,2066.7,0,0,1,1,2,0,TA,2,Sal,0,,BuiltIn,1984.0,Unf,2,997.8,Ex,Po,Y,324.2,94.0,239.8,300.0,210.2,663.0,,,,11846.1,10,2007,Oth,Alloca,278247
1344,80,C,85.9,210063.0,Grvl,,Reg,HLS,NoSeWa,Inside,Mod,NoRidge,PosA,Norm,Duplex,SLvl,8,10,1951,1980,Hip,WdShake,Stone,Stone,BrkFace,748.8,Ex,Ex,Slab,Ex,Po,,LwQ,4634.5,Unf,1473.5,2123.4,5162.6,Wall,Po,Y,Mix,2375.8,1505.1,0.0,600.9,3,2,0,0,7,3,Ex,14,Typ,1,NA,CarPort,2005.0,RFn,4,311.9,Fa,TA,N,229.2,250.2,286.3,118.6,313.2,170.0,,,,2958.3,1,2006,New,AdjLand,334369
1345,70,RM,172.6,80274.8,Grvl,,IR3,Low,NoSeWa,Inside,Sev,ClearCr,PosN,Artery,1Fam,1Story,9,2,1971,1990,Gable,WdShake,Stone,CemntBd,BrkFace,203.7,TA,Ex,Stone,Fa,Fa,Av,Unf,1268.6,Rec,573.0,901.8,2903.4,OthW,TA,N,Mix,3859.6,2018.4,0.0,2480.1,1,0,2,1,0,0,TA,13,Maj1,1,Ex,NA,1910.0,RFn,2,16.0,TA,NA,P,412.5,81.0,362.0,192.4,195.2,215.0,,,,3834.2,10,2009,COD,Abnorml,426878
1346,40,C,198.5,77719.5,Grvl,,IR1,Bnk,NoSeWa,FR3,Gtl,Edwards,PosN,Artery,TwnhsE,2.5Fin,3,7,1911,1986,Hip,ClyTile,CBlock,WdShing,Stone,1039.2,Ex,Ex,Wood,TA,Po,Gd,ALQ,4933.9,GLQ,570.4,2164.5,992.1,Grav,TA,Y,SBrkr,4355.7,1617.8,0.0,5557.0,3,0,0,0,0,0,TA,2,Min2,1,TA,Detchd,1923.0,Fin,1,1228.7,,TA,Y,714.5,286.5,549.1,494.0,340.0,15.0,,,,14227.3,8,2009,VWD,Family,462735
1347,40,RL,,74916.7,Pave,,Reg,Bnk,AllPub,FR3,Mod,NWAmes,RRAn,RRNn,2FmCon,1Story,5,7,1974,2010,Gambrel,WdShngl,CBlock,BrkFace,Stone,116.9,TA,Ex,PConc,Ex,Po,No,BLQ,1486.9,ALQ,742.3,1523.0,750.5,OthW,TA,Y,FuseA,1366.5,1198.8,0.0,1301.9,0,2,1,1,2,1,Fa,8,Maj1,2,,NA,1991.0,Fin,2,742.4,Gd,TA,N,633.2,323.8,427.9,475.8,162.0,282.0,,MnPrv,,7309.3,1,2006,Oth,Normal,313868
1348,180,RL,37.9,112667.8,Grvl,,IR3,HLS,AllPub,FR2,Mod,SawyerW,PosA,Feedr,2FmCon,SFoyer,8,5,1933,1951,Hip,CompShg,CBlock,VinylSd,BrkCmn,605.1,Fa,Ex,Wood,Gd,Fa,No,ALQ,1158.9,BLQ,280.5,2132.0,5899.5,Grav,Po,Y,Mix,2685.6,54.4,0.0,3135.1,0,0,0,2,5,1,TA,14,Typ,2,TA,Detchd,,RFn,2,1394.8,Gd,Fa,Y,294.8,66.6,298.3,439.1,234.4,300.0,,,,1941.3,8,2010,New,Normal,562526
1349,75,FV,135.2,95578.0,Grvl,,IR2,Bnk,NoSeWa,FR3,Sev,BrDale,Feedr,Feedr,Duplex,1.5Unf,3,9,1940,1951,Hip,Tar&Grv,WdShing,MetalSd,BrkCmn,1136.0,TA,Fa,Wood,Gd,Fa,NA,BLQ,1491.4,Unf,1291.7,1947.0,1720.2,Floor,Po,N,FuseA,1026.6,1704.7,0.0,379.2,3,1,0,1,6,3,Ex,6,Maj1,1,,Attchd,2002.0,NA,2,546.0,NA,Po,Y,327.9,41.3,425.3,395.8,340.2,164.0,,,,14028.8,1,2009,Con,Alloca,211042
1350,50,RH,89.4,189553.3,Pave,,IR1,HLS,NoSeWa,Inside,Sev,NAmes,RRNe,Norm,2FmCon,1.5Fin,7,3,1980,1988,Shed,ClyTile,MetalSd,Stucco,None,32.0,Gd,Po,Stone,NA,Gd,Av,Unf,5135.8,Rec,843.5,1606.2,5551.5,Wall,Ex,N,FuseA,2499.9,365.8,0.0,981.7,3,2,2,2,1,0,Fa,2,Sev,1,Ex,2Types,2009.0,Fin,2,1356.8,TA,Gd,N,560.7,91.2,262.3,79.5,20.5,690.0,,,,7012.2,10,2010,ConLD,Normal,439129
1351,45,C,85.1,109453.6,Grvl,,Reg,Low,NoSeWa,Inside,Sev,CollgCr,RRNn,Feedr,TwnhsE,2Story,8,4,1875,1998,Hip,CompShg,CemntBd,MetalSd,None,912.0,Ex,Gd,Wood,NA,Gd,NA,GLQ,5167.6,Unf,283.2,831.9,2508.7,OthW,Ex,N,FuseP,726.7,114.8,0.0,3450.8,3,1,3,0,5,0,Fa,14,Mod,2,Gd,Basment,2003.0,RFn,2,872.2,Ex,Po,Y,166.5,320.7,171.6,237.2,157.5,257.0,,,,2023.5,3,2010,VWD,Partial,471223
1352,75,RH,301.3,109932.3,Grvl,,Reg,Lvl,NoSeWa,Inside,Gtl,NridgHt,RRAn,PosN,Twnhs,2Story,10,1,1943,1991,Shed,Tar&Grv,CBlock,BrkComm,None,535.2,TA,Fa,Slab,Ex,Po,NA,NA,1856.9,Unf,1169.5,563.2,2358.0,Floor,Gd,N,SBrkr,4438.1,1756.0,0.0,1912.7,2,1,1,1,4,0,Gd,2,Min2,3,,CarPort,1950.0,Fin,0,726.3,TA,NA,N,88.0,103.7,144.6,369.8,262.2,587.0,,,,6057.8,9,2010,ConLI,Abnorml,415314
1353,180,FV,201.0,30903.9,Grvl,,Reg,Lvl,AllPub,Corner,Sev,Timber,PosN,Feedr,2FmCon,1Story,3,6,1888,1993,Hip,WdShngl,BrkComm,AsbShng,Stone,14.1,Fa,Fa,Wood,Fa,Po,NA,ALQ,3981.5,Unf,50.6,519.5,4282.7,GasW,Po,Y,FuseA,3114.7,1169.3,0.0,5141.4,1,1,1,2,5,2,Ex,3,Typ,0,,Detchd,,RFn,2,429.4,Ex,TA,N,207.9,150.6,220.5,133.0,35.6,616.0,,,,9134.6,8,2008,New,Family,487264
1354,60,RL,183.6,211552.2,Pave,,Reg,Low,NoSeWa,Corner,Gtl,Somerst,RRNn,Norm,TwnhsE,SLvl,2,4,1985,1983,Mansard,CompShg,BrkComm,Other,BrkFace,304.6,TA,Po,PConc,Ex,TA,Av,LwQ,3813.9,Unf,1448.3,2224.3,60.4,Wall,TA,Y,Mix,4056.7,265.5,0.0,2489.9,2,1,0,0,0,2,Ex,12,Maj2,0,,Attchd,1918.0,Fin,2,1170.2,Fa,Gd,N,106.3,384.3,1.3,16.8,337.5,352.0,,,,5616.3,2,2008,New,Alloca,299574
1355,30,RH,142.4,54780.5,Grvl,,Reg,Lvl,NoSeWa,FR3,Sev,Veenker,PosN,Feedr,1Fam,SFoyer,10,1,1956,1991,Flat,Metal,BrkFace,WdShing,None,1505.5,Ex,TA,Stone,Ex,NA,Gd,BLQ,4552.2,Rec,1275.2,2239.2,2065.7,GasW,TA,N,Mix,4684.6,798.2,0.0,1438.2,0,0,1,1,6,3,TA,11,Min1,2,TA,2Types,1949.0,Unf,4,1175.2,Po,Gd,Y,301.7,135.8,97.7,212.4,390.4,86.0,,MnPrv,,14327.1,4,2010,ConLD,Partial,420942
1356,45,RH,,16995.9,Grvl,,Reg,HLS,AllPub,CulDSac,Sev,Crawfor,PosN,Artery,TwnhsE,1.5Fin,7,2,1928,1969,Shed,ClyTile,Stucco,Wd Sdng,Stone,833.8,Fa,Fa,PConc,Fa,TA,NA,Unf,1673.5,Rec,854.4,1693.2,1849.2,Wall,Ex,Y,SBrkr,1130.1,176.6,0.0,3230.0,3,0,1,2,7,2,Fa,10,Sal,2,,Attchd,1980.0,NA,4,591.2,Gd,Gd,P,803.5,217.4,69.8,216.0,78.4,525.0,,,,4180.1,8,2006,ConLI,Alloca,479056
1357,120,RL,,143176.8,Grvl,,IR3,Low,AllPub,CulDSac,Mod,Veenker,Norm,Artery,Duplex,2.5Unf,9,3,1978,1982,Mansard,WdShngl,Stone,Wd Sdng,None,1595.6,TA,Fa,Wood,Ex,TA,Mn,LwQ,2879.2,ALQ,164.0,2064.5,5304.1,GasA,Gd,N,FuseA,3359.1,1317.5,0.0,4553.7,2,2,3,1,6,3,Ex,13,Mod,3,Fa,Detchd,1902.0,,4,1031.3,NA,Fa,P,103.1,508.1,530.1,33.1,352.1,8.0,,,,2725.3,12,2009,ConLw,Alloca,639630
1358,90,C,224.4,128675.7,Grvl,,IR2,HLS,AllPub,Inside,Mod,Gilbert,PosN,RRNn,TwnhsE,1Story,1,9,1919,1953,Gable,WdShngl,HdBoard,ImStucc,Stone,839.7,Gd,Gd,PConc,Ex,Po,Av,Rec,3768.4,GLQ,317.3,2146.8,3232.9,Floor,Gd,Y,FuseP,4199.5,583.2,0.0,437.1,2,2,1,1,8,0,Ex,13,Sal,1,,Basment,1902.0,Fin,2,634.2,TA,Ex,Y,701.3,451.3,35.8,162.9,310.2,462.0,,,,3424.7,9,2007,Con,Abnorml,207181
1359,45,RL,226.0,90118.3,Pave,,IR3,Lvl,NoSeWa,Corner,Gtl,SWISU,RRAn,RRNn,2FmCon,2.5Fin,3,8,1988,1994,Mansard,WdShake,HdBoard,Stucco,Stone,870.3,Gd,Ex,Slab,TA,,No,BLQ,148.2,LwQ,411.9,1195.0,2227.5,GasA,Fa,N,SBrkr,2843.9,1788.5,0.0,3017.3,0,1,1,2,0,2,TA,4,Sal,2,,2Types,2002.0,Unf,4,1048.8,Gd,TA,N,458.2,139.7,276.5,466.0,197.2,535.0,,,,1298.1,7,2008,ConLw,Normal,346094
1360,180,RH,71.1,91625.9,Grvl,,IR3,HLS,NoSeWa,FR2,Sev,SWISU,RRAe,RRNn,Twnhs,SLvl,5,7,1902,1993,Mansard,Tar&Grv,MetalSd,Stucco,BrkCmn,626.9,Gd,Fa,PConc,Fa,Fa,No,Unf,2126.3,LwQ,355.3,1469.5,1625.7,GasA,Po,Y,FuseA,3121.8,738.8,0.0,4439.3,2,1,2,2,8,1,Gd,10,Sal,3,NA,Detchd,1991.0,RFn,0,1409.8,Ex,TA,P,542.4,326.9,507.7,127.2,79.2,623.0,,,Othr,7010.6,1,2008,ConLI,Alloca,452956
1361,60,C,167.0,169260.5,Grvl,,Reg,Bnk,AllPub,FR3,Gtl,SawyerW,Norm,RRNn,TwnhsE,1Story,3,4,1983,1960,Hip,ClyTile,AsphShn,MetalSd,BrkFace,496.1,Fa,Ex,Wood,Gd,,Av,Unf,3927.6,BLQ,733.3,978.2,3608.0,GasW,TA,N,SBrkr,2110.6,1021.4,0.0,883.8,0,2,2,0,2,2,Ex,7,Maj1,2,,BuiltIn,1930.0,NA,1,372.2,Gd,Po,N,145.8,364.2,335.4,289.1,458.3,296.0,,,,13614.2,8,2007,WD,AdjLand,262583
1362,60,C,141.3,43171.7,Pave,,Reg,Lvl,NoSeWa,Corner,Mod,Blmngtn,Artery,Feedr,Duplex,2.5Unf,1,1,1918,2010,Gable,Membran,AsbShng,CemntBd,Stone,402.5,TA,Po,BrkTil,NA,Fa,No,BLQ,1425.6,GLQ,1392.3,977.6,926.7,Grav,TA,N,FuseP,3274.6,131.2,0.0,5126.1,2,2,2,2,1,0,TA,14,Maj2,1,Gd,CarPort,2005.0,NA,4,899.1,,Gd,P,129.7,492.4,273.4,247.8,222.7,216.0,,,,4732.8,12,2010,ConLI,Abnorml,425470
1363,20,RL,,176789.1,Grvl,,IR3,Bnk,NoSeWa,Inside,Mod,StoneBr,RRAn,Norm,1Fam,2Story,7,8,2005,1991,Gable,CompShg,VinylSd,ImStucc,BrkFace,549.5,Fa,Fa,Stone,Gd,Po,Av,LwQ,5405.3,BLQ,654.7,89.8,1504.3,Wall,Ex,Y,FuseF,2057.9,569.1,0.0,1738.1,1,2,2,2,5,1,Gd,11,Maj1,2,,CarPort,1946.0,,4,538.7,TA,Fa,Y,139.5,299.5,410.1,438.0,88.1,227.0,,GdPrv,,4004.2,1,2007,Con,Abnorml,464489
1364,160,RH,205.4,140096.2,Pave,,IR1,Bnk,AllPub,Inside,Mod,NPkVill,PosA,Feedr,Duplex,1Story,7,4,1979,1996,Gambrel,Tar&Grv,VinylSd,VinylSd,None,735.8,Gd,Gd,CBlock,Gd,Fa,Gd,NA,170.2,LwQ,975.1,1013.4,1794.0,GasA,Ex,Y,FuseF,2411.1,1397.5,0.0,1239.6,0,2,2,1,4,3,Gd,7,Mod,1,,Detchd,,Unf,0,777.6,NA,Gd,P,571.7,307.0,195.1,332.0,344.7,31.0,,,,12979.5,9,2010,Oth,AdjLand,347420
1365,75,FV,176.5,90936.5,Pave,,Reg,Low,AllPub,CulDSac,Mod,NWAmes,Artery,Norm,1Fam,SLvl,10,3,1943,1954,Hip,WdShngl,HdBoard,VinylSd,BrkCmn,307.2,Fa,Gd,BrkTil,NA,Gd,Av,LwQ,5407.4,ALQ,1015.0,1573.3,3714.3,GasW,Po,N,FuseF,782.5,1520.4,0.0,3461.8,1,1,3,2,3,0,Gd,8,Sev,3,Fa,Attchd,1916.0,Unf,3,1239.5,NA,Po,Y,640.9,486.0,106.9,80.5,291.8,430.0,,,,4742.9,8,2008,ConLI,Abnorml,580527
1366,60,RH,54.7,99292.9,Pave,,Reg,Low,NoSeWa,Inside,Gtl,NPkVill,PosN,Norm,TwnhsE,2Story,8,9,1942,1974,Mansard,CompShg,Wd Sdng,ImStucc,BrkCmn,359.8,TA,Po,BrkTil,NA,NA,Gd,LwQ,1223.4,Unf,1284.7,985.8,2280.6,Wall,Ex,Y,FuseP,368.0,501.4,0.0,1263.1,2,2,1,1,3,1,Gd,11,Min1,0,,Detchd,1998.0,Unf,3,492.9,Po,Ex,N,788.6,29.7,467.7,72.6,391.8,169.0,,,,7391.8,4,2007,ConLw,Alloca,424692
1367,40,RM,197.8,56208.4,Pave,,IR1,HLS,NoSeWa,Inside,Sev,Edwards,PosA,Norm,Twnhs,2.5Unf,5,10,1979,1998,Gambrel,ClyTile,AsbShng,Stucco,BrkFace,434.5,Gd,Ex,PConc,Ex,Fa,Av,BLQ,275.6,GLQ,49.9,2037.9,3090.3,GasA,Ex,N,FuseP,574.3,1040.4,0.0,3941.9,1,0,0,1,7,2,Ex,12,Min1,3,Fa,BuiltIn,1999.0,NA,0,102.6,Fa,TA,N,341.3,343.6,31.2,283.2,478.1,230.0,,,,484.2,10,2006,ConLI,Partial,446969
1368,160,FV,55.2,162211.1,Grvl,,IR3,HLS,AllPub,FR2,Gtl,BrDale,Artery,Norm,Duplex,2.5Unf,10,4,1924,2009,Gambrel,ClyTile,Stone,Wd Sdng,BrkCmn,718.8,Fa,TA,BrkTil,Fa,Fa,NA,GLQ,1650.7,GLQ,596.0,776.9,3974.2,GasA,TA,N,SBrkr,1173.0,1688.2,0.0,2935.5,1,1,3,2,2,3,Ex,9,Maj1,0,,CarPort,1990.0,Unf,4,1132.9,Fa,Gd,Y,395.9,227.9,445.9,23.6,21.5,69.0,,,,4449.6,12,2009,ConLI,Normal,590297
1369,80,C,119.5,111027.0,Grvl,,IR1,Lvl,NoSeWa,FR3,Sev,Edwards,RRNn,Artery,Twnhs,1.5Unf,5,4,1887,1986,Shed,Metal,CemntBd,VinylSd,BrkCmn,1044.5,Ex,Po,BrkTil,NA,,Mn,Rec,4437.8,BLQ,1156.7,309.9,5842.8,GasA,Po,N,Mix,2323.9,784.5,0.0,917.6,1,0,0,2,0,2,TA,12,Maj1,3,TA,BuiltIn,2003.0,NA,1,787.0,Gd,TA,P,402.4,497.6,57.1,199.9,354.9,110.0,,,,2023.7,11,2009,Oth,Family,363920
1370,30,FV,62.7,69945.2,Grvl,,Reg,HLS,NoSeWa,FR2,Mod,Sawyer,Feedr,Norm,TwnhsE,1Story,5,9,1987,1983,Mansard,Tar&Grv,BrkComm,Stone,None,1369.8,Gd,TA,BrkTil,Fa,TA,Gd,Unf,4246.8,NA,1201.1,1895.8,4673.2,GasW,TA,N,FuseP,425.5,276.2,0.0,5177.5,2,2,2,2,4,1,Ex,4,Sev,0,Po,Detchd,1944.0,RFn,4,637.3,TA,Po,N,231.3,525.4,345.3,202.7,474.8,88.0,,NA,,1640.6,4,2009,WD,Partial,602625
1371,180,C,,128821.9,Grvl,,IR2,HLS,NoSeWa,CulDSac,Gtl,NWAmes,RRAe,Feedr,Twnhs,2Story,1,2,1944,1958,Gable,Tar&Grv,MetalSd,BrkComm,None,459.4,Ex,Gd,PConc,Ex,Po,Mn,NA,1178.7,BLQ,1366.9,1574.3,2476.1,Grav,TA,Y,FuseP,1013.6,891.8,0.0,3907.4,0,0,1,2,7,1,Ex,9,Min1,3,Gd,NA,1996.0,RFn,0,260.0,TA,NA,Y,281.3,93.1,263.3,99.7,258.4,1.0,,,,6687.0,4,2007,VWD,Abnorml,416994
1372,90,C,81.2,214332.4,Pave,,IR1,Low,NoSeWa,Corner,Sev,ClearCr,Feedr,Norm,Twnhs,2.5Unf,10,5,1945,1955,Hip,Metal,HdBoard,ImStucc,BrkCmn,294.0,Gd,Gd,Wood,Gd,Fa,No,LwQ,1110.7,ALQ,1035.9,564.9,4572.0,Floor,Ex,Y,FuseF,3739.5,1240.3,0.0,3232.1,2,2,2,0,2,0,Ex,7,Min1,1,,BuiltIn,1959.0,RFn,0,131.7,NA,Ex,Y,725.7,154.0,551.2,152.9,343.5,55.0,,,,4298.7,6,2010,Oth,AdjLand,571321
1373,75,FV,,94422.2,Grvl,,IR1,Low,NoSeWa,CulDSac,Sev,Edwards,Artery,Artery,Duplex,SFoyer,5,4,1952,1967,Hip,ClyTile,BrkFace,Other,BrkCmn,606.2,TA,Fa,BrkTil,NA,Gd,Gd,Unf,3626.7,GLQ,361.4,1253.2,5802.6,Floor,TA,Y,FuseF,3655.5,15.3,0.0,2321.0,2,0,3,1,1,3,Gd,7,Min1,0,Po,Attchd,1974.0,Fin,2,395.2,Fa,Fa,P,294.6,149.6,214.1,167.6,211.7,669.0,,,,2579.9,2,2008,ConLI,Abnorml,410742
1374,85,C,282.5,198277.3,Pave,,Reg,Bnk,AllPub,Inside,Mod,Sawyer,RRNe,Feedr,TwnhsE,1.5Unf,6,9,1883,1963,Mansard,Membran,Stucco,Wd Sdng,BrkFace,1431.0,Fa,Gd,CBlock,NA,Gd,No,GLQ,2585.4,NA,745.4,938.7,3051.2,GasA,Po,Y,FuseF,3775.6,719.8,0.0,1049.8,2,1,0,0,0,3,Ex,12,Sal,0,,BuiltIn,1920.0,NA,0,1019.4,Ex,Ex,P,744.8,55.0,528.4,6.0,171.3,270.0,,,,7928.0,4,2009,ConLI,Abnorml,282478
1375,40,C,80.7,75114.6,Grvl,,IR1,HLS,NoSeWa,FR3,Sev,IDOTRR,RRAn,PosN,Twnhs,SLvl,1,5,1999,1968,Hip,Membran,AsphShn,CBlock,None,15.8,Ex,Ex,BrkTil,Ex,TA,NA,NA,4471.7,LwQ,47.7,2193.2,2508.1,GasA,Ex,N,Mix,4350.1,1254.4,0.0,4089.5,0,0,1,0,3,1,Fa,4,Maj2,1,,CarPort,1969.0,Unf,2,583.9,Fa,NA,Y,261.6,264.2,222.9,409.4,334.3,273.0,,,,12152.7,4,2007,VWD,Abnorml,380990
1376,150,RM,169.3,13009.8,Grvl,,Reg,Low,NoSeWa,Inside,Sev,Blmngtn,Artery,Feedr,1Fam,SLvl,7,9,1941,1963,Flat,WdShngl,ImStucc,AsphShn,BrkCmn,1084.6,Ex,Gd,PConc,Fa,Fa,NA,Unf,136.2,LwQ,953.6,1418.7,476.7,Grav,Po,N,FuseF,852.9,1965.7,0.0,4652.9,3,1,3,1,1,0,TA,7,Maj1,1,Gd,BuiltIn,1920.0,NA,0,808.6,NA,Fa,P,291.3,280.7,376.3,486.4,474.3,543.0,,,,11390.3,8,2009,VWD,Family,490997
1377,120,RH,143.4,44996.6,Pave,,IR2,Lvl,NoSeWa,FR3,Gtl,BrkSide,RRNe,Artery,2FmCon,SFoyer,1,9,1912,1989,Gambrel,Membran,HdBoard,AsbShng,BrkCmn,763.5,Fa,Fa,Wood,Fa,TA,Gd,LwQ,3445.2,Rec,817.0,370.0,5452.4,Floor,Gd,N,FuseF,1045.0,843.7,0.0,1001.8,2,0,3,0,7,1,Ex,12,Min2,0,,NA,1957.0,NA,2,116.3,Gd,Gd,Y,480.2,313.4,355.3,146.9,44.0,269.0,,,,3886.8,2,2010,Oth,Normal,296148
1378,50,RH,26.3,90877.7,Grvl,,IR2,HLS,AllPub,FR3,Mod,NoRidge,PosA,Artery,1Fam,2.5Unf,2,2,1930,1966,Gambrel,Tar&Grv,Stone,CemntBd,None,,TA,Po,PConc,TA,NA,Gd,BLQ,4123.9,LwQ,982.9,1173.0,1505.7,Grav,Po,Y,Mix,1787.6,336.5,0.0,2959.2,2,0,1,2,8,1,Fa,14,Mod,0,,NA,1954.0,Fin,2,174.8,Fa,NA,N,88.4,362.6,47.7,56.9,202.6,189.0,,,,4078.6,8,2006,Con,Abnorml,275893
1379,60,RM,252.5,48289.8,Grvl,,IR3,Lvl,NoSeWa,FR3,Mod,NAmes,RRNe,RRNn,Twnhs,2.5Unf,2,9,1960,2009,Flat,WdShake,ImStucc,Stone,None,513.6,Ex,Fa,Slab,Gd,Gd,Mn,GLQ,5606.7,Unf,1371.0,2014.9,390.8,OthW,Po,Y,FuseF,4322.2,1103.2,0.0,2907.6,0,1,1,2,0,3,Fa,9,Sal,0,,Basment,1927.0,Unf,4,16.0,Ex,Ex,Y,790.2,34.4,410.3,484.4,451.5,721.0,,NA,,11344.5,12,2006,WD,Abnorml,292092
1380,85,FV,41.2,1348.6,Pave,,Reg,Bnk,NoSeWa,Corner,Sev,Timber,Artery,PosN,TwnhsE,SLvl,5,3,1895,1984,Hip,WdShake,HdBoard,AsbShng,None,359.9,Fa,Po,Slab,TA,Po,No,NA,3831.0,Unf,1013.0,1568.6,3282.3,GasA,Fa,N,SBrkr,3713.5,590.1,0.0,2191.3,3,1,3,2,1,2,Gd,14,Min1,2,TA,Attchd,1980.0,Fin,2,954.7,NA,Gd,P,703.1,340.5,115.2,376.2,54.1,482.0,,,,8636.1,10,2008,VWD,Family,377561
1381,60,RL,159.5,197060.0,Grvl,,IR2,Bnk,AllPub,CulDSac,Sev,OldTown,RRNn,Norm,1Fam,SLvl,10,4,1951,1978,Gable,CompShg,HdBoard,CemntBd,Stone,1404.5,Ex,Fa,Wood,Fa,Gd,Mn,Unf,1308.5,Rec,472.3,1968.0,5168.4,Floor,Po,Y,SBrkr,1746.5,443.5,0.0,4523.8,3,2,0,2,5,2,TA,8,Sev,3,Ex,CarPort,1981.0,Fin,3,375.0,Gd,Ex,P,574.6,499.9,214.4,452.7,312.4,307.0,,,,11507.5,11,2006,Oth,Abnorml,643435
1382,45,RL,184.7,181843.8,Grvl,,Reg,Low,NoSeWa,Corner,Mod,NoRidge,Artery,Artery,TwnhsE,1Story,7,1,2005,1991,Shed,Metal,Plywood,BrkComm,Stone,771.0,TA,Gd,Wood,TA,TA,Gd,BLQ,610.6,Rec,292.9,584.9,2484.5,Wall,TA,Y,FuseA,715.9,1219.2,0.0,862.3,3,1,0,1,6,3,Gd,11,Maj1,1,,BuiltIn,,RFn,0,1371.1,Ex,Gd,P,846.8,248.9,431.8,183.3,206.5,21.0,,,,21.2,2,2006,VWD,AdjLand,351556
1383,40,RL,204.5,160109.7,Grvl,,IR1,Low,NoSeWa,Corner,Mod,OldTown,RRAn,RRNn,1Fam,1.5Fin,1,1,2003,1966,Flat,WdShngl,CemntBd,ImStucc,BrkFace,901.0,Ex,TA,CBlock,Fa,Po,Mn,ALQ,3617.3,BLQ,1259.7,2075.2,4784.5,OthW,TA,Y,SBrkr,3020.2,1891.3,0.0,1422.2,3,1,3,2,1,0,Fa,11,Typ,1,,CarPort,1945.0,NA,1,437.4,Po,Po,P,13.7,58.4,521.3,245.9,180.9,13.0,,,,1350.6,9,2007,New,Alloca,376326
1384,45,RM,222.1,37203.1,Pave,,IR1,Bnk,NoSeWa,Corner,Mod,BrkSide,Artery,RRNn,TwnhsE,1Story,10,1,1963,2008,Flat,WdShake,HdBoard,AsbShng,Stone,949.9,Ex,Ex,Wood,NA,Po,Gd,LwQ,2952.8,LwQ,286.4,1765.1,5110.4,Wall,Ex,N,Mix,1453.2,1724.7,0.0,342.5,0,2,3,1,7,3,Ex,8,Maj1,3,,Detchd,1943.0,Unf,0,515.6,Gd,Po,Y,352.3,47.0,309.0,472.6,100.5,485.0,,,,12430.5,9,2007,CWD,Family,502663
1385,20,RM,95.0,27051.2,Grvl,,Reg,Lvl,AllPub,FR2,Sev,NAmes,RRNn,Norm,Twnhs,SFoyer,1,9,1963,1992,Gambrel,CompShg,BrkComm,BrkComm,Stone,1023.4,TA,TA,Stone,Ex,Gd,Av,Rec,5074.8,Rec,238.2,1702.7,2776.4,Grav,Gd,N,FuseF,2648.8,376.4,0.0,2313.8,0,1,2,1,8,0,Fa,4,Min2,1,TA,BuiltIn,,RFn,4,665.7,Ex,Fa,Y,735.6,154.1,286.7,233.5,84.6,717.0,,,,13192.3,6,2008,ConLw,Abnorml,296678
1386,45,C,23.9,15763.7,Pave,,Reg,Bnk,AllPub,FR2,Sev,Edwards,RRAe,Feedr,Duplex,SFoyer,1,8,1952,1957,Gable,Roll,VinylSd,Stone,Stone,792.9,Ex,Ex,Slab,TA,Po,No,GLQ,4101.0,NA,304.5,809.5,3610.7,Floor,Ex,Y,FuseA,4438.4,1581.5,0.0,1879.6,3,1,2,1,7,3,TA,11,Min2,1,Po,2Types,1993.0,Fin,4,452.5,Fa,Ex,Y,371.1,411.6,278.7,341.4,247.8,545.0,,,,5323.3,10,2008,WD,Abnorml,289405
1387,20,RL,232.2,156202.4,Pave,,IR1,Bnk,AllPub,FR2,Mod,OldTown,RRNe,PosN,1Fam,1.5Fin,6,5,1942,1950,Gable,CompShg,WdShing,Wd Sdng,Stone,28.6,Fa,Gd,BrkTil,NA,Fa,NA,ALQ,2877.0,LwQ,750.0,2073.6,3262.2,OthW,Po,N,FuseP,2829.5,474.7,0.0,4936.0,1,0,0,1,8,0,Fa,4,Maj2,0,,2Types,1924.0,Fin,2,1159.1,Po,NA,Y,4.5,142.8,450.7,358.0,181.2,463.0,,NA,,14854.2,12,2007,Oth,Family,521284
1388,120,FV,,200013.8,Grvl,,Reg,Low,NoSeWa,Corner,Mod,MeadowV,Feedr,Norm,TwnhsE,1Story,2,5,1936,1994,Hip,Membran,BrkFace,CemntBd,BrkCmn,535.6,TA,Fa,PConc,NA,Gd,NA,LwQ,2277.9,LwQ,183.1,1490.3,5738.5,GasW,Po,N,FuseP,4360.1,600.3,0.0,4292.8,0,2,2,0,5,1,Fa,6,Sev,1,NA,CarPort,1970.0,RFn,4,1242.5,Ex,Ex,P,135.2,445.4,548.2,425.3,235.9,567.0,,,,4674.3,5,2006,CWD,Abnorml,518377
1389,180,FV,265.1,93411.0,Grvl,,IR1,HLS,NoSeWa,Inside,Sev,Timber,RRAn,Norm,1Fam,1Story,1,9,1923,2002,Gable,Tar&Grv,BrkComm,WdShing,BrkCmn,294.2,Ex,Fa,Slab,Ex,TA,Mn,ALQ,2282.3,LwQ,1382.8,1989.9,4432.8,OthW,TA,N,SBrkr,2046.9,1899.9,0.0,782.4,1,2,0,0,6,1,Gd,13,Sev,2,,Attchd,1948.0,RFn,4,15.6,,NA,N,372.0,448.4,349.7,495.4,94.0,432.0,,,,13799.4,7,2010,ConLD,Normal,228312
1390,20,RL,260.8,26789.6,Pave,,IR3,Low,AllPub,FR2,Sev,SawyerW,Feedr,Feedr,TwnhsE,1Story,6,3,1901,1985,Hip,WdShngl,BrkFace,MetalSd,BrkCmn,1088.2,TA,Po,Wood,Ex,NA,NA,GLQ,1277.3,ALQ,1424.3,843.2,5653.8,OthW,Po,N,FuseA,3094.1,1881.3,0.0,4267.0,1,0,1,2,5,0,Fa,6,Min1,2,,2Types,2000.0,RFn,0,928.3,Fa,Fa,N,572.4,250.0,209.0,170.1,168.1,574.0,,,,6536.5,8,2006,ConLD,AdjLand,529386
1391,85,RL,,110923.9,Grvl,,IR3,Low,AllPub,FR2,Sev,IDOTRR,PosN,Feedr,TwnhsE,2Story,2,3,1970,1956,Mansard,Roll,BrkComm,WdShing,Stone,90.7,Gd,TA,PConc,NA,TA,Av,Rec,97.8,Rec,1435.4,340.2,1344.3,Grav,Po,Y,FuseP,4229.6,348.2,0.0,3919.0,3,2,2,1,6,3,Gd,10,Mod,0,,NA,1945.0,RFn,3,972.9,Po,NA,P,139.4,164.5,120.7,125.7,478.3,399.0,,,,8708.0,8,2006,WD,Partial,376927
1392,160,RL,162.6,75930.8,Grvl,Pave,IR3,Lvl,NoSeWa,Corner,Gtl,MeadowV,Norm,Artery,Duplex,1.5Unf,6,7,1969,1995,Flat,Roll,CBlock,Wd Sdng,Stone,902.1,Fa,Ex,BrkTil,NA,Fa,Av,GLQ,3244.8,Unf,57.7,776.3,1895.5,GasA,TA,Y,FuseP,2896.4,132.6,0.0,1829.4,3,0,0,2,2,1,Gd,14,Maj1,0,,2Types,1990.0,RFn,3,1363.3,TA,Gd,N,384.0,326.9,109.7,39.5,176.7,591.0,,,,9970.7,3,2010,ConLD,Family,405181
1393,190,RM,118.4,81491.9,Pave,,Reg,Bnk,AllPub,CulDSac,Mod,BrkSide,Feedr,Feedr,TwnhsE,2.5Unf,10,9,1913,1954,Shed,Roll,AsphShn,MetalSd,BrkFace,337.0,Ex,Fa,PConc,,NA,Mn,NA,1198.9,LwQ,1394.7,1063.5,433.3,Grav,Gd,N,FuseP,3013.7,605.3,0.0,416.1,2,1,0,2,3,3,Ex,10,Mod,1,TA,BuiltIn,1989.0,Unf,2,525.2,TA,Ex,Y,11.0,443.4,472.6,435.1,198.1,551.0,,,,2063.2,3,2008,COD,Alloca,322055
1394,60,RM,252.1,134230.6,Grvl,,IR1,HLS,AllPub,Inside,Gtl,NPkVill,PosN,Feedr,1Fam,2Story,8,6,2010,1973,Shed,Roll,CBlock,BrkFace,BrkFace,1518.2,Fa,Gd,PConc,TA,NA,NA,Rec,1175.8,NA,1470.2,1246.0,3054.4,Grav,Po,N,SBrkr,3455.7,1201.4,0.0,945.3,1,2,3,2,8,2,Fa,11,Typ,0,,Attchd,1962.0,NA,4,276.9,Po,Fa,N,409.2,35.3,547.8,148.7,9.5,278.0,,,,575.2,5,2007,WD,Abnorml,423652
1395,50,RM,152.8,155066.1,Grvl,,IR2,HLS,NoSeWa,FR3,Gtl,SWISU,RRNn,PosN,Twnhs,2.5Fin,2,2,1898,1977,Flat,Membran,WdShing,BrkFace,BrkFace,536.9,Ex,Fa,Slab,Gd,TA,NA,NA,707.7,BLQ,1389.1,1193.3,5339.7,Grav,Fa,N,SBrkr,4178.2,1810.8,0.0,1660.7,2,1,0,2,2,1,Ex,6,Mod,0,,Basment,1976.0,Unf,4,738.2,Ex,Fa,Y,767.8,521.5,385.3,25.2,182.8,109.0,,GdPrv,,6615.4,5,2008,ConLI,Partial,333388
1396,160,RH,74.6,24963.1,Pave,Pave,IR2,Low,AllPub,FR3,Sev,NAmes,PosA,PosN,2FmCon,1Story,9,1,1943,1992,Hip,Membran,AsphShn,BrkComm,Stone,520.4,Gd,Po,PConc,Gd,Gd,Gd,NA,1070.1,ALQ,989.0,1275.6,1997.0,Wall,Gd,N,FuseA,718.3,245.4,0.0,4668.6,3,2,2,1,1,3,TA,13,Sev,3,TA,BuiltIn,1987.0,NA,3,634.6,Ex,,Y,511.4,353.3,527.6,439.6,366.4,47.0,,,,2485.5,2,2008,ConLI,Partial,576642
1397,90,FV,270.7,8914.4,Pave,Pave,IR1,Low,NoSeWa,Inside,Mod,Blmngtn,RRAn,PosN,TwnhsE,2Story,8,2,1889,1966,Hip,Roll,Plywood,MetalSd,BrkCmn,1477.4,Gd,Fa,BrkTil,NA,Gd,Mn,Unf,179.4,Rec,1033.6,1966.2,783.8,Floor,Gd,Y,SBrkr,1802.0,856.9,0.0,2803.9,1,1,3,1,6,3,Gd,6,Sal,0,,Basment,1911.0,NA,2,1122.7,Gd,,Y,377.6,217.8,193.2,259.0,247.5,81.0,,MnPrv,,8508.5,5,2008,Oth,Normal,458700
1398,180,FV,278.7,214032.0,Grvl,,IR1,Bnk,NoSeWa,Corner,Sev,BrDale,RRNn,Norm,2FmCon,1Story,10,1,1948,1986,Hip,ClyTile,WdShing,Other,Stone,667.8,Fa,Gd,CBlock,Gd,NA,Gd,NA,3805.4,GLQ,180.2,397.4,418.2,GasW,TA,Y,SBrkr,2067.1,561.2,0.0,5208.8,0,2,3,0,5,2,Gd,7,Mod,2,,,1977.0,RFn,4,1281.8,Ex,NA,P,139.1,276.8,346.4,425.9,315.4,685.0,,,,7031.5,1,2007,Oth,Normal,621702
1399,45,C,157.2,51091.1,Grvl,,IR1,Lvl,AllPub,CulDSac,Sev,StoneBr,RRNn,PosN,Twnhs,SFoyer,1,10,1916,1969,Flat,WdShake,ImStucc,Wd Sdng,Stone,1540.6,Fa,Fa,PConc,NA,TA,Av,NA,2265.5,Rec,1288.7,738.3,2734.2,Wall,Ex,Y,Mix,4298.5,30.8,0.0,4522.8,2,2,2,1,2,3,TA,14,Min1,1,NA,CarPort,1956.0,Unf,2,123.0,Ex,Gd,Y,173.5,210.9,282.4,281.7,267.1,624.0,,,,1892.5,11,2008,New,Family,370592
1400,150,RM,43.1,12816.8,Pave,,IR1,Bnk,AllPub,CulDSac,Sev,Blueste,RRNe,PosN,2FmCon,1Story,7,10,1986,1952,Hip,Metal,WdShing,Plywood,None,38.7,TA,Ex,Wood,Ex,TA,Mn,BLQ,3169.2,ALQ,87.9,2075.8,1002.2,OthW,Po,N,SBrkr,4500.3,1628.1,0.0,1858.0,3,1,1,1,5,0,Gd,14,Sev,0,NA,NA,1972.0,Unf,0,1200.4,TA,TA,P,65.6,225.7,266.1,159.4,50.6,277.0,,NA,,10319.7,7,2008,ConLw,Partial,389697
1401,90,RH,134.2,41922.9,Grvl,,IR1,HLS,NoSeWa,FR3,Sev,BrkSide,Norm,RRNn,TwnhsE,2Story,10,9,1958,1986,Flat,Membran,CemntBd,CBlock,Stone,490.2,Ex,Ex,PConc,Ex,Gd,Gd,LwQ,3595.0,BLQ,468.3,1309.2,2114.7,Grav,Po,N,FuseA,858.6,1679.4,0.0,4821.2,1,0,2,2,6,1,Ex,9,Sev,3,Fa,2Types,1963.0,Fin,4,1288.9,TA,TA,P,636.2,325.8,349.1,65.9,159.4,380.0,,,,317.7,11,2009,ConLw,Abnorml,618298
1402,40,RH,255.6,9634.8,Pave,,IR2,Lvl,AllPub,CulDSac,Mod,SawyerW,RRAe,PosN,1Fam,2.5Fin,6,10,1963,1975,Shed,Tar&Grv,BrkComm,Other,BrkFace,1065.9,Ex,Fa,BrkTil,TA,Fa,Av,ALQ,5488.7,NA,1461.0,1362.8,5010.1,Floor,Ex,Y,SBrkr,853.1,456.8,0.0,953.6,3,2,2,1,5,0,Ex,7,Typ,1,Fa,BuiltIn,1930.0,Unf,4,1310.4,Ex,NA,N,66.1,33.0,171.3,222.1,333.2,309.0,,,,1958.9,7,2006,Oth,Alloca,388448
1403,20,FV,,85126.0,Grvl,,IR3,Low,AllPub,FR3,Mod,Gilbert,PosN,Norm,Duplex,1.5Fin,6,8,1893,1964,Flat,WdShake,Plywood,BrkFace,None,1425.4,Fa,Gd,Stone,Fa,Gd,NA,NA,385.3,ALQ,622.5,1116.8,2346.5,GasA,Po,Y,SBrkr,4408.1,312.3,0.0,525.7,2,0,3,2,0,2,TA,12,Maj2,1,,Attchd,1903.0,Unf,4,1083.8,Fa,Gd,N,329.0,95.9,353.6,13.5,263.0,551.0,,,,10852.5,1,2009,VWD,Abnorml,279064
1404,60,RM,80.4,172969.8,Grvl,,IR1,Low,AllPub,FR2,Sev,NoRidge,PosA,RRNn,TwnhsE,2.5Fin,6,7,1963,2000,Shed,CompShg,HdBoard,Plywood,None,410.2,TA,Gd,BrkTil,NA,Gd,Mn,BLQ,2358.7,LwQ,193.3,1282.4,3726.3,Grav,Fa,Y,Mix,1623.0,298.5,0.0,3564.1,3,0,2,1,0,0,Fa,14,Min2,1,Fa,2Types,1953.0,Fin,3,1052.3,TA,Po,N,642.6,124.2,371.4,306.0,324.0,541.0,,,Gar2,8181.8,3,2007,ConLI,AdjLand,445084
1405,30,C,40.6,74307.5,Pave,,Reg,HLS,AllPub,Corner,Gtl,ClearCr,Artery,Norm,TwnhsE,SFoyer,6,3,1948,1997,Gambrel,ClyTile,CemntBd,Stucco,Stone,1488.8,Gd,Fa,Slab,TA,Fa,Gd,NA,1387.8,Unf,1428.7,462.7,3068.2,Wall,Ex,N,FuseA,1387.8,958.1,0.0,2148.0,3,0,1,0,8,3,Gd,14,Sal,3,,Detchd,1982.0,NA,3,21.1,NA,Ex,P,610.9,222.9,461.5,217.3,172.9,239.0,,,,4370.0,8,2010,CWD,AdjLand,387825
1406,75,RM,,96330.8,Grvl,,IR3,Bnk,AllPub,CulDSac,Sev,CollgCr,Feedr,Norm,Duplex,SLvl,10,8,1896,1957,Shed,Membran,Plywood,HdBoard,Stone,950.6,Ex,Gd,Slab,Gd,Gd,No,LwQ,2690.6,Unf,1450.6,1277.5,4390.2,Floor,TA,N,FuseP,489.2,509.0,0.0,2082.6,0,0,1,2,5,2,Fa,13,Sal,2,,CarPort,1964.0,NA,4,1304.8,NA,NA,P,494.9,203.0,403.2,71.9,93.0,182.0,,MnPrv,,2793.8,11,2010,New,AdjLand,510091
1407,85,RL,134.7,145838.4,Pave,,IR2,Lvl,AllPub,Corner,Gtl,ClearCr,PosA,RRNn,Duplex,2.5Fin,7,2,1979,1962,Gambrel,Metal,WdShing,HdBoard,BrkFace,1281.6,Gd,Ex,CBlock,NA,NA,NA,ALQ,5195.1,ALQ,275.7,2329.4,954.2,GasW,Ex,N,Mix,1535.0,1055.9,0.0,3981.7,3,0,1,1,1,2,Ex,7,Mod,3,,2Types,1992.0,RFn,4,498.4,NA,Fa,Y,489.6,395.0,176.5,269.4,398.3,183.0,,,,9955.4,9,2009,ConLD,Family,451416
1408,50,RM,179.2,110175.3,Grvl,,IR1,Bnk,NoSeWa,FR2,Gtl,Crawfor,RRNe,RRNn,Duplex,2.5Fin,3,2,2006,1997,Mansard,CompShg,AsbShng,Stone,BrkFace,635.5,TA,Ex,PConc,TA,NA,Gd,BLQ,4086.2,GLQ,1274.7,1322.3,5623.9,Wall,Gd,N,SBrkr,3356.4,794.7,0.0,4846.4,1,0,3,1,0,0,Ex,10,Sev,3,,NA,2008.0,NA,0,58.3,Ex,Ex,P,77.4,141.8,248.8,406.9,180.6,553.0,,MnWw,,3186.7,3,2009,ConLI,Family,531156
1409,70,RL,,185602.0,Grvl,,Reg,Bnk,NoSeWa,Inside,Sev,NridgHt,Artery,RRNn,Duplex,1.5Fin,6,10,1980,1952,Mansard,Membran,Stone,WdShing,Stone,339.5,Ex,Ex,CBlock,Gd,NA,Gd,NA,3736.0,GLQ,575.5,103.7,3932.6,Grav,TA,Y,FuseF,2190.7,435.5,0.0,2044.1,1,2,2,2,1,2,Gd,2,Sev,1,,NA,1905.0,NA,0,585.6,TA,TA,Y,149.9,31.2,66.4,495.2,314.4,465.0,,,,15261.5,6,2009,ConLw,Abnorml,426777
1410,85,RL,,186584.0,Pave,,IR2,Bnk,NoSeWa,Inside,Mod,Veenker,RRNe,RRNn,Duplex,2.5Fin,3,3,2005,1950,Shed,Tar&Grv,WdShing,Stucco,BrkFace,1458.0,TA,Po,Wood,NA,NA,Mn,NA,2490.4,NA,562.1,1860.5,1655.5,Floor,Gd,N,Mix,2586.5,1551.2,0.0,2059.2,0,0,0,0,7,0,TA,5,Typ,3,Po,2Types,1964.0,Unf,2,1039.2,Ex,NA,N,458.3,30.3,142.0,267.9,183.0,638.0,,,,13474.3,6,2006,ConLw,Normal,367038
1411,120,C,210.3,3420.3,Pave,,IR3,Low,AllPub,Inside,Sev,Somerst,RRAn,Norm,TwnhsE,1.5Fin,7,7,1895,1958,Gable,Metal,HdBoard,Other,BrkFace,1493.0,TA,TA,Wood,TA,NA,No,LwQ,3787.8,LwQ,387.2,926.2,753.1,GasW,TA,N,Mix,4331.6,310.5,0.0,3167.7,1,2,2,0,4,0,Ex,11,Typ,1,Fa,,1988.0,Fin,2,626.7,Po,Po,P,298.3,6.2,287.6,65.8,445.1,436.0,,,,2048.4,6,2007,ConLI,Family,387427
1412,30,FV,42.6,167759.1,Pave,,IR3,HLS,AllPub,FR3,Mod,Crawfor,Norm,RRNn,2FmCon,2.5Unf,7,1,1890,1980,Hip,ClyTile,ImStucc,BrkComm,Stone,796.1,Ex,Ex,CBlock,Fa,TA,NA,LwQ,182.7,LwQ,65.9,359.0,914.8,GasA,Ex,Y,FuseA,833.8,1649.7,0.0,3801.1,3,2,1,1,6,0,Fa,14,Min2,0,,NA,1990.0,RFn,3,1074.9,TA,Po,Y,16.2,20.8,55.6,411.8,476.1,593.0,,,,13316.9,5,2008,VWD,Partial,455290
1413,150,RM,130.6,99871.7,Pave,,Reg,Lvl,NoSeWa,FR3,Gtl,Sawyer,RRNn,Feedr,1Fam,SLvl,8,8,1954,1990,Shed,Metal,WdShing,ImStucc,BrkFace,10.4,Gd,Fa,PConc,TA,TA,NA,BLQ,3308.7,GLQ,395.0,2014.8,4782.1,Wall,Gd,Y,FuseP,644.5,1159.4,0.0,1411.0,3,2,2,1,6,2,Ex,11,Sal,0,Gd,Detchd,1921.0,Unf,1,722.3,Ex,Ex,Y,684.0,469.7,315.0,353.5,311.5,232.0,,,,5348.2,6,2009,New,Partial,490218
1414,75,RL,255.7,212857.5,Grvl,,IR1,Lvl,AllPub,Inside,Mod,Blueste,RRNe,PosN,TwnhsE,SFoyer,2,7,1986,2003,Shed,Tar&Grv,MetalSd,ImStucc,None,175.7,Gd,Po,PConc,NA,Fa,Mn,GLQ,3125.5,Unf,79.3,462.5,3593.4,Floor,TA,N,FuseP,4046.7,1718.2,0.0,5178.5,1,1,3,1,1,2,Gd,13,Min1,3,,Attchd,1916.0,Unf,0,424.6,TA,NA,P,560.3,381.4,215.4,484.6,289.0,703.0,,,,7594.7,6,2006,Oth,Family,477892
1415,30,RM,147.6,104685.1,Pave,,Reg,HLS,NoSeWa,FR2,Mod,BrkSide,PosA,PosN,Twnhs,2.5Unf,9,4,1880,1975,Flat,Roll,BrkComm,CBlock,None,916.8,TA,Fa,BrkTil,Gd,Po,Mn,Rec,1956.4,BLQ,1362.5,2150.9,2326.4,Wall,Po,Y,FuseP,3710.8,9.8,0.0,3807.6,2,0,2,2,3,1,TA,3,Typ,2,,NA,1958.0,Unf,2,287.7,Fa,TA,N,279.2,544.8,19.2,271.9,403.6,0.0,,,,2213.8,10,2010,COD,Abnorml,544466
1416,45,FV,312.2,212441.5,Pave,,Reg,Lvl,NoSeWa,FR3,Mod,IDOTRR,RRAe,Feedr,TwnhsE,1.5Unf,5,5,1983,1966,Gable,ClyTile,Plywood,BrkFace,BrkFace,38.0,Fa,Gd,CBlock,NA,NA,Mn,Unf,1137.3,NA,975.4,1032.0,2034.0,Floor,Gd,Y,Mix,1483.4,1547.1,0.0,3652.4,3,1,3,2,1,0,Ex,10,Min2,1,Gd,2Types,1928.0,Fin,0,597.1,Po,Gd,Y,84.2,11.1,239.8,181.4,247.8,504.0,,,,1837.9,6,2010,New,Abnorml,507347
1417,20,FV,184.2,162736.3,Pave,,IR2,Lvl,AllPub,Inside,Sev,Edwards,RRAn,Norm,TwnhsE,1.5Unf,9,10,1973,2005,Gambrel,CompShg,ImStucc,BrkFace,None,635.1,TA,TA,CBlock,NA,Po,No,Rec,4557.8,Unf,1306.9,1735.2,5228.7,OthW,Fa,Y,FuseF,1747.0,106.4,0.0,5133.5,1,0,0,2,6,0,Gd,4,Sal,3,TA,2Types,1966.0,RFn,0,50.8,Ex,Fa,P,506.7,464.4,155.2,489.1,417.4,361.0,,,,13415.1,8,2010,WD,Alloca,646058
1418,180,RH,114.8,54487.8,Pave,,Reg,Bnk,AllPub,Corner,Gtl,SWISU,Feedr,Norm,2FmCon,2.5Fin,10,1,1919,1983,Flat,Membran,BrkComm,AsbShng,BrkCmn,485.4,Gd,Po,Slab,,Po,Mn,NA,304.0,NA,1057.3,1277.8,5344.8,Floor,TA,Y,FuseA,1686.2,1962.0,0.0,5149.8,3,1,0,1,4,0,Ex,11,Maj1,3,,CarPort,1916.0,RFn,1,599.2,Po,Po,P,298.7,380.7,37.0,273.5,198.2,718.0,,,,9763.5,11,2009,ConLD,AdjLand,699475
1419,50,FV,,116486.9,Grvl,,Reg,Bnk,AllPub,Inside,Gtl,SWISU,Norm,PosN,Duplex,1.5Unf,5,4,1940,1958,Shed,Metal,WdShing,WdShing,BrkFace,1143.0,TA,Gd,Wood,NA,NA,No,Unf,393.2,Unf,193.5,599.5,3551.5,GasW,Po,N,FuseF,3157.2,1451.2,0.0,1053.5,3,2,3,0,0,0,Ex,12,Typ,2,Fa,NA,1901.0,Unf,0,97.3,Ex,Fa,Y,218.9,350.3,161.9,8.1,15.3,708.0,,,,7137.1,6,2010,CWD,Abnorml,344705
1420,80,C,123.4,213562.5,Pave,,IR3,HLS,AllPub,Inside,Mod,Gilbert,RRAe,Artery,Twnhs,SLvl,7,1,1990,2005,Gable,ClyTile,HdBoard,ImStucc,None,88.9,TA,Gd,CBlock,Ex,Gd,No,Unf,2486.3,ALQ,1386.4,1567.7,3205.0,Wall,Po,Y,FuseP,600.8,661.2,0.0,1104.1,0,1,2,2,1,0,Fa,3,Sev,1,,Attchd,1931.0,NA,1,1243.6,Po,TA,Y,618.3,195.0,162.3,240.6,444.8,282.0,,,,560.5,12,2010,New,Alloca,385042
1421,20,RL,,184764.4,Pave,,IR2,Lvl,AllPub,Corner,Gtl,Blmngtn,RRNn,Feedr,2FmCon,SFoyer,9,1,1916,2000,Shed,ClyTile,CemntBd,CBlock,BrkCmn,782.0,Ex,Ex,Wood,Fa,Fa,Av,Unf,1425.4,GLQ,1326.4,2237.7,4988.5,OthW,Ex,Y,Mix,2466.8,660.5,0.0,4378.4,1,2,1,0,5,0,Ex,9,Sal,3,TA,Attchd,1921.0,Fin,1,816.0,Po,Ex,Y,281.2,206.1,196.0,1.2,346.3,528.0,,,,14290.4,3,2010,ConLI,Alloca,579738
1422,80,RH,41.1,22131.2,Grvl,,IR1,HLS,AllPub,FR3,Mod,NoRidge,Feedr,Feedr,1Fam,SFoyer,4,10,1996,1962,Gambrel,ClyTile,CBlock,Wd Sdng,BrkCmn,926.6,TA,Fa,BrkTil,Gd,Po,,GLQ,4207.3,LwQ,513.1,1797.9,4578.4,GasA,Ex,Y,FuseP,917.4,1779.0,0.0,5413.1,3,1,3,1,3,0,Ex,5,Maj1,2,Fa,NA,2002.0,RFn,0,916.1,Gd,TA,P,116.6,462.5,202.3,374.8,245.2,168.0,,,,5829.4,7,2008,COD,Family,580938
1423,90,C,128.9,152424.8,Grvl,,IR3,HLS,AllPub,Corner,Mod,Gilbert,Artery,PosN,Twnhs,2.5Unf,2,1,1885,1954,Mansard,WdShngl,Plywood,BrkComm,BrkFace,987.7,Fa,Gd,Wood,,Gd,Mn,LwQ,3579.4,LwQ,164.4,1411.0,2446.0,Floor,Gd,Y,FuseF,3906.4,1864.4,0.0,3871.9,2,0,2,2,6,1,TA,12,Maj1,1,Fa,BuiltIn,1996.0,RFn,0,409.6,Ex,Po,P,412.8,390.3,237.2,287.5,453.5,185.0,,,,6458.1,6,2010,CWD,Normal,386037
1424,180,RM,,75235.0,Pave,,Reg,HLS,AllPub,FR3,Mod,Veenker,PosA,RRNn,Twnhs,1.5Unf,9,7,2005,1990,Hip,WdShngl,Wd Sdng,HdBoard,Stone,648.3,Fa,Gd,Stone,TA,Gd,NA,ALQ,4360.2,BLQ,1037.9,2314.1,505.5,Wall,Gd,N,FuseP,1992.9,1841.1,0.0,2517.3,1,0,2,2,1,1,Fa,3,Sev,0,Fa,BuiltIn,1957.0,RFn,2,320.2,TA,Ex,P,710.0,366.7,50.8,55.8,425.6,121.0,,,,4492.0,11,2006,ConLw,Family,474138
1425,75,RL,232.0,2793.8,Grvl,,IR1,HLS,AllPub,FR2,Mod,Sawyer,RRAe,Artery,2FmCon,SFoyer,2,7,2006,1962,Hip,Membran,Stucco,AsbShng,BrkCmn,487.0,Fa,Gd,CBlock,TA,NA,Mn,GLQ,1832.5,Rec,1073.6,619.8,4695.5,Wall,Fa,Y,SBrkr,2633.2,1670.0,0.0,3961.9,2,1,2,2,1,3,TA,5,Typ,2,Ex,NA,1952.0,NA,0,1003.8,TA,Fa,N,728.2,16.8,2.9,413.0,52.0,440.0,,,,13815.0,9,2009,ConLI,AdjLand,527136
1426,60,FV,,87622.7,Grvl,,IR2,Bnk,AllPub,FR3,Sev,NAmes,RRNe,Norm,Twnhs,1.5Fin,3,4,1908,1950,Gable,CompShg,Wd Sdng,WdShing,BrkFace,1092.0,Fa,TA,BrkTil,Ex,Fa,No,LwQ,4179.5,LwQ,1321.9,145.6,1030.8,Grav,Po,N,FuseA,461.8,1691.3,0.0,1548.5,1,1,1,1,5,0,Gd,8,Min2,3,,2Types,1985.0,NA,0,952.3,TA,Po,N,727.9,100.8,406.3,272.5,299.7,735.0,,,,5341.1,4,2008,Oth,Partial,245716
1427,70,RL,228.0,51524.5,Pave,,IR3,Low,NoSeWa,CulDSac,Mod,NWAmes,PosA,Norm,TwnhsE,SFoyer,10,2,1924,1974,Gambrel,Metal,Stucco,BrkComm,Stone,1356.1,TA,Po,BrkTil,,NA,Mn,NA,4866.8,BLQ,77.6,75.1,100.1,Wall,TA,N,FuseF,587.9,1182.8,0.0,5631.2,2,0,1,1,7,0,Ex,8,Sev,0,Ex,BuiltIn,1946.0,Fin,0,174.0,Po,Ex,P,360.7,526.6,186.2,57.9,258.3,638.0,,,,2700.9,1,2008,Con,Abnorml,604953
1428,40,RM,,176493.0,Pave,,IR1,HLS,AllPub,FR3,Gtl,Edwards,Artery,Norm,TwnhsE,2.5Unf,2,3,1889,1996,Gable,Roll,Wd Sdng,ImStucc,BrkCmn,1109.8,Fa,Ex,Stone,TA,Fa,Gd,NA,1948.7,GLQ,208.9,1660.2,5152.6,GasA,Fa,Y,SBrkr,3275.9,58.3,0.0,2622.2,2,1,1,1,0,1,Fa,2,Sev,1,TA,2Types,1903.0,NA,2,338.4,Fa,Ex,Y,677.8,248.5,338.7,81.3,372.7,677.0,,,,7758.6,6,2009,New,Normal,341442
1429,160,RH,84.6,73470.2,Pave,,Reg,Lvl,NoSeWa,CulDSac,Sev,Timber,RRNn,Norm,Duplex,SLvl,3,8,1909,1953,Gambrel,ClyTile,Wd Sdng,Plywood,BrkCmn,1491.4,Fa,Po,BrkTil,TA,NA,NA,BLQ,1918.4,Rec,881.8,1939.4,3533.1,Floor,Fa,N,FuseP,3675.6,179.2,0.0,5279.4,1,1,3,0,4,1,TA,14,Maj1,2,Fa,Attchd,1937.0,NA,1,1342.2,TA,Fa,P,728.6,427.4,169.5,417.6,144.4,473.0,,,,12113.1,9,2010,ConLw,Normal,571796
1430,180,RH,,178344.6,Pave,,Reg,Low,NoSeWa,FR3,Gtl,IDOTRR,Artery,Feedr,2FmCon,2.5Fin,6,8,2000,1985,Gambrel,CompShg,MetalSd,BrkComm,BrkCmn,1147.6,Ex,Gd,Slab,Fa,Fa,Gd,BLQ,5079.3,GLQ,912.6,1483.6,5448.1,OthW,Fa,Y,FuseA,3428.3,1341.3,0.0,2620.7,0,0,3,0,0,0,TA,13,Min1,0,TA,,,Unf,2,431.3,NA,NA,P,393.8,213.0,543.3,180.6,3.9,121.0,,MnWw,,5755.7,8,2010,VWD,Alloca,511282
1431,20,RH,162.3,1427.9,Pave,,IR1,Bnk,NoSeWa,Corner,Sev,SWISU,Artery,Feedr,TwnhsE,1.5Fin,3,6,1915,2001,Hip,WdShngl,BrkFace,CemntBd,BrkFace,1223.4,Gd,TA,Stone,Ex,TA,No,Unf,281.0,BLQ,49.5,2114.1,2960.8,Floor,TA,Y,FuseA,3545.9,828.4,0.0,5260.6,0,2,1,2,5,0,Gd,13,Mod,0,,CarPort,1960.0,NA,0,36.6,Po,TA,N,273.2,418.1,174.1,417.1,89.0,731.0,,NA,,10106.7,2,2007,CWD,Family,432139
1432,50,FV,22.6,67156.4,Grvl,,IR3,Low,AllPub,FR3,Mod,NPkVill,RRNe,RRNn,Twnhs,SFoyer,10,10,1918,1959,Mansard,Metal,WdShing,AsphShn,BrkFace,268.6,Ex,Gd,Wood,NA,Gd,Gd,LwQ,1976.5,NA,585.1,1630.5,5660.8,GasW,Fa,Y,FuseA,789.9,1171.5,0.0,2115.8,1,0,3,2,6,1,Gd,2,Sal,3,Ex,Detchd,1986.0,RFn,4,90.4,NA,NA,P,601.6,65.2,334.0,35.3,101.3,659.0,,MnWw,,4715.5,3,2010,ConLw,Family,549281
1433,160,C,255.9,52896.1,Pave,,IR1,Low,NoSeWa,Inside,Sev,SWISU,Artery,Feedr,Twnhs,2Story,8,9,1906,1977,Mansard,Metal,VinylSd,VinylSd,Stone,671.3,Fa,Fa,Wood,Gd,Gd,No,Unf,669.8,GLQ,861.1,866.6,2162.8,GasA,Ex,Y,Mix,3356.1,477.2,0.0,4371.0,3,0,1,1,5,1,Gd,4,Sal,0,TA,Detchd,1963.0,Fin,0,1099.7,NA,NA,Y,775.1,23.0,121.4,123.9,139.9,291.0,,,,11156.3,8,2006,Oth,Partial,520143
1434,120,C,,51270.6,Grvl,,Reg,Bnk,NoSeWa,FR3,Gtl,Gilbert,PosN,RRNn,TwnhsE,2Story,6,9,1931,2006,Flat,Membran,WdShing,VinylSd,BrkCmn,776.1,Gd,Po,Wood,Ex,Gd,NA,BLQ,163.6,ALQ,1087.7,423.4,4426.8,GasW,Ex,N,FuseA,1126.1,1341.0,0.0,5381.9,1,1,3,1,8,3,TA,3,Maj2,3,,Attchd,1976.0,Unf,2,1073.6,TA,NA,N,833.1,255.0,285.8,388.4,177.8,246.0,,MnPrv,,10365.2,12,2010,New,Normal,559741
1435,120,RL,181.1,15888.2,Grvl,,IR2,HLS,AllPub,Corner,Sev,CollgCr,Feedr,RRNn,2FmCon,2.5Fin,7,4,1961,1955,Gambrel,Membran,CemntBd,Stucco,None,410.1,Ex,Ex,Wood,Fa,Fa,Av,Rec,637.0,BLQ,466.0,2160.0,1839.0,GasA,Ex,Y,SBrkr,761.2,501.4,0.0,3762.9,1,0,2,1,2,3,Ex,4,Maj1,1,,2Types,1983.0,Unf,2,541.4,Gd,NA,P,248.7,323.6,319.8,326.0,339.1,187.0,,NA,,10551.7,11,2009,Oth,AdjLand,481272
1436,30,FV,40.4,41334.3,Grvl,,IR3,Low,AllPub,Corner,Sev,Veenker,Norm,Norm,2FmCon,SFoyer,1,1,1923,1976,Hip,Membran,MetalSd,ImStucc,Stone,845.7,TA,TA,Wood,NA,Gd,Gd,NA,2434.0,Rec,713.3,242.0,7.1,Floor,Fa,Y,FuseF,3633.7,951.6,0.0,3930.5,3,0,1,2,7,0,Gd,5,Maj1,3,,Detchd,1932.0,Fin,3,217.2,Po,TA,N,819.4,177.1,100.9,155.9,35.6,522.0,,,,10011.6,9,2010,WD,Normal,274986
1437,160,RH,,120157.1,Pave,,Reg,Bnk,AllPub,FR3,Mod,IDOTRR,RRNn,Norm,1Fam,2Story,3,1,1879,2005,Gambrel,ClyTile,VinylSd,CemntBd,None,465.3,Gd,Po,Wood,NA,TA,NA,GLQ,3877.2,NA,1199.9,1268.4,2320.2,Floor,Fa,Y,SBrkr,4210.0,988.6,0.0,880.1,1,1,3,1,2,1,TA,8,Mod,2,,BuiltIn,1997.0,Unf,4,706.3,Ex,NA,Y,427.9,391.7,68.3,475.5,233.5,283.0,,,,2422.8,8,2009,Oth,Alloca,255566
1438,50,RH,191.4,63635.2,Grvl,,Reg,Bnk,AllPub,FR3,Mod,Somerst,Artery,Feedr,2FmCon,1Story,3,10,1978,1961,Shed,ClyTile,CemntBd,Stone,BrkCmn,1100.0,Ex,Gd,Slab,Gd,TA,Av,Rec,1632.7,LwQ,1406.0,733.5,4507.7,OthW,Po,Y,FuseP,3457.4,366.9,0.0,2851.2,1,1,2,0,6,3,Gd,3,Min2,0,NA,Basment,1937.0,Unf,2,470.6,Po,TA,Y,262.3,271.2,537.4,107.2,239.3,556.0,,,,13763.9,10,2008,ConLw,Normal,432848
1439,75,RM,249.3,90599.5,Pave,,IR1,Low,AllPub,FR3,Sev,MeadowV,RRAe,Feedr,TwnhsE,1.5Unf,2,5,2002,2001,Flat,Membran,WdShing,MetalSd,BrkFace,752.5,Ex,Ex,CBlock,NA,Po,,LwQ,4795.6,GLQ,339.5,634.0,916.6,Grav,Gd,N,Mix,3844.7,1809.4,0.0,5040.9,3,2,2,0,4,0,Ex,8,Sal,1,Ex,2Types,1928.0,Fin,1,530.3,NA,Po,P,847.1,507.8,493.1,431.7,295.6,123.0,,,,9079.2,1,2007,ConLI,Alloca,432762
1440,90,RM,240.5,81928.8,Pave,,Reg,Bnk,AllPub,FR2,Mod,NoRidge,RRAe,RRNn,1Fam,2.5Unf,7,2,1967,1997,Shed,CompShg,ImStucc,AsbShng,None,734.1,Fa,TA,CBlock,Ex,,No,GLQ,2469.9,BLQ,373.0,1508.7,3084.3,OthW,Po,Y,Mix,4653.2,1085.8,0.0,1612.7,3,0,3,2,0,3,Gd,6,Min1,3,Gd,BuiltIn,1960.0,Unf,0,370.1,Gd,Ex,P,752.3,46.5,364.4,353.4,149.1,246.0,,MnWw,,5927.0,3,2008,ConLD,Normal,416447
1441,80,RH,,188695.5,Pave,,IR3,Low,NoSeWa,CulDSac,Mod,SWISU,RRNn,PosN,Twnhs,1.5Fin,9,6,1897,1952,Hip,ClyTile,Wd Sdng,ImStucc,BrkFace,1573.8,Gd,Gd,BrkTil,NA,NA,Av,BLQ,5464.7,GLQ,1385.3,540.2,1297.3,Floor,Ex,N,FuseP,921.3,1789.9,0.0,4518.6,0,2,2,2,3,3,Fa,9,Min1,3,TA,2Types,1931.0,NA,1,89.1,Ex,Gd,N,593.4,36.4,475.3,61.5,124.7,405.0,,GdPrv,,2671.2,11,2009,ConLw,AdjLand,525470
1442,30,RH,172.3,194984.2,Grvl,,IR1,Low,NoSeWa,FR3,Sev,Blueste,RRNn,Norm,TwnhsE,2.5Fin,4,7,1982,1995,Gambrel,ClyTile,Stone,AsphShn,BrkCmn,627.9,Fa,Gd,BrkTil,Fa,NA,NA,GLQ,5385.3,Unf,583.6,2140.6,456.0,GasW,Gd,Y,FuseF,4540.1,542.1,0.0,3920.7,2,2,0,0,8,3,TA,9,Maj1,3,NA,CarPort,1910.0,Fin,2,1121.9,TA,Gd,Y,767.0,495.1,52.7,282.0,232.3,336.0,,,,12145.5,8,2007,VWD,Abnorml,408168
1443,120,FV,62.0,106765.7,Grvl,,IR2,Bnk,NoSeWa,FR3,Gtl,BrkSide,PosA,Artery,Duplex,2.5Fin,5,1,1994,1982,Mansard,Roll,MetalSd,Other,Stone,579.7,Gd,Po,Wood,NA,NA,Av,GLQ,4364.4,BLQ,1058.8,948.5,3772.6,GasW,Po,N,Mix,2954.0,355.9,0.0,1517.6,2,2,1,1,7,2,TA,6,Sev,1,TA,CarPort,1917.0,RFn,2,876.6,Po,Fa,P,584.0,366.0,402.6,472.4,316.6,158.0,,,,7890.2,1,2008,WD,Abnorml,388773
1444,40,C,217.0,71935.2,Grvl,,Reg,Bnk,AllPub,CulDSac,Mod,MeadowV,Artery,PosN,Duplex,1Story,3,6,1922,1959,Mansard,Metal,Stone,Stucco,None,509.8,Fa,Gd,Stone,Fa,TA,Gd,BLQ,5262.5,Unf,902.5,1582.3,5816.5,Floor,TA,Y,FuseP,3878.2,37.2,0.0,1835.1,0,2,1,2,2,0,Gd,11,Typ,1,Po,BuiltIn,1944.0,Fin,1,1183.5,Gd,Ex,Y,377.4,367.1,157.7,314.4,21.4,266.0,,,,2283.0,12,2010,ConLI,Normal,330213
1445,40,RM,202.2,24149.5,Pave,,IR3,Bnk,NoSeWa,Inside,Sev,Mitchel,PosA,Norm,2FmCon,1.5Fin,9,8,1994,1980,Flat,CompShg,MetalSd,AsphShn,BrkFace,1431.6,Gd,Gd,Wood,NA,Po,Av,Unf,3990.9,BLQ,421.0,1700.0,1898.4,Wall,TA,Y,FuseP,3167.4,193.8,0.0,2603.5,0,0,2,2,1,3,Gd,9,Typ,2,,NA,1920.0,NA,1,713.5,Ex,Po,P,812.5,15.1,297.8,268.6,140.9,291.0,,,,14282.0,7,2010,ConLD,Partial,478547
1446,20,C,237.7,205275.8,Grvl,,IR3,Low,AllPub,FR2,Sev,Somerst,RRNe,Norm,1Fam,SLvl,4,5,1876,1964,Shed,Roll,ImStucc,AsbShng,None,794.8,Gd,TA,CBlock,Gd,Po,Mn,ALQ,5054.7,Unf,963.4,1595.4,3547.7,Floor,TA,Y,FuseP,2818.2,304.5,0.0,998.2,2,0,3,2,8,0,Ex,13,Maj2,1,Gd,Attchd,1911.0,NA,3,1396.7,NA,Ex,P,825.5,512.9,422.2,186.1,377.9,589.0,,,,1644.3,4,2007,ConLI,Family,330041
1447,75,FV,70.6,14185.3,Grvl,,IR2,Lvl,AllPub,FR2,Sev,NridgHt,RRNn,Feedr,1Fam,2.5Fin,5,7,1948,1956,Mansard,WdShake,AsphShn,ImStucc,BrkCmn,960.0,Ex,Gd,PConc,Ex,TA,Gd,BLQ,1334.7,Rec,966.3,2110.3,5826.5,Grav,Ex,N,FuseP,3400.4,162.8,0.0,5182.2,0,0,0,0,0,0,Gd,10,Maj1,3,Fa,,2002.0,RFn,0,1364.9,Fa,Fa,Y,269.2,422.2,18.5,400.7,232.4,150.0,,,,8125.4,12,2008,ConLI,Abnorml,600575
1448,190,RH,,64980.8,Pave,,IR3,Bnk,AllPub,Inside,Gtl,SawyerW,RRNe,Artery,Twnhs,2Story,1,10,1872,1985,Gambrel,Roll,MetalSd,AsphShn,Stone,289.3,Fa,Fa,BrkTil,Fa,Po,NA,Rec,1949.6,GLQ,873.3,539.9,3974.5,OthW,Gd,N,FuseA,1729.7,1852.1,0.0,4258.5,1,2,3,2,8,1,Gd,8,Maj2,1,,Attchd,1919.0,NA,1,385.4,Po,Gd,P,303.7,418.1,383.6,463.8,456.9,284.0,,NA,,9464.0,7,2006,WD,Normal,377818
1449,60,C,281.0,65069.8,Pave,,IR3,Bnk,NoSeWa,CulDSac,Gtl,NAmes,RRNe,Artery,2FmCon,2Story,2,6,1882,1963,Flat,WdShake,Plywood,MetalSd,BrkCmn,865.5,Gd,Fa,Stone,NA,NA,Gd,Unf,4249.5,GLQ,146.9,201.0,4112.7,Floor,Ex,Y,FuseF,4362.0,1882.1,0.0,2271.2,0,1,1,0,6,0,Ex,7,Typ,3,TA,Attchd,1906.0,RFn,0,548.7,NA,Po,P,328.0,498.8,240.0,382.7,416.4,150.0,,,,15484.3,4,2006,ConLw,Abnorml,319235
1450,120,RH,240.0,69848.3,Pave,,IR2,HLS,NoSeWa,CulDSac,Gtl,NWAmes,PosN,Norm,1Fam,2.5Unf,9,4,1879,2005,Shed,Roll,VinylSd,AsbShng,BrkFace,439.4,Gd,Ex,BrkTil,,NA,No,NA,2396.2,NA,1466.9,129.6,1093.3,OthW,TA,N,FuseP,836.4,1935.7,0.0,1924.6,0,0,2,0,1,3,Fa,8,Min1,2,,BuiltIn,1990.0,RFn,4,1067.3,Po,NA,P,704.6,316.2,242.7,368.4,165.1,123.0,,,,2184.2,8,2006,CWD,Alloca,368309
1451,190,RH,286.2,36448.3,Grvl,,Reg,Bnk,AllPub,Corner,Mod,ClearCr,PosA,RRNn,TwnhsE,2Story,2,7,1903,1997,Gable,Roll,AsphShn,AsbShng,BrkCmn,1169.0,Gd,Fa,Stone,TA,TA,No,ALQ,4725.9,BLQ,590.2,2050.6,3009.8,GasW,Fa,N,FuseA,1720.0,1982.1,0.0,3994.3,0,2,0,1,4,0,Ex,8,Min1,2,TA,Detchd,1970.0,Fin,2,1101.2,NA,NA,P,678.0,215.9,500.8,97.8,348.6,271.0,,GdWo,,9510.2,12,2008,ConLw,Normal,370131
1452,150,RL,242.5,168853.5,Pave,,IR3,Low,NoSeWa,CulDSac,Sev,NAmes,Norm,Artery,Twnhs,SFoyer,5,10,1899,1963,Flat,ClyTile,Wd Sdng,Stucco,Stone,1332.0,TA,Fa,CBlock,Ex,NA,No,Rec,4953.4,ALQ,940.8,2273.6,2242.9,Grav,Ex,N,FuseA,469.8,1015.6,0.0,2585.8,0,2,2,1,1,1,Ex,4,Mod,3,,BuiltIn,1901.0,Fin,1,1291.4,TA,Gd,P,842.5,262.9,474.6,423.7,131.7,339.0,,GdWo,,7389.1,6,2008,New,Normal,400684
1453,75,C,195.4,27507.8,Grvl,,IR1,Bnk,NoSeWa,FR2,Sev,Sawyer,RRNn,PosN,1Fam,1.5Fin,8,9,2002,1952,Mansard,WdShngl,Plywood,WdShing,BrkCmn,1143.7,Gd,Po,BrkTil,,Fa,Gd,LwQ,1691.7,LwQ,1305.6,706.7,2877.5,OthW,Gd,N,SBrkr,1516.4,1094.5,0.0,1551.3,2,2,0,1,4,2,Ex,7,Min1,1,Ex,BuiltIn,1942.0,Fin,4,925.4,Fa,TA,P,398.7,425.2,31.8,20.7,84.1,728.0,,,,3985.3,10,2008,ConLI,Abnorml,419144
1454,90,C,212.0,137135.1,Pave,,IR3,HLS,NoSeWa,Corner,Gtl,Crawfor,RRAn,RRNn,Duplex,SFoyer,3,10,1999,1998,Hip,WdShngl,WdShing,BrkFace,BrkFace,1168.4,TA,Fa,Wood,Gd,,No,Rec,4647.6,LwQ,623.9,1620.0,4893.1,Grav,Ex,Y,FuseP,1285.0,270.2,0.0,2617.2,3,2,2,2,6,2,TA,7,Maj2,1,Ex,Basment,1996.0,RFn,2,673.7,TA,Fa,P,631.4,420.5,341.3,384.7,422.9,658.0,,GdPrv,,14604.3,10,2009,New,AdjLand,430085
1455,80,RH,280.6,27796.2,Grvl,,IR1,Lvl,NoSeWa,FR3,Mod,Veenker,RRNn,Feedr,Duplex,2Story,6,10,1933,2002,Flat,Tar&Grv,CemntBd,Stucco,BrkCmn,820.0,Gd,Gd,BrkTil,Gd,Gd,NA,Unf,870.7,ALQ,1140.8,20.8,2814.9,Grav,Gd,Y,FuseA,550.3,283.0,0.0,4958.8,2,2,3,0,4,1,Gd,12,Min2,0,TA,Basment,1920.0,Unf,3,535.5,Fa,Gd,P,734.2,333.4,240.6,107.1,168.1,729.0,,,,12258.1,8,2006,ConLw,Family,553645
1456,50,FV,,16390.7,Grvl,,IR3,Lvl,AllPub,FR3,Mod,ClearCr,PosN,Norm,1Fam,1.5Unf,4,7,1898,1995,Gambrel,WdShake,MetalSd,MetalSd,None,1139.4,Gd,Po,PConc,Ex,TA,NA,NA,1886.2,Rec,1432.5,440.6,384.0,OthW,Fa,Y,SBrkr,2477.2,1595.7,0.0,698.2,2,2,1,2,1,3,Fa,10,Min1,2,,CarPort,1928.0,,2,594.4,Ex,Po,N,189.6,119.3,65.0,247.5,97.6,607.0,,,,12044.4,12,2006,ConLI,Normal,218636
1457,160,RL,205.7,195867.9,Grvl,,Reg,Bnk,AllPub,FR3,Sev,Blueste,Feedr,Norm,Duplex,SLvl,7,5,1916,1999,Shed,Roll,ImStucc,WdShing,None,676.3,Ex,Fa,CBlock,Gd,TA,Gd,NA,2923.4,NA,529.1,1610.1,5532.9,Floor,Po,N,SBrkr,2376.3,1767.1,0.0,2289.2,3,0,2,0,4,3,TA,2,Sev,2,,NA,1931.0,Fin,1,1205.9,,Ex,P,531.8,447.9,469.8,353.2,463.2,446.0,,,,13937.4,1,2006,ConLw,Normal,456213
1458,120,RH,66.7,41977.1,Grvl,,IR3,Lvl,NoSeWa,Corner,Gtl,NPkVill,Feedr,PosN,TwnhsE,2Story,10,7,1976,1952,Flat,Roll,AsbShng,BrkComm,None,1042.4,Ex,Gd,Stone,NA,Po,Av,Unf,1278.0,Unf,597.4,153.9,3328.8,Grav,Gd,N,FuseP,672.8,1620.4,0.0,5442.1,2,1,2,2,5,3,Gd,14,Sev,3,,BuiltIn,1944.0,Unf,4,1389.7,NA,Fa,P,469.4,354.0,39.5,385.6,14.9,561.0,,,,11238.2,9,2009,Oth,AdjLand,674133
1459,160,RM,159.4,177002.4,Pave,,IR1,Low,NoSeWa,FR2,Sev,CollgCr,RRAe,PosN,Twnhs,1.5Unf,3,3,1963,1971,Mansard,WdShake,CemntBd,AsbShng,None,414.5,Ex,Ex,PConc,Ex,Po,Av,NA,3269.4,ALQ,1334.8,1094.4,5648.7,Floor,Gd,N,Mix,1475.1,1723.4,0.0,412.7,1,0,0,0,4,0,TA,8,Maj1,0,,Attchd,1975.0,RFn,4,73.6,Po,Gd,N,636.6,121.0,17.7,451.1,176.1,456.0,,,,7854.5,11,2009,ConLD,AdjLand,295908
1460,40,RM,230.2,117821.1,Grvl,,IR3,Lvl,AllPub,CulDSac,Gtl,NPkVill,Feedr,Feedr,TwnhsE,1.5Unf,6,2,1896,1968,Flat,ClyTile,Wd Sdng,Wd Sdng,Stone,111.6,Ex,Po,Stone,Fa,Po,NA,Unf,3266.2,,235.3,1547.8,3497.1,GasA,TA,N,FuseA,4488.6,571.1,0.0,5061.5,3,0,3,1,1,2,TA,2,Maj2,1,NA,NA,1976.0,RFn,4,822.8,Po,TA,N,596.0,262.9,109.0,143.6,18.4,554.0,,GdWo,,6068.8,12,2008,ConLD,AdjLand,560424
