1 18373 28051 
1 3 1 0.030000 0.042658 -0.050397
1 3 1 0.028558 0.046171 -0.050397
1 3 1 0.121888 0.042658 -0.050397
1 3 1 0.131888 0.042658 -0.050397
1 3 1 0.080944 0.042658 -0.050397
1 3 1 0.079502 0.046171 -0.050397
1 0 280
1 0 267
1 0 283
1 0 260
1 0 269
1 0 286
1 3 1 0.025000 0.047658 -0.035397
1 3 1 0.028558 0.046171 -0.035397
1 3 1 0.126888 0.047658 -0.035397
1 3 1 0.131888 0.042658 -0.035397
1 3 1 0.075944 0.047658 -0.035397
1 3 1 0.079502 0.046171 -0.035397
1 0 271
1 0 290
1 0 273
1 0 292
1 3 1 0.125000 -0.034603 0.047103
1 3 1 0.128513 -0.034603 0.045661
1 3 1 0.025000 -0.034603 0.047103
1 3 1 0.028513 -0.034603 0.045661
1 3 1 0.075000 -0.034603 0.047103
1 3 1 0.078513 -0.034603 0.045661
1 0 275
1 0 294
1 0 277
1 0 263
1 3 1 0.125000 -0.049603 0.047103
1 3 1 0.128513 -0.049603 0.045661
1 3 1 0.025000 -0.049603 0.047103
1 3 1 0.028513 -0.049603 0.045661
1 3 1 0.075000 -0.049603 0.047103
1 3 1 0.078513 -0.049603 0.045661
1 3 1 0.029625 0.044556 -0.050397
1 3 1 0.123079 0.039419 -0.050397
1 3 1 0.125576 0.037833 -0.050397
1 3 1 0.128199 0.037833 -0.050397
1 3 1 0.130697 0.039419 -0.050397
1 3 1 0.080569 0.044556 -0.050397
1 3 1 -0.000000 -0.042460 -0.050397
1 3 1 -0.000000 -0.035318 -0.050397
1 3 1 -0.000000 -0.028175 -0.050397
1 3 1 -0.000000 -0.021032 -0.050397
1 3 1 -0.000000 -0.013889 -0.050397
1 3 1 -0.000000 -0.006746 -0.050397
1 3 1 -0.000000 0.000397 -0.050397
1 3 1 -0.000000 0.007540 -0.050397
1 3 1 -0.000000 0.014682 -0.050397
1 3 1 -0.000000 0.021825 -0.050397
1 3 1 -0.000000 0.028968 -0.050397
1 3 1 -0.000000 0.036111 -0.050397
1 3 1 -0.000000 0.043254 -0.050397
1 3 1 0.142607 0.050397 -0.050397
1 3 1 0.135802 0.050397 -0.050397
1 3 1 0.130057 0.050397 -0.050397
1 3 1 0.124827 0.050397 -0.050397
1 3 1 0.119299 0.050397 -0.050397
1 3 1 0.112670 0.050397 -0.050397
1 3 1 0.105276 0.050397 -0.050397
1 3 1 0.097882 0.050397 -0.050397
1 3 1 0.090505 0.050397 -0.050397
1 3 1 0.083851 0.050397 -0.050397
1 3 1 0.078274 0.050397 -0.050397
1 3 1 0.073054 0.050397 -0.050397
1 3 1 0.066985 0.050397 -0.050397
1 3 1 0.059829 0.050397 -0.050397
1 3 1 0.052435 0.050397 -0.050397
1 3 1 0.045041 0.050397 -0.050397
1 3 1 0.037689 0.050397 -0.050397
1 3 1 0.031262 0.050397 -0.050397
1 3 1 0.025971 0.050397 -0.050397
1 3 1 0.020830 0.050397 -0.050397
1 3 1 0.014656 0.050397 -0.050397
1 3 1 0.007394 0.050397 -0.050397
1 3 1 0.150000 -0.042460 -0.050397
1 3 1 0.150000 -0.035318 -0.050397
1 3 1 0.150000 -0.028175 -0.050397
1 3 1 0.150000 -0.021032 -0.050397
1 3 1 0.150000 -0.013889 -0.050397
1 3 1 0.150000 -0.006746 -0.050397
1 3 1 0.150000 0.000397 -0.050397
1 3 1 0.150000 0.007540 -0.050397
1 3 1 0.150000 0.014682 -0.050397
1 3 1 0.150000 0.021825 -0.050397
1 3 1 0.150000 0.028968 -0.050397
1 3 1 0.150000 0.036111 -0.050397
1 3 1 0.150000 0.043254 -0.050397
1 3 1 0.142857 -0.049603 -0.050397
1 3 1 0.135714 -0.049603 -0.050397
1 3 1 0.128571 -0.049603 -0.050397
1 3 1 0.121429 -0.049603 -0.050397
1 3 1 0.114286 -0.049603 -0.050397
1 3 1 0.107143 -0.049603 -0.050397
1 3 1 0.100000 -0.049603 -0.050397
1 3 1 0.092857 -0.049603 -0.050397
1 3 1 0.085714 -0.049603 -0.050397
1 3 1 0.078571 -0.049603 -0.050397
1 3 1 0.071429 -0.049603 -0.050397
1 3 1 0.064286 -0.049603 -0.050397
1 3 1 0.057143 -0.049603 -0.050397
1 3 1 0.050000 -0.049603 -0.050397
1 3 1 0.042857 -0.049603 -0.050397
1 3 1 0.035714 -0.049603 -0.050397
1 3 1 0.028571 -0.049603 -0.050397
1 3 1 0.021429 -0.049603 -0.050397
1 3 1 0.014286 -0.049603 -0.050397
1 3 1 0.007143 -0.049603 -0.050397
1 3 1 0.075971 0.047657 -0.050397
1 3 1 0.072425 0.046209 -0.050397
1 3 1 0.070944 0.042676 -0.050397
1 3 1 0.072398 0.039132 -0.050397
1 3 1 0.075934 0.037658 -0.050397
1 3 1 0.079475 0.039118 -0.050397
1 3 1 0.130840 0.045720 -0.050397
1 3 1 0.127285 0.047642 -0.050397
1 3 1 0.123456 0.046293 -0.050397
1 3 1 0.025027 0.047657 -0.050397
1 3 1 0.021481 0.046209 -0.050397
1 3 1 0.020000 0.042676 -0.050397
1 3 1 0.021454 0.039132 -0.050397
1 3 1 0.024990 0.037658 -0.050397
1 3 1 0.028531 0.039118 -0.050397
1 3 1 0.118735 0.039593 -0.050397
1 3 1 0.143730 -0.003175 -0.050397
1 3 1 0.143730 0.018254 -0.050397
1 3 1 0.116981 0.044905 -0.050397
1 3 1 0.034259 0.044638 -0.050397
1 3 1 0.009951 -0.043272 -0.050397
1 3 1 0.079257 0.034622 -0.050397
1 3 1 0.006270 0.011111 -0.050397
1 3 1 0.006270 0.025397 -0.050397
1 3 1 0.011600 0.044086 -0.050397
1 3 1 0.135501 0.039609 -0.050397
1 3 1 0.137594 0.044721 -0.050397
1 3 1 0.085829 0.044684 -0.050397
1 3 1 0.109214 0.044268 -0.050397
1 3 1 0.101579 0.044126 -0.050397
1 3 1 0.093755 0.044247 -0.050397
1 3 1 0.068578 0.045661 -0.050397
1 3 1 0.067903 0.039358 -0.050397
1 3 1 0.048738 0.044126 -0.050397
1 3 1 0.041275 0.044174 -0.050397
1 3 1 0.005929 0.040741 -0.050397
1 3 1 0.006043 -0.038593 -0.050397
1 3 1 0.143664 -0.039649 -0.050397
1 3 1 0.138989 -0.043558 -0.050397
1 3 1 0.143730 -0.024603 -0.050397
1 3 1 0.125000 -0.043333 -0.050397
1 3 1 0.110714 -0.043333 -0.050397
1 3 1 0.126887 0.033531 -0.050397
1 3 1 0.143730 0.003968 -0.050397
1 3 1 0.143730 0.011111 -0.050397
1 3 1 0.132194 0.034772 -0.050397
1 3 1 0.143730 0.025397 -0.050397
1 3 1 0.143981 0.032436 -0.050397
1 3 1 0.143110 0.039739 -0.050397
1 3 1 0.006270 -0.031746 -0.050397
1 3 1 0.143359 -0.032142 -0.050397
1 3 1 0.006270 -0.024603 -0.050397
1 3 1 0.132143 -0.043333 -0.050397
1 3 1 0.122054 0.035046 -0.050397
1 3 1 0.143730 -0.017460 -0.050397
1 3 1 0.006270 -0.017460 -0.050397
1 3 1 0.117857 -0.043333 -0.050397
1 3 1 0.143730 -0.010318 -0.050397
1 3 1 0.006270 -0.010318 -0.050397
1 3 1 0.103571 -0.043333 -0.050397
1 3 1 0.089286 -0.043333 -0.050397
1 3 1 0.082143 -0.043333 -0.050397
1 3 1 0.006270 -0.003175 -0.050397
1 3 1 0.067857 -0.043333 -0.050397
1 3 1 0.072598 0.034635 -0.050397
1 3 1 0.039286 -0.043333 -0.050397
1 3 1 0.032143 -0.043333 -0.050397
1 3 1 0.025000 -0.043333 -0.050397
1 3 1 0.017452 -0.042981 -0.050397
1 3 1 0.053571 -0.043333 -0.050397
1 3 1 0.063389 0.044209 -0.050397
1 3 1 0.075000 -0.043333 -0.050397
1 3 1 0.056249 0.043993 -0.050397
1 3 1 0.060714 -0.043333 -0.050397
1 3 1 0.083601 0.039163 -0.050397
1 3 1 0.096429 -0.043333 -0.050397
1 3 1 0.017260 0.045573 -0.050397
1 3 1 0.006133 0.032651 -0.050397
1 3 1 0.006270 0.018254 -0.050397
1 3 1 0.006270 0.003968 -0.050397
1 3 1 0.016959 0.039358 -0.050397
1 3 1 0.021654 0.034635 -0.050397
1 3 1 0.046429 -0.043333 -0.050397
1 3 1 0.032392 0.039122 -0.050397
1 3 1 0.028293 0.034655 -0.050397
1 3 1 0.060959 0.037940 -0.050397
1 3 1 0.138268 0.035017 -0.050397
1 3 1 0.144772 0.045911 -0.050397
1 3 1 0.011102 0.036968 -0.050397
1 3 1 0.034433 0.033248 -0.050397
1 3 1 0.025149 0.029647 -0.050397
1 3 1 0.016296 0.033465 -0.050397
1 3 1 0.050000 -0.037062 -0.050397
1 3 1 0.057143 -0.037062 -0.050397
1 3 1 0.021246 -0.037165 -0.050397
1 3 1 0.028571 -0.037062 -0.050397
1 3 1 0.035714 -0.037062 -0.050397
1 3 1 0.042857 -0.037062 -0.050397
1 3 1 0.064286 -0.037062 -0.050397
1 3 1 0.071429 -0.037062 -0.050397
1 3 1 0.012541 0.000397 -0.050397
1 3 1 0.078571 -0.037062 -0.050397
1 3 1 0.085714 -0.037062 -0.050397
1 3 1 0.092857 -0.037062 -0.050397
1 3 1 0.100000 -0.037062 -0.050397
1 3 1 0.012541 -0.006746 -0.050397
1 3 1 0.012541 -0.013889 -0.050397
1 3 1 0.137459 -0.013889 -0.050397
1 3 1 0.012541 -0.021032 -0.050397
1 3 1 0.012541 -0.028175 -0.050397
1 3 1 0.137375 0.029019 -0.050397
1 3 1 0.137459 0.007540 -0.050397
1 3 1 0.130849 0.028407 -0.050397
1 3 1 0.123231 0.028452 -0.050397
1 3 1 0.107143 -0.037062 -0.050397
1 3 1 0.114286 -0.037062 -0.050397
1 3 1 0.121429 -0.037062 -0.050397
1 3 1 0.128527 -0.037182 -0.050397
1 3 1 0.137404 -0.028436 -0.050397
1 3 1 0.137459 -0.021032 -0.050397
1 3 1 0.136358 -0.036598 -0.050397
1 3 1 0.013004 -0.035996 -0.050397
1 3 1 0.037600 0.038956 -0.050397
1 3 1 0.044976 0.037873 -0.050397
1 3 1 0.052679 0.037842 -0.050397
1 3 1 0.065622 0.033651 -0.050397
1 3 1 0.089510 0.039294 -0.050397
1 3 1 0.097639 0.038003 -0.050397
1 3 1 0.105265 0.038084 -0.050397
1 3 1 0.012243 0.028955 -0.050397
1 3 1 0.012766 0.022003 -0.050397
1 3 1 0.012541 0.014682 -0.050397
1 3 1 0.012541 0.007540 -0.050397
1 3 1 0.085762 0.033631 -0.050397
1 3 1 0.075925 0.029273 -0.050397
1 3 1 0.113113 0.039131 -0.050397
1 3 1 0.137100 0.022249 -0.050397
1 3 1 0.137024 0.015207 -0.050397
1 3 1 0.137459 0.000397 -0.050397
1 3 1 0.137459 -0.006746 -0.050397
1 3 1 0.116575 0.033487 -0.050397
1 3 1 0.130195 0.021361 -0.050397
1 3 1 0.109400 0.032821 -0.050397
1 3 1 0.131189 -0.003175 -0.050397
1 3 1 0.018811 0.011111 -0.050397
1 3 1 0.018920 0.018720 -0.050397
1 3 1 0.019397 0.027166 -0.050397
1 3 1 0.093044 0.033083 -0.050397
1 3 1 0.101440 0.031634 -0.050397
1 3 1 0.048816 0.031627 -0.050397
1 3 1 0.040838 0.032240 -0.050397
1 3 1 0.131472 -0.031460 -0.050397
1 3 1 0.130899 -0.024796 -0.050397
1 3 1 0.125062 -0.030542 -0.050397
1 3 1 0.118214 -0.030381 -0.050397
1 3 1 0.110714 -0.030792 -0.050397
1 3 1 0.115531 0.026730 -0.050397
1 3 1 0.131250 0.011750 -0.050397
1 3 1 0.131189 0.003968 -0.050397
1 3 1 0.018369 -0.031516 -0.050397
1 3 1 0.019102 -0.024804 -0.050397
1 3 1 0.130765 -0.017843 -0.050397
1 3 1 0.131189 -0.010318 -0.050397
1 3 1 0.019229 -0.017847 -0.050397
1 3 1 0.018811 -0.010318 -0.050397
1 3 1 0.103571 -0.030792 -0.050397
1 3 1 0.096429 -0.030792 -0.050397
1 3 1 0.089286 -0.030792 -0.050397
1 3 1 0.082143 -0.030792 -0.050397
1 3 1 0.018811 0.003968 -0.050397
1 3 1 0.018811 -0.003175 -0.050397
1 3 1 0.075000 -0.030792 -0.050397
1 3 1 0.067857 -0.030792 -0.050397
1 3 1 0.039286 -0.030792 -0.050397
1 3 1 0.031778 -0.030373 -0.050397
1 3 1 0.024882 -0.030530 -0.050397
1 3 1 0.060714 -0.030792 -0.050397
1 3 1 0.046429 -0.030792 -0.050397
1 3 1 0.053571 -0.030792 -0.050397
1 3 1 0.056925 0.032116 -0.050397
1 3 1 0.069062 0.029151 -0.050397
1 3 1 0.082855 0.028575 -0.050397
1 3 1 0.031206 0.027825 -0.050397
1 3 1 0.026366 -0.023231 -0.050397
1 3 1 0.123629 -0.023250 -0.050397
1 3 1 0.037430 0.024897 -0.050397
1 3 1 0.050000 -0.024522 -0.050397
1 3 1 0.057143 -0.024522 -0.050397
1 3 1 0.035061 -0.024364 -0.050397
1 3 1 0.042857 -0.024522 -0.050397
1 3 1 0.064286 -0.024522 -0.050397
1 3 1 0.071429 -0.024522 -0.050397
1 3 1 0.025082 0.000397 -0.050397
1 3 1 0.078571 -0.024522 -0.050397
1 3 1 0.085714 -0.024522 -0.050397
1 3 1 0.092857 -0.024522 -0.050397
1 3 1 0.100000 -0.024522 -0.050397
1 3 1 0.025082 -0.006746 -0.050397
1 3 1 0.025219 -0.014467 -0.050397
1 3 1 0.124722 -0.014526 -0.050397
1 3 1 0.124918 0.007540 -0.050397
1 3 1 0.107143 -0.024522 -0.050397
1 3 1 0.114886 -0.024438 -0.050397
1 3 1 0.053167 0.025306 -0.050397
1 3 1 0.044633 0.026175 -0.050397
1 3 1 0.095737 0.027092 -0.050397
1 3 1 0.107088 0.026571 -0.050397
1 3 1 0.089444 0.026738 -0.050397
1 3 1 0.025129 0.022465 -0.050397
1 3 1 0.025082 0.014682 -0.050397
1 3 1 0.025082 0.007540 -0.050397
1 3 1 0.124918 -0.006746 -0.050397
1 3 1 0.124918 0.000397 -0.050397
1 3 1 0.061286 0.027683 -0.050397
1 3 1 0.079552 0.022959 -0.050397
1 3 1 0.072109 0.023157 -0.050397
1 3 1 0.122417 0.021266 -0.050397
1 3 1 0.075907 0.016962 -0.050397
1 3 1 0.118648 -0.003175 -0.050397
1 3 1 0.031426 0.011334 -0.050397
1 3 1 0.031479 0.019385 -0.050397
1 3 1 0.093492 0.019968 -0.050397
1 3 1 0.058612 0.020488 -0.050397
1 3 1 0.048344 0.020337 -0.050397
1 3 1 0.118479 -0.018349 -0.050397
1 3 1 0.110651 -0.018653 -0.050397
1 3 1 0.119007 0.004059 -0.050397
1 3 1 0.118749 -0.010468 -0.050397
1 3 1 0.031360 -0.018065 -0.050397
1 3 1 0.031258 -0.010358 -0.050397
1 3 1 0.103571 -0.018251 -0.050397
1 3 1 0.096429 -0.018251 -0.050397
1 3 1 0.089286 -0.018251 -0.050397
1 3 1 0.082143 -0.018251 -0.050397
1 3 1 0.031352 0.003968 -0.050397
1 3 1 0.031352 -0.003175 -0.050397
1 3 1 0.075000 -0.018251 -0.050397
1 3 1 0.067857 -0.018251 -0.050397
1 3 1 0.039301 -0.018643 -0.050397
1 3 1 0.060714 -0.018251 -0.050397
1 3 1 0.053571 -0.018251 -0.050397
1 3 1 0.046429 -0.018251 -0.050397
1 3 1 0.041941 0.019525 -0.050397
1 3 1 0.116538 0.019073 -0.050397
1 3 1 0.126011 0.015229 -0.050397
1 3 1 0.065318 0.022988 -0.050397
1 3 1 0.111226 0.021055 -0.050397
1 3 1 0.100345 0.024067 -0.050397
1 3 1 0.111438 0.013619 -0.050397
1 3 1 0.049671 -0.011465 -0.050397
1 3 1 0.057143 -0.011981 -0.050397
1 3 1 0.043023 -0.011691 -0.050397
1 3 1 0.064286 -0.011981 -0.050397
1 3 1 0.071429 -0.011981 -0.050397
1 3 1 0.037807 0.000416 -0.050397
1 3 1 0.078571 -0.011981 -0.050397
1 3 1 0.085714 -0.011981 -0.050397
1 3 1 0.092857 -0.011981 -0.050397
1 3 1 0.100346 -0.011436 -0.050397
1 3 1 0.037623 -0.006746 -0.050397
1 3 1 0.106957 -0.011631 -0.050397
1 3 1 0.045404 0.012815 -0.050397
1 3 1 0.063576 0.016043 -0.050397
1 3 1 0.099554 0.017086 -0.050397
1 3 1 0.037534 0.015499 -0.050397
1 3 1 0.038087 0.008045 -0.050397
1 3 1 0.112377 -0.006746 -0.050397
1 3 1 0.112377 0.000397 -0.050397
1 3 1 0.119537 0.012608 -0.050397
1 3 1 0.105294 0.019441 -0.050397
1 3 1 0.086482 0.021016 -0.050397
1 3 1 0.082902 0.016372 -0.050397
1 3 1 0.069220 0.016625 -0.050397
1 3 1 0.066499 0.008867 -0.050397
1 3 1 0.090072 0.014065 -0.050397
1 3 1 0.105405 -0.003650 -0.050397
1 3 1 0.104602 0.012325 -0.050397
1 3 1 0.097018 -0.005561 -0.050397
1 3 1 0.089286 -0.005710 -0.050397
1 3 1 0.082143 -0.005710 -0.050397
1 3 1 0.044187 0.004440 -0.050397
1 3 1 0.044707 -0.003996 -0.050397
1 3 1 0.075000 -0.005710 -0.050397
1 3 1 0.067857 -0.005710 -0.050397
1 3 1 0.060714 -0.005710 -0.050397
1 3 1 0.053121 -0.005561 -0.050397
1 3 1 0.114146 0.007494 -0.050397
1 3 1 0.072549 0.010184 -0.050397
1 3 1 0.079169 0.010914 -0.050397
1 3 1 0.053145 0.015945 -0.050397
1 3 1 0.113130 -0.013538 -0.050397
1 3 1 0.036852 -0.013522 -0.050397
1 3 1 0.075858 0.005025 -0.050397
1 3 1 0.050081 0.000707 -0.050397
1 3 1 0.056826 0.000792 -0.050397
1 3 1 0.064315 0.000890 -0.050397
1 3 1 0.071115 0.001307 -0.050397
1 3 1 0.078765 0.000081 -0.050397
1 3 1 0.085920 0.000516 -0.050397
1 3 1 0.092992 -0.000095 -0.050397
1 3 1 0.099822 0.001207 -0.050397
1 3 1 0.051687 0.007771 -0.050397
1 3 1 0.058756 0.011984 -0.050397
1 3 1 0.096182 0.011730 -0.050397
1 3 1 0.107224 0.005378 -0.050397
1 3 1 0.086445 0.010196 -0.050397
1 3 1 0.091830 0.005761 -0.050397
1 3 1 0.059862 0.006296 -0.050397
1 3 1 0.100320 0.007421 -0.050397
1 3 1 0.082890 0.005959 -0.050397
1 3 1 -0.000000 0.050397 -0.042897
1 3 1 0.142714 0.050397 -0.035397
1 3 1 0.135632 0.050397 -0.035397
1 3 1 0.129671 0.050397 -0.035397
1 3 1 0.124528 0.050397 -0.035397
1 3 1 0.119092 0.050397 -0.035397
1 3 1 0.112539 0.050397 -0.035397
1 3 1 0.105253 0.050397 -0.035397
1 3 1 0.097971 0.050397 -0.035397
1 3 1 0.090842 0.050397 -0.035397
1 3 1 0.084914 0.050397 -0.035397
1 3 1 0.080456 0.050397 -0.035397
1 3 1 0.076400 0.050397 -0.035397
1 3 1 0.072464 0.050397 -0.035397
1 3 1 0.068352 0.050397 -0.035397
1 3 1 0.062851 0.050397 -0.035397
1 3 1 0.056014 0.050397 -0.035397
1 3 1 0.048728 0.050397 -0.035397
1 3 1 0.041499 0.050397 -0.035397
1 3 1 0.035279 0.050397 -0.035397
1 3 1 0.030598 0.050397 -0.035397
1 3 1 0.026505 0.050397 -0.035397
1 3 1 0.022610 0.050397 -0.035397
1 3 1 0.018699 0.050397 -0.035397
1 3 1 0.013770 0.050397 -0.035397
1 3 1 0.007286 0.050397 -0.035397
1 3 1 0.150000 0.050397 -0.042897
1 3 1 0.010300 0.050397 -0.043090
1 3 1 0.132929 0.050397 -0.043251
1 3 1 0.127377 0.050397 -0.044183
1 3 1 0.122106 0.050397 -0.043193
1 3 1 0.116022 0.050397 -0.043201
1 3 1 0.108882 0.050397 -0.043171
1 3 1 0.101584 0.050397 -0.042655
1 3 1 0.094281 0.050397 -0.043152
1 3 1 0.087158 0.050397 -0.043146
1 3 1 0.080987 0.050397 -0.045139
1 3 1 0.075685 0.050397 -0.044974
1 3 1 0.072066 0.050397 -0.039343
1 3 1 0.070263 0.050397 -0.044992
1 3 1 0.063298 0.050397 -0.044101
1 3 1 0.057024 0.050397 -0.043373
1 3 1 0.048918 0.050397 -0.045053
1 3 1 0.041314 0.050397 -0.045059
1 3 1 0.033957 0.050397 -0.045134
1 3 1 0.028258 0.050397 -0.045036
1 3 1 0.024548 0.050397 -0.039512
1 3 1 0.023469 0.050397 -0.045151
1 3 1 0.017891 0.050397 -0.044946
1 3 1 0.140129 0.050397 -0.042716
1 3 1 0.082641 0.050397 -0.039556
1 3 1 0.077817 0.050397 -0.039520
1 3 1 0.066895 0.050397 -0.039976
1 3 1 0.052228 0.050397 -0.040749
1 3 1 0.045050 0.050397 -0.040786
1 3 1 0.037832 0.050397 -0.040545
1 3 1 0.032405 0.050397 -0.039768
1 3 1 0.028413 0.050397 -0.039449
1 3 1 0.020872 0.050397 -0.039526
1 3 1 0.016186 0.050397 -0.039772
1 3 1 0.027076 0.047206 -0.035397
1 3 1 0.130423 0.046193 -0.035397
1 3 1 0.078020 0.047206 -0.035397
1 3 1 -0.000000 0.042897 -0.035397
1 3 1 0.142665 0.035397 -0.035397
1 3 1 0.135688 0.035397 -0.035397
1 3 1 0.129926 0.035397 -0.035397
1 3 1 0.124961 0.035397 -0.035397
1 3 1 0.119667 0.035397 -0.035397
1 3 1 0.113116 0.035397 -0.035397
1 3 1 0.105774 0.035397 -0.035397
1 3 1 0.098433 0.035397 -0.035397
1 3 1 0.091339 0.035397 -0.035397
1 3 1 0.085326 0.035397 -0.035397
1 3 1 0.080825 0.035397 -0.035397
1 3 1 0.077185 0.035397 -0.035397
1 3 1 0.073753 0.035397 -0.035397
1 3 1 0.069478 0.035397 -0.035397
1 3 1 0.063639 0.035397 -0.035397
1 3 1 0.056577 0.035397 -0.035397
1 3 1 0.049236 0.035397 -0.035397
1 3 1 0.041913 0.035397 -0.035397
1 3 1 0.035400 0.035397 -0.035397
1 3 1 0.030587 0.035397 -0.035397
1 3 1 0.026839 0.035397 -0.035397
1 3 1 0.023378 0.035397 -0.035397
1 3 1 0.019412 0.035397 -0.035397
1 3 1 0.014134 0.035397 -0.035397
1 3 1 0.007330 0.035397 -0.035397
1 3 1 0.150000 0.042897 -0.035397
1 3 1 0.080846 0.043642 -0.035397
1 3 1 0.080363 0.040318 -0.035397
1 3 1 0.078299 0.038247 -0.035397
1 3 1 0.075889 0.037658 -0.035397
1 3 1 0.073286 0.038423 -0.035397
1 3 1 0.071184 0.041128 -0.035397
1 3 1 0.071356 0.044646 -0.035397
1 3 1 0.073213 0.046846 -0.035397
1 3 1 0.130424 0.039122 -0.035397
1 3 1 0.126888 0.037658 -0.035397
1 3 1 0.123353 0.039122 -0.035397
1 3 1 0.121888 0.042657 -0.035397
1 3 1 0.123352 0.046192 -0.035397
1 3 1 0.029902 0.043642 -0.035397
1 3 1 0.029419 0.040318 -0.035397
1 3 1 0.027355 0.038247 -0.035397
1 3 1 0.024945 0.037658 -0.035397
1 3 1 0.022342 0.038423 -0.035397
1 3 1 0.020240 0.041128 -0.035397
1 3 1 0.020412 0.044646 -0.035397
1 3 1 0.022269 0.046846 -0.035397
1 3 1 0.135484 0.045652 -0.035397
1 3 1 0.139283 0.041878 -0.035397
1 3 1 0.134314 0.039748 -0.035397
1 3 1 0.094071 0.043282 -0.035397
1 3 1 0.109745 0.043126 -0.035397
1 3 1 0.083953 0.042400 -0.035397
1 3 1 0.052578 0.043133 -0.035397
1 3 1 0.033094 0.041131 -0.035397
1 3 1 0.117266 0.040368 -0.035397
1 3 1 0.101893 0.042655 -0.035397
1 3 1 0.082600 0.046649 -0.035397
1 3 1 0.087302 0.045881 -0.035397
1 3 1 0.066841 0.040197 -0.035397
1 3 1 0.044701 0.043298 -0.035397
1 3 1 0.060434 0.042645 -0.035397
1 3 1 0.038306 0.040647 -0.035397
1 3 1 0.037198 0.045586 -0.035397
1 3 1 0.032125 0.046369 -0.035397
1 3 1 0.016873 0.040078 -0.035397
1 3 1 0.010551 0.042700 -0.035397
1 3 1 0.088034 0.040474 -0.035397
1 3 1 0.082888 0.038694 -0.035397
1 3 1 0.070519 0.047466 -0.035397
1 3 1 0.066806 0.045341 -0.035397
1 3 1 0.117040 0.045259 -0.035397
1 3 1 0.016853 0.045500 -0.035397
1 3 1 0.020333 0.047713 -0.035397
1 3 1 0.145110 0.043270 -0.035397
1 3 1 -0.000000 0.030397 -0.030397
1 3 1 -0.000000 0.025397 -0.025397
1 3 1 -0.000000 0.020397 -0.020397
1 3 1 -0.000000 0.015397 -0.015397
1 3 1 -0.000000 0.010397 -0.010397
1 3 1 -0.000000 0.005397 -0.005397
1 3 1 -0.000000 0.000397 -0.000397
1 3 1 -0.000000 -0.004603 0.004603
1 3 1 -0.000000 -0.009603 0.009603
1 3 1 -0.000000 -0.014603 0.014603
1 3 1 -0.000000 -0.019603 0.019603
1 3 1 -0.000000 -0.024603 0.024603
1 3 1 -0.000000 -0.029603 0.029603
1 3 1 0.142889 -0.034603 0.034603
1 3 1 0.135865 -0.034603 0.034603
1 3 1 0.129899 -0.034603 0.034603
1 3 1 0.125018 -0.034603 0.034603
1 3 1 0.120136 -0.034603 0.034603
1 3 1 0.114195 -0.034603 0.034603
1 3 1 0.107199 -0.034603 0.034603
1 3 1 0.100088 -0.034603 0.034603
1 3 1 0.092977 -0.034603 0.034603
1 3 1 0.085941 -0.034603 0.034603
1 3 1 0.079962 -0.034603 0.034603
1 3 1 0.075084 -0.034603 0.034603
1 3 1 0.070198 -0.034603 0.034603
1 3 1 0.064275 -0.034603 0.034603
1 3 1 0.057295 -0.034603 0.034603
1 3 1 0.050186 -0.034603 0.034603
1 3 1 0.043075 -0.034603 0.034603
1 3 1 0.036080 -0.034603 0.034603
1 3 1 0.030096 -0.034603 0.034603
1 3 1 0.025107 -0.034603 0.034603
1 3 1 0.020072 -0.034603 0.034603
1 3 1 0.014089 -0.034603 0.034603
1 3 1 0.007111 -0.034603 0.034603
1 3 1 0.150000 0.030397 -0.030397
1 3 1 0.150000 0.025397 -0.025397
1 3 1 0.150000 0.020397 -0.020397
1 3 1 0.150000 0.015397 -0.015397
1 3 1 0.150000 0.010397 -0.010397
1 3 1 0.150000 0.005397 -0.005397
1 3 1 0.150000 0.000397 -0.000397
1 3 1 0.150000 -0.004603 0.004603
1 3 1 0.150000 -0.009603 0.009603
1 3 1 0.150000 -0.014603 0.014603
1 3 1 0.150000 -0.019603 0.019603
1 3 1 0.150000 -0.024603 0.024603
1 3 1 0.150000 -0.029603 0.029603
1 3 1 0.094854 0.031002 -0.031002
1 3 1 0.087782 0.031200 -0.031200
1 3 1 0.075506 0.033116 -0.033116
1 3 1 0.067194 0.031462 -0.031462
1 3 1 0.060183 0.031001 -0.031001
1 3 1 0.046630 -0.030169 0.030169
1 3 1 0.039550 -0.030156 0.030156
1 3 1 0.032824 -0.030419 0.030419
1 3 1 0.027609 -0.030922 0.030922
1 3 1 0.022944 -0.030660 0.030660
1 3 1 0.017133 -0.030098 0.030098
1 3 1 0.139130 -0.030224 0.030224
1 3 1 0.132755 -0.030141 0.030141
1 3 1 0.127089 -0.030752 0.030752
1 3 1 0.122679 -0.031066 0.031066
1 3 1 0.117474 -0.030442 0.030442
1 3 1 0.110722 -0.030155 0.030155
1 3 1 0.103644 -0.030170 0.030170
1 3 1 0.096533 -0.030169 0.030169
1 3 1 0.006534 0.028442 -0.028442
1 3 1 0.006849 0.023265 -0.023265
1 3 1 0.006270 0.017897 -0.017897
1 3 1 0.006270 0.012897 -0.012897
1 3 1 0.072111 0.032188 -0.032188
1 3 1 0.006270 0.007897 -0.007897
1 3 1 0.006270 0.002897 -0.002897
1 3 1 0.006270 -0.002103 0.002103
1 3 1 0.006270 -0.007103 0.007103
1 3 1 0.006270 -0.012103 0.012103
1 3 1 0.006270 -0.017103 0.017103
1 3 1 0.006270 -0.022103 0.022103
1 3 1 0.006159 -0.027604 0.027604
1 3 1 0.010825 -0.030225 0.030225
1 3 1 0.143475 0.028423 -0.028423
1 3 1 0.138815 0.031184 -0.031184
1 3 1 0.127359 0.031894 -0.031894
1 3 1 0.122504 0.031523 -0.031523
1 3 1 0.116566 0.031154 -0.031154
1 3 1 0.109445 0.030963 -0.030963
1 3 1 0.143730 -0.002103 0.002103
1 3 1 0.143730 -0.007103 0.007103
1 3 1 0.143730 -0.012103 0.012103
1 3 1 0.143730 -0.017103 0.017103
1 3 1 0.143730 -0.022103 0.022103
1 3 1 0.143825 -0.027609 0.027609
1 3 1 0.077199 -0.030886 0.030886
1 3 1 0.143194 0.023232 -0.023232
1 3 1 0.132324 0.031167 -0.031167
1 3 1 0.143730 0.017897 -0.017897
1 3 1 0.143730 0.012897 -0.012897
1 3 1 0.143730 0.007897 -0.007897
1 3 1 0.143730 0.002897 -0.002897
1 3 1 0.102104 0.030963 -0.030963
1 3 1 0.089449 -0.030182 0.030182
1 3 1 0.082627 -0.030433 0.030433
1 3 1 0.082617 0.032270 -0.032270
1 3 1 0.078749 0.032880 -0.032880
1 3 1 0.072750 -0.031268 0.031268
1 3 1 0.067567 -0.030447 0.030447
1 3 1 0.060814 -0.030155 0.030155
1 3 1 0.053741 -0.030170 0.030170
1 3 1 0.052907 0.030963 -0.030963
1 3 1 0.045572 0.030966 -0.030966
1 3 1 0.037916 0.031181 -0.031181
1 3 1 0.032160 0.032048 -0.032048
1 3 1 0.028446 0.032859 -0.032859
1 3 1 0.025019 0.032732 -0.032732
1 3 1 0.021570 0.032714 -0.032714
1 3 1 0.017194 0.031656 -0.031656
1 3 1 0.011191 0.031242 -0.031242
1 3 1 0.072477 -0.026725 0.026725
1 3 1 0.076571 0.029591 -0.029591
1 3 1 0.014310 0.026612 -0.026612
1 3 1 0.021596 0.028391 -0.028391
1 3 1 0.027123 0.029156 -0.029156
1 3 1 0.033271 0.027583 -0.027583
1 3 1 0.041351 0.026736 -0.026736
1 3 1 0.049235 0.026530 -0.026530
1 3 1 0.057259 -0.025729 0.025729
1 3 1 0.064843 -0.025921 0.025921
1 3 1 0.085453 -0.025854 0.025854
1 3 1 0.137459 0.005397 -0.005397
1 3 1 0.137459 0.010397 -0.010397
1 3 1 0.137459 0.015397 -0.015397
1 3 1 0.137275 0.020682 -0.020682
1 3 1 0.078825 -0.026031 0.026031
1 3 1 0.137011 -0.025084 0.025084
1 3 1 0.137558 -0.019593 0.019593
1 3 1 0.137459 -0.014603 0.014603
1 3 1 0.137459 -0.009603 0.009603
1 3 1 0.137459 -0.004603 0.004603
1 3 1 0.137459 0.000397 -0.000397
1 3 1 0.105774 0.026529 -0.026529
1 3 1 0.113444 0.026674 -0.026674
1 3 1 0.120264 0.026681 -0.026681
1 3 1 0.126870 0.027054 -0.027054
1 3 1 0.135623 0.026392 -0.026392
1 3 1 0.012943 -0.025060 0.025060
1 3 1 0.012368 -0.019584 0.019584
1 3 1 0.012541 -0.014603 0.014603
1 3 1 0.012541 -0.009603 0.009603
1 3 1 0.012541 -0.004603 0.004603
1 3 1 0.012541 0.000397 -0.000397
1 3 1 0.012541 0.005397 -0.005397
1 3 1 0.012541 0.010397 -0.010397
1 3 1 0.012541 0.015397 -0.015397
1 3 1 0.012786 0.020778 -0.020778
1 3 1 0.092976 -0.025742 0.025742
1 3 1 0.100088 -0.025736 0.025736
1 3 1 0.107164 -0.025728 0.025728
1 3 1 0.114724 -0.025898 0.025898
1 3 1 0.121858 -0.026261 0.026261
1 3 1 0.129007 -0.026000 0.026000
1 3 1 0.021006 -0.025837 0.025837
1 3 1 0.028447 -0.026088 0.026088
1 3 1 0.035558 -0.025869 0.025869
1 3 1 0.043107 -0.025729 0.025729
1 3 1 0.050186 -0.025736 0.025736
1 3 1 0.056641 0.026529 -0.026529
1 3 1 0.064501 0.026634 -0.026634
1 3 1 0.083002 0.027628 -0.027628
1 3 1 0.090901 0.026675 -0.026675
1 3 1 0.098431 0.026543 -0.026543
1 3 1 0.094260 0.022226 -0.022226
1 3 1 0.085897 0.023005 -0.023005
1 3 1 0.061448 0.022333 -0.022333
1 3 1 0.046655 -0.021298 0.021298
1 3 1 0.039170 -0.021414 0.021414
1 3 1 0.031800 -0.021117 0.021117
1 3 1 0.024810 -0.021319 0.021319
1 3 1 0.018099 -0.021596 0.021596
1 3 1 0.131803 -0.021713 0.021713
1 3 1 0.125282 -0.021395 0.021395
1 3 1 0.118553 -0.021258 0.021258
1 3 1 0.111141 -0.021431 0.021431
1 3 1 0.103617 -0.021298 0.021298
1 3 1 0.096525 -0.021305 0.021305
1 3 1 0.019619 0.023079 -0.023079
1 3 1 0.018705 0.017862 -0.017862
1 3 1 0.018811 0.012897 -0.012897
1 3 1 0.018811 0.007897 -0.007897
1 3 1 0.018811 0.002897 -0.002897
1 3 1 0.018811 -0.002103 0.002103
1 3 1 0.018811 -0.007103 0.007103
1 3 1 0.019237 -0.012354 0.012354
1 3 1 0.018972 -0.017132 0.017132
1 3 1 0.130796 0.022736 -0.022736
1 3 1 0.124167 0.021895 -0.021895
1 3 1 0.117431 0.021881 -0.021881
1 3 1 0.102086 0.022102 -0.022102
1 3 1 0.109774 0.022236 -0.022236
1 3 1 0.131189 -0.002103 0.002103
1 3 1 0.131189 -0.007103 0.007103
1 3 1 0.130763 -0.012359 0.012359
1 3 1 0.130943 -0.017173 0.017173
1 3 1 0.130696 0.018063 -0.018063
1 3 1 0.130761 0.013159 -0.013159
1 3 1 0.131189 0.007897 -0.007897
1 3 1 0.131189 0.002897 -0.002897
1 3 1 0.081863 -0.021429 0.021429
1 3 1 0.089082 -0.021365 0.021365
1 3 1 0.077367 0.024563 -0.024563
1 3 1 0.053714 -0.021298 0.021298
1 3 1 0.061365 -0.021462 0.021462
1 3 1 0.052947 0.022099 -0.022099
1 3 1 0.044794 0.022299 -0.022299
1 3 1 0.036209 0.023168 -0.023168
1 3 1 0.027602 0.024191 -0.024191
1 3 1 0.075096 -0.021803 0.021803
1 3 1 0.068928 -0.022122 0.022122
1 3 1 0.070876 0.027239 -0.027239
1 3 1 0.123277 0.016774 -0.016774
1 3 1 0.123688 -0.016174 0.016174
1 3 1 0.026384 -0.016182 0.016182
1 3 1 0.071616 -0.017259 0.017259
1 3 1 0.024729 0.019786 -0.019786
1 3 1 0.031473 0.019292 -0.019292
1 3 1 0.039635 0.018513 -0.018513
1 3 1 0.048567 0.017888 -0.017888
1 3 1 0.065390 -0.017614 0.017614
1 3 1 0.057755 -0.017003 0.017003
1 3 1 0.070751 0.021779 -0.021779
1 3 1 0.085393 -0.016976 0.016976
1 3 1 0.078152 -0.017168 0.017168
1 3 1 0.124918 0.005397 -0.005397
1 3 1 0.124735 0.010783 -0.010783
1 3 1 0.124681 -0.010001 0.010001
1 3 1 0.124918 0.000397 -0.000397
1 3 1 0.124760 -0.004727 0.004727
1 3 1 0.106082 0.017806 -0.017806
1 3 1 0.114233 0.017638 -0.017638
1 3 1 0.025220 -0.010063 0.010063
1 3 1 0.025082 -0.004603 0.004603
1 3 1 0.025082 0.000397 -0.000397
1 3 1 0.025082 0.005397 -0.005397
1 3 1 0.025513 0.010617 -0.010617
1 3 1 0.025358 0.015364 -0.015364
1 3 1 0.092732 -0.016901 0.016901
1 3 1 0.100062 -0.016868 0.016868
1 3 1 0.107534 -0.016976 0.016976
1 3 1 0.115180 -0.016939 0.016939
1 3 1 0.035196 -0.016831 0.016831
1 3 1 0.050185 -0.016865 0.016865
1 3 1 0.042775 -0.016924 0.016924
1 3 1 0.057325 0.018051 -0.018051
1 3 1 0.080070 0.019983 -0.019983
1 3 1 0.097938 0.017799 -0.017799
1 3 1 0.089233 0.018555 -0.018555
1 3 1 0.033129 0.014164 -0.014164
1 3 1 0.092912 0.014125 -0.014125
1 3 1 0.083599 0.015473 -0.015473
1 3 1 0.046409 -0.012460 0.012460
1 3 1 0.039215 -0.012534 0.012534
1 3 1 0.031427 -0.012685 0.012685
1 3 1 0.118875 -0.012743 0.012743
1 3 1 0.111740 -0.012266 0.012266
1 3 1 0.103927 -0.012489 0.012489
1 3 1 0.096356 -0.012451 0.012451
1 3 1 0.031469 0.008231 -0.008231
1 3 1 0.031352 0.002897 -0.002897
1 3 1 0.031352 -0.002103 0.002103
1 3 1 0.030955 -0.007103 0.007103
1 3 1 0.101798 0.013465 -0.013465
1 3 1 0.109701 0.013672 -0.013672
1 3 1 0.118648 -0.002103 0.002103
1 3 1 0.117512 -0.007608 0.007608
1 3 1 0.118195 0.013273 -0.013273
1 3 1 0.118648 0.002897 -0.002897
1 3 1 0.118648 0.007897 -0.007897
1 3 1 0.088972 -0.012505 0.012505
1 3 1 0.081316 -0.012720 0.012720
1 3 1 0.074341 0.017051 -0.017051
1 3 1 0.054165 -0.012520 0.012520
1 3 1 0.061819 -0.013134 0.013134
1 3 1 0.052953 0.013905 -0.013905
1 3 1 0.043279 0.013951 -0.013951
1 3 1 0.068156 -0.012791 0.012791
1 3 1 0.074549 -0.012641 0.012641
1 3 1 0.065648 0.018130 -0.018130
1 3 1 0.071131 -0.008160 0.008160
1 3 1 0.048946 0.010445 -0.010445
1 3 1 0.064729 -0.008348 0.008348
1 3 1 0.058205 -0.008627 0.008627
1 3 1 0.069183 0.013563 -0.013563
1 3 1 0.078018 -0.008182 0.008182
1 3 1 0.084899 -0.008247 0.008247
1 3 1 0.112181 0.005489 -0.005489
1 3 1 0.112833 0.010233 -0.010233
1 3 1 0.112119 -0.004439 0.004439
1 3 1 0.111786 0.000287 -0.000287
1 3 1 0.105576 0.008833 -0.008833
1 3 1 0.038026 -0.004383 0.004383
1 3 1 0.038230 0.000190 -0.000190
1 3 1 0.037623 0.005397 -0.005397
1 3 1 0.037532 0.010697 -0.010697
1 3 1 0.092598 -0.008044 0.008044
1 3 1 0.100320 -0.008000 0.008000
1 3 1 0.108169 -0.008074 0.008074
1 3 1 0.042973 -0.008001 0.008001
1 3 1 0.050381 -0.008094 0.008094
1 3 1 0.077909 0.012496 -0.012496
1 3 1 0.087244 0.011006 -0.011006
1 3 1 0.096718 0.009819 -0.009819
1 3 1 0.061274 0.013813 -0.013813
1 3 1 0.105848 0.003131 -0.003131
1 3 1 0.090950 0.006555 -0.006555
1 3 1 0.081472 0.008091 -0.008091
1 3 1 0.045952 -0.003152 0.003152
1 3 1 0.104644 -0.003118 0.003118
1 3 1 0.096441 -0.003685 0.003685
1 3 1 0.043478 0.008217 -0.008217
1 3 1 0.044113 0.002703 -0.002703
1 3 1 0.099254 0.005275 -0.005275
1 3 1 0.088721 -0.003787 0.003787
1 3 1 0.081544 -0.003726 0.003726
1 3 1 0.064869 0.009329 -0.009329
1 3 1 0.072695 0.009063 -0.009063
1 3 1 0.054230 -0.004118 0.004118
1 3 1 0.061160 -0.003939 0.003939
1 3 1 0.074583 -0.003689 0.003689
1 3 1 0.067640 -0.003710 0.003710
1 3 1 0.056863 0.009340 -0.009340
1 3 1 0.036127 -0.008635 0.008635
1 3 1 0.071175 0.000681 -0.000681
1 3 1 0.064173 0.000735 -0.000735
1 3 1 0.057623 0.000174 -0.000174
1 3 1 0.068261 0.004872 -0.004872
1 3 1 0.061332 0.005141 -0.005141
1 3 1 0.078451 0.000651 -0.000651
1 3 1 0.085364 0.000151 -0.000151
1 3 1 0.050627 0.000668 -0.000668
1 3 1 0.050124 0.005832 -0.005832
1 3 1 0.092548 0.001174 -0.001174
1 3 1 0.099988 0.000613 -0.000613
1 3 1 0.076099 0.004780 -0.004780
1 3 1 0.084747 0.004035 -0.004035
1 3 1 0.055815 0.004144 -0.004144
1 3 1 0.126899 -0.034603 0.046729
1 3 1 0.027082 -0.034603 0.046649
1 3 1 0.076899 -0.034603 0.046729
1 3 1 -0.000000 -0.034603 0.042103
1 3 1 0.142667 -0.034603 0.049603
1 3 1 0.135494 -0.034603 0.049603
1 3 1 0.129466 -0.034603 0.049603
1 3 1 0.124435 -0.034603 0.049603
1 3 1 0.119305 -0.034603 0.049603
1 3 1 0.112941 -0.034603 0.049603
1 3 1 0.105671 -0.034603 0.049603
1 3 1 0.098336 -0.034603 0.049603
1 3 1 0.091022 -0.034603 0.049603
1 3 1 0.084088 -0.034603 0.049603
1 3 1 0.078330 -0.034603 0.049603
1 3 1 0.073300 -0.034603 0.049603
1 3 1 0.067903 -0.034603 0.049603
1 3 1 0.061302 -0.034603 0.049603
1 3 1 0.054014 -0.034603 0.049603
1 3 1 0.046679 -0.034603 0.049603
1 3 1 0.039714 -0.034603 0.049603
1 3 1 0.033996 -0.034603 0.049603
1 3 1 0.029499 -0.034603 0.049603
1 3 1 0.025177 -0.034603 0.049603
1 3 1 0.020337 -0.034603 0.049603
1 3 1 0.014407 -0.034603 0.049603
1 3 1 0.007330 -0.034603 0.049603
1 3 1 0.150000 -0.034603 0.042103
1 3 1 0.080000 -0.034603 0.042130
1 3 1 0.078552 -0.034603 0.038584
1 3 1 0.075019 -0.034603 0.037103
1 3 1 0.071475 -0.034603 0.038558
1 3 1 0.070000 -0.034603 0.042093
1 3 1 0.071460 -0.034603 0.045635
1 3 1 0.029836 -0.034603 0.043373
1 3 1 0.029585 -0.034603 0.040110
1 3 1 0.027146 -0.034603 0.037587
1 3 1 0.023641 -0.034603 0.037292
1 3 1 0.020808 -0.034603 0.039378
1 3 1 0.020051 -0.034603 0.042813
1 3 1 0.021743 -0.034603 0.045897
1 3 1 0.130000 -0.034603 0.042130
1 3 1 0.128552 -0.034603 0.038584
1 3 1 0.125019 -0.034603 0.037103
1 3 1 0.121475 -0.034603 0.038558
1 3 1 0.120000 -0.034603 0.042093
1 3 1 0.121460 -0.034603 0.045635
1 3 1 0.132596 -0.034603 0.044914
1 3 1 0.110838 -0.034603 0.041764
1 3 1 0.103353 -0.034603 0.041869
1 3 1 0.096129 -0.034603 0.041877
1 3 1 0.089038 -0.034603 0.041428
1 3 1 0.060310 -0.034603 0.041746
1 3 1 0.052992 -0.034603 0.041932
1 3 1 0.045876 -0.034603 0.041997
1 3 1 0.039413 -0.034603 0.041218
1 3 1 0.139439 -0.034603 0.042441
1 3 1 0.116524 -0.034603 0.044592
1 3 1 0.133129 -0.034603 0.039364
1 3 1 0.117261 -0.034603 0.039263
1 3 1 0.083473 -0.034603 0.045225
1 3 1 0.065930 -0.034603 0.044515
1 3 1 0.083031 -0.034603 0.039296
1 3 1 0.066892 -0.034603 0.039170
1 3 1 0.031638 -0.034603 0.046077
1 3 1 0.035859 -0.034603 0.045242
1 3 1 0.033329 -0.034603 0.040956
1 3 1 0.017368 -0.034603 0.045043
1 3 1 0.011572 -0.034603 0.042476
1 3 1 0.017098 -0.034603 0.039552
1 3 1 0.004864 -0.034603 0.041892
1 3 1 -0.000000 -0.042103 0.049603
1 3 1 0.142893 -0.049603 0.049603
1 3 1 0.136558 -0.049603 0.049603
1 3 1 0.131709 -0.049603 0.049603
1 3 1 0.127639 -0.049603 0.049603
1 3 1 0.123870 -0.049603 0.049603
1 3 1 0.120210 -0.049603 0.049603
1 3 1 0.115930 -0.049603 0.049603
1 3 1 0.110090 -0.049603 0.049603
1 3 1 0.103175 -0.049603 0.049603
1 3 1 0.096076 -0.049603 0.049603
1 3 1 0.089294 -0.049603 0.049603
1 3 1 0.083765 -0.049603 0.049603
1 3 1 0.079536 -0.049603 0.049603
1 3 1 0.075689 -0.049603 0.049603
1 3 1 0.071977 -0.049603 0.049603
1 3 1 0.068210 -0.049603 0.049603
1 3 1 0.063332 -0.049603 0.049603
1 3 1 0.056946 -0.049603 0.049603
1 3 1 0.049848 -0.049603 0.049603
1 3 1 0.042741 -0.049603 0.049603
1 3 1 0.035740 -0.049603 0.049603
1 3 1 0.029818 -0.049603 0.049603
1 3 1 0.024951 -0.049603 0.049603
1 3 1 0.020075 -0.049603 0.049603
1 3 1 0.014117 -0.049603 0.049603
1 3 1 0.007107 -0.049603 0.049603
1 3 1 0.150000 -0.042103 0.049603
1 3 1 0.009891 -0.041826 0.049603
1 3 1 0.140120 -0.041940 0.049603
1 3 1 0.132980 -0.041067 0.049603
1 3 1 0.127097 -0.039698 0.049603
1 3 1 0.122060 -0.045743 0.049603
1 3 1 0.122200 -0.040026 0.049603
1 3 1 0.116641 -0.040023 0.049603
1 3 1 0.108661 -0.041633 0.049603
1 3 1 0.101454 -0.041857 0.049603
1 3 1 0.094219 -0.041885 0.049603
1 3 1 0.087142 -0.042032 0.049603
1 3 1 0.081998 -0.045524 0.049603
1 3 1 0.080937 -0.040030 0.049603
1 3 1 0.075719 -0.039588 0.049603
1 3 1 0.070789 -0.040216 0.049603
1 3 1 0.066508 -0.045060 0.049603
1 3 1 0.064613 -0.040104 0.049603
1 3 1 0.058653 -0.042101 0.049603
1 3 1 0.051165 -0.041887 0.049603
1 3 1 0.044084 -0.041515 0.049603
1 3 1 0.036679 -0.039520 0.049603
1 3 1 0.031712 -0.038619 0.049603
1 3 1 0.027508 -0.039045 0.049603
1 3 1 0.017363 -0.041607 0.049603
1 3 1 0.130301 -0.045677 0.049603
1 3 1 0.125657 -0.045424 0.049603
1 3 1 0.118639 -0.045393 0.049603
1 3 1 0.113572 -0.044682 0.049603
1 3 1 0.077439 -0.045338 0.049603
1 3 1 0.072635 -0.045711 0.049603
1 3 1 0.039052 -0.044267 0.049603
1 3 1 0.032195 -0.044143 0.049603
1 3 1 0.027086 -0.044653 0.049603
1 3 1 0.022267 -0.045050 0.049603
1 3 1 0.022903 -0.039262 0.049603
1 3 1 0.127038 -0.049603 0.046669
1 3 1 0.026899 -0.049603 0.046729
1 3 1 0.077038 -0.049603 0.046669
1 3 1 -0.000000 -0.049603 0.042460
1 3 1 -0.000000 -0.049603 0.035318
1 3 1 -0.000000 -0.049603 0.028175
1 3 1 -0.000000 -0.049603 0.021032
1 3 1 -0.000000 -0.049603 0.013889
1 3 1 -0.000000 -0.049603 0.006746
1 3 1 -0.000000 -0.049603 -0.000397
1 3 1 -0.000000 -0.049603 -0.007540
1 3 1 -0.000000 -0.049603 -0.014682
1 3 1 -0.000000 -0.049603 -0.021825
1 3 1 -0.000000 -0.049603 -0.028968
1 3 1 -0.000000 -0.049603 -0.036111
1 3 1 -0.000000 -0.049603 -0.043254
1 3 1 0.150000 -0.049603 0.042460
1 3 1 0.150000 -0.049603 0.035318
1 3 1 0.150000 -0.049603 0.028175
1 3 1 0.150000 -0.049603 0.021032
1 3 1 0.150000 -0.049603 0.013889
1 3 1 0.150000 -0.049603 0.006746
1 3 1 0.150000 -0.049603 -0.000397
1 3 1 0.150000 -0.049603 -0.007540
1 3 1 0.150000 -0.049603 -0.014682
1 3 1 0.150000 -0.049603 -0.021825
1 3 1 0.150000 -0.049603 -0.028968
1 3 1 0.150000 -0.049603 -0.036111
1 3 1 0.150000 -0.049603 -0.043254
1 3 1 0.079920 -0.049603 0.042994
1 3 1 0.079223 -0.049603 0.039426
1 3 1 0.076624 -0.049603 0.037375
1 3 1 0.073907 -0.049603 0.037224
1 3 1 0.071523 -0.049603 0.038510
1 3 1 0.070119 -0.049603 0.041020
1 3 1 0.070352 -0.049603 0.043946
1 3 1 0.072195 -0.049603 0.046242
1 3 1 0.030000 -0.049603 0.042130
1 3 1 0.028552 -0.049603 0.038584
1 3 1 0.025019 -0.049603 0.037103
1 3 1 0.021475 -0.049603 0.038558
1 3 1 0.020000 -0.049603 0.042093
1 3 1 0.021460 -0.049603 0.045635
1 3 1 0.129920 -0.049603 0.042994
1 3 1 0.129223 -0.049603 0.039426
1 3 1 0.126624 -0.049603 0.037375
1 3 1 0.123907 -0.049603 0.037224
1 3 1 0.121523 -0.049603 0.038510
1 3 1 0.120119 -0.049603 0.041020
1 3 1 0.120352 -0.049603 0.043946
1 3 1 0.122195 -0.049603 0.046242
1 3 1 0.133414 -0.049603 0.045476
1 3 1 0.011099 -0.049603 0.043314
1 3 1 0.021695 -0.049603 0.034022
1 3 1 0.006270 -0.049603 0.017460
1 3 1 0.006270 -0.049603 0.010318
1 3 1 0.089286 -0.049603 -0.044126
1 3 1 0.006240 -0.049603 -0.039411
1 3 1 0.009978 -0.049603 -0.044203
1 3 1 0.006601 -0.049603 -0.032735
1 3 1 0.006270 -0.049603 -0.025397
1 3 1 0.140046 -0.049603 -0.044061
1 3 1 0.132538 -0.049603 -0.043758
1 3 1 0.006270 -0.049603 -0.018254
1 3 1 0.125000 -0.049603 -0.044126
1 3 1 0.117857 -0.049603 -0.044126
1 3 1 0.110714 -0.049603 -0.044126
1 3 1 0.006270 -0.049603 -0.011111
1 3 1 0.103571 -0.049603 -0.044126
1 3 1 0.096429 -0.049603 -0.044126
1 3 1 0.006270 -0.049603 -0.003968
1 3 1 0.082143 -0.049603 -0.044126
1 3 1 0.075483 -0.049603 0.034745
1 3 1 0.067857 -0.049603 -0.044126
1 3 1 0.060714 -0.049603 -0.044126
1 3 1 0.067804 -0.049603 0.042256
1 3 1 0.046429 -0.049603 -0.044126
1 3 1 0.039286 -0.049603 -0.044126
1 3 1 0.032143 -0.049603 -0.044126
1 3 1 0.025000 -0.049603 -0.044126
1 3 1 0.017857 -0.049603 -0.044126
1 3 1 0.143178 -0.049603 0.031991
1 3 1 0.129998 -0.049603 0.035725
1 3 1 0.143730 -0.049603 0.017460
1 3 1 0.143730 -0.049603 -0.003968
1 3 1 0.143730 -0.049603 -0.011111
1 3 1 0.143730 -0.049603 -0.018254
1 3 1 0.143730 -0.049603 -0.025397
1 3 1 0.143730 -0.049603 -0.032540
1 3 1 0.143953 -0.049603 -0.039384
1 3 1 0.143927 -0.049603 0.038614
1 3 1 0.117083 -0.049603 0.042394
1 3 1 0.143730 -0.049603 0.010318
1 3 1 0.143730 -0.049603 0.003175
1 3 1 0.099625 -0.049603 0.043335
1 3 1 0.082848 -0.049603 0.040759
1 3 1 0.081565 -0.049603 0.045846
1 3 1 0.069650 -0.049603 0.046971
1 3 1 0.053571 -0.049603 -0.044126
1 3 1 0.053398 -0.049603 0.043335
1 3 1 0.032909 -0.049603 0.044893
1 3 1 0.005795 -0.049603 0.039542
1 3 1 0.085894 -0.049603 0.044995
1 3 1 0.060478 -0.049603 0.044117
1 3 1 0.107138 -0.049603 0.043406
1 3 1 0.092354 -0.049603 0.043587
1 3 1 0.079872 -0.049603 0.035696
1 3 1 0.006270 -0.049603 0.003175
1 3 1 0.045843 -0.049603 0.042963
1 3 1 0.075000 -0.049603 -0.044126
1 3 1 0.071544 -0.049603 0.035579
1 3 1 0.068189 -0.049603 0.038559
1 3 1 0.066203 -0.049603 0.045422
1 3 1 0.038676 -0.049603 0.043245
1 3 1 0.006270 -0.049603 0.031746
1 3 1 0.033047 -0.049603 0.038817
1 3 1 0.017260 -0.049603 0.044785
1 3 1 0.028345 -0.049603 0.034153
1 3 1 0.006270 -0.049603 0.024603
1 3 1 0.016954 -0.049603 0.038809
1 3 1 0.113634 -0.049603 0.044880
1 3 1 0.138596 -0.049603 0.044022
1 3 1 0.133362 -0.049603 0.040484
1 3 1 0.143730 -0.049603 0.024603
1 3 1 0.118617 -0.049603 0.046379
1 3 1 0.125360 -0.049603 0.034665
1 3 1 0.121357 -0.049603 0.035654
1 3 1 0.117927 -0.049603 0.038736
1 3 1 0.040312 -0.049603 0.036743
1 3 1 0.011202 -0.049603 0.036183
1 3 1 0.138670 -0.049603 0.038016
1 3 1 0.117220 -0.049603 0.034824
1 3 1 0.122360 -0.049603 0.031545
1 3 1 0.034669 -0.049603 0.033380
1 3 1 0.012288 -0.049603 0.028153
1 3 1 0.067631 -0.049603 0.034112
1 3 1 0.112115 -0.049603 0.039437
1 3 1 0.064356 -0.049603 0.040914
1 3 1 0.088127 -0.049603 0.039642
1 3 1 0.049548 -0.049603 0.037130
1 3 1 0.058001 -0.049603 0.037885
1 3 1 0.084837 -0.049603 0.035676
1 3 1 0.095746 -0.049603 0.037352
1 3 1 0.104103 -0.049603 0.037007
1 3 1 0.137459 -0.049603 0.006746
1 3 1 0.136988 -0.049603 -0.036761
1 3 1 0.137610 -0.049603 -0.028947
1 3 1 0.137459 -0.049603 -0.021825
1 3 1 0.137459 -0.049603 -0.014682
1 3 1 0.137459 -0.049603 -0.000397
1 3 1 0.137459 -0.049603 -0.007540
1 3 1 0.137459 -0.049603 0.021032
1 3 1 0.137459 -0.049603 0.013889
1 3 1 0.127845 -0.049603 0.031076
1 3 1 0.135378 -0.049603 0.034643
1 3 1 0.137459 -0.049603 0.028175
1 3 1 0.021474 -0.049603 -0.038008
1 3 1 0.028571 -0.049603 -0.037856
1 3 1 0.035714 -0.049603 -0.037856
1 3 1 0.050000 -0.049603 -0.037856
1 3 1 0.042857 -0.049603 -0.037856
1 3 1 0.057143 -0.049603 -0.037856
1 3 1 0.071429 -0.049603 -0.037856
1 3 1 0.064286 -0.049603 -0.037856
1 3 1 0.072897 -0.049603 0.031723
1 3 1 0.078035 -0.049603 0.031275
1 3 1 0.078571 -0.049603 -0.037856
1 3 1 0.012541 -0.049603 -0.000397
1 3 1 0.100000 -0.049603 -0.037856
1 3 1 0.012541 -0.049603 -0.007540
1 3 1 0.107143 -0.049603 -0.037856
1 3 1 0.114286 -0.049603 -0.037856
1 3 1 0.121429 -0.049603 -0.037856
1 3 1 0.012541 -0.049603 -0.014682
1 3 1 0.128842 -0.049603 -0.037808
1 3 1 0.012541 -0.049603 -0.021825
1 3 1 0.012603 -0.049603 -0.029260
1 3 1 0.013633 -0.049603 -0.037403
1 3 1 0.092857 -0.049603 -0.037856
1 3 1 0.085714 -0.049603 -0.037856
1 3 1 0.012541 -0.049603 0.006746
1 3 1 0.012856 -0.049603 0.021303
1 3 1 0.012541 -0.049603 0.013889
1 3 1 0.016340 -0.049603 0.032808
1 3 1 0.025388 -0.049603 0.028843
1 3 1 0.144951 -0.049603 0.044059
1 3 1 0.130099 -0.049603 0.046642
1 3 1 0.019550 -0.049603 0.026632
1 3 1 0.018805 -0.049603 0.017905
1 3 1 0.018811 -0.049603 0.010318
1 3 1 0.089286 -0.049603 -0.031585
1 3 1 0.018532 -0.049603 -0.032263
1 3 1 0.019132 -0.049603 -0.025614
1 3 1 0.131857 -0.049603 -0.031868
1 3 1 0.019229 -0.049603 -0.018640
1 3 1 0.125216 -0.049603 -0.031264
1 3 1 0.118244 -0.049603 -0.031168
1 3 1 0.110714 -0.049603 -0.031585
1 3 1 0.018811 -0.049603 -0.011111
1 3 1 0.103571 -0.049603 -0.031585
1 3 1 0.096429 -0.049603 -0.031585
1 3 1 0.018811 -0.049603 -0.003968
1 3 1 0.018811 -0.049603 0.003175
1 3 1 0.082143 -0.049603 -0.031585
1 3 1 0.075336 -0.049603 0.026666
1 3 1 0.075000 -0.049603 -0.031585
1 3 1 0.067857 -0.049603 -0.031585
1 3 1 0.060714 -0.049603 -0.031585
1 3 1 0.053571 -0.049603 -0.031585
1 3 1 0.046429 -0.049603 -0.031585
1 3 1 0.039286 -0.049603 -0.031585
1 3 1 0.031792 -0.049603 -0.031166
1 3 1 0.024946 -0.049603 -0.031386
1 3 1 0.132112 -0.049603 0.030740
1 3 1 0.131248 -0.049603 0.024712
1 3 1 0.131559 -0.049603 0.017314
1 3 1 0.131189 -0.049603 -0.003968
1 3 1 0.131189 -0.049603 -0.011111
1 3 1 0.130769 -0.049603 -0.018605
1 3 1 0.130991 -0.049603 -0.025452
1 3 1 0.111453 -0.049603 0.033386
1 3 1 0.131189 -0.049603 0.010318
1 3 1 0.131189 -0.049603 0.003175
1 3 1 0.098719 -0.049603 0.031082
1 3 1 0.053974 -0.049603 0.031686
1 3 1 0.090320 -0.049603 0.033071
1 3 1 0.063755 -0.049603 0.036293
1 3 1 0.068096 -0.049603 0.028677
1 3 1 0.124754 -0.049603 0.026206
1 3 1 0.117503 -0.049603 0.028705
1 3 1 0.040536 -0.049603 0.028940
1 3 1 0.032208 -0.049603 0.028689
1 3 1 0.082996 -0.049603 0.031259
1 3 1 0.123638 -0.049603 -0.024032
1 3 1 0.026364 -0.049603 -0.024034
1 3 1 0.087376 -0.049603 0.026654
1 3 1 0.036635 -0.049603 0.023287
1 3 1 0.119110 -0.049603 0.022008
1 3 1 0.125837 -0.049603 0.019705
1 3 1 0.061287 -0.049603 0.030748
1 3 1 0.093608 -0.049603 0.026975
1 3 1 0.124918 -0.049603 0.006746
1 3 1 0.111416 -0.049603 0.025951
1 3 1 0.124761 -0.049603 -0.015336
1 3 1 0.124918 -0.049603 -0.000397
1 3 1 0.124918 -0.049603 -0.007540
1 3 1 0.124847 -0.049603 0.013718
1 3 1 0.035060 -0.049603 -0.025158
1 3 1 0.042857 -0.049603 -0.025315
1 3 1 0.050000 -0.049603 -0.025315
1 3 1 0.057143 -0.049603 -0.025315
1 3 1 0.064286 -0.049603 -0.025315
1 3 1 0.071429 -0.049603 -0.025315
1 3 1 0.070365 -0.049603 0.022061
1 3 1 0.078571 -0.049603 -0.025315
1 3 1 0.025082 -0.049603 -0.000397
1 3 1 0.100000 -0.049603 -0.025315
1 3 1 0.025082 -0.049603 -0.007540
1 3 1 0.107143 -0.049603 -0.025315
1 3 1 0.114865 -0.049603 -0.025178
1 3 1 0.025219 -0.049603 -0.015262
1 3 1 0.085714 -0.049603 -0.025315
1 3 1 0.092857 -0.049603 -0.025315
1 3 1 0.025082 -0.049603 0.006746
1 3 1 0.025082 -0.049603 0.013889
1 3 1 0.024354 -0.049603 0.021318
1 3 1 0.045848 -0.049603 0.032170
1 3 1 0.105163 -0.049603 0.029671
1 3 1 0.118071 -0.049603 0.015605
1 3 1 0.031300 -0.049603 0.017503
1 3 1 0.031624 -0.049603 0.010595
1 3 1 0.089286 -0.049603 -0.019044
1 3 1 0.031415 -0.049603 -0.018839
1 3 1 0.118443 -0.049603 -0.018982
1 3 1 0.110754 -0.049603 -0.019138
1 3 1 0.031259 -0.049603 -0.011151
1 3 1 0.103571 -0.049603 -0.019044
1 3 1 0.096429 -0.049603 -0.019044
1 3 1 0.031352 -0.049603 0.003175
1 3 1 0.031352 -0.049603 -0.003968
1 3 1 0.082143 -0.049603 -0.019044
1 3 1 0.075000 -0.049603 -0.019044
1 3 1 0.067857 -0.049603 -0.019044
1 3 1 0.060714 -0.049603 -0.019044
1 3 1 0.053571 -0.049603 -0.019044
1 3 1 0.046429 -0.049603 -0.019044
1 3 1 0.039315 -0.049603 -0.019489
1 3 1 0.118648 -0.049603 -0.003968
1 3 1 0.119095 -0.049603 -0.011083
1 3 1 0.105247 -0.049603 0.022671
1 3 1 0.118661 -0.049603 0.009767
1 3 1 0.118648 -0.049603 0.003175
1 3 1 0.112419 -0.049603 0.019321
1 3 1 0.091252 -0.049603 0.020499
1 3 1 0.056497 -0.049603 0.024657
1 3 1 0.049053 -0.049603 0.026483
1 3 1 0.081551 -0.049603 0.025192
1 3 1 0.077119 -0.049603 0.019648
1 3 1 0.063238 -0.049603 0.023317
1 3 1 0.098900 -0.049603 0.023116
1 3 1 0.043538 -0.049603 0.022203
1 3 1 0.029757 -0.049603 0.023120
1 3 1 0.038205 -0.049603 0.015667
1 3 1 0.101060 -0.049603 0.016370
1 3 1 0.084261 -0.049603 0.018190
1 3 1 0.050951 -0.049603 0.019617
1 3 1 0.058496 -0.049603 0.017778
1 3 1 0.112212 -0.049603 0.006122
1 3 1 0.106777 -0.049603 0.016029
1 3 1 0.111859 -0.049603 -0.000865
1 3 1 0.112063 -0.049603 -0.007370
1 3 1 0.043052 -0.049603 -0.012456
1 3 1 0.049669 -0.049603 -0.012243
1 3 1 0.057143 -0.049603 -0.012774
1 3 1 0.064286 -0.049603 -0.012774
1 3 1 0.071429 -0.049603 -0.012774
1 3 1 0.078571 -0.049603 -0.012774
1 3 1 0.037734 -0.049603 -0.000428
1 3 1 0.100082 -0.049603 -0.012648
1 3 1 0.037623 -0.049603 -0.007540
1 3 1 0.107143 -0.049603 -0.012774
1 3 1 0.092857 -0.049603 -0.012774
1 3 1 0.085714 -0.049603 -0.012774
1 3 1 0.037664 -0.049603 0.007222
1 3 1 0.111735 -0.049603 0.012012
1 3 1 0.065472 -0.049603 0.016475
1 3 1 0.071860 -0.049603 0.014791
1 3 1 0.067413 -0.049603 0.008909
1 3 1 0.043912 -0.049603 0.010560
1 3 1 0.089227 -0.049603 -0.006374
1 3 1 0.104514 -0.049603 -0.005799
1 3 1 0.096490 -0.049603 -0.006555
1 3 1 0.044725 -0.049603 -0.004849
1 3 1 0.043706 -0.049603 0.003048
1 3 1 0.082166 -0.049603 -0.006298
1 3 1 0.074936 -0.049603 -0.006352
1 3 1 0.067889 -0.049603 -0.006510
1 3 1 0.060714 -0.049603 -0.006503
1 3 1 0.053074 -0.049603 -0.006374
1 3 1 0.105177 -0.049603 0.009279
1 3 1 0.105937 -0.049603 0.002357
1 3 1 0.060625 -0.049603 0.011106
1 3 1 0.052734 -0.049603 0.012667
1 3 1 0.078498 -0.049603 0.012812
1 3 1 0.045694 -0.049603 0.015886
1 3 1 0.113921 -0.049603 -0.013537
1 3 1 0.036866 -0.049603 -0.014316
1 3 1 0.095164 -0.049603 0.014824
1 3 1 0.089580 -0.049603 0.013556
1 3 1 0.049252 -0.049603 0.006800
1 3 1 0.092336 -0.049603 0.006914
1 3 1 0.055767 -0.049603 0.005911
1 3 1 0.098992 -0.049603 0.004472
1 3 1 0.099890 -0.049603 -0.001020
1 3 1 0.050252 -0.049603 0.000069
1 3 1 0.057240 -0.049603 -0.000518
1 3 1 0.064419 -0.049603 -0.000975
1 3 1 0.070759 -0.049603 0.000693
1 3 1 0.078156 -0.049603 0.000133
1 3 1 0.085840 -0.049603 0.001012
1 3 1 0.092857 -0.049603 -0.000233
1 3 1 0.062813 -0.049603 0.004287
1 3 1 0.085318 -0.049603 0.009752
1 3 1 0.099204 -0.049603 0.009937
1 3 1 0.073657 -0.049603 0.007281
1 3 1 0.080336 -0.049603 0.006191
1 3 1 0.150000 -0.016537 0.007669
1 3 1 0.150000 -0.011537 0.002669
1 3 1 0.150000 0.003463 -0.012331
1 3 1 0.150000 0.013463 -0.022331
1 3 1 0.150000 0.023129 -0.032427
1 3 1 0.150000 0.028463 -0.037331
1 3 1 0.150000 0.011184 -0.043938
1 3 1 0.150000 -0.003175 -0.044126
1 3 1 0.150000 0.032739 -0.043529
1 3 1 0.150000 -0.017460 -0.044126
1 3 1 0.150000 0.040483 -0.043099
1 3 1 0.150000 -0.024603 -0.044126
1 3 1 0.150000 0.025397 -0.044126
1 3 1 0.150000 0.018254 -0.044126
1 3 1 0.150000 0.018202 -0.027941
1 3 1 0.150000 0.003968 -0.044126
1 3 1 0.150000 0.008463 -0.017331
1 3 1 0.150000 -0.010318 -0.044126
1 3 1 0.150000 -0.001537 -0.007331
1 3 1 0.150000 -0.031940 -0.043838
1 3 1 0.150000 -0.038770 -0.044150
1 3 1 0.150000 -0.043026 0.017347
1 3 1 0.150000 -0.041846 0.039529
1 3 1 0.150000 -0.036537 0.027669
1 3 1 0.150000 -0.031478 0.022693
1 3 1 0.150000 -0.042728 0.031941
1 3 1 0.150000 -0.021537 0.012669
1 3 1 0.150000 -0.043333 0.024603
1 3 1 0.150000 -0.026714 0.017583
1 3 1 0.150000 -0.042670 0.010629
1 3 1 0.150000 -0.043287 0.003224
1 3 1 0.150000 -0.043333 -0.003968
1 3 1 0.150000 -0.006537 -0.002331
1 3 1 0.150000 -0.043333 -0.011111
1 3 1 0.150000 -0.043333 -0.018254
1 3 1 0.150000 -0.043333 -0.025397
1 3 1 0.150000 -0.043333 -0.032540
1 3 1 0.150000 -0.043422 -0.040402
1 3 1 0.150000 -0.037570 0.020690
1 3 1 0.150000 0.021413 -0.038341
1 3 1 0.150000 -0.036591 -0.036786
1 3 1 0.150000 -0.037134 -0.028950
1 3 1 0.150000 -0.037062 -0.021825
1 3 1 0.150000 -0.037062 -0.014682
1 3 1 0.150000 -0.037062 -0.007540
1 3 1 0.150000 -0.037062 -0.000397
1 3 1 0.150000 -0.036485 0.007295
1 3 1 0.150000 -0.028755 0.010621
1 3 1 0.150000 -0.034644 0.015019
1 3 1 0.150000 -0.008471 -0.009264
1 3 1 0.150000 -0.028364 -0.037812
1 3 1 0.150000 -0.013889 -0.037856
1 3 1 0.150000 -0.021032 -0.037856
1 3 1 0.150000 0.000397 -0.037856
1 3 1 0.150000 -0.006746 -0.037856
1 3 1 0.150000 0.015210 -0.036591
1 3 1 0.150000 0.007765 -0.037503
1 3 1 0.150000 0.006529 -0.024264
1 3 1 0.150000 0.011415 -0.029928
1 3 1 0.150000 -0.003471 -0.014264
1 3 1 0.150000 0.001529 -0.019264
1 3 1 0.150000 -0.013471 -0.004264
1 3 1 0.150000 -0.023471 0.005736
1 3 1 0.150000 -0.018471 0.000736
1 3 1 0.150000 0.004520 -0.031232
1 3 1 0.150000 -0.030439 0.003727
1 3 1 0.150000 -0.025280 -0.001139
1 3 1 0.150000 -0.020261 -0.006394
1 3 1 0.150000 -0.005644 -0.021023
1 3 1 0.150000 -0.000353 -0.026066
1 3 1 0.150000 -0.003147 -0.031756
1 3 1 0.150000 -0.010451 -0.031680
1 3 1 0.150000 -0.017793 -0.031036
1 3 1 0.150000 -0.024795 -0.031265
1 3 1 0.150000 -0.015789 -0.011428
1 3 1 0.150000 -0.010637 -0.016576
1 3 1 0.150000 -0.031450 -0.031835
1 3 1 0.150000 -0.030963 -0.003941
1 3 1 0.150000 -0.030886 -0.011243
1 3 1 0.150000 -0.030241 -0.018557
1 3 1 0.150000 -0.030565 -0.025435
1 3 1 0.150000 -0.022938 -0.023719
1 3 1 0.150000 -0.007458 -0.026274
1 3 1 0.150000 -0.025481 -0.008253
1 3 1 0.150000 -0.023668 -0.014746
1 3 1 0.150000 -0.017508 -0.018341
1 3 1 0.150000 -0.013954 -0.024473
1 3 1 -0.000000 -0.043272 -0.040435
1 3 1 -0.000000 -0.043004 -0.032845
1 3 1 -0.000000 -0.043333 -0.025397
1 3 1 -0.000000 -0.043333 -0.018254
1 3 1 -0.000000 -0.043333 -0.011111
1 3 1 -0.000000 -0.043333 -0.003968
1 3 1 -0.000000 -0.043333 0.003175
1 3 1 -0.000000 -0.042731 0.010615
1 3 1 -0.000000 -0.043029 0.017361
1 3 1 -0.000000 -0.043333 0.024603
1 3 1 -0.000000 0.028463 -0.037331
1 3 1 -0.000000 -0.042306 0.039687
1 3 1 -0.000000 0.040480 -0.043099
1 3 1 -0.000000 0.032767 -0.043526
1 3 1 -0.000000 -0.042732 0.031974
1 3 1 -0.000000 0.018140 -0.043820
1 3 1 -0.000000 0.011402 -0.043524
1 3 1 -0.000000 0.003968 -0.044126
1 3 1 -0.000000 -0.003175 -0.044126
1 3 1 -0.000000 -0.010318 -0.044126
1 3 1 -0.000000 -0.017460 -0.044126
1 3 1 -0.000000 -0.024603 -0.044126
1 3 1 -0.000000 -0.031746 -0.044126
1 3 1 -0.000000 -0.038672 -0.044305
1 3 1 -0.000000 0.025397 -0.044126
1 3 1 -0.000000 0.023486 -0.032271
1 3 1 -0.000000 0.018371 -0.027512
1 3 1 -0.000000 0.013463 -0.022331
1 3 1 -0.000000 0.008463 -0.017331
1 3 1 -0.000000 0.003463 -0.012331
1 3 1 -0.000000 -0.001537 -0.007331
1 3 1 -0.000000 -0.006537 -0.002331
1 3 1 -0.000000 -0.011537 0.002669
1 3 1 -0.000000 -0.016537 0.007669
1 3 1 -0.000000 -0.031478 0.022693
1 3 1 -0.000000 -0.021537 0.012669
1 3 1 -0.000000 -0.026719 0.017578
1 3 1 -0.000000 -0.036537 0.027669
1 3 1 -0.000000 0.021481 -0.038361
1 3 1 -0.000000 -0.037567 0.020688
1 3 1 -0.000000 -0.028785 0.010604
1 3 1 -0.000000 -0.034662 0.014994
1 3 1 -0.000000 -0.023471 0.005736
1 3 1 -0.000000 -0.018471 0.000736
1 3 1 -0.000000 -0.013471 -0.004264
1 3 1 -0.000000 -0.008471 -0.009264
1 3 1 -0.000000 -0.003471 -0.014264
1 3 1 -0.000000 0.001529 -0.019264
1 3 1 -0.000000 0.006529 -0.024264
1 3 1 -0.000000 0.011397 -0.029579
1 3 1 -0.000000 0.015786 -0.035455
1 3 1 -0.000000 -0.035971 -0.037363
1 3 1 -0.000000 -0.028156 -0.037928
1 3 1 -0.000000 -0.021032 -0.037856
1 3 1 -0.000000 -0.013889 -0.037856
1 3 1 -0.000000 -0.006746 -0.037856
1 3 1 -0.000000 0.000397 -0.037856
1 3 1 -0.000000 0.008043 -0.037312
1 3 1 -0.000000 -0.036519 0.007250
1 3 1 -0.000000 -0.037062 -0.000397
1 3 1 -0.000000 -0.037062 -0.007540
1 3 1 -0.000000 -0.037062 -0.014682
1 3 1 -0.000000 -0.037062 -0.021825
1 3 1 -0.000000 -0.037017 -0.029155
1 3 1 -0.000000 0.004520 -0.031232
1 3 1 -0.000000 -0.030439 0.003727
1 3 1 -0.000000 -0.030953 -0.032207
1 3 1 -0.000000 -0.030599 -0.025394
1 3 1 -0.000000 -0.030537 -0.018026
1 3 1 -0.000000 -0.030792 -0.011111
1 3 1 -0.000000 -0.030984 -0.003922
1 3 1 -0.000000 -0.003135 -0.031778
1 3 1 -0.000000 -0.010367 -0.031545
1 3 1 -0.000000 -0.017187 -0.031291
1 3 1 -0.000000 -0.024519 -0.031387
1 3 1 -0.000000 -0.000342 -0.026079
1 3 1 -0.000000 -0.005314 -0.020917
1 3 1 -0.000000 -0.010405 -0.016198
1 3 1 -0.000000 -0.015405 -0.011198
1 3 1 -0.000000 -0.020124 -0.006106
1 3 1 -0.000000 -0.025281 -0.001140
1 3 1 -0.000000 -0.007192 -0.026407
1 3 1 -0.000000 -0.025614 -0.007988
1 3 1 -0.000000 -0.024469 -0.025258
1 3 1 -0.000000 -0.022886 -0.013432
1 3 1 -0.000000 -0.017339 -0.018132
1 3 1 -0.000000 -0.012609 -0.023599
1 3 1 -0.000000 -0.019084 -0.025140
1 3 1 -0.000000 -0.024342 -0.019889
1 3 1 0.079502 0.046171 -0.046350
1 3 1 0.079502 0.046171 -0.042304
1 3 1 0.079502 0.046171 -0.038464
1 3 1 0.076442 0.047633 -0.039890
1 3 1 0.080932 0.042314 -0.040075
1 3 1 0.073309 0.046907 -0.038233
1 3 1 0.077897 0.038055 -0.045645
1 3 1 0.073563 0.038261 -0.045825
1 3 1 0.080529 0.040664 -0.046151
1 3 1 0.071312 0.040775 -0.046820
1 3 1 0.078309 0.038252 -0.039165
1 3 1 0.075094 0.037730 -0.038251
1 3 1 0.071240 0.044353 -0.045834
1 3 1 0.072408 0.039123 -0.039590
1 3 1 0.071035 0.043610 -0.039719
1 3 1 0.073791 0.047170 -0.046908
1 3 1 0.076359 0.047640 -0.044653
1 3 1 0.080900 0.043315 -0.045038
1 3 1 0.079775 0.039445 -0.042664
1 3 1 0.072597 0.046372 -0.042620
1 3 1 0.071227 0.041000 -0.042315
1 3 1 0.075253 0.037705 -0.042935
1 3 1 0.131888 0.042658 -0.047247
1 3 1 0.131888 0.042658 -0.043419
1 3 1 0.131888 0.042658 -0.039408
1 3 1 0.126953 0.037658 -0.047580
1 3 1 0.129895 0.038663 -0.045808
1 3 1 0.125012 0.047292 -0.039836
1 3 1 0.128546 0.047375 -0.038816
1 3 1 0.130343 0.046271 -0.045907
1 3 1 0.125207 0.047367 -0.046047
1 3 1 0.124348 0.038351 -0.046125
1 3 1 0.122220 0.040866 -0.045985
1 3 1 0.128741 0.038014 -0.039541
1 3 1 0.124919 0.038061 -0.039642
1 3 1 0.122281 0.044600 -0.046016
1 3 1 0.122253 0.040783 -0.039668
1 3 1 0.122293 0.044630 -0.039825
1 3 1 0.130686 0.045909 -0.041087
1 3 1 0.130810 0.039557 -0.041133
1 3 1 0.126891 0.037658 -0.042586
1 3 1 0.127228 0.047646 -0.042881
1 3 1 0.121888 0.042642 -0.042796
1 3 1 0.123347 0.039127 -0.042786
1 3 1 0.123470 0.046307 -0.043021
1 3 1 0.028558 0.046171 -0.046350
1 3 1 0.028558 0.046171 -0.042304
1 3 1 0.028558 0.046171 -0.038464
1 3 1 0.025498 0.047633 -0.039890
1 3 1 0.029988 0.042314 -0.040075
1 3 1 0.022365 0.046907 -0.038233
1 3 1 0.026953 0.038055 -0.045645
1 3 1 0.022619 0.038261 -0.045825
1 3 1 0.029585 0.040664 -0.046151
1 3 1 0.020368 0.040775 -0.046820
1 3 1 0.027365 0.038252 -0.039165
1 3 1 0.024150 0.037730 -0.038251
1 3 1 0.020296 0.044353 -0.045834
1 3 1 0.021464 0.039123 -0.039590
1 3 1 0.020092 0.043610 -0.039719
1 3 1 0.022847 0.047170 -0.046908
1 3 1 0.025415 0.047640 -0.044653
1 3 1 0.029957 0.043315 -0.045038
1 3 1 0.028831 0.039445 -0.042664
1 3 1 0.021653 0.046372 -0.042620
1 3 1 0.020283 0.041000 -0.042315
1 3 1 0.024310 0.037705 -0.042935
1 3 1 0.078513 -0.046538 0.045661
1 3 1 0.078513 -0.042697 0.045661
1 3 1 0.078513 -0.038650 0.045661
1 3 1 0.075290 -0.045110 0.047095
1 3 1 0.079998 -0.045246 0.042257
1 3 1 0.076908 -0.039101 0.037482
1 3 1 0.072992 -0.039167 0.037524
1 3 1 0.070502 -0.045768 0.039919
1 3 1 0.070321 -0.039469 0.040340
1 3 1 0.070388 -0.038474 0.044034
1 3 1 0.077778 -0.045377 0.037946
1 3 1 0.075188 -0.047005 0.037107
1 3 1 0.072624 -0.046061 0.037704
1 3 1 0.072860 -0.037859 0.046622
1 3 1 0.070024 -0.047076 0.042596
1 3 1 0.071840 -0.046541 0.045978
1 3 1 0.079539 -0.037974 0.040006
1 3 1 0.079976 -0.040321 0.042588
1 3 1 0.075550 -0.039901 0.047073
1 3 1 0.072015 -0.041406 0.046115
1 3 1 0.078899 -0.042063 0.038973
1 3 1 0.070158 -0.043137 0.043349
1 3 1 0.074554 -0.042151 0.037123
1 3 1 0.071540 -0.042668 0.038494
1 3 1 0.028513 -0.045557 0.045661
1 3 1 0.028513 -0.041511 0.045661
1 3 1 0.028513 -0.037671 0.045661
1 3 1 0.025107 -0.038836 0.047102
1 3 1 0.029995 -0.039103 0.042325
1 3 1 0.028703 -0.038241 0.038743
1 3 1 0.025824 -0.039210 0.037172
1 3 1 0.022313 -0.039120 0.037887
1 3 1 0.020174 -0.039055 0.040796
1 3 1 0.029548 -0.046279 0.040025
1 3 1 0.026823 -0.045348 0.037448
1 3 1 0.022903 -0.045359 0.037564
1 3 1 0.020538 -0.039042 0.044360
1 3 1 0.020346 -0.045294 0.040276
1 3 1 0.020404 -0.045256 0.044072
1 3 1 0.022793 -0.046222 0.046590
1 3 1 0.029980 -0.043891 0.042549
1 3 1 0.025472 -0.044239 0.047081
1 3 1 0.028811 -0.042708 0.038867
1 3 1 0.021689 -0.042167 0.045850
1 3 1 0.020001 -0.042188 0.042178
1 3 1 0.021326 -0.042184 0.038712
1 3 1 0.024712 -0.042400 0.037112
1 3 1 0.128513 -0.046538 0.045661
1 3 1 0.128513 -0.042697 0.045661
1 3 1 0.128513 -0.038650 0.045661
1 3 1 0.125290 -0.045110 0.047095
1 3 1 0.129998 -0.045246 0.042257
1 3 1 0.126908 -0.039101 0.037482
1 3 1 0.122992 -0.039167 0.037524
1 3 1 0.120502 -0.045768 0.039919
1 3 1 0.120321 -0.039469 0.040340
1 3 1 0.120388 -0.038474 0.044034
1 3 1 0.127778 -0.045377 0.037946
1 3 1 0.125188 -0.047005 0.037107
1 3 1 0.122624 -0.046061 0.037704
1 3 1 0.122860 -0.037859 0.046622
1 3 1 0.120024 -0.047076 0.042596
1 3 1 0.121840 -0.046541 0.045978
1 3 1 0.129539 -0.037974 0.040006
1 3 1 0.129976 -0.040321 0.042588
1 3 1 0.125550 -0.039901 0.047073
1 3 1 0.122015 -0.041406 0.046115
1 3 1 0.128899 -0.042063 0.038973
1 3 1 0.120158 -0.043137 0.043349
1 3 1 0.124554 -0.042151 0.037123
1 3 1 0.121540 -0.042668 0.038494
1 3 1 0.051969 -0.020571 -0.014907
1 3 1 0.056777 -0.016799 -0.019164
1 3 1 0.059114 -0.019330 -0.014835
1 3 1 0.058714 -0.020235 -0.022095
1 3 1 0.065611 -0.014899 -0.022349
1 3 1 0.064575 -0.017356 -0.017279
1 3 1 0.066502 -0.025399 -0.020617
1 3 1 0.058398 -0.026927 -0.019934
1 3 1 0.062101 -0.026790 -0.027272
1 3 1 0.056301 -0.030312 -0.027834
1 3 1 0.064935 -0.019059 -0.027564
1 3 1 0.057348 -0.020380 -0.028144
1 3 1 0.052062 -0.014762 -0.012628
1 3 1 0.050758 -0.015520 -0.024687
1 3 1 0.056104 -0.011577 -0.023167
1 3 1 0.047597 -0.020078 -0.019897
1 3 1 0.045512 -0.012642 -0.014614
1 3 1 0.041961 -0.023962 -0.018241
1 3 1 0.043126 -0.019574 -0.024992
1 3 1 0.039695 -0.018673 -0.017542
1 3 1 0.045660 -0.012295 -0.022899
1 3 1 0.132756 -0.038314 0.037010
1 3 1 0.132369 -0.041328 0.044535
1 3 1 0.039357 -0.012400 -0.023495
1 3 1 0.035416 -0.014679 -0.020182
1 3 1 0.036080 -0.023265 -0.025905
1 3 1 0.047068 -0.021525 -0.030142
1 3 1 0.042376 -0.028188 -0.024645
1 3 1 0.040397 -0.018945 -0.033242
1 3 1 0.029979 -0.018732 -0.026163
1 3 1 0.033039 -0.026332 -0.032947
1 3 1 0.124239 -0.039204 0.032060
1 3 1 0.037760 -0.032510 -0.024526
1 3 1 0.035820 -0.027393 -0.019419
1 3 1 0.040321 -0.030828 -0.019391
1 3 1 0.031132 -0.029606 -0.026026
1 3 1 0.028262 -0.025290 -0.017957
1 3 1 0.030848 -0.018448 -0.016586
1 3 1 0.118326 -0.023761 -0.029279
1 3 1 0.126665 -0.021891 -0.027698
1 3 1 0.118543 -0.016937 -0.027512
1 3 1 0.116153 -0.024092 -0.022071
1 3 1 0.059823 -0.007873 -0.019838
1 3 1 0.057269 -0.010780 -0.015496
1 3 1 0.056702 -0.004165 -0.023240
1 3 1 0.062252 -0.011984 -0.026502
1 3 1 0.068843 -0.000816 -0.017919
1 3 1 0.065889 -0.008945 -0.017194
1 3 1 0.061852 -0.000245 -0.017342
1 3 1 0.064749 -0.006243 -0.022260
1 3 1 0.102764 -0.027787 -0.039763
1 3 1 0.104520 -0.021318 -0.038708
1 3 1 0.099370 -0.023287 -0.033114
1 3 1 0.105644 -0.025139 -0.034140
1 3 1 0.104739 -0.018590 -0.031109
1 3 1 0.102618 -0.025440 -0.027535
1 3 1 0.085663 -0.026790 -0.038440
1 3 1 0.078548 -0.025075 -0.034150
1 3 1 0.082117 -0.032288 -0.033076
1 3 1 0.085594 -0.029492 -0.028830
1 3 1 0.089230 -0.032372 -0.033208
1 3 1 0.086232 -0.036192 -0.027983
1 3 1 0.083934 -0.033342 -0.021621
1 3 1 0.091026 -0.032849 -0.024247
1 3 1 0.085723 -0.022973 -0.031486
1 3 1 0.082250 -0.025610 -0.021650
1 3 1 0.077944 -0.022678 -0.025081
1 3 1 0.078543 -0.028740 -0.028913
1 3 1 0.056888 -0.006524 -0.028480
1 3 1 0.054474 -0.011544 -0.031402
1 3 1 0.060751 -0.013761 -0.032489
1 3 1 0.061848 -0.006996 -0.032377
1 3 1 0.066709 -0.011301 -0.030754
1 3 1 0.069533 -0.009498 -0.024942
1 3 1 0.046505 0.027375 -0.037532
1 3 1 0.129488 -0.020200 -0.035870
1 3 1 0.118219 -0.018522 -0.033909
1 3 1 0.125466 -0.027526 -0.032435
1 3 1 0.077580 -0.046408 0.033181
1 3 1 0.127666 -0.017466 -0.022544
1 3 1 0.121030 -0.020140 -0.016805
1 3 1 0.137184 -0.018476 -0.026020
1 3 1 0.132539 -0.016470 -0.031994
1 3 1 0.122976 -0.028940 -0.025782
1 3 1 0.132479 -0.024529 -0.031600
1 3 1 0.133034 -0.025703 -0.023983
1 3 1 0.127227 -0.022322 -0.014046
1 3 1 0.015169 -0.045084 0.040569
1 3 1 0.101310 -0.010761 -0.030061
1 3 1 0.101045 -0.003566 -0.030804
1 3 1 0.102794 -0.005529 -0.025059
1 3 1 0.108405 -0.009966 -0.029533
1 3 1 0.109873 -0.005492 -0.030995
1 3 1 0.111094 -0.003659 -0.024566
1 3 1 0.114207 -0.011112 -0.027216
1 3 1 0.111927 -0.009542 -0.019152
1 3 1 0.104947 -0.015848 -0.023466
1 3 1 0.112841 -0.015698 -0.022086
1 3 1 0.105824 -0.006464 -0.020830
1 3 1 0.063338 -0.018008 -0.009874
1 3 1 0.057947 -0.016257 -0.009983
1 3 1 0.062113 -0.013508 -0.013557
1 3 1 0.061792 -0.024243 -0.010729
1 3 1 0.046273 -0.027045 0.018967
1 3 1 0.009505 -0.033057 -0.024745
1 3 1 0.015055 -0.034549 -0.026938
1 3 1 0.013993 -0.027449 -0.028125
1 3 1 0.015692 -0.029267 -0.022827
1 3 1 0.020286 -0.037049 -0.021669
1 3 1 0.022184 -0.025692 -0.021809
1 3 1 0.021708 -0.032033 -0.029308
1 3 1 0.018580 -0.022463 -0.025288
1 3 1 0.016429 -0.033394 -0.017395
1 3 1 0.015350 -0.024055 -0.017228
1 3 1 0.021201 -0.029668 -0.014622
1 3 1 0.067087 0.029730 -0.037294
1 3 1 0.062871 0.032876 -0.040299
1 3 1 0.070285 0.030367 -0.043204
1 3 1 0.065805 0.028944 -0.046004
1 3 1 0.009928 -0.026241 -0.016194
1 3 1 0.010235 -0.031931 -0.018012
1 3 1 0.011768 -0.029061 -0.010655
1 3 1 0.009667 -0.027300 -0.022709
1 3 1 0.030687 -0.011053 -0.014117
1 3 1 0.030547 -0.011534 -0.023519
1 3 1 0.032800 -0.007044 -0.017984
1 3 1 0.038104 -0.016451 -0.010688
1 3 1 0.038635 -0.010474 -0.016139
1 3 1 0.031538 0.046702 -0.044874
1 3 1 0.020357 0.013597 -0.044806
1 3 1 0.021856 0.011227 -0.036138
1 3 1 0.023137 0.018001 -0.036878
1 3 1 0.017628 0.013934 -0.038722
1 3 1 0.022433 0.014014 -0.031221
1 3 1 0.025845 0.009978 -0.028313
1 3 1 0.018794 0.004731 -0.031000
1 3 1 0.084028 -0.015897 -0.024273
1 3 1 0.089007 -0.020239 -0.019791
1 3 1 0.081220 -0.018715 -0.016911
1 3 1 0.086736 -0.025835 -0.014997
1 3 1 0.089950 -0.026284 -0.022641
1 3 1 0.097468 -0.020795 -0.017224
1 3 1 0.095676 -0.021000 -0.026546
1 3 1 0.087361 -0.015102 -0.014713
1 3 1 0.090084 -0.013872 -0.024298
1 3 1 0.128186 -0.033820 -0.014137
1 3 1 0.131523 -0.028764 -0.008647
1 3 1 0.122024 -0.027623 -0.011402
1 3 1 0.128003 -0.032808 -0.005669
1 3 1 0.125732 -0.024150 -0.006660
1 3 1 0.122821 -0.034972 -0.011137
1 3 1 0.124184 -0.030023 -0.000608
1 3 1 0.124607 -0.036717 -0.002789
1 3 1 0.104283 -0.016984 -0.010916
1 3 1 0.105160 -0.013092 -0.015782
1 3 1 0.103803 -0.021778 -0.016043
1 3 1 0.100895 -0.025153 -0.020891
1 3 1 0.134909 0.041155 -0.045073
1 3 1 0.094142 -0.016932 -0.013347
1 3 1 0.097186 -0.015324 -0.020621
1 3 1 0.099921 -0.023091 -0.011464
1 3 1 0.033198 -0.030484 -0.012395
1 3 1 0.031377 -0.024828 -0.010435
1 3 1 0.038908 -0.023289 -0.012265
1 3 1 0.038258 -0.012121 -0.029676
1 3 1 0.115002 -0.024041 -0.013981
1 3 1 0.108889 -0.029894 -0.016700
1 3 1 0.109569 -0.019910 -0.018007
1 3 1 0.089273 -0.035524 -0.001688
1 3 1 0.082521 -0.029783 -0.009238
1 3 1 0.080190 -0.031869 -0.003854
1 3 1 0.088559 -0.028230 -0.001118
1 3 1 0.118744 -0.013206 -0.021515
1 3 1 0.118271 -0.012814 -0.014263
1 3 1 0.118562 0.039706 -0.047374
1 3 1 0.120403 0.035396 -0.046182
1 3 1 0.121905 0.036069 -0.040967
1 3 1 0.111320 -0.022941 -0.028668
1 3 1 0.122887 -0.026554 -0.018953
1 3 1 0.081497 -0.039075 0.036485
1 3 1 0.042619 -0.031459 0.025273
1 3 1 0.111345 -0.017700 -0.032769
1 3 1 0.055807 -0.023019 -0.011135
1 3 1 0.072851 -0.018039 -0.019355
1 3 1 0.072335 -0.022775 -0.013038
1 3 1 0.109629 -0.037464 -0.007453
1 3 1 0.118526 -0.035913 -0.005931
1 3 1 0.111470 -0.037349 -0.014315
1 3 1 0.110623 -0.031086 -0.008477
1 3 1 0.116750 -0.032356 -0.011280
1 3 1 0.118698 -0.031110 -0.019135
1 3 1 0.116582 -0.027550 -0.004656
1 3 1 0.111394 -0.022768 -0.007332
1 3 1 0.105796 -0.038609 -0.033191
1 3 1 0.107420 -0.032955 -0.035100
1 3 1 0.101503 -0.032234 -0.030236
1 3 1 0.106387 -0.032832 -0.025352
1 3 1 0.132034 -0.012972 0.006418
1 3 1 0.135532 -0.015550 0.008958
1 3 1 0.129284 -0.017999 0.003244
1 3 1 0.135196 -0.016086 0.002078
1 3 1 0.114485 -0.037843 -0.027590
1 3 1 0.113188 -0.032379 -0.031410
1 3 1 0.112816 -0.027696 -0.025685
1 3 1 0.100494 -0.032273 -0.023964
1 3 1 0.095702 -0.017038 -0.003090
1 3 1 0.102467 -0.023789 -0.004846
1 3 1 0.095399 -0.023256 -0.002675
1 3 1 0.107964 -0.023745 -0.010493
1 3 1 0.102332 -0.030481 -0.015313
1 3 1 0.099824 -0.030715 -0.004483
1 3 1 0.093700 -0.021280 -0.009459
1 3 1 0.067351 -0.031104 -0.031916
1 3 1 0.066033 -0.025368 -0.033259
1 3 1 0.072292 -0.026265 -0.026050
1 3 1 0.072580 -0.018719 -0.037383
1 3 1 0.072666 -0.025443 -0.033790
1 3 1 0.071325 -0.021158 -0.027770
1 3 1 0.078824 -0.016087 -0.030616
1 3 1 0.096623 -0.015445 -0.031481
1 3 1 0.068439 -0.044742 -0.035420
1 3 1 0.100607 -0.009234 -0.017136
1 3 1 0.119406 0.045591 -0.041952
1 3 1 0.036072 -0.005254 -0.019895
1 3 1 0.011478 -0.032542 -0.001015
1 3 1 0.017338 -0.031651 -0.007227
1 3 1 0.016025 -0.029045 0.003819
1 3 1 0.019957 -0.031586 0.002315
1 3 1 0.030330 -0.014317 -0.030768
1 3 1 0.043577 -0.006182 -0.018500
1 3 1 0.049208 -0.010848 -0.019689
1 3 1 0.076657 -0.034574 0.005689
1 3 1 0.074646 -0.037749 0.012520
1 3 1 0.078976 -0.031111 0.008949
1 3 1 0.073299 -0.029307 0.012757
1 3 1 0.049245 -0.026333 -0.018347
1 3 1 0.045925 -0.021475 -0.012891
1 3 1 0.049086 -0.018095 -0.008166
1 3 1 0.120032 -0.043950 -0.001217
1 3 1 0.112963 -0.044462 0.002171
1 3 1 0.051746 -0.025128 -0.024640
1 3 1 0.058916 -0.003614 -0.012810
1 3 1 0.063199 -0.001693 -0.027420
1 3 1 0.050498 -0.007554 -0.026675
1 3 1 0.022300 -0.032401 -0.009451
1 3 1 0.020719 -0.022935 -0.007673
1 3 1 0.026835 -0.028935 -0.007719
1 3 1 0.025428 -0.024422 -0.011457
1 3 1 0.026412 -0.023083 -0.004157
1 3 1 0.145541 -0.017028 -0.003898
1 3 1 0.096761 0.000477 -0.023617
1 3 1 0.095287 -0.004801 -0.030173
1 3 1 0.092768 0.001119 -0.030208
1 3 1 0.020150 -0.020004 -0.016046
1 3 1 0.138837 -0.036412 0.028286
1 3 1 0.137400 -0.044723 0.030815
1 3 1 0.144713 -0.043641 0.027748
1 3 1 0.145099 -0.038195 0.031105
1 3 1 0.068109 -0.031601 -0.037037
1 3 1 0.067902 -0.022887 -0.038918
1 3 1 0.062980 -0.027222 -0.039182
1 3 1 0.071554 -0.027114 -0.040489
1 3 1 0.068832 -0.022136 -0.045653
1 3 1 0.065585 -0.028218 -0.046003
1 3 1 0.054684 -0.035611 0.009791
1 3 1 0.056664 -0.029397 0.012050
1 3 1 0.057082 -0.038308 0.014877
1 3 1 0.061660 -0.031910 0.010272
1 3 1 0.137068 -0.044917 0.036558
1 3 1 0.137373 -0.040033 0.032579
1 3 1 0.141062 -0.043057 0.036113
1 3 1 0.061550 -0.025328 0.006313
1 3 1 0.059437 -0.031379 0.004960
1 3 1 0.066882 -0.029670 0.010625
1 3 1 0.062384 -0.039770 0.039299
1 3 1 0.055742 -0.039522 0.044548
1 3 1 0.054877 -0.040534 0.038612
1 3 1 0.062309 -0.037164 0.008114
1 3 1 0.066061 -0.037727 0.013070
1 3 1 0.063862 -0.032438 0.015532
1 3 1 0.014722 -0.003528 -0.039443
1 3 1 0.011074 0.000295 -0.033984
1 3 1 0.015510 -0.007749 -0.035073
1 3 1 0.017717 -0.005372 -0.032082
1 3 1 0.019636 0.001871 -0.037685
1 3 1 0.026074 -0.008902 -0.037114
1 3 1 0.020878 -0.011474 -0.037670
1 3 1 0.022573 -0.008913 -0.029660
1 3 1 0.025840 -0.003059 -0.030494
1 3 1 0.013707 0.002085 -0.026873
1 3 1 0.025170 -0.001863 -0.037362
1 3 1 0.020553 -0.000382 -0.021917
1 3 1 0.113918 -0.009548 -0.032351
1 3 1 0.046587 -0.044674 0.035590
1 3 1 0.043595 -0.045107 0.044150
1 3 1 0.049053 -0.042980 0.043534
1 3 1 0.118095 -0.003616 -0.025938
1 3 1 0.116197 -0.006779 -0.022509
1 3 1 0.041243 -0.039515 0.041500
1 3 1 0.094712 -0.028404 -0.027997
1 3 1 0.096569 -0.028423 -0.013691
1 3 1 0.093142 -0.030785 -0.018849
1 3 1 0.049135 -0.006967 -0.036788
1 3 1 0.049796 -0.002476 -0.032199
1 3 1 0.044180 -0.004901 -0.031033
1 3 1 0.047949 -0.003450 -0.024454
1 3 1 0.055374 -0.000148 -0.027942
1 3 1 0.056562 -0.045290 0.042684
1 3 1 0.062424 -0.045727 0.041285
1 3 1 0.063674 -0.039742 0.044076
1 3 1 0.059644 -0.040056 0.035214
1 3 1 0.061543 -0.045329 0.035068
1 3 1 0.045813 -0.011944 -0.031166
1 3 1 0.050109 -0.015903 -0.030723
1 3 1 0.069544 -0.018105 -0.008745
1 3 1 0.063025 -0.011745 -0.006807
1 3 1 0.057501 -0.009502 -0.008926
1 3 1 0.046331 -0.030339 -0.011174
1 3 1 0.037474 -0.031337 -0.008600
1 3 1 0.069745 -0.031983 -0.022744
1 3 1 0.075843 -0.025206 -0.021496
1 3 1 0.078537 -0.032409 -0.023681
1 3 1 0.054811 -0.044151 0.034677
1 3 1 0.074359 -0.029765 -0.016936
1 3 1 0.141178 -0.034626 -0.007315
1 3 1 0.139375 -0.025741 -0.012104
1 3 1 0.137617 -0.033040 -0.014578
1 3 1 0.136154 -0.032444 -0.008264
1 3 1 0.140006 -0.026917 -0.004625
1 3 1 0.141540 -0.032541 0.001857
1 3 1 0.136433 -0.037907 -0.001298
1 3 1 0.134122 -0.031973 -0.002230
1 3 1 0.034464 0.029042 -0.043879
1 3 1 0.138472 -0.041418 -0.006974
1 3 1 0.134674 -0.038765 -0.011920
1 3 1 0.075692 -0.030131 -0.035375
1 3 1 0.135660 -0.031442 0.022000
1 3 1 0.143085 -0.033193 0.026994
1 3 1 0.140802 -0.036525 0.021047
1 3 1 0.081212 -0.038294 -0.026863
1 3 1 0.072751 -0.032172 -0.030198
1 3 1 0.129524 -0.026910 -0.001962
1 3 1 0.036702 -0.029963 0.011964
1 3 1 0.033221 -0.033055 0.006037
1 3 1 0.031719 -0.026599 0.008359
1 3 1 0.039171 -0.030246 0.002876
1 3 1 0.042225 -0.025409 -0.000767
1 3 1 0.035967 -0.021821 0.003806
1 3 1 0.031079 -0.024801 0.000940
1 3 1 0.035704 -0.030835 -0.002439
1 3 1 0.040281 -0.024465 0.006319
1 3 1 0.046802 -0.030230 0.000684
1 3 1 0.130283 -0.008004 0.001737
1 3 1 0.145173 -0.038756 0.015295
1 3 1 0.143656 -0.030137 0.017353
1 3 1 0.048413 0.000697 -0.018939
1 3 1 0.043132 -0.001291 -0.016702
1 3 1 0.051559 -0.005700 -0.019117
1 3 1 0.055744 -0.000939 -0.017547
1 3 1 0.052293 0.001149 -0.022706
1 3 1 0.048849 0.003422 -0.011789
1 3 1 0.050424 -0.000460 -0.007031
1 3 1 0.049953 -0.007330 -0.010477
1 3 1 0.146119 -0.036331 0.023958
1 3 1 0.145834 -0.042498 0.020869
1 3 1 0.138551 0.039449 -0.039789
1 3 1 0.044536 -0.025178 -0.031649
1 3 1 0.038510 -0.006500 -0.025369
1 3 1 0.078892 -0.007944 -0.017166
1 3 1 0.079784 -0.017506 -0.010327
1 3 1 0.072350 -0.007697 -0.019129
1 3 1 0.077767 -0.012707 -0.023304
1 3 1 0.070115 -0.005600 -0.031034
1 3 1 0.069484 -0.003207 -0.024476
1 3 1 0.076139 -0.004614 -0.024395
1 3 1 0.075686 -0.009288 -0.031276
1 3 1 0.084467 -0.018706 -0.037195
1 3 1 0.092741 -0.024847 -0.035069
1 3 1 0.091527 -0.020234 -0.031698
1 3 1 0.096815 -0.019756 -0.038865
1 3 1 0.089704 -0.009143 -0.031259
1 3 1 0.091962 -0.018100 -0.038272
1 3 1 0.058372 -0.018714 -0.037252
1 3 1 0.051511 -0.024398 -0.033669
1 3 1 0.057986 -0.025068 -0.034035
1 3 1 0.025199 -0.015167 -0.033223
1 3 1 0.022629 -0.015619 -0.027308
1 3 1 0.017272 -0.021888 -0.030145
1 3 1 0.025925 -0.022083 -0.031425
1 3 1 0.016513 -0.015247 -0.030006
1 3 1 0.022901 -0.008378 -0.022048
1 3 1 0.022560 -0.016080 -0.021849
1 3 1 0.101576 -0.005513 -0.037069
1 3 1 0.106748 -0.007666 -0.037044
1 3 1 0.105529 0.000198 -0.036450
1 3 1 0.095761 -0.006102 -0.024435
1 3 1 0.097826 -0.000917 -0.036980
1 3 1 0.104949 0.000938 -0.029711
1 3 1 0.129394 -0.020727 -0.001975
1 3 1 0.134756 -0.023849 -0.003313
1 3 1 0.129401 -0.039473 -0.011599
1 3 1 0.126020 -0.015364 -0.010342
1 3 1 0.132725 -0.021036 -0.010092
1 3 1 0.123920 -0.017526 -0.000610
1 3 1 0.119205 -0.018351 -0.010112
1 3 1 0.123765 -0.023263 0.001596
1 3 1 0.117138 -0.019217 -0.004382
1 3 1 0.053637 -0.029864 -0.012309
1 3 1 0.050671 -0.030972 -0.019253
1 3 1 0.039700 -0.030070 -0.013825
1 3 1 0.047254 -0.023530 -0.005059
1 3 1 0.082762 -0.003418 -0.043297
1 3 1 0.081437 -0.007065 -0.036844
1 3 1 0.082137 0.000552 -0.037129
1 3 1 0.077615 -0.004824 -0.034987
1 3 1 0.066976 -0.000853 -0.036521
1 3 1 0.074944 0.001377 -0.032791
1 3 1 0.070758 -0.007995 -0.037593
1 3 1 0.074805 -0.013498 -0.037906
1 3 1 0.079129 -0.009027 -0.044705
1 3 1 0.075854 0.000720 -0.038701
1 3 1 0.136307 -0.043896 0.015490
1 3 1 0.136411 -0.039531 0.012279
1 3 1 0.027254 -0.034830 -0.011311
1 3 1 0.021089 -0.028085 -0.001749
1 3 1 0.035721 -0.023747 -0.004868
1 3 1 0.040378 -0.015989 -0.045095
1 3 1 0.036681 -0.021388 -0.045469
1 3 1 0.044479 -0.021752 -0.046100
1 3 1 0.029540 -0.019152 -0.008467
1 3 1 0.020479 -0.009139 -0.016090
1 3 1 0.015036 -0.012006 -0.022183
1 3 1 0.042262 -0.028734 -0.045207
1 3 1 0.049900 -0.028700 -0.046050
1 3 1 0.014853 -0.018115 -0.024708
1 3 1 0.028660 -0.032019 -0.019900
1 3 1 0.109504 -0.039630 0.036511
1 3 1 0.020689 0.003195 -0.009075
1 3 1 0.067944 -0.025011 0.006142
1 3 1 0.069120 -0.030409 0.005763
1 3 1 0.074494 -0.026800 0.006793
1 3 1 0.073449 -0.018757 0.009471
1 3 1 0.079381 -0.025575 0.006462
1 3 1 0.078152 -0.023542 0.013823
1 3 1 0.073030 -0.030675 -0.000053
1 3 1 0.071098 -0.025233 0.000845
1 3 1 0.081504 -0.029330 0.003583
1 3 1 0.033941 -0.037544 -0.026664
1 3 1 0.027383 -0.038211 -0.028035
1 3 1 0.051370 -0.021230 -0.046045
1 3 1 0.034714 -0.034890 -0.033055
1 3 1 0.087977 -0.016987 -0.002948
1 3 1 0.079803 -0.023071 -0.003302
1 3 1 0.086770 -0.019677 -0.009652
1 3 1 0.089106 -0.030702 -0.009303
1 3 1 0.081470 -0.024375 -0.012892
1 3 1 0.086508 -0.024047 -0.003494
1 3 1 0.025364 -0.013444 -0.010474
1 3 1 0.015119 -0.016531 -0.010288
1 3 1 0.015085 -0.023424 -0.010785
1 3 1 0.024488 -0.014322 -0.017257
1 3 1 0.015207 -0.017019 -0.017009
1 3 1 0.046512 -0.013487 -0.037416
1 3 1 0.048648 -0.030880 -0.026302
1 3 1 0.044834 -0.021194 -0.039363
1 3 1 0.038427 -0.025763 -0.039660
1 3 1 0.050161 -0.018762 -0.037458
1 3 1 0.133595 -0.026881 -0.016379
1 3 1 0.124764 -0.032974 -0.021117
1 3 1 0.126150 -0.007539 -0.016914
1 3 1 0.126529 -0.009514 -0.024335
1 3 1 0.121395 -0.007497 -0.029078
1 3 1 0.119713 -0.006098 -0.020340
1 3 1 0.126907 -0.011486 -0.031742
1 3 1 0.111921 -0.026990 -0.035177
1 3 1 0.119470 -0.028410 -0.034443
1 3 1 0.120077 -0.023435 -0.040298
1 3 1 0.071544 -0.013820 -0.013547
1 3 1 0.117471 0.033579 -0.041372
1 3 1 0.111123 0.032473 -0.040363
1 3 1 0.117636 0.039300 -0.041761
1 3 1 0.110573 0.036470 -0.045916
1 3 1 0.063950 -0.031810 -0.023470
1 3 1 0.054034 -0.033152 -0.023351
1 3 1 0.057626 -0.031092 -0.033587
1 3 1 0.113449 -0.003048 -0.038009
1 3 1 0.110943 -0.000007 -0.033318
1 3 1 0.105293 0.041714 -0.040411
1 3 1 0.109730 0.038631 -0.040469
1 3 1 0.105782 0.008679 -0.030424
1 3 1 0.113384 0.010070 -0.030763
1 3 1 0.112533 0.002226 -0.026808
1 3 1 0.117698 0.000524 -0.036176
1 3 1 0.111879 0.004132 -0.037572
1 3 1 0.116231 -0.000199 -0.030271
1 3 1 0.086920 -0.008483 -0.018903
1 3 1 0.086344 -0.016303 -0.030788
1 3 1 0.081248 -0.008673 -0.030899
1 3 1 0.083736 -0.004330 -0.024216
1 3 1 0.092747 -0.009315 -0.019005
1 3 1 0.050865 -0.020745 0.000927
1 3 1 0.051973 -0.031369 0.004960
1 3 1 0.059370 -0.027489 0.000467
1 3 1 0.067904 -0.030651 -0.002405
1 3 1 0.064555 -0.025452 0.001354
1 3 1 0.062195 -0.029150 -0.005874
1 3 1 0.062237 -0.020085 -0.003601
1 3 1 0.061612 -0.036077 -0.000566
1 3 1 0.055232 -0.035584 -0.001469
1 3 1 0.105744 0.042575 -0.045909
1 3 1 0.112592 0.044786 -0.041116
1 3 1 0.053244 -0.030058 -0.005638
1 3 1 0.064258 -0.018670 -0.037344
1 3 1 0.064052 -0.035995 -0.027807
1 3 1 0.027532 -0.038982 -0.034134
1 3 1 0.028391 -0.031046 -0.032663
1 3 1 0.018478 -0.033996 -0.035036
1 3 1 0.020757 -0.038895 -0.029418
1 3 1 0.060240 -0.030565 -0.011711
1 3 1 0.062871 -0.031819 -0.017275
1 3 1 0.081262 0.034449 -0.040872
1 3 1 0.085344 0.033745 -0.044892
1 3 1 0.079904 0.035491 -0.045035
1 3 1 0.082755 0.037144 -0.046400
1 3 1 0.101986 0.037569 -0.045836
1 3 1 0.107605 0.033217 -0.044933
1 3 1 0.102851 -0.038946 -0.026515
1 3 1 0.105416 0.028038 -0.043912
1 3 1 0.099088 0.031534 -0.040513
1 3 1 0.105601 0.031720 -0.039656
1 3 1 0.119213 -0.032733 -0.026404
1 3 1 0.111467 -0.033904 -0.019281
1 3 1 0.102025 -0.036707 -0.020549
1 3 1 0.120210 -0.007282 -0.045497
1 3 1 0.112348 -0.005011 -0.044019
1 3 1 0.118365 -0.012055 -0.037826
1 3 1 0.113380 -0.010775 -0.045782
1 3 1 0.111019 -0.012708 -0.037880
1 3 1 0.095866 -0.034343 -0.032129
1 3 1 0.096943 -0.037373 -0.023666
1 3 1 0.024977 -0.028395 -0.039243
1 3 1 0.019745 -0.025750 -0.035698
1 3 1 0.032000 -0.021399 -0.039533
1 3 1 0.031601 -0.019281 -0.033106
1 3 1 0.134793 -0.006304 -0.008635
1 3 1 0.134577 -0.014004 -0.007909
1 3 1 0.129857 -0.010298 -0.007601
1 3 1 0.130528 -0.006917 -0.012720
1 3 1 0.125202 -0.006644 -0.007300
1 3 1 0.129765 -0.002379 -0.005051
1 3 1 0.129712 -0.000741 -0.013920
1 3 1 0.121632 -0.044537 -0.028293
1 3 1 0.134609 -0.004131 -0.016173
1 3 1 0.032989 -0.007487 -0.030896
1 3 1 0.039449 0.000979 -0.020247
1 3 1 0.033682 -0.000774 -0.025491
1 3 1 0.042890 0.001538 -0.027242
1 3 1 0.039400 -0.029817 -0.033963
1 3 1 0.042533 -0.031061 -0.004451
1 3 1 0.083906 -0.030813 -0.016362
1 3 1 0.070476 -0.016050 -0.030615
1 3 1 0.055184 -0.023603 -0.003553
1 3 1 0.067399 -0.023001 -0.005739
1 3 1 0.069258 -0.031190 -0.013397
1 3 1 0.014606 0.045871 -0.042213
1 3 1 0.139130 -0.022725 -0.019070
1 3 1 0.139205 -0.031480 -0.020310
1 3 1 0.132508 -0.016929 -0.016728
1 3 1 0.131362 -0.032716 -0.026591
1 3 1 0.139712 -0.031842 -0.029453
1 3 1 0.060611 -0.014552 -0.045642
1 3 1 0.064281 -0.008474 -0.045674
1 3 1 0.113448 -0.005521 -0.014063
1 3 1 0.106569 -0.001745 -0.015744
1 3 1 0.106024 0.002105 -0.024479
1 3 1 0.105607 -0.004657 -0.012291
1 3 1 0.100380 -0.001152 -0.017849
1 3 1 0.067074 -0.015363 -0.045065
1 3 1 0.075144 -0.014676 -0.045524
1 3 1 0.071294 -0.009913 -0.045085
1 3 1 0.079270 0.002590 -0.045404
1 3 1 0.083179 0.008178 -0.044317
1 3 1 0.080705 0.006270 -0.035055
1 3 1 0.076930 0.010000 -0.038477
1 3 1 0.075465 0.009205 -0.028957
1 3 1 0.084402 0.008797 -0.029347
1 3 1 0.084326 0.002684 -0.030421
1 3 1 0.079504 0.006088 -0.025285
1 3 1 0.086964 0.003911 -0.037920
1 3 1 0.083764 0.011607 -0.038813
1 3 1 0.078336 0.012860 -0.032525
1 3 1 0.084512 0.015511 -0.033787
1 3 1 0.088816 0.012681 -0.032842
1 3 1 0.015207 -0.025716 -0.002096
1 3 1 0.015269 -0.020177 -0.003741
1 3 1 0.020975 -0.016202 -0.005401
1 3 1 0.021319 -0.024813 0.000023
1 3 1 0.020217 -0.017394 0.002618
1 3 1 0.014696 -0.016550 0.002533
1 3 1 0.020847 -0.013105 -0.000902
1 3 1 0.014361 -0.021439 0.005952
1 3 1 0.009471 -0.019921 -0.000937
1 3 1 0.120328 -0.036413 -0.031881
1 3 1 0.124793 -0.038187 -0.024300
1 3 1 0.128361 -0.038871 -0.028195
1 3 1 0.129509 -0.029011 -0.041868
1 3 1 0.099043 -0.000765 -0.005932
1 3 1 0.093015 -0.005218 -0.002973
1 3 1 0.092060 -0.001702 -0.008480
1 3 1 0.099991 -0.008208 -0.010362
1 3 1 0.125456 -0.033860 -0.038565
1 3 1 0.133152 -0.034002 -0.032191
1 3 1 0.017426 -0.037796 -0.000135
1 3 1 0.014689 -0.038677 -0.004297
1 3 1 0.020173 -0.037256 -0.007043
1 3 1 0.025107 -0.036603 -0.002604
1 3 1 0.020704 -0.007558 -0.008194
1 3 1 0.016442 -0.011049 -0.003864
1 3 1 0.015490 -0.006731 -0.013574
1 3 1 0.018862 -0.012850 -0.012026
1 3 1 0.070986 -0.028096 -0.007694
1 3 1 0.076864 -0.029662 -0.009237
1 3 1 0.042111 -0.007349 -0.037337
1 3 1 0.036521 -0.008962 -0.038398
1 3 1 0.037670 -0.003635 -0.037597
1 3 1 0.035470 -0.001894 -0.031855
1 3 1 0.031472 -0.005805 -0.037873
1 3 1 0.036027 -0.017247 -0.038400
1 3 1 0.103765 -0.016896 -0.003605
1 3 1 0.105138 -0.029998 -0.001429
1 3 1 0.049383 0.008755 -0.016642
1 3 1 0.047950 0.005172 -0.022520
1 3 1 0.056913 0.005709 -0.016325
1 3 1 0.111835 -0.009628 -0.008350
1 3 1 0.111737 -0.016632 -0.009858
1 3 1 0.112055 -0.039272 0.045591
1 3 1 0.116957 -0.014101 0.004337
1 3 1 0.119670 -0.011799 -0.006114
1 3 1 0.111917 -0.016750 -0.001689
1 3 1 0.099437 -0.029962 -0.035260
1 3 1 0.091120 -0.003851 -0.026101
1 3 1 0.089412 -0.013131 -0.037049
1 3 1 0.015504 -0.006063 -0.025260
1 3 1 0.015512 -0.003545 -0.019975
1 3 1 0.064277 -0.020860 -0.045122
1 3 1 0.024938 -0.004508 -0.014064
1 3 1 0.030044 -0.004631 -0.023046
1 3 1 0.004645 -0.020693 0.007608
1 3 1 0.025858 -0.017570 -0.039783
1 3 1 0.135626 -0.021430 0.005948
1 3 1 0.136474 -0.028641 0.004041
1 3 1 0.130903 -0.024928 0.008353
1 3 1 0.130099 -0.030922 0.004479
1 3 1 0.064561 0.003649 -0.022415
1 3 1 0.057901 0.003219 -0.023288
1 3 1 0.037697 -0.036502 0.010569
1 3 1 0.042562 -0.036772 0.007565
1 3 1 0.038226 -0.037148 0.003631
1 3 1 0.047150 -0.030510 -0.033383
1 3 1 0.052246 -0.038635 -0.033115
1 3 1 0.064767 -0.042986 -0.010395
1 3 1 0.069221 -0.044254 -0.004219
1 3 1 0.070852 -0.044358 -0.009542
1 3 1 0.065853 -0.037152 -0.007261
1 3 1 0.015666 -0.023718 -0.039578
1 3 1 0.020425 -0.018604 -0.036119
1 3 1 0.011577 -0.029552 -0.035415
1 3 1 0.009990 -0.023993 -0.034486
1 3 1 0.009666 -0.020663 -0.028866
1 3 1 0.010617 -0.015977 -0.033367
1 3 1 0.065109 -0.034371 0.001650
1 3 1 0.070762 -0.043993 -0.022243
1 3 1 0.071224 -0.044235 -0.029524
1 3 1 0.064265 -0.044948 -0.029444
1 3 1 0.068234 -0.038098 -0.023807
1 3 1 0.069743 -0.036960 0.004547
1 3 1 0.065026 -0.043611 0.001263
1 3 1 0.067982 -0.037700 -0.002443
1 3 1 0.062699 -0.042167 0.006257
1 3 1 0.117110 -0.008105 0.000779
1 3 1 0.112566 -0.010567 0.003457
1 3 1 0.061927 0.011874 -0.019978
1 3 1 0.063071 0.008615 -0.026117
1 3 1 0.108959 -0.034913 -0.046064
1 3 1 0.116620 -0.035154 -0.045712
1 3 1 0.110476 -0.034379 -0.040152
1 3 1 0.109458 -0.040037 -0.040520
1 3 1 0.042542 -0.035174 -0.027760
1 3 1 0.069092 -0.019777 0.002101
1 3 1 0.067088 -0.016065 -0.001351
1 3 1 0.063997 -0.020031 0.003438
1 3 1 0.057102 -0.017182 -0.001474
1 3 1 0.100911 -0.029226 -0.045698
1 3 1 0.103569 -0.035304 -0.045887
1 3 1 0.108116 -0.029188 -0.045715
1 3 1 0.101148 -0.034478 -0.040092
1 3 1 0.106410 -0.040386 -0.045790
1 3 1 0.100733 -0.041141 -0.045789
1 3 1 0.133108 -0.001342 -0.022762
1 3 1 0.125292 -0.003139 -0.023842
1 3 1 0.133808 -0.005098 -0.027587
1 3 1 0.132711 -0.009408 -0.021683
1 3 1 0.056969 0.003273 -0.045155
1 3 1 0.089671 -0.044830 0.038037
1 3 1 0.090835 -0.045232 0.041848
1 3 1 0.021617 -0.044014 0.029603
1 3 1 0.021311 -0.041897 0.033982
1 3 1 0.017842 -0.045717 0.035562
1 3 1 0.025086 -0.045812 0.032787
1 3 1 0.130815 -0.003133 -0.032928
1 3 1 0.136615 0.003088 -0.027684
1 3 1 0.140441 0.001527 -0.033162
1 3 1 0.134507 -0.008873 -0.032442
1 3 1 0.139360 -0.011296 -0.026513
1 3 1 0.085333 -0.046274 0.041102
1 3 1 0.083337 -0.038883 0.040087
1 3 1 0.087135 -0.041753 0.042954
1 3 1 0.139573 -0.007566 -0.018453
1 3 1 0.140269 -0.004789 -0.027611
1 3 1 0.083328 -0.044670 0.045814
1 3 1 0.073686 -0.022795 -0.003635
1 3 1 0.082142 -0.046042 0.037134
1 3 1 0.078645 -0.007319 -0.010990
1 3 1 0.084943 -0.009396 -0.007903
1 3 1 0.092194 -0.008861 -0.010864
1 3 1 0.134725 0.041194 -0.038708
1 3 1 0.058782 -0.035896 -0.018313
1 3 1 0.051506 -0.038935 -0.026602
1 3 1 0.020660 -0.024821 0.007507
1 3 1 0.023636 -0.037053 0.003375
1 3 1 0.018920 -0.030277 0.011114
1 3 1 0.009467 -0.031385 0.007171
1 3 1 0.016740 -0.035773 0.008800
1 3 1 0.011904 -0.038064 0.004284
1 3 1 0.137627 0.038568 -0.045145
1 3 1 0.143805 0.034039 -0.043097
1 3 1 0.145092 0.043065 -0.045324
1 3 1 0.141008 0.045583 -0.046517
1 3 1 0.105886 -0.036737 -0.013061
1 3 1 0.134328 0.036333 -0.046052
1 3 1 0.110665 -0.021681 -0.038891
1 3 1 0.005014 -0.038547 0.013743
1 3 1 0.008893 -0.033270 0.022603
1 3 1 0.004193 -0.042267 0.020911
1 3 1 0.010283 -0.039269 0.017769
1 3 1 0.015369 -0.030986 0.022129
1 3 1 0.011948 -0.033719 0.016269
1 3 1 0.016658 -0.037253 0.016448
1 3 1 0.018622 -0.042373 0.018853
1 3 1 0.017172 -0.039421 0.023051
1 3 1 0.014157 -0.039635 0.011449
1 3 1 0.013685 -0.043837 0.015475
1 3 1 0.007154 -0.043483 0.026802
1 3 1 0.136655 0.031253 -0.045610
1 3 1 0.090951 0.011250 -0.037576
1 3 1 0.076081 0.001319 -0.026721
1 3 1 0.073114 0.002674 -0.020979
1 3 1 0.070036 0.000910 -0.028762
1 3 1 0.077126 -0.025741 -0.039754
1 3 1 0.078543 -0.018715 -0.037377
1 3 1 0.079009 -0.032349 -0.039433
1 3 1 0.035487 -0.032236 -0.039441
1 3 1 0.031966 -0.037524 -0.039954
1 3 1 0.033203 -0.040923 -0.034662
1 3 1 0.087789 0.009598 -0.017165
1 3 1 0.090144 -0.000836 -0.019894
1 3 1 0.084204 -0.001303 -0.017396
1 3 1 0.080867 0.003153 -0.021286
1 3 1 0.078637 0.009358 -0.019031
1 3 1 0.077469 -0.000798 -0.017902
1 3 1 0.086762 0.005790 -0.024539
1 3 1 0.122614 -0.008580 -0.037519
1 3 1 0.057455 -0.043765 -0.009699
1 3 1 0.118497 -0.016317 -0.043830
1 3 1 0.124786 -0.017722 -0.040091
1 3 1 0.064266 -0.043242 -0.022210
1 3 1 0.064255 -0.036904 -0.019117
1 3 1 0.052839 0.007226 -0.025997
1 3 1 0.048224 0.001692 -0.028228
1 3 1 0.061361 -0.034930 -0.046110
1 3 1 0.067857 -0.035423 -0.046167
1 3 1 0.004169 -0.000516 -0.011309
1 3 1 0.071429 -0.028842 -0.046082
1 3 1 0.076767 -0.031521 0.023826
1 3 1 0.076218 -0.034906 0.017017
1 3 1 0.084143 -0.037585 0.021040
1 3 1 0.076073 -0.039856 0.019969
1 3 1 0.076242 -0.044987 0.023108
1 3 1 0.078597 -0.039881 0.025297
1 3 1 0.083228 -0.044255 0.021655
1 3 1 0.079179 -0.044297 0.016279
1 3 1 0.072754 -0.043094 0.016970
1 3 1 0.069089 -0.037220 0.019112
1 3 1 0.070879 -0.038593 0.024369
1 3 1 0.071199 -0.045171 0.025478
1 3 1 0.097599 -0.038346 0.017215
1 3 1 0.104704 -0.033700 0.017100
1 3 1 0.101457 -0.037734 0.022083
1 3 1 0.103691 -0.040374 0.014663
1 3 1 0.103924 -0.043388 0.011773
1 3 1 0.111108 -0.037918 0.012073
1 3 1 0.105099 -0.036222 0.011943
1 3 1 0.098189 -0.044576 0.012173
1 3 1 0.098519 -0.036392 0.009172
1 3 1 0.064185 -0.005490 -0.003773
1 3 1 0.057808 -0.005662 -0.001148
1 3 1 0.101150 -0.044285 0.019413
1 3 1 0.130970 -0.034726 -0.019391
1 3 1 0.025924 -0.029937 0.001080
1 3 1 0.026738 -0.023240 0.004765
1 3 1 0.064225 -0.038272 -0.033548
1 3 1 0.065852 -0.037681 -0.039016
1 3 1 0.064223 -0.033487 -0.038182
1 3 1 0.072824 -0.033719 -0.039769
1 3 1 0.044483 -0.009808 0.000154
1 3 1 0.056136 -0.009928 0.001404
1 3 1 0.051624 -0.014233 0.005051
1 3 1 0.054770 -0.035393 0.028631
1 3 1 0.071059 -0.038053 -0.035253
1 3 1 0.065485 -0.031819 0.021686
1 3 1 0.059096 -0.037673 0.020948
1 3 1 0.060008 -0.030771 0.023507
1 3 1 0.052338 0.000279 -0.037911
1 3 1 0.055063 -0.006826 -0.037682
1 3 1 0.059843 -0.001699 -0.037019
1 3 1 0.063185 -0.008974 0.001699
1 3 1 0.058232 -0.014529 0.007855
1 3 1 0.053144 0.006060 -0.032089
1 3 1 0.043178 0.001222 -0.036420
1 3 1 0.139364 -0.017761 -0.008224
1 3 1 0.085378 -0.003421 -0.031208
1 3 1 0.048879 0.014323 -0.024635
1 3 1 0.049498 0.019689 -0.031671
1 3 1 0.050124 0.011947 -0.031371
1 3 1 0.044116 0.016031 -0.034491
1 3 1 0.036854 0.021546 -0.029339
1 3 1 0.040847 0.011969 -0.031114
1 3 1 0.038009 0.018288 -0.036693
1 3 1 0.043406 -0.017269 -0.002678
1 3 1 0.066513 -0.004474 -0.014171
1 3 1 0.069653 -0.044055 0.004236
1 3 1 0.074406 -0.043453 -0.003150
1 3 1 0.064202 -0.008109 -0.010450
1 3 1 0.072278 -0.004035 -0.013058
1 3 1 0.050326 -0.043061 -0.009890
1 3 1 0.053865 -0.043201 -0.003562
1 3 1 0.051296 -0.036539 -0.007737
1 3 1 0.086207 -0.039760 -0.020680
1 3 1 0.093054 -0.038649 -0.027373
1 3 1 0.092779 -0.037349 -0.019484
1 3 1 0.025859 0.003574 -0.031200
1 3 1 0.025455 0.004614 -0.038230
1 3 1 0.007942 -0.007108 -0.035783
1 3 1 0.008537 -0.003585 -0.030144
1 3 1 0.019327 0.008636 -0.025108
1 3 1 0.010944 0.006965 -0.030540
1 3 1 0.019967 0.008178 -0.039335
1 3 1 0.016513 0.009453 -0.037295
1 3 1 0.145056 0.008108 -0.042662
1 3 1 0.145540 0.015605 -0.041070
1 3 1 0.144011 0.014840 -0.046059
1 3 1 0.115801 -0.028449 0.009574
1 3 1 0.111927 -0.032870 0.016799
1 3 1 0.109867 -0.032660 0.007725
1 3 1 0.105630 -0.035608 -0.000079
1 3 1 0.105693 -0.036582 0.005713
1 3 1 0.113532 -0.036779 0.005390
1 3 1 0.109817 -0.024564 0.005852
1 3 1 0.101562 -0.031207 0.005190
1 3 1 0.116162 -0.030418 0.001955
1 3 1 0.111034 -0.028129 -0.000746
1 3 1 0.030900 -0.015063 -0.002531
1 3 1 0.037820 -0.017475 0.000125
1 3 1 0.031716 -0.019211 0.001328
1 3 1 0.025993 -0.017281 -0.000623
1 3 1 0.007778 -0.020218 -0.008935
1 3 1 0.009645 -0.026906 -0.005412
1 3 1 0.004946 -0.028076 -0.014842
1 3 1 0.004412 -0.025685 -0.010486
1 3 1 0.004222 -0.031924 -0.007758
1 3 1 0.009651 -0.034344 -0.006854
1 3 1 0.004804 -0.034567 -0.011778
1 3 1 0.014680 -0.039575 -0.012221
1 3 1 0.050500 0.005568 -0.037569
1 3 1 0.046701 0.007372 -0.028006
1 3 1 0.060638 0.006424 -0.031976
1 3 1 0.058213 0.004256 -0.037813
1 3 1 0.057439 0.012823 -0.030457
1 3 1 0.135993 0.018553 -0.044876
1 3 1 0.140752 0.023257 -0.046214
1 3 1 0.145814 0.021681 -0.042252
1 3 1 0.140110 -0.024599 -0.026598
1 3 1 0.135007 -0.034991 -0.039000
1 3 1 0.138065 -0.029361 -0.035778
1 3 1 0.140828 -0.035994 -0.036486
1 3 1 0.124123 -0.039586 -0.018171
1 3 1 0.117792 -0.037994 -0.022098
1 3 1 0.140294 -0.038129 -0.031574
1 3 1 0.067635 0.006622 -0.032104
1 3 1 0.071718 0.007433 -0.038350
1 3 1 0.102484 -0.012383 -0.037751
1 3 1 0.035131 -0.036280 -0.019694
1 3 1 0.029895 -0.038293 -0.022476
1 3 1 0.025891 -0.039038 -0.018326
1 3 1 0.014788 0.004813 -0.011438
1 3 1 0.136506 0.010804 -0.045763
1 3 1 0.114000 -0.001320 -0.017568
1 3 1 0.020543 -0.037206 -0.013785
1 3 1 0.092154 -0.003281 -0.015051
1 3 1 0.117986 0.028417 -0.043751
1 3 1 0.124322 0.030262 -0.042597
1 3 1 0.008422 -0.044627 -0.037657
1 3 1 0.010020 -0.033648 -0.038406
1 3 1 0.010288 -0.036606 -0.032321
1 3 1 0.013801 -0.038289 -0.040101
1 3 1 0.020163 -0.045154 -0.029950
1 3 1 0.014901 -0.044542 -0.025549
1 3 1 0.015096 -0.039290 -0.033506
1 3 1 0.020410 -0.039852 -0.035460
1 3 1 0.018850 -0.045228 -0.035523
1 3 1 0.011635 -0.038548 -0.025692
1 3 1 0.117785 -0.036865 -0.014623
1 3 1 0.035511 0.005506 -0.031753
1 3 1 0.040913 0.007471 -0.022465
1 3 1 0.032515 0.008318 -0.026498
1 3 1 0.035703 -0.023416 0.013364
1 3 1 0.031218 -0.018732 0.010846
1 3 1 0.035725 -0.014311 0.007604
1 3 1 0.041924 -0.019788 0.002897
1 3 1 0.124962 0.034121 -0.045460
1 3 1 0.040603 -0.013967 -0.039047
1 3 1 0.097600 -0.030080 0.001219
1 3 1 0.094011 -0.028937 -0.005106
1 3 1 0.046756 -0.024448 0.006410
1 3 1 0.137172 -0.042120 -0.045571
1 3 1 0.136295 -0.040524 -0.036490
1 3 1 0.141910 -0.040587 -0.040039
1 3 1 0.136464 -0.026602 -0.045066
1 3 1 0.140033 -0.033622 -0.041833
1 3 1 0.128039 -0.039412 -0.035771
1 3 1 0.112082 0.004812 -0.021312
1 3 1 0.118347 0.001825 -0.020283
1 3 1 0.057801 -0.021480 0.003230
1 3 1 0.113807 0.031102 -0.046082
1 3 1 0.071458 -0.036244 -0.008139
1 3 1 0.083596 -0.036671 -0.013208
1 3 1 0.078619 -0.037168 -0.007257
1 3 1 0.075094 -0.036487 -0.013202
1 3 1 0.140502 -0.023949 0.008429
1 3 1 0.140129 -0.029279 0.012115
1 3 1 0.145060 -0.027144 -0.000801
1 3 1 0.140536 -0.020600 -0.000796
1 3 1 0.145766 -0.022391 0.001651
1 3 1 0.135046 -0.026822 0.011284
1 3 1 0.117328 -0.044620 0.038685
1 3 1 0.115140 -0.046117 0.043637
1 3 1 0.051171 -0.014019 -0.004540
1 3 1 0.113261 -0.036029 -0.003230
1 3 1 0.120392 -0.036817 0.007365
1 3 1 0.118368 -0.038252 0.002051
1 3 1 0.091101 0.009048 -0.027260
1 3 1 0.066373 0.004803 -0.038227
1 3 1 0.009353 0.000727 -0.022043
1 3 1 0.010484 -0.006691 -0.018040
1 3 1 0.117444 -0.044223 0.034721
1 3 1 0.047027 -0.045253 -0.037175
1 3 1 0.040201 -0.043031 0.029353
1 3 1 0.045063 -0.039598 0.031903
1 3 1 0.035309 -0.039818 0.032807
1 3 1 0.037958 -0.044871 0.035562
1 3 1 0.030436 -0.013673 -0.037533
1 3 1 0.067392 -0.043244 -0.016729
1 3 1 0.072300 -0.036762 -0.019557
1 3 1 0.072769 -0.036852 -0.027106
1 3 1 0.077948 -0.037632 -0.032886
1 3 1 0.057217 -0.036538 -0.008130
1 3 1 0.040538 -0.038572 -0.021605
1 3 1 0.114409 -0.027097 -0.040470
1 3 1 0.017764 0.013920 -0.031103
1 3 1 0.025770 0.005232 -0.023648
1 3 1 0.028325 0.009786 -0.037045
1 3 1 0.126765 -0.037057 0.012080
1 3 1 0.123862 -0.036853 0.002942
1 3 1 0.122150 -0.030053 0.010015
1 3 1 0.128655 -0.029486 0.012420
1 3 1 0.145677 -0.006888 -0.042634
1 3 1 0.134436 -0.033695 0.013365
1 3 1 0.130694 -0.037160 0.006141
1 3 1 0.136183 -0.044868 -0.040818
1 3 1 0.131108 -0.038809 -0.041054
1 3 1 0.129288 -0.036885 0.000608
1 3 1 0.137791 -0.020636 -0.032368
1 3 1 0.134067 -0.022834 -0.039533
1 3 1 0.129333 -0.013420 -0.038281
1 3 1 0.137618 -0.013799 -0.033821
1 3 1 0.021638 -0.022730 -0.045260
1 3 1 0.020531 -0.017834 -0.042499
1 3 1 0.009794 -0.014524 -0.026179
1 3 1 0.010759 -0.012747 -0.019634
1 3 1 0.072885 -0.004717 -0.003009
1 3 1 0.112799 -0.044668 0.037844
1 3 1 0.064660 -0.014170 0.005366
1 3 1 0.070210 -0.013855 0.006660
1 3 1 0.067615 -0.018633 0.010421
1 3 1 0.038360 -0.012599 -0.004646
1 3 1 0.127911 -0.036360 0.029759
1 3 1 0.133702 -0.034827 0.027600
1 3 1 0.132659 -0.039468 0.029129
1 3 1 0.134882 -0.039259 0.024505
1 3 1 0.130558 -0.045733 0.032309
1 3 1 0.042674 -0.008877 -0.044479
1 3 1 0.044496 -0.001881 -0.043101
1 3 1 0.037628 -0.005024 -0.043999
1 3 1 0.060862 -0.026475 -0.046096
1 3 1 0.036758 -0.010800 -0.045751
1 3 1 0.030218 -0.014751 -0.045411
1 3 1 0.145694 -0.033848 -0.027353
1 3 1 0.137789 -0.038845 -0.024252
1 3 1 0.144910 -0.027479 -0.023442
1 3 1 0.135182 -0.041755 -0.030851
1 3 1 0.031478 -0.036456 -0.014970
1 3 1 0.030680 -0.011353 -0.007058
1 3 1 0.113290 -0.039506 0.031774
1 3 1 0.009565 -0.025825 0.003950
1 3 1 0.010823 -0.009263 -0.006012
1 3 1 0.004271 -0.015788 -0.001633
1 3 1 0.004340 -0.022892 -0.004365
1 3 1 0.009763 -0.017773 -0.014619
1 3 1 0.010731 -0.011583 -0.012538
1 3 1 0.009934 -0.039559 -0.008352
1 3 1 0.011441 -0.038594 -0.019301
1 3 1 0.108550 -0.041285 0.043397
1 3 1 0.109966 -0.045508 0.045842
1 3 1 0.099334 0.001475 -0.012124
1 3 1 0.095602 0.003955 -0.010305
1 3 1 0.096447 0.007172 -0.016426
1 3 1 0.090871 0.003362 -0.012988
1 3 1 0.101341 0.007313 -0.013939
1 3 1 0.129731 -0.006491 -0.038284
1 3 1 0.135256 -0.003578 -0.039472
1 3 1 0.126800 0.001357 -0.028731
1 3 1 0.140283 -0.006213 -0.035115
1 3 1 0.076156 -0.020281 0.003635
1 3 1 0.074786 -0.016084 -0.001379
1 3 1 0.083372 -0.021236 0.002982
1 3 1 0.029901 0.000934 -0.036973
1 3 1 0.033212 0.014233 -0.031756
1 3 1 0.145293 0.004381 -0.036025
1 3 1 0.140774 0.004989 -0.043940
1 3 1 0.138294 0.008153 -0.035314
1 3 1 0.134760 0.012685 -0.026116
1 3 1 0.140835 0.013744 -0.031005
1 3 1 0.130056 0.011468 -0.031188
1 3 1 0.129750 0.004721 -0.033842
1 3 1 0.135795 0.003676 -0.038850
1 3 1 0.130588 0.008474 -0.037737
1 3 1 0.138870 0.012071 -0.039405
1 3 1 0.135310 0.016517 -0.034590
1 3 1 0.080120 -0.038722 -0.039699
1 3 1 0.086146 -0.038599 -0.033109
1 3 1 0.144543 0.028384 -0.044108
1 3 1 0.140280 0.028720 -0.037852
1 3 1 0.144684 0.029334 -0.035253
1 3 1 0.010386 -0.008977 -0.026548
1 3 1 0.014860 -0.009663 -0.045353
1 3 1 0.009914 -0.010414 -0.040308
1 3 1 0.016290 -0.014816 -0.038874
1 3 1 0.019846 -0.004708 -0.038667
1 3 1 0.115086 -0.020069 0.001331
1 3 1 0.016068 -0.019588 -0.045585
1 3 1 0.014767 -0.024680 -0.045867
1 3 1 0.026104 -0.011954 -0.043538
1 3 1 0.027023 -0.018690 -0.045689
1 3 1 0.020668 -0.013107 -0.045609
1 3 1 0.043948 -0.010578 -0.006899
1 3 1 0.057204 -0.037794 -0.027584
1 3 1 0.046255 -0.038427 -0.022869
1 3 1 0.052672 -0.037851 -0.020759
1 3 1 0.105378 -0.010316 -0.008054
1 3 1 0.083122 -0.012573 -0.037345
1 3 1 0.076636 -0.013542 -0.005359
1 3 1 0.093032 -0.036933 -0.008770
1 3 1 0.085643 -0.036483 -0.008223
1 3 1 0.042842 -0.036742 -0.008151
1 3 1 0.042642 -0.029659 0.008197
1 3 1 0.037714 -0.036705 -0.004334
1 3 1 0.032592 -0.036475 -0.007086
1 3 1 0.025769 -0.029960 0.008835
1 3 1 0.030925 -0.032603 0.011559
1 3 1 0.032026 -0.038835 0.008954
1 3 1 0.034439 -0.044305 -0.029402
1 3 1 0.027622 -0.044630 -0.028816
1 3 1 0.021281 -0.044556 -0.023168
1 3 1 0.145083 -0.022154 -0.028477
1 3 1 0.144907 -0.014478 -0.028964
1 3 1 0.144920 -0.017140 -0.034925
1 3 1 0.144744 -0.010242 -0.020704
1 3 1 0.009014 -0.045099 -0.006957
1 3 1 0.098490 -0.039442 -0.034779
1 3 1 0.144816 -0.018052 -0.023755
1 3 1 0.093926 -0.034261 -0.039676
1 3 1 0.057455 -0.044878 -0.029495
1 3 1 0.053573 -0.045093 -0.036096
1 3 1 0.051235 -0.045210 -0.028843
1 3 1 0.092721 -0.027042 -0.040470
1 3 1 0.051023 -0.037295 0.003914
1 3 1 0.043014 -0.036327 0.000408
1 3 1 0.051106 -0.030191 0.011818
1 3 1 0.048485 -0.036225 0.011437
1 3 1 0.092396 -0.036795 0.005734
1 3 1 0.100275 -0.037334 0.001463
1 3 1 0.072803 -0.040008 -0.045785
1 3 1 0.064286 -0.043950 -0.046219
1 3 1 0.092578 -0.030133 0.009596
1 3 1 0.094428 -0.024874 0.007442
1 3 1 0.102380 -0.025142 0.007639
1 3 1 0.015197 0.001267 -0.016002
1 3 1 0.004298 0.003475 -0.024957
1 3 1 0.013737 0.006951 -0.023089
1 3 1 0.009537 0.009486 -0.025841
1 3 1 0.067550 -0.012367 -0.037574
1 3 1 0.060508 -0.012245 -0.037290
1 3 1 0.134816 -0.013583 -0.039934
1 3 1 0.128699 -0.022746 -0.045268
1 3 1 0.092611 0.019691 -0.028162
1 3 1 0.094197 0.017718 -0.033723
1 3 1 0.095423 0.012290 -0.029963
1 3 1 0.088519 0.018889 -0.036155
1 3 1 0.091067 0.005262 -0.035757
1 3 1 0.091804 -0.013235 -0.006852
1 3 1 0.080392 -0.016067 -0.001336
1 3 1 0.099477 -0.011826 -0.005824
1 3 1 0.140534 -0.000015 -0.021354
1 3 1 0.100127 -0.005468 -0.002745
1 3 1 0.009744 -0.019571 -0.020505
1 3 1 0.132522 -0.043537 0.041379
1 3 1 0.021354 -0.031798 0.021957
1 3 1 0.026434 -0.033159 0.016566
1 3 1 0.022594 -0.037576 0.017694
1 3 1 0.131357 -0.045676 0.036166
1 3 1 0.019586 -0.043876 0.012530
1 3 1 0.024195 -0.037776 0.011995
1 3 1 0.023053 -0.045001 0.017585
1 3 1 0.130048 0.003525 -0.020930
1 3 1 0.124232 0.008225 -0.029351
1 3 1 0.130656 0.007541 -0.025652
1 3 1 0.121362 0.005890 -0.037830
1 3 1 0.124283 -0.000733 -0.039059
1 3 1 0.095943 -0.013096 -0.037140
1 3 1 0.057180 -0.044046 -0.021764
1 3 1 0.088961 -0.036245 -0.014888
1 3 1 0.097404 -0.036924 -0.014524
1 3 1 0.100399 -0.038893 -0.008148
1 3 1 0.057143 -0.041242 -0.046221
1 3 1 0.119307 -0.023364 -0.046168
1 3 1 0.094793 -0.035595 -0.001861
1 3 1 0.026946 -0.044851 -0.019097
1 3 1 0.128391 0.016701 -0.023930
1 3 1 0.130510 0.011761 -0.019248
1 3 1 0.121592 0.013017 -0.023587
1 3 1 0.044081 -0.005992 -0.011472
1 3 1 0.038061 -0.005157 -0.012873
1 3 1 0.037298 -0.009547 -0.009091
1 3 1 0.016221 -0.003505 -0.002456
1 3 1 0.015370 -0.002476 -0.007581
1 3 1 0.021988 -0.002115 -0.005194
1 3 1 0.021722 -0.006647 0.000063
1 3 1 0.011715 -0.013748 -0.000914
1 3 1 0.010410 -0.015493 -0.006768
1 3 1 0.025748 -0.012230 -0.003972
1 3 1 0.140982 -0.000174 -0.045895
1 3 1 0.139098 -0.001425 -0.042021
1 3 1 0.145215 0.001316 -0.042147
1 3 1 0.124800 0.004584 -0.024153
1 3 1 0.116805 0.008383 -0.025547
1 3 1 0.099002 0.007135 -0.024994
1 3 1 0.109934 0.011077 -0.019252
1 3 1 0.113848 0.014719 -0.024199
1 3 1 0.118267 0.010500 -0.019530
1 3 1 0.142413 -0.045089 -0.028855
1 3 1 0.135248 -0.044911 -0.026071
1 3 1 0.141689 -0.045326 -0.021992
1 3 1 0.142663 -0.043852 -0.013272
1 3 1 0.140277 -0.039072 -0.015618
1 3 1 0.008379 -0.012771 0.006704
1 3 1 0.004163 -0.015523 0.003678
1 3 1 0.009406 -0.020091 0.003748
1 3 1 0.005541 -0.026869 -0.040718
1 3 1 0.009911 -0.023809 -0.040562
1 3 1 0.009521 -0.028953 -0.044502
1 3 1 0.135071 -0.045154 -0.018534
1 3 1 0.016282 -0.029297 -0.040426
1 3 1 0.068906 0.008458 -0.025974
1 3 1 0.119660 -0.005687 -0.012197
1 3 1 0.129466 -0.013857 -0.001161
1 3 1 0.004226 -0.003748 -0.024188
1 3 1 0.021018 0.000118 -0.013665
1 3 1 0.132814 -0.043501 0.020321
1 3 1 0.125555 -0.045386 0.022736
1 3 1 0.129146 -0.043984 0.026982
1 3 1 0.125320 -0.039944 0.019992
1 3 1 0.123201 -0.042595 0.015783
1 3 1 0.119135 -0.038013 0.020085
1 3 1 0.119778 -0.042178 0.025212
1 3 1 0.121714 -0.032352 0.025642
1 3 1 0.123236 -0.033892 0.017162
1 3 1 0.127037 -0.031298 0.024299
1 3 1 0.130420 -0.037804 0.021048
1 3 1 0.124185 -0.039908 0.025647
1 3 1 0.133506 0.045745 -0.047656
1 3 1 0.117597 -0.045054 0.018933
1 3 1 0.004666 -0.028917 -0.025038
1 3 1 0.004173 -0.002971 -0.036139
1 3 1 0.009779 -0.002697 -0.040897
1 3 1 0.005536 0.001160 -0.043556
1 3 1 0.013742 0.003794 -0.039698
1 3 1 0.004440 0.000541 -0.032674
1 3 1 0.004641 0.004298 -0.037039
1 3 1 0.145288 -0.040106 -0.021902
1 3 1 0.139566 -0.011968 -0.012377
1 3 1 0.140185 -0.014943 -0.019218
1 3 1 0.112309 -0.039330 -0.034837
1 3 1 0.145789 0.037195 -0.039979
1 3 1 0.109585 -0.038988 -0.021803
1 3 1 0.059937 -0.037284 -0.012571
1 3 1 0.068024 -0.036947 -0.014559
1 3 1 0.102461 -0.026904 0.018772
1 3 1 0.106668 -0.031706 0.021612
1 3 1 0.100169 -0.032109 0.017529
1 3 1 0.098336 -0.030620 0.023938
1 3 1 0.106525 -0.044357 0.017457
1 3 1 0.109879 -0.037947 0.017683
1 3 1 0.019246 -0.043838 0.005051
1 3 1 0.014251 -0.045078 0.001972
1 3 1 0.006448 0.034388 -0.042660
1 3 1 0.006968 0.041337 -0.042645
1 3 1 0.013430 0.039671 -0.040418
1 3 1 0.017391 0.034146 -0.045115
1 3 1 0.020688 0.036196 -0.043040
1 3 1 0.015970 0.039107 -0.046112
1 3 1 0.017363 0.038340 -0.039032
1 3 1 0.020383 -0.032978 -0.040580
1 3 1 0.020538 0.030125 -0.046336
1 3 1 0.012891 0.031161 -0.045267
1 3 1 0.018222 0.029153 -0.041718
1 3 1 0.037186 -0.037368 -0.009863
1 3 1 0.029779 -0.036119 0.000166
1 3 1 0.046880 -0.036878 -0.014810
1 3 1 0.040491 -0.036792 -0.015373
1 3 1 0.010041 -0.004190 -0.009988
1 3 1 0.011519 0.029379 -0.037778
1 3 1 0.013520 0.033306 -0.040267
1 3 1 0.124889 0.001076 -0.018162
1 3 1 0.125421 0.011273 -0.036710
1 3 1 0.129980 0.002927 -0.039124
1 3 1 0.121359 0.013469 -0.030770
1 3 1 0.043611 -0.039292 -0.035298
1 3 1 0.050080 -0.026862 -0.038701
1 3 1 0.044216 -0.032381 -0.039463
1 3 1 0.015787 0.028594 -0.037596
1 3 1 0.015199 -0.010365 0.003527
1 3 1 0.009197 -0.008344 0.001858
1 3 1 0.020966 -0.045017 -0.014455
1 3 1 0.012875 -0.043542 0.022230
1 3 1 0.092466 -0.009340 -0.044670
1 3 1 0.015085 -0.044677 -0.018713
1 3 1 0.062833 -0.007228 -0.038690
1 3 1 0.092297 -0.006957 -0.036090
1 3 1 0.085922 -0.005632 -0.037499
1 3 1 0.012227 -0.039354 0.039111
1 3 1 0.004840 -0.042327 0.044511
1 3 1 0.014501 0.025681 -0.044994
1 3 1 0.042430 0.009137 -0.037189
1 3 1 0.037702 0.003602 -0.036937
1 3 1 0.074994 -0.035375 -0.001592
1 3 1 0.083061 -0.036588 -0.000532
1 3 1 0.123933 -0.011263 0.002424
1 3 1 0.018499 -0.038943 0.035844
1 3 1 0.013488 -0.040682 0.034339
1 3 1 0.012128 0.036434 -0.045317
1 3 1 0.078544 -0.036974 -0.019113
1 3 1 0.087498 -0.033928 -0.039947
1 3 1 0.018428 0.034787 -0.040123
1 3 1 0.021663 0.031853 -0.041854
1 3 1 0.068746 0.047737 -0.038348
1 3 1 0.095562 -0.043965 -0.016795
1 3 1 0.090181 -0.044640 -0.023600
1 3 1 0.064246 0.039699 -0.039971
1 3 1 0.067949 0.039023 -0.038719
1 3 1 0.098514 -0.045132 -0.022150
1 3 1 0.098501 -0.045083 -0.028497
1 3 1 0.052321 -0.036812 -0.013453
1 3 1 0.074743 0.032389 -0.046651
1 3 1 0.092933 -0.039429 -0.034790
1 3 1 0.067347 0.044787 -0.043062
1 3 1 0.085895 -0.034079 0.005451
1 3 1 0.090129 -0.002174 -0.038249
1 3 1 0.068081 0.042378 -0.046105
1 3 1 0.030896 -0.001761 -0.015909
1 3 1 0.119646 -0.038620 0.035186
1 3 1 0.031055 0.001609 -0.020304
1 3 1 0.061947 0.043447 -0.043087
1 3 1 0.090582 0.017152 -0.044701
1 3 1 0.081225 0.024956 -0.033334
1 3 1 0.077754 0.020326 -0.038017
1 3 1 0.092225 0.022912 -0.032651
1 3 1 0.089979 0.028204 -0.034732
1 3 1 0.086408 0.023267 -0.039769
1 3 1 0.138189 -0.039378 0.005032
1 3 1 0.009056 -0.016392 0.010154
1 3 1 0.008485 -0.022139 0.016324
1 3 1 0.006313 -0.030105 0.017298
1 3 1 0.004543 -0.026479 0.013507
1 3 1 0.145832 0.009060 -0.020833
1 3 1 0.014212 -0.024699 0.018399
1 3 1 0.008853 -0.027943 0.021541
1 3 1 0.044475 0.011618 -0.020371
1 3 1 0.038107 0.012660 -0.019439
1 3 1 0.037341 0.016625 -0.024108
1 3 1 0.043055 0.005799 -0.014237
1 3 1 0.037077 0.007711 -0.017315
1 3 1 0.031877 0.010709 -0.020080
1 3 1 0.048294 0.015883 -0.044560
1 3 1 0.050788 0.013438 -0.036513
1 3 1 0.044966 0.020307 -0.027893
1 3 1 0.047367 0.024729 -0.032652
1 3 1 0.039362 0.024436 -0.032283
1 3 1 0.054579 0.019880 -0.027722
1 3 1 0.057429 0.024893 -0.031544
1 3 1 0.053451 0.018591 -0.036128
1 3 1 0.014934 -0.015250 0.008647
1 3 1 0.014139 -0.020471 0.012466
1 3 1 0.004378 -0.027811 0.007355
1 3 1 0.026840 0.014231 -0.020732
1 3 1 0.020885 0.012169 -0.024413
1 3 1 0.022194 0.021173 -0.028630
1 3 1 0.025736 0.017733 -0.024705
1 3 1 0.013849 0.014800 -0.027838
1 3 1 0.014172 0.013949 -0.019873
1 3 1 0.070010 0.015641 -0.033353
1 3 1 0.066848 0.013838 -0.038613
1 3 1 0.064050 0.012374 -0.032101
1 3 1 0.057611 0.008995 -0.037438
1 3 1 0.057184 -0.021040 -0.044733
1 3 1 0.058819 -0.027122 -0.040381
1 3 1 0.054696 -0.028148 -0.045782
1 3 1 0.058436 -0.033544 -0.039390
1 3 1 0.101928 -0.021129 0.002876
1 3 1 0.097825 0.014437 -0.045480
1 3 1 0.092302 0.022254 -0.044928
1 3 1 0.007534 -0.029433 -0.030629
1 3 1 0.108796 -0.020198 0.001734
1 3 1 0.106225 -0.028562 0.010049
1 3 1 0.055953 -0.025038 0.007402
1 3 1 0.057323 -0.037427 0.003615
1 3 1 0.095777 0.015749 -0.039269
1 3 1 0.139944 -0.003982 -0.012769
1 3 1 0.084966 0.024750 -0.045780
1 3 1 0.087022 0.028701 -0.043965
1 3 1 0.131959 -0.041810 -0.019936
1 3 1 0.054675 -0.013683 -0.037592
1 3 1 0.095446 0.028367 -0.044072
1 3 1 0.022619 -0.037950 -0.040331
1 3 1 0.025105 -0.043124 0.001318
1 3 1 0.032356 -0.044781 0.006387
1 3 1 0.020074 0.004689 -0.018909
1 3 1 0.023704 -0.043537 0.009089
1 3 1 0.122988 -0.028266 -0.044857
1 3 1 0.116059 -0.032845 -0.039453
1 3 1 0.037567 -0.039318 -0.038566
1 3 1 0.098372 -0.043623 0.007078
1 3 1 0.025832 -0.043973 -0.005139
1 3 1 0.020053 -0.043532 -0.001439
1 3 1 0.105605 -0.043490 0.004025
1 3 1 0.110123 -0.044681 0.008905
1 3 1 0.032490 -0.007970 0.001438
1 3 1 0.026927 -0.005239 -0.001010
1 3 1 0.026368 -0.010782 0.003013
1 3 1 0.031288 -0.042473 -0.002109
1 3 1 0.134917 -0.003614 -0.002816
1 3 1 0.134979 -0.010214 -0.001708
1 3 1 0.004303 0.009454 -0.021663
1 3 1 0.004621 0.008532 -0.028906
1 3 1 0.004645 0.014447 -0.027758
1 3 1 0.044866 -0.044511 -0.029903
1 3 1 0.039059 -0.040546 -0.028636
1 3 1 0.004142 0.021652 -0.042270
1 3 1 0.005479 -0.042831 -0.045520
1 3 1 0.078118 0.032467 -0.036076
1 3 1 0.076411 0.026553 -0.034597
1 3 1 0.072053 0.030508 -0.036355
1 3 1 0.009003 0.011784 -0.018187
1 3 1 0.130239 0.020830 -0.027880
1 3 1 0.007816 -0.039909 -0.041945
1 3 1 0.004490 -0.009317 -0.025287
1 3 1 0.060413 0.007980 -0.043775
1 3 1 0.064836 0.003404 -0.044601
1 3 1 0.066328 0.010722 -0.043938
1 3 1 0.135634 0.006742 -0.022233
1 3 1 0.135216 0.002871 -0.016844
1 3 1 0.085793 -0.002614 -0.006033
1 3 1 0.085987 -0.005109 -0.000978
1 3 1 0.145262 -0.034026 -0.018237
1 3 1 0.004170 0.004484 -0.016310
1 3 1 0.009903 0.002741 -0.016794
1 3 1 0.092368 -0.044566 -0.029495
1 3 1 0.095714 -0.044592 -0.035350
1 3 1 0.088829 -0.044893 -0.035499
1 3 1 0.070619 0.018991 -0.045263
1 3 1 0.056721 0.039799 -0.040328
1 3 1 0.058301 0.015247 -0.038854
1 3 1 0.047346 0.020040 -0.037824
1 3 1 0.039343 0.017191 -0.043396
1 3 1 0.042079 0.022567 -0.038675
1 3 1 0.044950 0.007484 -0.044518
1 3 1 0.054247 0.010497 -0.045031
1 3 1 0.084266 -0.029507 0.010300
1 3 1 0.088006 -0.024665 0.006055
1 3 1 0.014020 0.011291 -0.045500
1 3 1 0.053113 0.046171 -0.043044
1 3 1 0.050701 -0.045193 -0.021664
1 3 1 0.031992 0.037371 -0.046411
1 3 1 0.083870 0.046386 -0.041637
1 3 1 0.090672 0.046665 -0.039647
1 3 1 0.106473 -0.003588 -0.005168
1 3 1 0.112543 -0.002340 -0.006457
1 3 1 0.009074 -0.005707 -0.046112
1 3 1 0.004174 -0.006746 -0.042289
1 3 1 0.014645 0.018101 -0.045539
1 3 1 0.110153 -0.016369 -0.045018
1 3 1 0.084660 0.030219 -0.035766
1 3 1 0.079692 0.028642 -0.033124
1 3 1 0.107427 0.001613 -0.009471
1 3 1 0.008362 -0.002561 -0.003351
1 3 1 0.032502 -0.045107 0.034533
1 3 1 0.129449 0.031238 -0.045344
1 3 1 0.129688 0.035174 -0.042751
1 3 1 0.134829 0.033134 -0.041856
1 3 1 0.004648 -0.039853 0.029780
1 3 1 0.075681 0.007779 -0.045027
1 3 1 0.081605 0.012543 -0.045635
1 3 1 0.144826 0.000061 -0.029126
1 3 1 0.135471 0.025296 -0.043825
1 3 1 0.134443 0.028766 -0.036747
1 3 1 0.031732 -0.005666 -0.012005
1 3 1 0.103042 -0.044722 -0.002678
1 3 1 0.100323 -0.008672 -0.044179
1 3 1 0.009766 -0.012036 -0.045860
1 3 1 0.114721 -0.043153 -0.043570
1 3 1 0.062348 -0.044831 0.046356
1 3 1 0.141864 -0.013082 0.006776
1 3 1 0.135100 -0.010922 0.003914
1 3 1 0.141540 -0.008347 0.001817
1 3 1 0.039281 -0.043631 0.044980
1 3 1 0.066031 -0.045695 0.038173
1 3 1 0.050387 -0.030889 0.024867
1 3 1 0.054878 -0.044223 -0.016375
1 3 1 0.047493 -0.043861 -0.016940
1 3 1 0.024965 -0.016560 0.008723
1 3 1 0.034175 -0.046096 0.041765
1 3 1 0.033982 -0.043900 0.045724
1 3 1 0.035898 -0.038065 0.041712
1 3 1 0.031855 -0.044307 0.014113
1 3 1 0.090833 -0.021198 0.002804
1 3 1 0.080044 -0.004750 -0.002838
1 3 1 0.085648 -0.045043 0.035482
1 3 1 0.087996 -0.044529 0.031262
1 3 1 0.140440 0.011138 -0.017696
1 3 1 0.129960 -0.039157 -0.004658
1 3 1 0.113224 0.016335 -0.044843
1 3 1 0.085626 -0.043823 -0.022804
1 3 1 0.078393 -0.044610 -0.022152
1 3 1 0.082281 -0.044672 -0.015447
1 3 1 0.061973 -0.034995 0.026754
1 3 1 0.074008 -0.045770 0.034268
1 3 1 0.076973 -0.042261 0.033996
1 3 1 0.076299 -0.045141 0.035059
1 3 1 0.145225 -0.028225 -0.015011
1 3 1 0.066403 -0.046827 0.042909
1 3 1 0.086482 -0.009359 0.001342
1 3 1 0.074588 -0.043435 0.009702
1 3 1 0.127832 -0.045541 0.016141
1 3 1 0.099633 -0.045214 -0.041608
1 3 1 0.114526 -0.021194 -0.044477
1 3 1 0.109800 -0.022450 -0.046026
1 3 1 0.095586 -0.044121 0.018659
1 3 1 0.100753 -0.022462 0.015922
1 3 1 0.145331 -0.034722 -0.011728
1 3 1 0.069093 -0.038795 0.035928
1 3 1 0.123465 -0.011485 -0.044415
1 3 1 0.129627 -0.013467 -0.045539
1 3 1 0.129926 -0.006797 -0.045942
1 3 1 0.141221 -0.006122 -0.046168
1 3 1 0.140057 -0.011842 -0.038660
1 3 1 0.145374 0.007475 -0.028468
1 3 1 0.122534 -0.045087 -0.018566
1 3 1 0.127160 -0.044929 -0.026044
1 3 1 0.119729 -0.044184 -0.022614
1 3 1 0.135702 -0.045349 0.009681
1 3 1 0.092983 0.002140 -0.044694
1 3 1 0.004793 -0.033206 0.010956
1 3 1 0.084945 -0.004949 -0.012347
1 3 1 0.072894 0.011510 -0.043968
1 3 1 0.074538 0.014677 -0.039727
1 3 1 0.013182 -0.040968 -0.046418
1 3 1 0.028153 -0.028643 -0.045220
1 3 1 0.043819 0.044959 -0.042436
1 3 1 0.069912 -0.011009 -0.007797
1 3 1 0.105130 -0.009907 0.000999
1 3 1 0.093961 -0.009052 0.001838
1 3 1 0.145420 -0.008156 -0.030505
1 3 1 0.126504 -0.044930 0.033015
1 3 1 0.122614 -0.044554 0.033445
1 3 1 0.074236 0.006093 -0.014744
1 3 1 0.063177 0.039085 -0.045634
1 3 1 0.041201 0.027787 -0.045557
1 3 1 0.048841 0.023775 -0.045788
1 3 1 0.047679 0.032271 -0.040477
1 3 1 0.133428 0.037034 -0.039155
1 3 1 0.145078 0.018542 -0.033957
1 3 1 0.128281 0.017174 -0.033201
1 3 1 0.122373 0.031444 -0.037006
1 3 1 0.140287 0.022166 -0.037484
1 3 1 0.140227 0.023375 -0.030377
1 3 1 0.134914 0.018380 -0.024837
1 3 1 0.130795 0.019842 -0.038071
1 3 1 0.065221 -0.023118 0.014413
1 3 1 0.060830 0.034570 -0.045804
1 3 1 0.017917 -0.027154 0.019083
1 3 1 0.014198 -0.027517 0.010752
1 3 1 0.145978 0.024467 -0.036005
1 3 1 0.100213 0.003647 -0.043060
1 3 1 0.097586 0.005991 -0.035528
1 3 1 0.063487 0.016552 -0.023539
1 3 1 0.035697 0.041323 -0.038836
1 3 1 0.092049 0.007436 -0.043142
1 3 1 0.037605 0.046076 -0.046513
1 3 1 0.031410 -0.043029 -0.016844
1 3 1 0.124355 0.004761 -0.011164
1 3 1 0.064096 0.018972 -0.045800
1 3 1 0.113435 0.002774 -0.044378
1 3 1 0.007374 -0.020375 -0.044663
1 3 1 0.018441 0.047827 -0.039358
1 3 1 0.031698 -0.002853 -0.003764
1 3 1 0.038052 -0.006394 -0.002060
1 3 1 0.034983 0.012270 -0.037944
1 3 1 0.025238 0.010678 -0.045302
1 3 1 0.025010 0.015736 -0.044061
1 3 1 0.019563 0.037350 -0.047284
1 3 1 0.034589 -0.042969 -0.022344
1 3 1 0.021471 0.026905 -0.034568
1 3 1 0.026686 0.020663 -0.030820
1 3 1 0.039184 -0.045193 -0.024520
1 3 1 0.046129 -0.044792 -0.024683
1 3 1 0.013585 0.003028 -0.045950
1 3 1 0.144505 -0.044272 -0.045102
1 3 1 0.009696 -0.038094 -0.002000
1 3 1 0.145229 -0.019200 -0.014198
1 3 1 0.143631 -0.019977 -0.042001
1 3 1 0.136103 -0.017119 -0.045924
1 3 1 0.145478 -0.035033 -0.032316
1 3 1 0.145223 -0.035680 -0.041384
1 3 1 0.145453 -0.041086 -0.036610
1 3 1 0.114513 -0.043693 -0.021890
1 3 1 0.107384 -0.045004 -0.029513
1 3 1 0.103890 -0.045381 -0.023511
1 3 1 0.090019 0.014639 -0.025243
1 3 1 0.107142 -0.045429 -0.042036
1 3 1 0.095896 0.015223 -0.023263
1 3 1 0.031680 0.018077 -0.025661
1 3 1 0.031109 0.022588 -0.028111
1 3 1 0.129091 -0.045119 -0.041550
1 3 1 0.145666 -0.027452 -0.041275
1 3 1 0.124948 -0.034740 -0.045856
1 3 1 0.122639 -0.043241 -0.042041
1 3 1 0.119549 -0.039315 -0.038325
1 3 1 0.032466 0.025177 -0.032884
1 3 1 0.060561 -0.045249 -0.035676
1 3 1 0.078024 -0.027809 -0.045748
1 3 1 0.074353 -0.034594 -0.046083
1 3 1 0.083607 -0.035401 -0.045789
1 3 1 0.145364 -0.031454 -0.036478
1 3 1 0.099128 -0.043780 -0.010100
1 3 1 0.076771 0.025553 -0.046071
1 3 1 0.076596 0.034696 -0.039517
1 3 1 0.004459 -0.017248 -0.035570
1 3 1 0.011750 -0.018133 -0.040065
1 3 1 0.036712 0.021518 -0.044157
1 3 1 0.031626 0.037888 -0.038976
1 3 1 0.075176 -0.044550 -0.015628
1 3 1 0.115871 -0.029042 -0.045526
1 3 1 0.134367 0.001122 -0.046005
1 3 1 0.110643 -0.006146 -0.001473
1 3 1 0.093073 -0.041197 -0.046223
1 3 1 0.116571 -0.044226 -0.016515
1 3 1 0.129366 0.007270 -0.013860
1 3 1 0.117367 0.021059 -0.028043
1 3 1 0.038754 -0.018241 0.010931
1 3 1 0.118876 0.005570 -0.044297
1 3 1 0.125599 0.010020 -0.044336
1 3 1 0.120708 0.014963 -0.043178
1 3 1 0.031843 -0.027285 0.019652
1 3 1 0.026670 -0.023074 0.013956
1 3 1 0.049576 -0.032354 -0.039448
1 3 1 0.094265 -0.030068 -0.045878
1 3 1 0.072239 0.003162 -0.044121
1 3 1 0.117613 0.022154 -0.045407
1 3 1 0.037591 0.004250 -0.011338
1 3 1 0.059135 0.014257 -0.044701
1 3 1 0.038362 0.011289 -0.044925
1 3 1 0.039870 -0.043596 -0.017078
1 3 1 0.126734 0.018148 -0.044637
1 3 1 0.123644 0.024804 -0.045146
1 3 1 0.122455 0.017946 -0.038211
1 3 1 0.092289 -0.021213 -0.045853
1 3 1 0.145623 0.003923 -0.016361
1 3 1 0.140204 0.001218 -0.014729
1 3 1 0.140588 0.005694 -0.019732
1 3 1 0.141111 0.007571 -0.013876
1 3 1 0.069353 -0.002923 -0.045072
1 3 1 0.134387 0.008576 -0.015270
1 3 1 0.052297 -0.039622 0.031279
1 3 1 0.066338 -0.042695 0.017896
1 3 1 0.064561 -0.037749 0.022827
1 3 1 0.075196 0.014312 -0.023764
1 3 1 0.145415 -0.015089 0.003099
1 3 1 0.056584 0.040130 -0.045669
1 3 1 0.061456 -0.044692 0.019449
1 3 1 0.052317 -0.044546 0.022588
1 3 1 0.058811 -0.043784 0.026412
1 3 1 0.139937 -0.011354 -0.005440
1 3 1 0.096096 0.041153 -0.040441
1 3 1 0.088833 0.043265 -0.045114
1 3 1 0.042297 0.037177 -0.045752
1 3 1 0.045948 -0.035210 0.027513
1 3 1 0.024898 0.032290 -0.036203
1 3 1 0.031755 -0.000987 -0.043929
1 3 1 0.038576 0.002937 -0.044471
1 3 1 0.129648 -0.044758 -0.014267
1 3 1 0.014495 -0.031808 -0.046018
1 3 1 0.017588 -0.037450 -0.045642
1 3 1 0.014201 -0.044454 -0.041911
1 3 1 0.009449 -0.035496 -0.045679
1 3 1 0.098866 0.044278 -0.045559
1 3 1 0.099539 0.026065 -0.045191
1 3 1 0.086804 0.012346 -0.044954
1 3 1 0.083337 0.018936 -0.044799
1 3 1 0.020225 0.033978 -0.045885
1 3 1 0.024350 0.034356 -0.045634
1 3 1 0.052233 0.029425 -0.036232
1 3 1 0.031353 0.023625 -0.045451
1 3 1 0.024404 0.026061 -0.045736
1 3 1 0.041085 0.040279 -0.039970
1 3 1 0.135279 -0.028947 0.016270
1 3 1 0.140515 -0.036166 0.011261
1 3 1 0.035194 0.046840 -0.040656
1 3 1 0.130684 -0.032408 0.016457
1 3 1 0.011449 0.012738 -0.032714
1 3 1 0.010686 0.012141 -0.037883
1 3 1 0.032958 0.043989 -0.043238
1 3 1 0.033548 0.044597 -0.038584
1 3 1 0.016761 0.042172 -0.039023
1 3 1 0.049451 -0.039343 0.023852
1 3 1 0.054939 -0.032701 0.016604
1 3 1 0.037514 0.041109 -0.043789
1 3 1 0.076843 -0.003026 -0.045000
1 3 1 0.065919 0.023878 -0.044281
1 3 1 0.059293 0.022826 -0.044872
1 3 1 0.034456 0.041030 -0.046837
1 3 1 0.059601 0.045398 -0.039799
1 3 1 0.032415 -0.042154 0.040582
1 3 1 0.032042 -0.039420 0.037892
1 3 1 0.043216 -0.045020 0.006512
1 3 1 0.027600 -0.036986 0.033928
1 3 1 0.024857 -0.030977 0.024894
1 3 1 0.025518 -0.025975 0.018581
1 3 1 0.031244 0.016799 -0.039371
1 3 1 0.031256 0.023419 -0.038489
1 3 1 0.026509 0.022326 -0.040972
1 3 1 0.025335 0.027382 -0.039360
1 3 1 0.020921 0.025148 -0.039720
1 3 1 0.145830 -0.020516 0.008690
1 3 1 0.019878 0.022747 -0.045526
1 3 1 0.030993 0.018272 -0.044699
1 3 1 0.145645 -0.022153 -0.003889
1 3 1 0.145162 -0.025729 -0.010464
1 3 1 0.140206 -0.013955 0.000432
1 3 1 0.141973 0.016385 -0.022760
1 3 1 0.091383 -0.013823 0.005797
1 3 1 0.126992 0.033469 -0.039772
1 3 1 0.132381 0.024644 -0.031932
1 3 1 0.141776 0.006546 -0.024416
1 3 1 0.131444 0.013575 -0.044058
1 3 1 0.116539 0.015274 -0.033241
1 3 1 0.098978 -0.043817 0.000642
1 3 1 0.107881 -0.044098 -0.009511
1 3 1 0.093695 -0.044944 -0.004177
1 3 1 0.110308 0.020241 -0.028091
1 3 1 0.080770 -0.038963 0.031715
1 3 1 0.111306 0.018074 -0.036149
1 3 1 0.114937 0.023221 -0.032493
1 3 1 0.121408 0.024947 -0.032488
1 3 1 0.076664 -0.013672 0.006754
1 3 1 0.084379 -0.014185 0.006267
1 3 1 0.114062 0.010983 -0.037619
1 3 1 0.116923 0.021626 -0.039229
1 3 1 0.108864 0.008346 -0.044576
1 3 1 0.100929 0.009938 -0.044954
1 3 1 0.108240 0.011736 -0.038426
1 3 1 0.114319 0.009772 -0.044398
1 3 1 0.016502 -0.036142 0.029167
1 3 1 0.095023 -0.032307 0.014937
1 3 1 0.092989 -0.037605 0.011971
1 3 1 0.004171 -0.013889 -0.042031
1 3 1 0.031825 -0.013370 0.003951
1 3 1 0.099853 -0.028257 0.012379
1 3 1 0.009693 -0.045471 0.039436
1 3 1 0.014197 -0.044218 0.044728
1 3 1 0.061247 -0.040043 -0.040527
1 3 1 0.041890 -0.044794 -0.008579
1 3 1 0.005004 -0.007251 -0.014044
1 3 1 0.038103 -0.043470 -0.005550
1 3 1 0.034026 -0.035641 0.016889
1 3 1 0.029447 -0.038208 0.016852
1 3 1 0.038689 -0.043029 0.009177
1 3 1 0.062584 0.020319 -0.028719
1 3 1 0.044313 0.021603 -0.045389
1 3 1 0.066100 0.024189 -0.032019
1 3 1 0.062102 0.020374 -0.036633
1 3 1 0.070443 0.020434 -0.038271
1 3 1 0.141459 -0.021947 0.015999
1 3 1 0.141223 -0.017448 0.011236
1 3 1 0.103884 -0.023730 -0.046222
1 3 1 0.099998 -0.020990 -0.044871
1 3 1 0.044421 0.036821 -0.040394
1 3 1 0.004300 -0.021403 -0.017012
1 3 1 0.005029 -0.014727 -0.014839
1 3 1 0.033428 0.031398 -0.037052
1 3 1 0.037823 0.027379 -0.035839
1 3 1 0.003992 -0.022523 -0.023294
1 3 1 0.004314 -0.015034 -0.020963
1 3 1 0.031773 0.001865 -0.008765
1 3 1 0.026467 0.003804 -0.011608
1 3 1 0.032272 0.004966 -0.014567
1 3 1 0.103195 -0.044987 -0.035546
1 3 1 0.025996 0.000157 -0.018111
1 3 1 0.145586 -0.026748 0.008446
1 3 1 0.097029 -0.027084 0.017867
1 3 1 0.010721 0.022786 -0.032747
1 3 1 0.005216 0.027797 -0.035544
1 3 1 0.006394 0.025632 -0.039768
1 3 1 0.062920 -0.045205 -0.041012
1 3 1 0.015576 0.019279 -0.035926
1 3 1 0.031479 -0.007501 -0.045120
1 3 1 0.071213 -0.045429 -0.041910
1 3 1 0.049534 -0.022870 0.014824
1 3 1 0.129760 -0.000427 -0.044747
1 3 1 0.103215 -0.040039 -0.040524
1 3 1 0.096963 -0.040036 -0.040518
1 3 1 0.071296 0.022988 -0.033016
1 3 1 0.061627 0.028843 -0.036883
1 3 1 0.076600 0.020452 -0.045544
1 3 1 0.119970 -0.002842 -0.003549
1 3 1 0.109242 -0.045245 -0.034908
1 3 1 0.103117 -0.015860 -0.044090
1 3 1 0.105584 -0.009245 -0.044432
1 3 1 0.098403 -0.003221 -0.043643
1 3 1 0.098586 -0.044780 0.034606
1 3 1 0.086400 0.002871 -0.044559
1 3 1 0.141506 0.002789 -0.008896
1 3 1 0.145710 -0.000917 -0.011124
1 3 1 0.085896 -0.044978 -0.029056
1 3 1 0.071391 0.018634 -0.027586
1 3 1 0.076884 0.022036 -0.030894
1 3 1 0.060554 -0.044545 -0.015592
1 3 1 0.056962 -0.008915 -0.044381
1 3 1 0.060812 -0.003456 -0.044790
1 3 1 0.052117 -0.002579 -0.044372
1 3 1 0.054824 -0.018679 0.010427
1 3 1 0.060841 -0.027255 0.020872
1 3 1 0.070803 -0.032394 0.025050
1 3 1 0.050634 -0.044296 0.003138
1 3 1 0.058891 -0.044126 0.013270
1 3 1 0.051706 -0.042887 0.015190
1 3 1 0.094723 -0.018338 0.009608
1 3 1 0.068297 -0.043983 0.011157
1 3 1 0.077018 -0.043870 0.002740
1 3 1 0.108398 -0.023522 0.013395
1 3 1 0.058532 -0.022516 0.015413
1 3 1 0.020464 -0.018565 0.011281
1 3 1 0.004649 -0.034937 -0.044172
1 3 1 0.019801 -0.044958 -0.007591
1 3 1 0.041281 -0.023087 0.013792
1 3 1 0.019880 -0.013351 0.006240
1 3 1 0.035438 -0.028659 -0.045828
1 3 1 0.030903 -0.021972 -0.045699
1 3 1 0.079593 -0.021299 -0.045488
1 3 1 0.005644 -0.042414 0.007780
1 3 1 0.009450 -0.036138 0.011219
1 3 1 0.004276 -0.021869 0.001479
1 3 1 0.024301 0.008687 -0.017436
1 3 1 0.024703 -0.004682 -0.044373
1 3 1 0.083347 0.011807 -0.021520
1 3 1 0.037987 -0.043359 0.001755
1 3 1 0.061634 -0.019211 0.009866
1 3 1 0.105200 -0.001089 -0.043700
1 3 1 0.145573 -0.004173 -0.023531
1 3 1 0.145366 0.002816 -0.022774
1 3 1 0.125692 0.023904 -0.038994
1 3 1 0.129379 -0.045205 -0.007579
1 3 1 0.124612 -0.026937 0.018669
1 3 1 0.118177 -0.037936 0.013267
1 3 1 0.082239 0.006955 -0.014231
1 3 1 0.081567 -0.043008 -0.003457
1 3 1 0.080738 -0.009409 0.000909
1 3 1 0.130392 -0.044190 0.005423
1 3 1 0.125123 -0.044510 0.009603
1 3 1 0.130512 -0.042555 0.012492
1 3 1 0.065789 -0.000796 -0.006111
1 3 1 0.046952 -0.015883 -0.044171
1 3 1 0.070674 0.012255 -0.019217
1 3 1 0.135323 0.004909 -0.010990
1 3 1 0.135402 0.000662 -0.006965
1 3 1 0.004572 0.008080 -0.043070
1 3 1 0.010452 0.006619 -0.044473
1 3 1 0.048169 0.041015 -0.045743
1 3 1 0.048877 0.040229 -0.040527
1 3 1 0.029793 -0.045431 0.027914
1 3 1 0.061896 0.002491 -0.010473
1 3 1 0.055688 0.002676 -0.009641
1 3 1 0.091187 -0.043901 -0.010502
1 3 1 0.102259 -0.044206 -0.016494
1 3 1 0.108957 -0.044657 -0.016626
1 3 1 0.101607 -0.044874 0.040823
1 3 1 0.128207 -0.040864 -0.046018
1 3 1 0.141634 -0.002550 -0.003343
1 3 1 0.020239 0.030372 -0.035986
1 3 1 0.119818 -0.039248 0.030705
1 3 1 0.118773 -0.045832 0.031655
1 3 1 0.133055 -0.036693 -0.045248
1 3 1 0.053054 -0.037839 -0.040078
1 3 1 0.046192 -0.037896 -0.040374
1 3 1 0.048610 -0.034625 0.016267
1 3 1 0.085714 -0.042899 -0.046219
1 3 1 0.042090 -0.037774 0.014066
1 3 1 0.049434 -0.043258 0.008751
1 3 1 0.075124 -0.037598 0.033096
1 3 1 0.043687 -0.043104 0.011826
1 3 1 0.090183 -0.045253 -0.040298
1 3 1 0.123906 -0.043422 0.001804
1 3 1 0.073405 -0.035627 0.029853
1 3 1 0.125147 -0.044299 -0.004933
1 3 1 0.091504 -0.038075 0.018792
1 3 1 0.089699 -0.044460 0.009699
1 3 1 0.090460 -0.044362 0.015480
1 3 1 0.086793 -0.037694 0.013634
1 3 1 0.144596 -0.042779 0.043959
1 3 1 0.130151 -0.040254 0.033230
1 3 1 0.116095 -0.038892 0.043800
1 3 1 0.116940 -0.043835 0.046627
1 3 1 0.117986 -0.043261 0.011160
1 3 1 0.097893 -0.035400 -0.045790
1 3 1 0.120176 -0.044908 0.006072
1 3 1 0.119030 -0.024847 0.007094
1 3 1 0.089287 -0.036001 -0.045947
1 3 1 0.087421 -0.039294 -0.038626
1 3 1 0.025427 -0.045160 -0.035840
1 3 1 0.021979 -0.045439 -0.041740
1 3 1 0.027362 -0.041243 -0.044058
1 3 1 0.031171 -0.045434 -0.040778
1 3 1 0.036453 -0.044875 -0.034842
1 3 1 0.035144 -0.041842 -0.046021
1 3 1 0.042482 -0.045252 -0.041290
1 3 1 0.141355 -0.028532 -0.045970
1 3 1 0.145596 -0.028885 -0.030369
1 3 1 0.009373 0.002691 -0.009313
1 3 1 0.020111 0.006845 -0.013959
1 3 1 0.016215 0.007894 -0.013979
1 3 1 0.076934 0.001908 -0.011235
1 3 1 0.074145 -0.000921 -0.005649
1 3 1 0.036366 -0.043692 0.023932
1 3 1 0.034691 -0.044101 0.029008
1 3 1 0.004526 -0.024645 -0.028571
1 3 1 0.079905 0.000257 -0.007532
1 3 1 0.004770 -0.040258 -0.029953
1 3 1 0.010093 -0.045243 -0.012008
1 3 1 0.004172 -0.041086 -0.014420
1 3 1 0.004756 -0.041084 -0.037058
1 3 1 0.004351 -0.035947 -0.023676
1 3 1 0.006995 -0.043972 -0.020979
1 3 1 0.004668 -0.017764 -0.028904
1 3 1 0.127466 0.025659 -0.033098
1 3 1 0.140408 -0.019005 0.004942
1 3 1 0.145309 -0.024223 -0.035096
1 3 1 0.128850 0.025666 -0.042957
1 3 1 0.135982 -0.045671 0.045045
1 3 1 0.141188 -0.044975 0.019079
1 3 1 0.088501 -0.042681 -0.003926
1 3 1 0.145643 -0.002445 -0.018042
1 3 1 0.082997 -0.039212 0.044351
1 3 1 0.081174 -0.045493 0.032560
1 3 1 0.016238 -0.044856 0.027725
1 3 1 0.020794 -0.034899 0.029198
1 3 1 0.012278 -0.044930 0.031991
1 3 1 0.026571 -0.042435 0.034404
1 3 1 0.026160 -0.043115 0.029565
1 3 1 0.005751 -0.044037 0.035806
1 3 1 0.004082 -0.035164 0.023530
1 3 1 0.078328 -0.044998 -0.029496
1 3 1 0.119030 -0.034807 0.028352
1 3 1 0.128338 -0.042095 0.035761
1 3 1 0.019365 0.007422 -0.046107
1 3 1 0.138360 -0.044959 0.023932
1 3 1 0.130157 -0.044417 -0.000864
1 3 1 0.135919 -0.044918 0.001386
1 3 1 0.145769 -0.035088 -0.003305
1 3 1 0.135971 -0.024288 0.017901
1 3 1 0.004169 -0.010515 -0.001310
1 3 1 0.004537 -0.012789 -0.008154
1 3 1 0.055456 0.032071 -0.040342
1 3 1 0.052570 0.033697 -0.045802
1 3 1 0.145391 -0.029765 -0.008006
1 3 1 0.145214 -0.033184 0.010991
1 3 1 0.144244 -0.041681 0.007871
1 3 1 0.009965 0.021668 -0.038766
1 3 1 0.028470 -0.035272 0.027797
1 3 1 0.069597 -0.044689 0.035518
1 3 1 0.032798 -0.038966 0.045899
1 3 1 0.004385 0.023284 -0.034798
1 3 1 0.005535 0.019015 -0.031390
1 3 1 0.052428 0.019968 -0.045423
1 3 1 0.054065 0.021869 -0.039727
1 3 1 0.029840 -0.032720 0.023412
1 3 1 0.026068 -0.039381 0.025193
1 3 1 0.053691 -0.034902 -0.046083
1 3 1 0.022277 -0.044765 0.023402
1 3 1 0.052833 -0.026897 0.020377
1 3 1 0.050457 -0.008485 -0.044305
1 3 1 0.080164 -0.045452 0.028327
1 3 1 0.004516 -0.022098 -0.034833
1 3 1 0.145582 -0.025741 0.013925
1 3 1 0.135605 -0.020380 0.013149
1 3 1 0.135102 -0.044583 -0.010517
1 3 1 0.130412 -0.018336 0.011503
1 3 1 0.113859 -0.044229 -0.011596
1 3 1 0.079761 -0.040332 -0.046006
1 3 1 0.057612 -0.038622 -0.033130
1 3 1 0.114144 -0.044321 -0.029481
1 3 1 0.116868 0.001966 -0.008623
1 3 1 0.096260 0.007387 -0.046118
1 3 1 0.056659 -0.044881 0.002299
1 3 1 0.118202 -0.044862 -0.034283
1 3 1 0.061112 -0.044317 -0.003749
1 3 1 0.014882 -0.044593 -0.004806
1 3 1 0.069881 -0.045711 0.030501
1 3 1 0.073050 -0.040733 0.034783
1 3 1 0.078571 -0.045427 -0.042653
1 3 1 0.061574 -0.043911 0.031251
1 3 1 0.074434 -0.043199 0.028273
1 3 1 0.024652 -0.037975 0.032409
1 3 1 0.064273 -0.044220 0.024725
1 3 1 0.067059 -0.041388 0.027458
1 3 1 0.031410 -0.046253 0.037221
1 3 1 0.054793 -0.044114 0.008686
1 3 1 0.089407 -0.043847 0.021832
1 3 1 0.082184 -0.035576 0.029563
1 3 1 0.082411 -0.015223 -0.044734
1 3 1 0.085602 -0.009373 -0.044270
1 3 1 0.067339 -0.027083 0.019721
1 3 1 0.079039 -0.044032 0.008497
1 3 1 0.044947 -0.045681 0.028592
1 3 1 0.080907 -0.018707 0.011033
1 3 1 0.118801 0.005743 -0.014033
1 3 1 0.048192 -0.045745 0.013571
1 3 1 0.095431 -0.015965 -0.044849
1 3 1 0.039366 -0.035892 0.029218
1 3 1 0.033113 -0.031098 0.024086
1 3 1 0.040482 -0.032415 0.016323
1 3 1 0.101789 0.019629 -0.027931
1 3 1 0.100265 0.017313 -0.033555
1 3 1 0.133531 0.047416 -0.038751
1 3 1 0.050708 -0.044840 0.029118
1 3 1 0.085275 0.019470 -0.028689
1 3 1 0.092538 0.022284 -0.038532
1 3 1 0.007233 0.028456 -0.045806
1 3 1 0.142466 -0.036302 -0.045907
1 3 1 0.008533 0.020658 -0.045721
1 3 1 0.072758 0.026629 -0.045753
1 3 1 0.076619 0.031506 -0.041694
1 3 1 0.074750 0.026335 -0.039974
1 3 1 0.080945 0.027841 -0.040816
1 3 1 0.073418 0.032900 -0.038455
1 3 1 0.071488 0.034301 -0.042675
1 3 1 0.069344 0.033441 -0.040102
1 3 1 0.072636 0.036104 -0.038955
1 3 1 0.068400 0.033977 -0.046025
1 3 1 0.070551 0.036630 -0.043119
1 3 1 0.145339 0.010725 -0.034402
1 3 1 0.135078 -0.044615 -0.004850
1 3 1 0.144459 -0.042766 0.000368
1 3 1 0.141046 -0.028255 0.021836
1 3 1 0.087085 -0.044808 -0.016549
1 3 1 0.122919 -0.005151 -0.001008
1 3 1 0.123849 -0.000118 -0.005792
1 3 1 0.094362 -0.042105 0.035980
1 3 1 0.004380 -0.028236 0.000036
1 3 1 0.004307 -0.035967 -0.003357
1 3 1 0.004179 -0.041241 -0.007541
1 3 1 0.013453 -0.044933 0.008970
1 3 1 0.145248 0.014334 -0.027596
1 3 1 0.029276 0.030264 -0.037046
1 3 1 0.030475 0.030401 -0.045780
1 3 1 0.007292 0.017479 -0.023681
1 3 1 0.063936 -0.039504 0.030918
1 3 1 0.070245 -0.039249 0.030721
1 3 1 0.067229 -0.035600 0.029082
1 3 1 0.005147 0.014065 -0.039633
1 3 1 0.139940 -0.044911 -0.034178
1 3 1 0.052984 0.010623 -0.020053
1 3 1 0.126284 0.030546 -0.035723
1 3 1 0.004939 -0.003206 -0.017861
1 3 1 0.046218 -0.043629 0.017939
1 3 1 0.044630 -0.037231 0.019550
1 3 1 0.018625 0.018087 -0.022898
1 3 1 0.009368 -0.044815 -0.030016
1 3 1 0.004285 -0.032692 -0.028830
1 3 1 0.004125 -0.011373 -0.035855
1 3 1 0.004717 -0.007338 -0.031861
1 3 1 0.023681 -0.034262 -0.046043
1 3 1 0.082861 0.037322 -0.038701
1 3 1 0.083762 0.040676 -0.043358
1 3 1 0.122952 -0.016476 0.008332
1 3 1 0.047322 -0.018586 0.009892
1 3 1 0.134926 0.045996 -0.043547
1 3 1 0.106323 0.014902 -0.044292
1 3 1 0.104496 0.016212 -0.038269
1 3 1 0.100183 0.019459 -0.045128
1 3 1 0.100007 0.011157 -0.037325
1 3 1 0.026134 0.034615 -0.039259
1 3 1 0.022490 0.034120 -0.038714
1 3 1 0.047017 -0.034627 -0.045925
1 3 1 0.110723 0.008206 -0.025749
1 3 1 0.039743 -0.034717 -0.045668
1 3 1 0.042545 -0.041840 -0.046074
1 3 1 0.065479 -0.040842 0.036525
1 3 1 0.075124 -0.027556 0.020323
1 3 1 0.082285 0.031546 -0.045349
1 3 1 0.116223 -0.031379 0.023736
1 3 1 0.118570 -0.027019 0.017585
1 3 1 0.118374 -0.032519 0.015410
1 3 1 0.130703 -0.026830 0.020239
1 3 1 0.122947 0.009888 -0.017058
1 3 1 0.129583 -0.022943 0.015871
1 3 1 0.036078 0.035339 -0.039894
1 3 1 0.145438 -0.021599 -0.019537
1 3 1 0.025949 0.031586 -0.045736
1 3 1 0.028758 0.035275 -0.042405
1 3 1 0.026467 0.027223 -0.034242
1 3 1 0.019132 -0.028864 -0.046036
1 3 1 0.005259 -0.010003 -0.020122
1 3 1 0.049157 -0.041642 -0.046037
1 3 1 0.080997 -0.032559 0.014977
1 3 1 0.079330 -0.036745 0.010157
1 3 1 0.125362 -0.045137 -0.035550
1 3 1 0.012842 -0.044857 -0.032568
1 3 1 0.117102 0.028473 -0.035860
1 3 1 0.030719 -0.034113 -0.045271
1 3 1 0.085804 0.002673 -0.010424
1 3 1 0.021945 -0.041271 -0.046165
1 3 1 0.020264 -0.000441 -0.044719
1 3 1 0.020015 -0.006823 -0.045523
1 3 1 0.101164 0.010773 -0.019675
1 3 1 0.044000 -0.042851 -0.002289
1 3 1 0.019724 0.012254 -0.018282
1 3 1 0.049354 -0.046129 -0.004349
1 3 1 0.025551 0.030539 -0.040910
1 3 1 0.032453 -0.038189 0.022999
1 3 1 0.037665 -0.043380 0.018287
1 3 1 0.029984 -0.039473 0.030876
1 3 1 0.038840 -0.038608 0.021934
1 3 1 0.028915 -0.045385 0.020735
1 3 1 0.111077 0.004302 -0.011484
1 3 1 0.130157 -0.044658 -0.031267
1 3 1 0.145684 -0.010150 -0.001864
1 3 1 0.145588 -0.006722 -0.016790
1 3 1 0.145558 -0.014507 -0.015536
1 3 1 0.104502 0.022287 -0.045595
1 3 1 0.004598 -0.035081 -0.032170
1 3 1 0.060446 0.028787 -0.044831
1 3 1 0.101113 -0.014068 0.005495
1 3 1 0.085217 -0.043403 -0.010047
1 3 1 0.084887 0.041452 -0.047520
1 3 1 0.094574 0.028672 -0.037208
1 3 1 0.016878 0.023714 -0.032638
1 3 1 0.051850 -0.005087 -0.003101
1 3 1 0.033130 0.039487 -0.043902
1 3 1 0.035235 0.036095 -0.045791
1 3 1 0.084311 -0.031204 0.024735
1 3 1 0.084711 -0.044791 0.027795
1 3 1 0.087125 -0.035834 0.027205
1 3 1 0.088256 -0.032316 0.016077
1 3 1 0.030154 0.006249 -0.043385
1 3 1 0.025632 0.002974 -0.044990
1 3 1 0.067665 -0.009390 0.000898
1 3 1 0.123681 -0.023108 0.013349
1 3 1 0.026105 -0.042709 -0.012739
1 3 1 0.034270 -0.037029 0.027990
1 3 1 0.032042 -0.043768 -0.008646
1 3 1 0.008645 -0.044716 0.019237
1 3 1 0.091592 -0.044060 0.028339
1 3 1 0.056088 0.015029 -0.024605
1 3 1 0.135321 -0.003323 -0.046087
1 3 1 0.012981 0.020335 -0.027217
1 3 1 0.087322 -0.016009 -0.045005
1 3 1 0.005102 -0.028449 -0.019721
1 3 1 0.140313 -0.025509 -0.040343
1 3 1 0.098191 -0.044375 0.025341
1 3 1 0.123775 -0.035152 0.029523
1 3 1 0.004734 0.010957 -0.034299
1 3 1 0.085684 -0.020975 -0.044737
1 3 1 0.004307 -0.042767 -0.000322
1 3 1 0.101914 -0.039480 0.037251
1 3 1 0.126151 -0.003923 -0.045294
1 3 1 0.116801 -0.017783 0.010549
1 3 1 0.004605 -0.005613 -0.007425
1 3 1 0.107921 0.028302 -0.035795
1 3 1 0.107717 0.022667 -0.038643
1 3 1 0.110508 0.027380 -0.042511
1 3 1 0.106568 0.025224 -0.032174
1 3 1 0.077763 -0.044316 -0.009892
1 3 1 0.100913 0.027774 -0.035859
1 3 1 0.100075 0.020607 -0.038115
1 3 1 0.060204 0.017446 -0.033938
1 3 1 0.084050 -0.044208 0.012773
1 3 1 0.038218 -0.002407 -0.006341
1 3 1 0.042198 0.001667 -0.008661
1 3 1 0.044108 -0.003841 -0.004573
1 3 1 0.123568 -0.043572 -0.012329
1 3 1 0.119698 -0.043822 -0.008617
1 3 1 0.097011 -0.042233 0.044047
1 3 1 0.067618 -0.041177 0.046158
1 3 1 0.044225 -0.043899 0.023031
1 3 1 0.082907 -0.046847 0.043986
1 3 1 0.008778 -0.045216 -0.000761
1 3 1 0.004697 -0.035922 0.003544
1 3 1 0.056777 -0.045212 -0.041605
1 3 1 0.069154 0.004030 -0.010712
1 3 1 0.145134 -0.040860 -0.008580
1 3 1 0.027150 -0.000360 -0.006190
1 3 1 0.079796 0.015821 -0.026349
1 3 1 0.015868 -0.038305 0.042493
1 3 1 0.093343 -0.044270 0.002702
1 3 1 0.110783 -0.026549 0.019017
1 3 1 0.030676 0.013714 -0.044755
1 3 1 0.055562 0.027249 -0.043774
1 3 1 0.145796 -0.002867 -0.035915
1 3 1 0.004503 -0.034740 -0.017995
1 3 1 0.019243 -0.023563 0.014787
1 3 1 0.106287 -0.044320 0.024392
1 3 1 0.092261 -0.031848 0.023167
1 3 1 0.109041 -0.014372 0.004798
1 3 1 0.090971 -0.039510 0.045671
1 3 1 0.105814 0.005310 -0.015991
1 3 1 0.084902 -0.041967 0.003437
1 3 1 0.111017 -0.018350 0.009724
1 3 1 0.103227 -0.018969 0.010126
1 3 1 0.091619 0.011040 -0.020221
1 3 1 0.142404 -0.012948 -0.044512
1 3 1 0.145041 -0.011252 -0.035354
1 3 1 0.087845 -0.018652 0.009394
1 3 1 0.111543 0.007285 -0.015499
1 3 1 0.105950 0.013655 -0.024112
1 3 1 0.112791 -0.044881 0.014924
1 3 1 0.104302 -0.035343 0.027185
1 3 1 0.108294 -0.034893 0.028072
1 3 1 0.114402 -0.039368 0.023882
1 3 1 0.008627 0.007512 -0.013608
1 3 1 0.004589 -0.028120 -0.033161
1 3 1 0.117035 0.000287 -0.045830
1 3 1 0.145355 -0.012386 -0.009352
1 3 1 0.145268 -0.005619 -0.007665
1 3 1 0.131120 0.005482 -0.044273
1 3 1 0.040456 0.031987 -0.040275
1 3 1 0.139924 -0.043186 0.042278
1 3 1 0.136898 -0.038855 0.045427
1 3 1 0.132353 -0.045085 -0.035747
1 3 1 0.057595 -0.001700 -0.005658
1 3 1 0.050570 -0.045093 -0.042873
1 3 1 0.026217 -0.007191 -0.007926
1 3 1 0.110448 -0.044978 0.022382
1 3 1 0.084517 -0.045357 -0.041263
1 3 1 0.073118 -0.009072 0.001781
1 3 1 0.083573 -0.023090 0.013987
1 3 1 0.109174 0.022373 -0.045186
1 3 1 0.124119 0.020070 -0.027930
1 3 1 0.086104 -0.028324 -0.045771
1 3 1 0.126139 0.003201 -0.045283
1 3 1 0.145329 -0.035065 0.004781
1 3 1 0.089962 -0.038175 0.032744
1 3 1 0.085554 -0.039897 0.034983
1 3 1 0.093002 -0.039343 0.024085
1 3 1 0.081598 -0.026764 0.018889
1 3 1 0.009222 -0.035932 0.028378
1 3 1 0.092229 -0.039355 0.039560
1 3 1 0.097862 -0.039753 0.031974
1 3 1 0.048860 0.003976 -0.045503
1 3 1 0.113472 -0.044066 0.028369
1 3 1 0.112936 -0.044449 -0.004675
1 3 1 0.082518 -0.044986 -0.035547
1 3 1 0.076916 -0.045383 -0.034644
1 3 1 0.004579 -0.031738 -0.036545
1 3 1 0.090574 -0.003399 -0.044704
1 3 1 0.099432 0.024258 -0.032511
1 3 1 0.096190 -0.035052 0.026318
1 3 1 0.065689 0.006759 -0.015285
1 3 1 0.140899 -0.045259 -0.006562
1 3 1 0.143275 -0.039050 0.038655
1 3 1 0.087201 0.037650 -0.045837
1 3 1 0.145681 -0.040614 -0.029940
1 3 1 0.072392 -0.022856 0.015507
1 3 1 0.104653 -0.043070 0.029842
1 3 1 0.014858 -0.044564 -0.010455
1 3 1 0.038071 -0.010884 0.002059
1 3 1 0.135102 -0.009719 -0.045377
1 3 1 0.036710 -0.044042 -0.012353
1 3 1 0.092766 -0.023180 0.015070
1 3 1 0.089622 -0.027010 0.019017
1 3 1 0.114516 -0.023508 0.013363
1 3 1 0.053733 -0.014756 -0.045092
1 3 1 0.135484 -0.032302 -0.045778
1 3 1 0.107392 -0.044835 0.039213
1 3 1 0.003732 -0.034767 0.028245
1 3 1 0.038939 -0.027087 0.019079
1 3 1 0.014883 -0.004016 -0.045388
1 3 1 0.030595 0.033302 -0.039840
1 3 1 0.035015 -0.046167 -0.017571
1 3 1 0.084634 0.017469 -0.022271
1 3 1 0.140003 0.046030 -0.039898
1 3 1 0.129748 0.002632 -0.009226
1 3 1 0.042980 -0.013947 0.005080
1 3 1 0.095981 0.035856 -0.045548
1 3 1 0.086599 0.032716 -0.040048
1 3 1 0.060957 0.007039 -0.012485
1 3 1 0.089707 0.032831 -0.045703
1 3 1 0.071179 0.027672 -0.032809
1 3 1 0.066651 0.022203 -0.026827
1 3 1 0.124856 -0.045970 0.029253
1 3 1 0.089441 0.039923 -0.039416
1 3 1 0.124230 -0.018342 -0.045545
1 3 1 0.092819 0.032597 -0.040452
-1
-1
-1
-1
-1
-1
-1
-1
-1
-1
-1
-1
-1
-1
-1
-1
-1
-1
-1
-1
-1
-1
-1
-1
-1
-1
-1
-1
-1
-1
-1
-1
-1
-1
-1
-1
-1
-1
-1
-1
-1
-1
-1
-1
-1
-1
-1
-1
-1
-1
-1
-1
-1
-1
-1
-1
-1
-1
-1
-1
-1
-1
-1
-1
-1
-1
-1
-1
-1
-1
-1
-1
-1
-1
-1
-1
-1
-1
-1
-1
-1
-1
-1
-1
-1
-1
-1
-1
-1
-1
-1
-1
-1
-1
-1
-1
-1
-1
-1
-1
-1
-1
-1
-1
-1
-1
-1
-1
-1
-1
-1
-1
-1
-1
-1
-1
-1
-1
-1
-1
-1
-1
-1
-1
-1
-1
-1
-1
-1
-1
-1
-1
-1
-1
-1
-1
-1
-1
-1
-1
-1
-1
-1
-1
-1
-1
-1
-1
-1
-1
-1
-1
-1
-1
-1
-1
-1
-1
-1
-1
-1
-1
-1
-1
-1
-1
-1
-1
-1
-1
-1
-1
-1
-1
-1
-1
-1
-1
-1
-1
-1
-1
-1
-1
-1
-1
-1
-1
-1
-1
-1
-1
-1
-1
-1
-1
-1
-1
-1
-1
-1
-1
-1
-1
-1
-1
-1
-1
-1
-1
-1
-1
-1
-1
-1
-1
-1
-1
-1
-1
-1
-1
-1
-1
-1
-1
-1
-1
-1
-1
-1
-1
-1
-1
-1
-1
-1
-1
-1
-1
-1
-1
-1
-1
-1
-1
-1
-1
-1
-1
-1
-1
-1
-1
-1
-1
-1
-1
-1
-1
-1
-1
-1
-1
-1
-1
-1
-1
-1
-1
-1
-1
-1
-1
-1
-1
-1
-1
-1
-1
-1
-1
-1
-1
-1
-1
-1
-1
-1
-1
-1
-1
-1
-1
-1
-1
-1
-1
-1
-1
-1
-1
-1
-1
-1
-1
-1
-1
-1
-1
-1
-1
-1
-1
-1
-1
-1
-1
-1
-1
-1
-1
-1
-1
-1
-1
-1
-1
-1
-1
-1
-1
-1
-1
-1
-1
-1
-1
-1
-1
-1
-1
-1
-1
-1
-1
-1
-1
-1
-1
-1
-1
-1
-1
-1
-1
-1
-1
-1
-1
-1
-1
-1
-1
-1
-1
-1
-1
-1
-1
-1
-1
-1
-1
-1
-1
-1
-1
-1
-1
-1
-1
-1
-1
-1
-1
-1
-1
-1
-1
-1
-1
-1
-1
-1
-1
-1
-1
-1
-1
-1
-1
-1
-1
-1
-1
-1
-1
-1
-1
-1
-1
-1
-1
-1
-1
-1
-1
-1
-1
-1
-1
-1
-1
-1
-1
-1
-1
-1
-1
-1
-1
-1
-1
-1
-1
-1
-1
-1
-1
-1
-1
-1
-1
-1
-1
-1
-1
-1
-1
-1
-1
-1
-1
-1
-1
-1
-1
-1
-1
-1
-1
-1
-1
-1
-1
-1
-1
-1
-1
-1
-1
-1
-1
-1
-1
-1
-1
-1
-1
-1
-1
-1
-1
-1
-1
-1
-1
-1
-1
-1
-1
-1
-1
-1
-1
-1
-1
-1
-1
-1
-1
-1
-1
-1
-1
-1
-1
-1
-1
-1
-1
-1
-1
-1
-1
-1
-1
-1
-1
-1
-1
-1
-1
-1
-1
-1
-1
-1
-1
-1
-1
-1
-1
-1
-1
-1
-1
-1
-1
-1
-1
-1
-1
-1
-1
-1
-1
-1
-1
-1
-1
-1
-1
-1
-1
-1
-1
-1
-1
-1
-1
-1
-1
-1
-1
-1
-1
-1
-1
-1
-1
-1
-1
-1
-1
-1
-1
-1
-1
-1
-1
-1
-1
-1
-1
-1
-1
-1
-1
-1
-1
-1
-1
-1
-1
-1
-1
-1
-1
-1
-1
-1
-1
-1
-1
-1
-1
-1
-1
-1
-1
-1
-1
-1
-1
-1
-1
-1
-1
-1
-1
-1
-1
-1
-1
-1
-1
-1
-1
-1
-1
-1
-1
-1
-1
-1
-1
-1
-1
-1
-1
-1
-1
-1
-1
-1
-1
-1
-1
-1
-1
-1
-1
-1
-1
-1
-1
-1
-1
-1
-1
-1
-1
-1
-1
-1
-1
-1
-1
-1
-1
-1
-1
-1
-1
-1
-1
-1
-1
-1
-1
-1
-1
-1
-1
-1
-1
-1
-1
-1
-1
-1
-1
-1
-1
-1
-1
-1
-1
-1
-1
-1
-1
-1
-1
-1
-1
-1
-1
-1
-1
-1
-1
-1
-1
-1
-1
-1
-1
-1
-1
-1
-1
-1
-1
-1
-1
-1
-1
-1
-1
-1
-1
-1
-1
-1
-1
-1
-1
-1
-1
-1
-1
-1
-1
-1
-1
-1
-1
-1
-1
-1
-1
-1
-1
-1
-1
-1
-1
-1
-1
-1
-1
-1
-1
-1
-1
-1
-1
-1
-1
-1
-1
-1
-1
-1
-1
-1
-1
-1
-1
-1
-1
-1
-1
-1
-1
-1
-1
-1
-1
-1
-1
-1
-1
-1
-1
-1
-1
-1
-1
-1
-1
-1
-1
-1
-1
-1
-1
-1
-1
-1
-1
-1
-1
-1
-1
-1
-1
-1
-1
-1
-1
-1
-1
-1
-1
-1
-1
-1
-1
-1
-1
-1
-1
-1
-1
-1
-1
-1
-1
-1
-1
-1
-1
-1
-1
-1
-1
-1
-1
-1
-1
-1
-1
-1
-1
-1
-1
-1
-1
-1
-1
-1
-1
-1
-1
-1
-1
-1
-1
-1
-1
-1
-1
-1
-1
-1
-1
-1
-1
-1
-1
-1
-1
-1
-1
-1
-1
-1
-1
-1
-1
-1
-1
-1
-1
-1
-1
-1
-1
-1
-1
-1
-1
-1
-1
-1
-1
-1
-1
-1
-1
-1
-1
-1
-1
-1
-1
-1
-1
-1
-1
-1
-1
-1
-1
-1
-1
-1
-1
-1
-1
-1
-1
-1
-1
-1
-1
-1
-1
-1
-1
-1
-1
-1
-1
-1
-1
-1
-1
-1
-1
-1
-1
-1
-1
-1
-1
-1
-1
-1
-1
-1
-1
-1
-1
-1
-1
-1
-1
-1
-1
-1
-1
-1
-1
-1
-1
-1
-1
-1
-1
-1
-1
-1
-1
-1
-1
-1
-1
-1
-1
-1
-1
-1
-1
-1
-1
-1
-1
-1
-1
-1
-1
-1
-1
-1
-1
-1
-1
-1
-1
-1
-1
-1
-1
-1
-1
-1
-1
-1
-1
-1
-1
-1
-1
-1
-1
-1
-1
-1
-1
-1
-1
-1
-1
-1
-1
-1
-1
-1
-1
-1
-1
-1
-1
-1
-1
-1
-1
-1
-1
-1
-1
-1
-1
-1
-1
-1
-1
-1
-1
-1
-1
-1
-1
-1
-1
-1
-1
-1
-1
-1
-1
-1
-1
-1
-1
-1
-1
-1
-1
-1
-1
-1
-1
-1
-1
-1
-1
-1
-1
-1
-1
-1
-1
-1
-1
-1
-1
-1
-1
-1
-1
-1
-1
-1
-1
-1
-1
-1
-1
-1
-1
-1
-1
-1
-1
-1
-1
-1
-1
-1
-1
-1
-1
-1
-1
-1
-1
-1
-1
-1
-1
-1
-1
-1
-1
-1
-1
-1
-1
-1
-1
-1
-1
-1
-1
-1
-1
-1
-1
-1
-1
-1
-1
-1
-1
-1
-1
-1
-1
-1
-1
-1
-1
-1
-1
-1
-1
-1
-1
-1
-1
-1
-1
-1
-1
-1
-1
-1
-1
-1
-1
-1
-1
-1
-1
-1
-1
-1
-1
-1
-1
-1
-1
-1
-1
-1
-1
-1
-1
-1
-1
-1
-1
-1
-1
-1
-1
-1
-1
-1
-1
-1
-1
-1
-1
-1
-1
-1
-1
-1
-1
-1
-1
-1
-1
-1
-1
-1
-1
-1
-1
-1
-1
-1
-1
-1
-1
-1
-1
-1
-1
-1
-1
-1
-1
-1
-1
-1
-1
-1
-1
-1
-1
-1
-1
-1
-1
-1
-1
-1
-1
-1
-1
-1
-1
-1
-1
-1
-1
-1
-1
-1
-1
-1
-1
-1
-1
-1
-1
-1
-1
-1
-1
-1
-1
-1
-1
-1
-1
-1
-1
-1
-1
-1
-1
-1
-1
-1
-1
-1
-1
-1
-1
-1
-1
-1
-1
-1
-1
-1
-1
-1
-1
-1
-1
-1
-1
-1
-1
-1
-1
-1
-1
-1
-1
-1
-1
-1
-1
-1
-1
-1
-1
-1
-1
-1
-1
-1
-1
-1
-1
-1
-1
-1
-1
-1
-1
-1
-1
-1
-1
-1
-1
-1
-1
-1
-1
-1
-1
-1
-1
-1
-1
-1
-1
-1
-1
-1
-1
-1
-1
-1
-1
-1
-1
-1
-1
-1
-1
-1
-1
-1
-1
-1
-1
-1
-1
-1
-1
-1
-1
-1
-1
-1
-1
-1
-1
-1
-1
-1
-1
-1
-1
-1
-1
-1
-1
-1
-1
-1
-1
-1
-1
-1
-1
-1
-1
-1
-1
-1
-1
-1
-1
-1
-1
-1
-1
-1
-1
-1
-1
-1
-1
-1
-1
-1
-1
-1
-1
-1
-1
-1
-1
-1
-1
-1
-1
-1
-1
-1
-1
-1
-1
-1
-1
-1
-1
-1
-1
-1
-1
-1
-1
-1
-1
-1
-1
-1
-1
-1
-1
-1
-1
-1
-1
-1
-1
-1
-1
-1
-1
-1
-1
-1
-1
-1
-1
-1
-1
-1
-1
-1
-1
-1
-1
-1
-1
-1
-1
-1
-1
-1
-1
-1
-1
-1
-1
-1
-1
-1
-1
-1
-1
-1
-1
-1
-1
-1
-1
-1
-1
-1
-1
-1
-1
-1
-1
-1
-1
-1
-1
-1
-1
-1
-1
-1
-1
-1
-1
-1
-1
-1
-1
-1
-1
-1
-1
-1
-1
-1
-1
-1
-1
-1
-1
-1
-1
-1
-1
-1
-1
-1
-1
-1
-1
-1
-1
-1
-1
-1
-1
-1
-1
-1
-1
-1
-1
-1
-1
-1
-1
-1
-1
-1
-1
-1
-1
-1
-1
-1
-1
-1
-1
-1
-1
-1
-1
-1
-1
-1
-1
-1
-1
-1
-1
-1
-1
-1
-1
-1
-1
-1
-1
-1
-1
-1
-1
-1
-1
-1
-1
-1
-1
-1
-1
-1
-1
-1
-1
-1
-1
-1
-1
-1
-1
-1
-1
-1
-1
-1
-1
-1
-1
-1
-1
-1
-1
-1
-1
-1
-1
-1
-1
-1
-1
-1
-1
-1
-1
-1
-1
-1
-1
-1
-1
-1
-1
-1
-1
-1
-1
-1
-1
-1
-1
-1
-1
-1
-1
-1
-1
-1
-1
-1
-1
-1
-1
-1
-1
-1
-1
-1
-1
-1
-1
-1
-1
-1
-1
-1
-1
-1
-1
-1
-1
-1
-1
-1
-1
-1
-1
-1
-1
-1
-1
-1
-1
-1
-1
-1
-1
-1
-1
-1
-1
-1
-1
-1
-1
-1
-1
-1
-1
-1
-1
-1
-1
-1
-1
-1
-1
-1
-1
-1
-1
-1
-1
-1
-1
-1
-1
-1
-1
-1
-1
-1
-1
-1
-1
-1
-1
-1
-1
-1
-1
-1
-1
-1
-1
-1
-1
-1
-1
-1
-1
-1
-1
-1
-1
-1
-1
-1
-1
-1
-1
-1
-1
-1
-1
-1
-1
-1
-1
-1
-1
-1
-1
-1
-1
-1
-1
-1
-1
-1
-1
-1
-1
-1
-1
-1
-1
-1
-1
-1
-1
-1
-1
-1
-1
-1
-1
-1
-1
-1
-1
-1
-1
-1
-1
-1
-1
-1
-1
-1
-1
-1
-1
-1
-1
-1
-1
-1
-1
-1
-1
-1
-1
-1
-1
-1
-1
-1
-1
-1
-1
-1
-1
-1
-1
-1
-1
-1
-1
-1
-1
-1
-1
-1
-1
-1
-1
-1
-1
-1
-1
-1
-1
-1
-1
-1
-1
-1
-1
-1
-1
-1
-1
-1
-1
-1
-1
-1
-1
-1
-1
-1
-1
-1
-1
-1
-1
-1
-1
-1
-1
-1
-1
-1
-1
-1
-1
-1
-1
-1
-1
-1
-1
-1
-1
-1
-1
-1
-1
-1
-1
-1
-1
-1
-1
-1
-1
-1
-1
-1
-1
-1
-1
-1
-1
-1
-1
-1
-1
-1
-1
-1
-1
-1
-1
-1
-1
-1
-1
-1
-1
-1
-1
-1
-1
-1
-1
-1
-1
-1
-1
-1
-1
-1
-1
-1
-1
-1
-1
-1
-1
-1
-1
-1
-1
-1
-1
-1
-1
-1
-1
-1
-1
-1
-1
-1
-1
-1
-1
-1
-1
-1
-1
-1
-1
-1
-1
-1
-1
-1
-1
-1
-1
-1
-1
-1
-1
-1
-1
-1
-1
-1
-1
-1
-1
-1
-1
-1
-1
-1
-1
-1
-1
-1
-1
-1
-1
-1
-1
-1
-1
-1
-1
-1
-1
-1
-1
-1
-1
-1
-1
-1
-1
-1
-1
-1
-1
-1
-1
-1
-1
-1
-1
-1
-1
-1
-1
-1
-1
-1
-1
-1
-1
-1
-1
-1
-1
-1
-1
-1
-1
-1
-1
-1
-1
-1
-1
-1
-1
-1
-1
-1
-1
-1
-1
-1
-1
-1
-1
-1
-1
-1
-1
-1
-1
-1
-1
-1
-1
-1
-1
-1
-1
-1
-1
-1
-1
-1
-1
-1
-1
-1
-1
-1
-1
-1
-1
-1
-1
-1
-1
-1
-1
-1
-1
-1
-1
-1
-1
-1
-1
-1
-1
-1
-1
-1
-1
-1
-1
-1
-1
-1
-1
-1
-1
-1
-1
-1
-1
-1
-1
-1
-1
-1
-1
-1
-1
-1
-1
-1
-1
-1
-1
-1
-1
-1
-1
-1
-1
-1
-1
-1
-1
-1
-1
-1
-1
-1
-1
-1
-1
-1
-1
-1
-1
-1
-1
-1
-1
-1
-1
-1
-1
-1
-1
-1
-1
-1
-1
-1
-1
-1
-1
-1
-1
-1
-1
-1
-1
-1
-1
-1
-1
-1
-1
-1
-1
-1
-1
-1
-1
-1
-1
-1
-1
-1
-1
-1
-1
-1
-1
-1
-1
-1
-1
-1
-1
-1
-1
-1
-1
-1
-1
-1
-1
-1
-1
-1
-1
-1
-1
-1
-1
-1
-1
-1
-1
-1
-1
-1
-1
-1
-1
-1
-1
-1
-1
-1
-1
-1
-1
-1
-1
-1
-1
-1
-1
-1
-1
-1
-1
-1
-1
-1
-1
-1
-1
-1
-1
-1
-1
-1
-1
-1
-1
-1
-1
-1
-1
-1
-1
-1
-1
-1
-1
-1
-1
-1
-1
-1
-1
-1
-1
-1
-1
-1
-1
-1
-1
-1
-1
-1
-1
-1
-1
-1
-1
-1
-1
-1
-1
-1
-1
-1
-1
-1
-1
-1
-1
-1
-1
-1
-1
-1
-1
-1
-1
-1
-1
-1
-1
-1
-1
-1
-1
-1
-1
-1
-1
-1
-1
-1
-1
-1
-1
-1
-1
-1
-1
-1
-1
-1
-1
-1
-1
-1
-1
-1
-1
-1
-1
-1
-1
-1
-1
-1
-1
-1
-1
-1
-1
-1
-1
-1
-1
-1
-1
-1
-1
-1
-1
-1
-1
-1
-1
-1
-1
-1
-1
-1
-1
-1
-1
-1
-1
-1
-1
-1
-1
-1
-1
-1
-1
-1
-1
-1
-1
-1
-1
-1
-1
-1
-1
-1
-1
-1
-1
-1
-1
-1
-1
-1
-1
-1
-1
-1
-1
-1
-1
-1
-1
-1
-1
-1
-1
-1
-1
-1
-1
-1
-1
-1
-1
-1
-1
-1
-1
-1
-1
-1
-1
-1
-1
-1
-1
-1
-1
-1
-1
-1
-1
-1
-1
-1
-1
-1
-1
-1
-1
-1
-1
-1
-1
-1
-1
-1
-1
-1
-1
-1
-1
-1
-1
-1
-1
-1
-1
-1
-1
-1
-1
-1
-1
-1
-1
-1
-1
-1
-1
-1
-1
-1
-1
-1
-1
-1
-1
-1
-1
-1
-1
-1
-1
-1
-1
-1
-1
-1
-1
-1
-1
-1
-1
-1
-1
-1
-1
-1
-1
-1
-1
-1
-1
-1
-1
-1
-1
-1
-1
-1
-1
-1
-1
-1
-1
-1
-1
-1
-1
-1
-1
-1
-1
-1
-1
-1
-1
-1
-1
-1
-1
-1
-1
-1
-1
-1
-1
-1
-1
-1
-1
-1
-1
-1
-1
-1
-1
-1
-1
-1
-1
-1
-1
-1
-1
-1
-1
-1
-1
-1
-1
-1
-1
-1
-1
-1
-1
-1
-1
-1
-1
-1
-1
-1
-1
-1
-1
-1
-1
-1
-1
-1
-1
-1
-1
-1
-1
-1
-1
-1
-1
-1
-1
-1
-1
-1
-1
-1
-1
-1
-1
-1
-1
-1
-1
-1
-1
-1
-1
-1
-1
-1
-1
-1
-1
-1
-1
-1
-1
-1
-1
-1
-1
-1
-1
-1
-1
-1
-1
-1
-1
-1
-1
-1
-1
-1
-1
-1
-1
-1
-1
-1
-1
-1
-1
-1
-1
-1
-1
-1
-1
-1
-1
-1
-1
-1
-1
-1
-1
-1
-1
-1
-1
-1
-1
-1
-1
-1
-1
-1
-1
-1
-1
-1
-1
-1
-1
-1
-1
-1
-1
-1
-1
-1
-1
-1
-1
-1
-1
-1
-1
-1
-1
-1
-1
-1
-1
-1
-1
-1
-1
-1
-1
-1
-1
-1
-1
-1
-1
-1
-1
-1
-1
-1
-1
-1
-1
-1
-1
-1
-1
-1
-1
-1
-1
-1
-1
-1
-1
-1
-1
-1
-1
-1
-1
-1
-1
-1
-1
-1
-1
-1
-1
-1
-1
-1
-1
-1
-1
-1
-1
-1
-1
-1
-1
-1
-1
-1
-1
-1
-1
-1
-1
-1
-1
-1
-1
-1
-1
-1
-1
-1
-1
-1
-1
-1
-1
-1
-1
-1
-1
-1
-1
-1
-1
-1
-1
-1
-1
-1
-1
-1
-1
-1
-1
-1
-1
-1
-1
-1
-1
-1
-1
-1
-1
-1
-1
-1
-1
-1
-1
-1
-1
-1
-1
-1
-1
-1
-1
-1
-1
-1
-1
-1
-1
-1
-1
-1
-1
-1
-1
-1
-1
-1
-1
-1
-1
-1
-1
-1
-1
-1
-1
-1
-1
-1
-1
-1
-1
-1
-1
-1
-1
-1
-1
-1
-1
-1
-1
-1
-1
-1
-1
-1
-1
-1
-1
-1
-1
-1
-1
-1
-1
-1
-1
-1
-1
-1
-1
-1
-1
-1
-1
-1
-1
-1
-1
-1
-1
-1
-1
-1
-1
-1
-1
-1
-1
-1
-1
-1
-1
-1
-1
-1
-1
-1
-1
-1
-1
-1
-1
-1
-1
-1
-1
-1
-1
-1
-1
-1
-1
-1
-1
-1
-1
-1
-1
-1
-1
-1
-1
-1
-1
-1
-1
-1
-1
-1
-1
-1
-1
-1
-1
-1
-1
-1
-1
-1
-1
-1
-1
-1
-1
-1
-1
-1
-1
-1
-1
-1
-1
-1
-1
-1
-1
-1
-1
-1
-1
-1
-1
-1
-1
-1
-1
-1
-1
-1
-1
-1
-1
-1
-1
-1
-1
-1
-1
-1
-1
-1
-1
-1
-1
-1
-1
-1
-1
-1
-1
-1
-1
-1
-1
-1
-1
-1
-1
-1
-1
-1
-1
-1
-1
-1
-1
-1
-1
-1
-1
-1
-1
-1
-1
-1
-1
-1
-1
-1
-1
-1
-1
-1
-1
-1
-1
-1
-1
-1
-1
-1
-1
-1
-1
-1
-1
-1
-1
-1
-1
-1
-1
-1
-1
-1
-1
-1
-1
-1
-1
-1
-1
-1
-1
-1
-1
-1
-1
-1
-1
-1
-1
-1
-1
-1
-1
-1
-1
-1
-1
-1
-1
-1
-1
-1
-1
-1
-1
-1
-1
-1
-1
-1
-1
-1
-1
-1
-1
-1
-1
-1
-1
-1
-1
-1
-1
-1
-1
-1
-1
-1
-1
-1
-1
-1
-1
-1
-1
-1
-1
-1
-1
-1
-1
-1
-1
-1
-1
-1
-1
-1
-1
-1
-1
-1
-1
-1
-1
-1
-1
-1
-1
-1
-1
-1
-1
-1
-1
-1
-1
-1
-1
-1
-1
-1
-1
-1
-1
-1
-1
-1
-1
-1
-1
-1
-1
-1
-1
-1
-1
-1
-1
-1
-1
-1
-1
-1
-1
-1
-1
-1
-1
-1
-1
-1
-1
-1
-1
-1
-1
-1
-1
-1
-1
-1
-1
-1
-1
-1
-1
-1
-1
-1
-1
-1
-1
-1
-1
-1
-1
-1
-1
-1
-1
-1
-1
-1
-1
-1
-1
-1
-1
-1
-1
-1
-1
-1
-1
-1
-1
-1
-1
-1
-1
-1
-1
-1
-1
-1
-1
-1
-1
-1
-1
-1
-1
-1
-1
-1
-1
-1
-1
-1
-1
-1
-1
-1
-1
-1
-1
-1
-1
-1
-1
-1
-1
-1
-1
-1
-1
-1
-1
-1
-1
-1
-1
-1
-1
-1
-1
-1
-1
-1
-1
-1
-1
-1
-1
-1
-1
-1
-1
-1
-1
-1
-1
-1
-1
-1
-1
-1
-1
-1
-1
-1
-1
-1
-1
-1
-1
-1
-1
-1
-1
-1
-1
-1
-1
-1
-1
-1
-1
-1
-1
-1
-1
-1
-1
-1
-1
-1
-1
-1
-1
-1
-1
-1
-1
-1
-1
-1
-1
-1
-1
-1
-1
-1
-1
-1
-1
-1
-1
-1
-1
-1
-1
-1
-1
-1
-1
-1
-1
-1
-1
-1
-1
-1
-1
-1
-1
-1
-1
-1
-1
-1
-1
-1
-1
-1
-1
-1
-1
-1
-1
-1
-1
-1
-1
-1
-1
-1
-1
-1
-1
-1
-1
-1
-1
-1
-1
-1
-1
-1
-1
-1
-1
-1
-1
-1
-1
-1
-1
-1
-1
-1
-1
-1
-1
-1
-1
-1
-1
-1
-1
-1
-1
-1
-1
-1
-1
-1
-1
-1
-1
-1
-1
-1
-1
-1
-1
-1
-1
-1
-1
-1
-1
-1
-1
-1
-1
-1
-1
-1
-1
-1
-1
-1
-1
-1
-1
-1
-1
-1
-1
-1
-1
-1
-1
-1
-1
-1
-1
-1
-1
-1
-1
-1
-1
-1
-1
-1
-1
-1
-1
-1
-1
-1
-1
-1
-1
-1
-1
-1
-1
-1
-1
-1
-1
-1
-1
-1
-1
-1
-1
-1
-1
-1
-1
-1
-1
-1
-1
-1
-1
-1
-1
-1
-1
-1
-1
-1
-1
-1
-1
-1
-1
-1
-1
-1
-1
-1
-1
-1
-1
-1
-1
-1
-1
-1
-1
-1
-1
-1
-1
-1
-1
-1
-1
-1
-1
-1
-1
-1
-1
-1
-1
-1
-1
-1
-1
-1
-1
-1
-1
-1
-1
-1
-1
-1
-1
-1
-1
-1
-1
-1
-1
-1
-1
-1
-1
-1
-1
-1
-1
-1
-1
-1
-1
-1
-1
-1
-1
-1
-1
-1
-1
-1
-1
-1
-1
-1
-1
-1
-1
-1
-1
-1
-1
-1
-1
-1
-1
-1
-1
-1
-1
-1
-1
-1
-1
-1
-1
-1
-1
-1
-1
-1
-1
-1
-1
-1
-1
-1
-1
-1
-1
-1
-1
-1
-1
-1
-1
-1
-1
-1
-1
-1
-1
-1
-1
-1
-1
-1
-1
-1
-1
-1
-1
-1
-1
-1
-1
-1
-1
-1
-1
-1
-1
-1
-1
-1
-1
-1
-1
-1
-1
-1
-1
-1
-1
-1
-1
-1
-1
-1
-1
-1
-1
-1
-1
-1
-1
-1
-1
-1
-1
-1
-1
-1
-1
-1
-1
-1
-1
-1
-1
-1
-1
-1
-1
-1
-1
-1
-1
-1
-1
-1
-1
-1
-1
-1
-1
-1
-1
-1
-1
-1
-1
-1
-1
-1
-1
-1
-1
-1
-1
-1
-1
-1
-1
-1
-1
-1
-1
-1
-1
-1
-1
-1
-1
-1
-1
-1
-1
-1
-1
-1
-1
-1
-1
-1
-1
-1
-1
-1
-1
-1
-1
-1
-1
-1
-1
-1
-1
-1
-1
-1
-1
-1
-1
-1
-1
-1
-1
-1
-1
-1
-1
-1
-1
-1
-1
-1
-1
-1
-1
-1
-1
-1
-1
-1
-1
-1
-1
-1
-1
-1
-1
-1
-1
-1
-1
-1
-1
-1
-1
-1
-1
-1
-1
-1
-1
-1
-1
-1
-1
-1
-1
-1
-1
-1
-1
-1
-1
-1
-1
-1
-1
-1
-1
-1
-1
-1
-1
-1
-1
-1
-1
-1
-1
-1
-1
-1
-1
-1
-1
-1
-1
-1
-1
-1
-1
-1
-1
-1
-1
-1
-1
-1
-1
-1
-1
-1
-1
-1
-1
-1
-1
-1
-1
-1
-1
-1
-1
-1
-1
-1
-1
-1
-1
-1
-1
-1
-1
-1
-1
-1
-1
-1
-1
-1
-1
-1
-1
-1
-1
-1
-1
-1
-1
-1
-1
-1
-1
-1
-1
-1
-1
-1
-1
-1
-1
-1
-1
-1
-1
-1
-1
-1
-1
-1
-1
-1
-1
-1
-1
-1
-1
-1
-1
-1
-1
-1
-1
-1
-1
-1
-1
-1
-1
-1
-1
-1
-1
-1
-1
-1
-1
-1
-1
-1
-1
-1
-1
-1
-1
-1
-1
-1
-1
-1
-1
-1
-1
-1
-1
-1
-1
-1
-1
-1
-1
-1
-1
-1
-1
-1
-1
-1
-1
-1
-1
-1
-1
-1
-1
-1
-1
-1
-1
-1
-1
-1
-1
-1
-1
-1
-1
-1
-1
-1
-1
-1
-1
-1
-1
-1
-1
-1
-1
-1
-1
-1
-1
-1
-1
-1
-1
-1
-1
-1
-1
-1
-1
-1
-1
-1
-1
-1
-1
-1
-1
-1
-1
-1
-1
-1
-1
-1
-1
-1
-1
-1
-1
-1
-1
-1
-1
-1
-1
-1
-1
-1
-1
-1
-1
-1
-1
-1
-1
-1
-1
-1
-1
-1
-1
-1
-1
-1
-1
-1
-1
-1
-1
-1
-1
-1
-1
-1
-1
-1
-1
-1
-1
-1
-1
-1
-1
-1
-1
-1
-1
-1
-1
-1
-1
-1
-1
-1
-1
-1
-1
-1
-1
-1
-1
-1
-1
-1
-1
-1
-1
-1
-1
-1
-1
-1
-1
-1
-1
-1
-1
-1
-1
-1
-1
-1
-1
-1
-1
-1
-1
-1
-1
-1
-1
-1
-1
-1
-1
-1
-1
-1
-1
-1
-1
-1
-1
-1
-1
-1
-1
-1
-1
-1
-1
-1
-1
-1
-1
-1
-1
-1
-1
-1
-1
-1
-1
-1
-1
-1
-1
-1
-1
-1
-1
-1
-1
-1
-1
-1
-1
-1
-1
-1
-1
-1
-1
-1
-1
-1
-1
-1
-1
-1
-1
-1
-1
-1
-1
-1
-1
-1
-1
-1
-1
-1
-1
-1
-1
-1
-1
-1
-1
-1
-1
-1
-1
-1
-1
-1
-1
-1
-1
-1
-1
-1
-1
-1
-1
-1
-1
-1
-1
-1
-1
-1
-1
-1
-1
-1
-1
-1
-1
-1
-1
-1
-1
-1
-1
-1
-1
-1
-1
-1
-1
-1
-1
-1
-1
-1
-1
-1
-1
-1
-1
-1
-1
-1
-1
-1
-1
-1
-1
-1
-1
-1
-1
-1
-1
-1
-1
-1
-1
-1
-1
-1
-1
-1
-1
-1
-1
-1
-1
-1
-1
-1
-1
-1
-1
-1
-1
-1
-1
-1
-1
-1
-1
-1
-1
-1
-1
-1
-1
-1
-1
-1
-1
-1
-1
-1
-1
-1
-1
-1
-1
-1
-1
-1
-1
-1
-1
-1
-1
-1
-1
-1
-1
-1
-1
-1
-1
-1
-1
-1
-1
-1
-1
-1
-1
-1
-1
-1
-1
-1
-1
-1
-1
-1
-1
-1
-1
-1
-1
-1
-1
-1
-1
-1
-1
-1
-1
-1
-1
-1
-1
-1
-1
-1
-1
-1
-1
-1
-1
-1
-1
-1
-1
-1
-1
-1
-1
-1
-1
-1
-1
-1
-1
-1
-1
-1
-1
-1
-1
-1
-1
-1
-1
-1
-1
-1
-1
-1
-1
-1
-1
-1
-1
-1
-1
-1
-1
-1
-1
-1
-1
-1
-1
-1
-1
-1
-1
-1
-1
-1
-1
-1
-1
-1
-1
-1
-1
-1
-1
-1
-1
-1
-1
-1
-1
-1
-1
-1
-1
-1
-1
-1
-1
-1
-1
-1
-1
-1
-1
-1
-1
-1
-1
-1
-1
-1
-1
-1
-1
-1
-1
-1
-1
-1
-1
-1
-1
-1
-1
-1
-1
-1
-1
-1
-1
-1
-1
-1
-1
-1
-1
-1
-1
-1
-1
-1
-1
-1
-1
-1
-1
-1
-1
-1
-1
-1
-1
-1
-1
-1
-1
-1
-1
-1
-1
-1
-1
-1
-1
-1
-1
-1
-1
-1
-1
-1
-1
-1
-1
-1
-1
-1
-1
-1
-1
-1
-1
-1
-1
-1
-1
-1
-1
-1
-1
-1
-1
-1
-1
-1
-1
-1
-1
-1
-1
-1
-1
-1
-1
-1
-1
-1
-1
-1
-1
-1
-1
-1
-1
-1
-1
-1
-1
-1
-1
-1
-1
-1
-1
-1
-1
-1
-1
-1
-1
-1
-1
-1
-1
-1
-1
-1
-1
-1
-1
-1
-1
-1
-1
-1
-1
-1
-1
-1
-1
-1
-1
-1
-1
-1
-1
-1
-1
-1
-1
-1
-1
-1
-1
-1
-1
-1
-1
-1
-1
-1
-1
-1
-1
-1
-1
-1
-1
-1
-1
-1
-1
-1
-1
-1
-1
-1
-1
-1
-1
-1
-1
-1
-1
-1
-1
-1
-1
-1
-1
-1
-1
-1
-1
-1
-1
-1
-1
-1
-1
-1
-1
-1
-1
-1
-1
-1
-1
-1
-1
-1
-1
-1
-1
-1
-1
-1
-1
-1
-1
-1
-1
-1
-1
-1
-1
-1
-1
-1
-1
-1
-1
-1
-1
-1
-1
-1
-1
-1
-1
-1
-1
-1
-1
-1
-1
-1
-1
-1
-1
-1
-1
-1
-1
-1
-1
-1
-1
-1
-1
-1
-1
-1
-1
-1
-1
-1
-1
-1
-1
-1
-1
-1
-1
-1
-1
-1
-1
-1
-1
-1
-1
-1
-1
-1
-1
-1
-1
-1
-1
-1
-1
-1
-1
-1
-1
-1
-1
-1
-1
-1
-1
-1
-1
-1
-1
-1
-1
-1
-1
-1
-1
-1
-1
-1
-1
-1
-1
-1
-1
-1
-1
-1
-1
-1
-1
-1
-1
-1
-1
-1
-1
-1
-1
-1
-1
-1
-1
-1
-1
-1
-1
-1
-1
-1
-1
-1
-1
-1
-1
-1
-1
-1
-1
-1
-1
-1
-1
-1
-1
-1
-1
-1
-1
-1
-1
-1
-1
-1
-1
-1
-1
-1
-1
-1
-1
-1
-1
-1
-1
-1
-1
-1
-1
-1
-1
-1
-1
-1
-1
-1
-1
-1
-1
-1
-1
-1
-1
-1
-1
-1
-1
-1
-1
-1
-1
-1
-1
-1
-1
-1
-1
-1
-1
-1
-1
-1
-1
-1
-1
-1
-1
-1
-1
-1
-1
-1
-1
-1
-1
-1
-1
-1
-1
-1
-1
-1
-1
-1
-1
-1
-1
-1
-1
-1
-1
-1
-1
-1
-1
-1
-1
-1
-1
-1
-1
-1
-1
-1
-1
-1
-1
-1
-1
-1
-1
-1
-1
-1
-1
-1
-1
-1
-1
-1
-1
-1
-1
-1
-1
-1
-1
-1
-1
-1
-1
-1
-1
-1
-1
-1
-1
-1
-1
-1
-1
-1
-1
-1
-1
-1
-1
-1
-1
-1
-1
-1
-1
-1
-1
-1
-1
-1
-1
-1
-1
-1
-1
-1
-1
-1
-1
-1
-1
-1
-1
-1
-1
-1
-1
-1
-1
-1
-1
-1
-1
-1
-1
-1
-1
-1
-1
-1
-1
-1
-1
-1
-1
-1
-1
-1
-1
-1
-1
-1
-1
-1
-1
-1
-1
-1
-1
-1
-1
-1
-1
-1
-1
-1
-1
-1
-1
-1
-1
-1
-1
-1
-1
-1
-1
-1
-1
-1
-1
-1
-1
-1
-1
-1
-1
-1
-1
-1
-1
-1
-1
-1
-1
-1
-1
-1
-1
-1
-1
-1
-1
-1
-1
-1
-1
-1
-1
-1
-1
-1
-1
-1
-1
-1
-1
-1
-1
-1
-1
-1
-1
-1
-1
-1
-1
-1
-1
-1
-1
-1
-1
-1
-1
-1
-1
-1
-1
-1
-1
-1
-1
-1
-1
-1
-1
-1
-1
-1
-1
-1
-1
-1
-1
-1
-1
-1
-1
-1
-1
-1
-1
-1
-1
-1
-1
-1
-1
-1
-1
-1
-1
-1
-1
-1
-1
-1
-1
-1
-1
-1
-1
-1
-1
-1
-1
-1
-1
-1
-1
-1
-1
-1
-1
-1
-1
-1
-1
-1
-1
-1
-1
-1
-1
-1
-1
-1
-1
-1
-1
-1
-1
-1
-1
-1
-1
-1
-1
-1
-1
-1
-1
-1
-1
-1
-1
-1
-1
-1
-1
-1
-1
-1
-1
-1
-1
-1
-1
-1
-1
-1
-1
-1
-1
-1
-1
-1
-1
-1
-1
-1
-1
-1
-1
-1
-1
-1
-1
-1
-1
-1
-1
-1
-1
-1
-1
-1
-1
-1
-1
-1
-1
-1
-1
-1
-1
-1
-1
-1
-1
-1
-1
-1
-1
-1
-1
-1
-1
-1
-1
-1
-1
-1
-1
-1
-1
-1
-1
-1
-1
-1
-1
-1
-1
-1
-1
-1
-1
-1
-1
-1
-1
-1
-1
-1
-1
-1
-1
-1
-1
-1
-1
-1
-1
-1
-1
-1
-1
-1
-1
-1
-1
-1
-1
-1
-1
-1
-1
-1
-1
-1
-1
-1
-1
-1
-1
-1
-1
-1
-1
-1
-1
-1
-1
-1
-1
-1
-1
-1
-1
-1
-1
-1
-1
-1
-1
-1
-1
-1
-1
-1
-1
-1
-1
-1
-1
-1
-1
-1
-1
-1
-1
-1
-1
-1
-1
-1
-1
-1
-1
-1
-1
-1
-1
-1
-1
-1
-1
-1
-1
-1
-1
-1
-1
-1
-1
-1
-1
-1
-1
-1
-1
-1
-1
-1
-1
-1
-1
-1
-1
-1
-1
-1
-1
-1
-1
-1
-1
-1
-1
-1
-1
-1
-1
-1
-1
-1
-1
-1
-1
-1
-1
-1
-1
-1
-1
-1
-1
-1
-1
-1
-1
-1
-1
-1
-1
-1
-1
-1
-1
-1
-1
-1
-1
-1
-1
-1
-1
-1
-1
-1
-1
-1
-1
-1
-1
-1
-1
-1
-1
-1
-1
-1
-1
-1
-1
-1
-1
-1
-1
-1
-1
-1
-1
-1
-1
-1
-1
-1
-1
-1
-1
-1
-1
-1
-1
-1
-1
-1
-1
-1
-1
-1
-1
-1
-1
-1
-1
-1
-1
-1
-1
-1
-1
-1
-1
-1
-1
-1
-1
-1
-1
-1
-1
-1
-1
-1
-1
-1
-1
-1
-1
-1
-1
-1
-1
-1
-1
-1
-1
-1
-1
-1
-1
-1
-1
-1
-1
-1
-1
-1
-1
-1
-1
-1
-1
-1
-1
-1
-1
-1
-1
-1
-1
-1
-1
-1
-1
-1
-1
-1
-1
-1
-1
-1
-1
-1
-1
-1
-1
-1
-1
-1
-1
-1
-1
-1
-1
-1
-1
-1
-1
-1
-1
-1
-1
-1
-1
-1
-1
-1
-1
-1
-1
-1
-1
-1
-1
-1
-1
-1
-1
-1
-1
-1
-1
-1
-1
-1
-1
-1
-1
-1
-1
-1
-1
-1
-1
-1
-1
-1
-1
-1
-1
-1
-1
-1
-1
-1
-1
-1
-1
-1
-1
-1
-1
-1
-1
-1
-1
-1
-1
-1
-1
-1
-1
-1
-1
-1
-1
-1
-1
-1
-1
-1
-1
-1
-1
-1
-1
-1
-1
-1
-1
-1
-1
-1
-1
-1
-1
-1
-1
-1
-1
-1
-1
-1
-1
-1
-1
-1
-1
-1
-1
-1
-1
-1
-1
-1
-1
-1
-1
-1
-1
-1
-1
-1
-1
-1
-1
-1
-1
-1
-1
-1
-1
-1
-1
-1
-1
-1
-1
-1
-1
-1
-1
-1
-1
-1
-1
-1
-1
-1
-1
-1
-1
-1
-1
-1
-1
-1
-1
-1
-1
-1
-1
-1
-1
-1
-1
-1
-1
-1
-1
-1
-1
-1
-1
-1
-1
-1
-1
-1
-1
-1
-1
-1
-1
-1
-1
-1
-1
-1
-1
-1
-1
-1
-1
-1
-1
-1
-1
-1
-1
-1
-1
-1
-1
-1
-1
-1
-1
-1
-1
-1
-1
-1
-1
-1
-1
-1
-1
-1
-1
-1
-1
-1
-1
-1
-1
-1
-1
-1
-1
-1
-1
-1
-1
-1
-1
-1
-1
-1
-1
-1
-1
-1
-1
-1
-1
-1
-1
-1
-1
-1
-1
-1
-1
-1
-1
-1
-1
-1
-1
-1
-1
-1
-1
-1
-1
-1
-1
-1
-1
-1
-1
-1
-1
-1
-1
-1
-1
-1
-1
-1
-1
-1
-1
-1
-1
-1
-1
-1
-1
-1
-1
-1
-1
-1
-1
-1
-1
-1
-1
-1
-1
-1
-1
-1
-1
-1
-1
-1
-1
-1
-1
-1
-1
-1
-1
-1
-1
-1
-1
-1
-1
-1
-1
-1
-1
-1
-1
-1
-1
-1
-1
-1
-1
-1
-1
-1
-1
-1
-1
-1
-1
-1
-1
-1
-1
-1
-1
-1
-1
-1
-1
-1
-1
-1
-1
-1
-1
-1
-1
-1
-1
-1
-1
-1
-1
-1
-1
-1
-1
-1
-1
-1
-1
-1
-1
-1
-1
-1
-1
-1
-1
-1
-1
-1
-1
-1
-1
-1
-1
-1
-1
-1
-1
-1
-1
-1
-1
-1
-1
-1
-1
-1
-1
-1
-1
-1
-1
-1
-1
-1
-1
-1
-1
-1
-1
-1
-1
-1
-1
-1
-1
-1
-1
-1
-1
-1
-1
-1
-1
-1
-1
-1
-1
-1
-1
-1
-1
-1
-1
-1
-1
-1
-1
-1
-1
-1
-1
-1
-1
-1
-1
-1
-1
-1
-1
-1
-1
-1
-1
-1
-1
-1
-1
-1
-1
-1
-1
-1
-1
-1
-1
-1
-1
-1
-1
-1
-1
-1
-1
-1
-1
-1
-1
-1
-1
-1
-1
-1
-1
-1
-1
-1
-1
-1
-1
-1
-1
-1
-1
-1
-1
-1
-1
-1
-1
-1
-1
-1
-1
-1
-1
-1
-1
-1
-1
-1
-1
-1
-1
-1
-1
-1
-1
-1
-1
-1
-1
-1
-1
-1
-1
-1
-1
-1
-1
-1
-1
-1
-1
-1
-1
-1
-1
-1
-1
-1
-1
-1
-1
-1
-1
-1
-1
-1
-1
-1
-1
-1
-1
-1
-1
-1
-1
-1
-1
-1
-1
-1
-1
-1
-1
-1
-1
-1
-1
-1
-1
-1
-1
-1
-1
-1
-1
-1
-1
-1
-1
-1
-1
-1
-1
-1
-1
-1
-1
-1
-1
-1
-1
-1
-1
-1
-1
-1
-1
-1
-1
-1
-1
-1
-1
-1
-1
-1
-1
-1
-1
-1
-1
-1
-1
-1
-1
-1
-1
-1
-1
-1
-1
-1
-1
-1
-1
-1
-1
-1
-1
-1
-1
-1
-1
-1
-1
-1
-1
-1
-1
-1
-1
-1
-1
-1
-1
-1
-1
-1
-1
-1
-1
-1
-1
-1
-1
-1
-1
-1
-1
-1
-1
-1
-1
-1
-1
-1
-1
-1
-1
-1
-1
-1
-1
-1
-1
-1
-1
-1
-1
-1
-1
-1
-1
-1
-1
-1
-1
-1
-1
-1
-1
-1
-1
-1
-1
-1
-1
-1
-1
-1
-1
-1
-1
-1
-1
-1
-1
-1
-1
-1
-1
-1
-1
-1
-1
-1
-1
-1
-1
-1
-1
-1
-1
-1
-1
-1
-1
-1
-1
-1
-1
-1
-1
-1
-1
-1
-1
-1
-1
-1
-1
-1
-1
-1
-1
-1
-1
-1
-1
-1
-1
-1
-1
-1
-1
-1
-1
-1
-1
-1
-1
-1
-1
-1
-1
-1
-1
-1
-1
-1
-1
-1
-1
-1
-1
-1
-1
-1
-1
-1
-1
-1
-1
-1
-1
-1
-1
-1
-1
-1
-1
-1
-1
-1
-1
-1
-1
-1
-1
-1
-1
-1
-1
-1
-1
-1
-1
-1
-1
-1
-1
-1
-1
-1
-1
-1
-1
-1
-1
-1
-1
-1
-1
-1
-1
-1
-1
-1
-1
-1
-1
-1
-1
-1
-1
-1
-1
-1
-1
-1
-1
-1
-1
-1
-1
-1
-1
-1
-1
-1
-1
-1
-1
-1
-1
-1
-1
-1
-1
-1
-1
-1
-1
-1
-1
-1
-1
-1
-1
-1
-1
-1
-1
-1
-1
-1
-1
-1
-1
-1
-1
-1
-1
-1
-1
-1
-1
-1
-1
-1
-1
-1
-1
-1
-1
-1
-1
-1
-1
-1
-1
-1
-1
-1
-1
-1
-1
-1
-1
-1
-1
-1
-1
-1
-1
-1
-1
-1
-1
-1
-1
-1
-1
-1
-1
-1
-1
-1
-1
-1
-1
-1
-1
-1
-1
-1
-1
-1
-1
-1
-1
-1
-1
-1
-1
-1
-1
-1
-1
-1
-1
-1
-1
-1
-1
-1
-1
-1
-1
-1
-1
-1
-1
-1
-1
-1
-1
-1
-1
-1
-1
-1
-1
-1
-1
-1
-1
-1
-1
-1
-1
-1
-1
-1
-1
-1
-1
-1
-1
-1
-1
-1
-1
-1
-1
-1
-1
-1
-1
-1
-1
-1
-1
-1
-1
-1
-1
-1
-1
-1
-1
-1
-1
-1
-1
-1
-1
-1
-1
-1
-1
-1
-1
-1
-1
-1
-1
-1
-1
-1
-1
-1
-1
-1
-1
-1
-1
-1
-1
-1
-1
-1
-1
-1
-1
-1
-1
-1
-1
-1
-1
-1
-1
-1
-1
-1
-1
-1
-1
-1
-1
-1
-1
-1
-1
-1
-1
-1
-1
-1
-1
-1
-1
-1
-1
-1
-1
-1
-1
-1
-1
-1
-1
-1
-1
-1
-1
-1
-1
-1
-1
-1
-1
-1
-1
-1
-1
-1
-1
-1
-1
-1
-1
-1
-1
-1
-1
-1
-1
-1
-1
-1
-1
-1
-1
-1
-1
-1
-1
-1
-1
-1
-1
-1
-1
-1
-1
-1
-1
-1
-1
-1
-1
-1
-1
-1
-1
-1
-1
-1
-1
-1
-1
-1
-1
-1
-1
-1
-1
-1
-1
-1
-1
-1
-1
-1
-1
-1
-1
-1
-1
-1
-1
-1
-1
-1
-1
-1
-1
-1
-1
-1
-1
-1
-1
-1
-1
-1
-1
-1
-1
-1
-1
-1
-1
-1
-1
-1
-1
-1
-1
-1
-1
-1
-1
-1
-1
-1
-1
-1
-1
-1
-1
-1
-1
-1
-1
-1
-1
-1
-1
-1
-1
-1
-1
-1
-1
-1
-1
-1
-1
-1
-1
-1
-1
-1
-1
-1
-1
-1
-1
-1
-1
-1
-1
-1
-1
-1
-1
-1
-1
-1
-1
-1
-1
-1
-1
-1
-1
-1
-1
-1
-1
-1
-1
-1
-1
-1
-1
-1
-1
-1
-1
-1
-1
-1
-1
-1
-1
-1
-1
-1
-1
-1
-1
-1
-1
-1
-1
-1
-1
-1
-1
-1
-1
-1
-1
-1
-1
-1
-1
-1
-1
-1
-1
-1
-1
-1
-1
-1
-1
-1
-1
-1
-1
-1
-1
-1
-1
-1
-1
-1
-1
-1
-1
-1
-1
-1
-1
-1
-1
-1
-1
-1
-1
-1
-1
-1
-1
-1
-1
-1
-1
-1
-1
-1
-1
-1
-1
-1
-1
-1
-1
-1
-1
-1
-1
-1
-1
-1
-1
-1
-1
-1
-1
-1
-1
-1
-1
-1
-1
-1
-1
-1
-1
-1
-1
-1
-1
-1
-1
-1
-1
-1
-1
-1
-1
-1
-1
-1
-1
-1
-1
-1
-1
-1
-1
-1
-1
-1
-1
-1
-1
-1
-1
-1
-1
-1
-1
-1
-1
-1
-1
-1
-1
-1
-1
-1
-1
-1
-1
-1
-1
-1
-1
-1
-1
-1
-1
-1
-1
-1
-1
-1
-1
-1
-1
-1
-1
-1
-1
-1
-1
-1
-1
-1
-1
-1
-1
-1
-1
-1
-1
-1
-1
-1
-1
-1
-1
-1
-1
-1
-1
-1
-1
-1
-1
-1
-1
-1
-1
-1
-1
-1
-1
-1
-1
-1
-1
-1
-1
-1
-1
-1
-1
-1
-1
-1
-1
-1
-1
-1
-1
-1
-1
-1
-1
-1
-1
-1
-1
-1
-1
-1
-1
-1
-1
-1
-1
-1
-1
-1
-1
-1
-1
-1
-1
-1
-1
-1
-1
-1
-1
-1
-1
-1
-1
-1
-1
-1
-1
-1
-1
-1
-1
-1
-1
-1
-1
-1
-1
-1
-1
-1
-1
-1
-1
-1
-1
-1
-1
-1
-1
-1
-1
-1
-1
-1
-1
-1
-1
-1
-1
-1
-1
-1
-1
-1
-1
-1
-1
-1
-1
-1
-1
-1
-1
-1
-1
-1
-1
-1
-1
-1
-1
-1
-1
-1
-1
-1
-1
-1
-1
-1
-1
-1
-1
-1
-1
-1
-1
-1
-1
-1
-1
-1
-1
-1
-1
-1
-1
-1
-1
-1
-1
-1
-1
-1
-1
-1
-1
-1
-1
-1
-1
-1
-1
-1
-1
-1
-1
-1
-1
-1
-1
-1
-1
-1
-1
-1
-1
-1
-1
-1
-1
-1
-1
-1
-1
-1
-1
-1
-1
-1
-1
-1
-1
-1
-1
-1
-1
-1
-1
-1
-1
-1
-1
-1
-1
-1
-1
-1
-1
-1
-1
-1
-1
-1
-1
-1
-1
-1
-1
-1
-1
-1
-1
-1
-1
-1
-1
-1
-1
-1
-1
-1
-1
-1
-1
-1
-1
-1
-1
-1
-1
-1
-1
-1
-1
-1
-1
-1
-1
-1
-1
-1
-1
-1
-1
-1
-1
-1
-1
-1
-1
-1
-1
-1
-1
-1
-1
-1
-1
-1
-1
-1
-1
-1
-1
-1
-1
-1
-1
-1
-1
-1
-1
-1
-1
-1
-1
-1
-1
-1
-1
-1
-1
-1
-1
-1
-1
-1
-1
-1
-1
-1
-1
-1
-1
-1
-1
-1
-1
-1
-1
-1
-1
-1
-1
-1
-1
-1
-1
-1
-1
-1
-1
-1
-1
-1
-1
-1
-1
-1
-1
-1
-1
-1
-1
-1
-1
-1
-1
-1
-1
-1
-1
-1
-1
-1
-1
-1
-1
-1
-1
-1
-1
-1
-1
-1
-1
-1
-1
-1
-1
-1
-1
-1
-1
-1
-1
-1
-1
-1
-1
-1
-1
-1
-1
-1
-1
-1
-1
-1
-1
-1
-1
-1
-1
-1
-1
-1
-1
-1
-1
-1
-1
-1
-1
-1
-1
-1
-1
-1
-1
-1
-1
-1
-1
-1
-1
-1
-1
-1
-1
-1
-1
-1
-1
-1
-1
-1
-1
-1
-1
-1
-1
-1
-1
-1
-1
-1
-1
-1
-1
-1
-1
-1
-1
-1
-1
-1
-1
-1
-1
-1
-1
-1
-1
-1
-1
-1
-1
-1
-1
-1
-1
-1
-1
-1
-1
-1
-1
-1
-1
-1
-1
-1
-1
-1
-1
-1
-1
-1
-1
-1
-1
-1
-1
-1
-1
-1
-1
-1
-1
-1
-1
-1
-1
-1
-1
-1
-1
-1
-1
-1
-1
-1
-1
-1
-1
-1
-1
-1
-1
-1
-1
-1
-1
-1
-1
-1
-1
-1
-1
-1
-1
-1
-1
-1
-1
-1
-1
-1
-1
-1
-1
-1
-1
-1
-1
-1
-1
-1
-1
-1
-1
-1
-1
-1
-1
-1
-1
-1
-1
-1
-1
-1
-1
-1
-1
-1
-1
-1
-1
-1
-1
-1
-1
-1
-1
-1
-1
-1
-1
-1
-1
-1
-1
-1
-1
-1
-1
-1
-1
-1
-1
-1
-1
-1
-1
-1
-1
-1
-1
-1
-1
-1
-1
-1
-1
-1
-1
-1
-1
-1
-1
-1
-1
-1
-1
-1
-1
-1
-1
-1
-1
-1
-1
-1
-1
-1
-1
-1
-1
-1
-1
-1
-1
-1
-1
-1
-1
-1
-1
-1
-1
-1
-1
-1
-1
-1
-1
-1
-1
-1
-1
-1
-1
-1
-1
-1
-1
-1
-1
-1
-1
-1
-1
-1
-1
-1
-1
-1
-1
-1
-1
-1
-1
-1
-1
-1
-1
-1
-1
-1
-1
-1
-1
-1
-1
-1
-1
-1
-1
-1
-1
-1
-1
-1
-1
-1
-1
-1
-1
-1
-1
-1
-1
-1
-1
-1
-1
-1
-1
-1
-1
-1
-1
-1
-1
-1
-1
-1
-1
-1
-1
-1
-1
-1
-1
-1
-1
-1
-1
-1
-1
-1
-1
-1
-1
-1
-1
-1
-1
-1
-1
-1
-1
-1
-1
-1
-1
-1
-1
-1
-1
-1
-1
-1
-1
-1
-1
-1
-1
-1
-1
-1
-1
-1
-1
-1
-1
-1
-1
-1
-1
-1
-1
-1
-1
-1
-1
-1
-1
-1
-1
-1
-1
-1
-1
-1
-1
-1
-1
-1
-1
-1
-1
-1
-1
-1
-1
-1
-1
-1
-1
-1
-1
-1
-1
-1
-1
-1
-1
-1
-1
-1
-1
-1
-1
-1
-1
-1
-1
-1
-1
-1
-1
-1
-1
-1
-1
-1
-1
-1
-1
-1
-1
-1
-1
-1
-1
-1
-1
-1
-1
-1
-1
-1
-1
-1
-1
-1
-1
-1
-1
-1
-1
-1
-1
-1
-1
-1
-1
-1
-1
-1
-1
-1
-1
-1
-1
-1
-1
-1
-1
-1
-1
-1
-1
-1
-1
-1
-1
-1
-1
-1
-1
-1
-1
-1
-1
-1
-1
-1
-1
-1
-1
-1
-1
-1
-1
-1
-1
-1
-1
-1
-1
-1
-1
-1
-1
-1
-1
-1
-1
-1
-1
-1
-1
-1
-1
-1
-1
-1
-1
-1
-1
-1
-1
-1
-1
-1
-1
-1
-1
-1
-1
-1
-1
-1
-1
-1
-1
-1
-1
-1
-1
-1
-1
-1
-1
-1
-1
-1
-1
-1
-1
-1
-1
-1
-1
-1
-1
-1
-1
-1
-1
-1
-1
-1
-1
-1
-1
-1
-1
-1
-1
-1
-1
-1
-1
-1
-1
-1
-1
-1
-1
-1
-1
-1
-1
-1
-1
-1
-1
-1
-1
-1
-1
-1
-1
-1
-1
-1
-1
-1
-1
-1
-1
-1
-1
-1
-1
-1
-1
-1
-1
-1
-1
-1
-1
-1
-1
-1
-1
-1
-1
-1
-1
-1
-1
-1
-1
-1
-1
-1
-1
-1
-1
-1
-1
-1
-1
-1
-1
-1
-1
-1
-1
-1
-1
-1
-1
-1
-1
-1
-1
-1
-1
-1
-1
-1
-1
-1
-1
-1
-1
-1
-1
-1
-1
-1
-1
-1
-1
-1
-1
-1
-1
-1
-1
-1
-1
-1
-1
-1
-1
-1
-1
-1
-1
-1
-1
-1
-1
-1
-1
-1
-1
-1
-1
-1
-1
-1
-1
-1
-1
-1
-1
-1
-1
-1
-1
-1
-1
-1
-1
-1
-1
-1
-1
-1
-1
-1
-1
-1
-1
-1
-1
-1
-1
-1
-1
-1
-1
-1
-1
-1
-1
-1
-1
-1
-1
-1
-1
-1
-1
-1
-1
-1
-1
-1
-1
-1
-1
-1
-1
-1
-1
-1
-1
-1
-1
-1
-1
-1
-1
-1
-1
-1
-1
-1
-1
-1
-1
-1
-1
-1
-1
-1
-1
-1
-1
-1
-1
-1
-1
-1
-1
-1
-1
-1
-1
-1
-1
-1
-1
-1
-1
-1
-1
-1
-1
-1
-1
-1
-1
-1
-1
-1
-1
-1
-1
-1
-1
-1
-1
-1
-1
-1
-1
-1
-1
-1
-1
-1
-1
-1
-1
-1
-1
-1
-1
-1
-1
-1
-1
-1
-1
-1
-1
-1
-1
-1
-1
-1
-1
-1
-1
-1
-1
-1
-1
-1
-1
-1
-1
-1
-1
-1
-1
-1
-1
-1
-1
-1
-1
-1
-1
-1
-1
-1
-1
-1
-1
-1
-1
-1
-1
-1
-1
-1
-1
-1
-1
-1
-1
-1
-1
-1
-1
-1
-1
-1
-1
-1
-1
-1
-1
-1
-1
-1
-1
-1
-1
-1
-1
-1
-1
-1
-1
-1
-1
-1
-1
-1
-1
-1
-1
-1
-1
-1
-1
-1
-1
-1
-1
-1
-1
-1
-1
-1
-1
-1
-1
-1
-1
-1
-1
-1
-1
-1
-1
-1
-1
-1
-1
-1
-1
-1
-1
-1
-1
-1
-1
-1
-1
-1
-1
-1
-1
-1
-1
-1
-1
-1
-1
-1
-1
-1
-1
-1
-1
-1
-1
-1
-1
-1
-1
-1
-1
-1
-1
-1
-1
-1
-1
-1
-1
-1
-1
-1
-1
-1
-1
-1
-1
-1
-1
-1
-1
-1
-1
-1
-1
-1
-1
-1
-1
-1
-1
-1
-1
-1
-1
-1
-1
-1
-1
-1
-1
-1
-1
-1
-1
-1
-1
-1
-1
-1
-1
-1
-1
-1
-1
-1
-1
-1
-1
-1
-1
-1
-1
-1
-1
-1
-1
-1
-1
-1
-1
-1
-1
-1
-1
-1
-1
-1
-1
-1
-1
-1
-1
-1
-1
-1
-1
-1
-1
-1
-1
-1
-1
-1
-1
-1
-1
-1
-1
-1
-1
-1
-1
-1
-1
-1
-1
-1
-1
-1
-1
-1
-1
-1
-1
-1
-1
-1
-1
-1
-1
-1
-1
-1
-1
-1
-1
-1
-1
-1
-1
-1
-1
-1
-1
-1
-1
-1
-1
-1
-1
-1
-1
-1
-1
-1
-1
-1
-1
-1
-1
-1
-1
-1
-1
-1
-1
-1
-1
-1
-1
-1
-1
-1
-1
-1
-1
-1
-1
-1
-1
-1
-1
-1
-1
-1
-1
-1
-1
-1
-1
-1
-1
-1
-1
-1
-1
-1
-1
-1
-1
-1
-1
-1
-1
-1
-1
-1
-1
-1
-1
-1
-1
-1
-1
-1
-1
-1
-1
-1
-1
-1
-1
-1
-1
-1
-1
-1
-1
-1
-1
-1
-1
-1
-1
-1
-1
-1
-1
-1
-1
-1
-1
-1
-1
-1
-1
-1
-1
-1
-1
-1
-1
-1
-1
-1
-1
-1
-1
-1
-1
-1
-1
-1
-1
-1
-1
-1
-1
-1
-1
-1
-1
-1
-1
-1
-1
-1
-1
-1
-1
-1
-1
-1
-1
-1
-1
-1
-1
-1
-1
-1
-1
-1
-1
-1
-1
-1
-1
-1
-1
-1
-1
-1
-1
-1
-1
-1
-1
-1
-1
-1
-1
-1
-1
-1
-1
-1
-1
-1
-1
-1
-1
-1
-1
-1
-1
-1
-1
-1
-1
-1
-1
-1
-1
-1
-1
-1
-1
-1
-1
-1
-1
-1
-1
-1
-1
-1
-1
-1
-1
-1
-1
-1
-1
-1
-1
-1
-1
-1
-1
-1
-1
-1
-1
-1
-1
-1
-1
-1
-1
-1
-1
-1
-1
-1
-1
-1
-1
-1
-1
-1
-1
-1
-1
-1
-1
-1
-1
-1
-1
-1
-1
-1
-1
-1
-1
-1
-1
-1
-1
-1
-1
-1
-1
-1
-1
-1
-1
-1
-1
-1
-1
-1
-1
-1
-1
-1
-1
-1
-1
-1
-1
-1
-1
-1
-1
-1
-1
-1
-1
-1
-1
-1
-1
-1
-1
-1
-1
-1
-1
-1
-1
-1
-1
-1
-1
-1
-1
-1
-1
-1
-1
-1
-1
-1
-1
-1
-1
-1
-1
-1
-1
-1
-1
-1
-1
-1
-1
-1
-1
-1
-1
-1
-1
-1
-1
-1
-1
-1
-1
-1
-1
-1
-1
-1
-1
-1
-1
-1
-1
-1
-1
-1
-1
-1
-1
-1
-1
-1
-1
-1
-1
-1
-1
-1
-1
-1
-1
-1
-1
-1
-1
-1
-1
-1
-1
-1
-1
-1
-1
-1
-1
-1
-1
-1
-1
-1
-1
-1
-1
-1
-1
-1
-1
-1
-1
-1
-1
-1
-1
-1
-1
-1
-1
-1
-1
-1
-1
-1
-1
-1
-1
-1
-1
-1
-1
-1
-1
-1
-1
-1
-1
-1
-1
-1
-1
-1
-1
-1
-1
-1
-1
-1
-1
-1
-1
-1
-1
-1
-1
-1
-1
-1
-1
-1
-1
-1
-1
-1
-1
-1
-1
-1
-1
-1
-1
-1
-1
-1
-1
-1
-1
-1
-1
-1
-1
-1
-1
-1
-1
-1
-1
-1
-1
-1
-1
-1
-1
-1
-1
-1
-1
-1
-1
-1
-1
-1
-1
-1
-1
-1
-1
-1
-1
-1
-1
-1
-1
-1
-1
-1
-1
-1
-1
-1
-1
-1
-1
-1
-1
-1
-1
-1
-1
-1
-1
-1
-1
-1
-1
-1
-1
-1
-1
-1
-1
-1
-1
-1
-1
-1
-1
-1
-1
-1
-1
-1
-1
-1
-1
-1
-1
-1
-1
-1
-1
-1
-1
-1
-1
-1
-1
-1
-1
-1
-1
-1
-1
-1
-1
-1
-1
-1
-1
-1
-1
-1
-1
-1
-1
-1
-1
-1
-1
-1
-1
-1
-1
-1
-1
-1
-1
-1
-1
-1
-1
-1
-1
-1
-1
-1
-1
-1
-1
-1
-1
-1
-1
-1
-1
-1
-1
-1
-1
-1
-1
-1
-1
-1
-1
-1
-1
-1
-1
-1
-1
-1
-1
-1
-1
-1
-1
-1
-1
-1
-1
-1
-1
-1
-1
-1
-1
-1
-1
-1
-1
-1
-1
-1
-1
-1
-1
-1
-1
-1
-1
-1
-1
-1
-1
-1
-1
-1
-1
-1
-1
-1
-1
-1
-1
-1
-1
-1
-1
-1
-1
-1
-1
-1
-1
-1
-1
-1
-1
-1
-1
-1
-1
-1
-1
-1
-1
-1
-1
-1
-1
-1
-1
-1
-1
-1
-1
-1
-1
-1
-1
-1
-1
-1
-1
-1
-1
-1
-1
-1
-1
-1
-1
-1
-1
-1
-1
-1
-1
-1
-1
-1
-1
-1
-1
-1
-1
-1
-1
-1
-1
-1
-1
-1
-1
-1
-1
-1
-1
-1
-1
-1
-1
-1
-1
-1
-1
-1
-1
-1
-1
-1
-1
-1
-1
-1
-1
-1
-1
-1
-1
-1
-1
-1
-1
-1
-1
-1
-1
-1
-1
-1
-1
-1
-1
-1
-1
-1
-1
-1
-1
-1
-1
-1
-1
-1
-1
-1
-1
-1
-1
-1
-1
-1
-1
-1
-1
-1
-1
-1
-1
-1
-1
-1
-1
-1
-1
-1
-1
-1
-1
-1
-1
-1
-1
-1
-1
-1
-1
-1
-1
-1
-1
-1
-1
-1
-1
-1
-1
-1
-1
-1
-1
-1
-1
-1
-1
-1
-1
-1
-1
-1
-1
-1
-1
-1
-1
-1
-1
-1
-1
-1
-1
-1
-1
-1
-1
-1
-1
-1
-1
-1
-1
-1
-1
-1
-1
-1
-1
-1
-1
-1
-1
-1
-1
-1
-1
-1
-1
-1
-1
-1
-1
-1
-1
-1
-1
-1
-1
-1
-1
-1
-1
-1
-1
-1
-1
-1
-1
-1
-1
-1
-1
-1
-1
-1
-1
-1
-1
-1
-1
-1
-1
-1
-1
-1
-1
-1
-1
-1
-1
-1
-1
-1
-1
-1
-1
-1
-1
-1
-1
-1
-1
-1
-1
-1
-1
-1
-1
-1
-1
-1
-1
-1
-1
-1
-1
-1
-1
-1
-1
-1
-1
-1
-1
-1
-1
-1
-1
-1
-1
-1
-1
-1
-1
-1
-1
-1
-1
-1
-1
-1
-1
-1
-1
-1
-1
-1
-1
-1
-1
-1
-1
-1
-1
-1
-1
-1
-1
-1
-1
-1
-1
-1
-1
-1
-1
-1
-1
-1
-1
-1
-1
-1
-1
-1
-1
-1
-1
-1
-1
-1
-1
-1
-1
-1
-1
-1
-1
-1
-1
-1
-1
-1
-1
-1
-1
-1
-1
-1
-1
-1
-1
-1
-1
-1
-1
-1
-1
-1
-1
-1
-1
-1
-1
-1
-1
-1
-1
-1
-1
-1
-1
-1
-1
-1
-1
-1
-1
-1
-1
-1
-1
-1
-1
-1
-1
-1
-1
-1
-1
-1
-1
-1
-1
-1
-1
-1
-1
-1
-1
-1
-1
-1
-1
-1
-1
-1
-1
-1
-1
-1
-1
-1
-1
-1
-1
-1
-1
-1
-1
-1
-1
-1
-1
-1
-1
-1
-1
-1
-1
-1
-1
-1
-1
-1
-1
-1
-1
-1
-1
-1
-1
-1
-1
-1
-1
-1
-1
-1
-1
-1
-1
-1
-1
-1
-1
-1
-1
-1
-1
-1
-1
-1
-1
-1
-1
-1
-1
-1
-1
-1
-1
-1
-1
-1
-1
-1
-1
-1
-1
-1
-1
-1
-1
-1
-1
-1
-1
-1
-1
-1
-1
-1
-1
-1
-1
-1
-1
-1
-1
-1
-1
-1
-1
-1
-1
-1
-1
-1
-1
-1
-1
-1
-1
-1
-1
-1
-1
-1
-1
-1
-1
-1
-1
-1
-1
-1
-1
-1
-1
-1
-1
-1
-1
-1
-1
-1
-1
-1
-1
-1
-1
-1
-1
-1
-1
-1
-1
-1
-1
-1
-1
-1
-1
-1
-1
-1
-1
-1
-1
-1
-1
-1
-1
-1
-1
-1
-1
-1
-1
-1
-1
-1
-1
-1
-1
-1
-1
-1
-1
-1
-1
-1
-1
-1
-1
-1
-1
-1
-1
-1
-1
-1
-1
-1
-1
-1
-1
-1
-1
-1
-1
-1
-1
-1
-1
-1
-1
-1
-1
-1
-1
-1
-1
-1
-1
-1
-1
-1
-1
-1
-1
-1
-1
-1
-1
-1
-1
-1
-1
-1
-1
-1
-1
-1
-1
-1
-1
-1
-1
-1
-1
-1
-1
-1
-1
-1
-1
-1
-1
-1
-1
-1
-1
-1
-1
-1
-1
-1
-1
-1
-1
-1
-1
-1
-1
-1
-1
-1
-1
-1
-1
-1
-1
-1
-1
-1
-1
-1
-1
-1
-1
-1
-1
-1
-1
-1
-1
-1
-1
-1
-1
-1
-1
-1
-1
-1
-1
-1
-1
-1
-1
-1
-1
-1
-1
-1
-1
-1
-1
-1
-1
-1
-1
-1
-1
-1
-1
-1
-1
-1
-1
-1
-1
-1
-1
-1
-1
-1
-1
-1
-1
-1
-1
-1
-1
-1
-1
-1
-1
-1
-1
-1
-1
-1
-1
-1
-1
-1
-1
-1
-1
-1
-1
-1
-1
-1
-1
-1
-1
-1
-1
-1
-1
-1
-1
-1
-1
-1
-1
-1
-1
-1
-1
-1
-1
-1
-1
-1
-1
-1
-1
-1
-1
-1
-1
-1
-1
-1
-1
-1
-1
-1
-1
-1
-1
-1
-1
-1
-1
-1
-1
-1
-1
-1
-1
-1
-1
-1
-1
-1
-1
-1
-1
-1
-1
-1
-1
-1
-1
-1
-1
-1
-1
-1
-1
-1
-1
-1
-1
-1
-1
-1
-1
-1
-1
-1
-1
-1
-1
-1
-1
-1
-1
-1
-1
-1
-1
-1
-1
-1
-1
-1
-1
-1
-1
-1
-1
-1
-1
-1
-1
-1
-1
-1
-1
-1
-1
-1
-1
-1
-1
-1
-1
-1
-1
-1
-1
-1
-1
-1
-1
-1
-1
-1
-1
-1
-1
-1
-1
-1
-1
-1
-1
-1
-1
-1
-1
-1
-1
-1
-1
-1
-1
-1
-1
-1
-1
-1
-1
-1
-1
-1
-1
-1
-1
-1
-1
-1
-1
-1
-1
-1
-1
-1
-1
-1
-1
-1
-1
-1
-1
-1
-1
-1
-1
-1
-1
-1
-1
-1
-1
-1
-1
-1
-1
-1
-1
-1
-1
-1
-1
-1
-1
-1
-1
-1
-1
-1
-1
-1
-1
-1
-1
-1
-1
-1
-1
-1
-1
-1
-1
-1
-1
-1
-1
-1
-1
-1
-1
-1
-1
-1
-1
-1
-1
-1
-1
-1
-1
-1
-1
-1
-1
-1
-1
-1
-1
-1
-1
-1
-1
-1
-1
-1
-1
-1
-1
-1
-1
-1
-1
-1
-1
-1
-1
-1
-1
-1
-1
-1
-1
-1
-1
-1
-1
-1
-1
-1
-1
-1
-1
-1
-1
-1
-1
-1
-1
-1
-1
-1
-1
-1
-1
-1
-1
-1
-1
-1
-1
-1
-1
-1
-1
-1
-1
-1
-1
-1
-1
-1
-1
-1
-1
-1
-1
-1
-1
-1
-1
-1
-1
-1
-1
-1
-1
-1
-1
-1
-1
-1
-1
-1
-1
-1
-1
-1
-1
-1
-1
-1
-1
-1
-1
-1
-1
-1
-1
-1
-1
-1
-1
-1
-1
-1
-1
-1
-1
-1
-1
-1
-1
-1
-1
-1
-1
-1
-1
-1
-1
-1
-1
-1
-1
-1
-1
-1
-1
-1
-1
-1
-1
-1
-1
-1
-1
-1
-1
-1
-1
-1
-1
-1
-1
-1
-1
-1
-1
-1
-1
-1
-1
-1
-1
-1
-1
-1
-1
-1
-1
-1
-1
-1
-1
-1
-1
-1
-1
-1
-1
-1
-1
-1
-1
-1
-1
-1
-1
-1
-1
-1
-1
-1
-1
-1
-1
-1
-1
-1
-1
-1
-1
-1
-1
-1
-1
-1
-1
-1
-1
-1
-1
-1
-1
-1
-1
-1
-1
-1
-1
-1
-1
-1
-1
-1
-1
-1
-1
-1
-1
-1
-1
-1
-1
-1
-1
-1
-1
-1
-1
-1
-1
-1
-1
-1
-1
-1
-1
-1
-1
-1
-1
-1
-1
-1
-1
-1
-1
-1
-1
-1
-1
-1
-1
-1
-1
-1
-1
-1
-1
-1
-1
-1
-1
-1
-1
-1
-1
-1
-1
-1
-1
-1
-1
-1
-1
-1
-1
-1
-1
-1
-1
-1
-1
-1
-1
-1
-1
-1
-1
-1
-1
-1
-1
-1
-1
-1
-1
-1
-1
-1
-1
-1
-1
-1
-1
-1
-1
-1
-1
-1
-1
-1
-1
-1
-1
-1
-1
-1
-1
-1
-1
-1
-1
-1
-1
-1
-1
-1
-1
-1
-1
-1
-1
-1
-1
-1
-1
-1
-1
-1
-1
-1
-1
-1
-1
-1
-1
-1
-1
-1
-1
-1
-1
-1
-1
-1
-1
-1
-1
-1
-1
-1
-1
-1
-1
-1
-1
-1
-1
-1
-1
-1
-1
-1
-1
-1
-1
-1
-1
-1
-1
-1
-1
-1
-1
-1
-1
-1
-1
-1
-1
-1
-1
-1
-1
-1
-1
-1
-1
-1
-1
-1
-1
-1
-1
-1
-1
-1
-1
-1
-1
-1
-1
-1
-1
-1
-1
-1
-1
-1
-1
-1
-1
-1
-1
-1
-1
-1
-1
-1
-1
-1
-1
-1
-1
-1
-1
-1
-1
-1
-1
-1
-1
-1
-1
-1
-1
-1
-1
-1
-1
-1
-1
-1
-1
-1
-1
-1
-1
-1
-1
-1
-1
-1
-1
-1
-1
-1
-1
-1
-1
-1
-1
-1
-1
-1
-1
-1
-1
-1
-1
-1
-1
-1
-1
-1
-1
-1
-1
-1
-1
-1
-1
-1
-1
-1
-1
-1
-1
-1
-1
-1
-1
-1
-1
-1
-1
-1
-1
-1
-1
-1
-1
-1
-1
-1
-1
-1
-1
-1
-1
-1
-1
-1
-1
-1
-1
-1
-1
-1
-1
-1
-1
-1
-1
-1
-1
-1
-1
-1
-1
-1
-1
-1
-1
-1
-1
-1
-1
-1
-1
-1
-1
-1
-1
-1
-1
-1
-1
-1
-1
-1
-1
-1
-1
-1
-1
-1
-1
-1
-1
-1
-1
-1
-1
-1
-1
-1
-1
-1
-1
-1
-1
-1
-1
-1
-1
-1
-1
-1
-1
-1
-1
-1
-1
-1
-1
-1
-1
-1
-1
-1
-1
-1
-1
-1
-1
-1
-1
-1
-1
-1
-1
-1
-1
-1
-1
-1
-1
-1
-1
-1
-1
-1
-1
-1
-1
-1
-1
-1
-1
-1
-1
-1
-1
-1
-1
-1
-1
-1
-1
-1
-1
-1
-1
-1
-1
-1
-1
-1
-1
-1
-1
-1
-1
-1
-1
-1
-1
-1
-1
-1
-1
-1
-1
-1
-1
-1
-1
-1
-1
-1
-1
-1
-1
-1
-1
-1
-1
-1
-1
-1
-1
-1
-1
-1
-1
-1
-1
-1
-1
-1
-1
-1
-1
-1
-1
-1
-1
-1
-1
-1
-1
-1
-1
-1
-1
-1
-1
-1
-1
-1
-1
-1
-1
-1
-1
-1
-1
-1
-1
-1
-1
-1
-1
-1
-1
-1
-1
-1
-1
-1
-1
-1
-1
-1
-1
-1
-1
-1
-1
-1
-1
-1
-1
-1
-1
-1
-1
-1
-1
-1
-1
-1
-1
-1
-1
-1
-1
-1
-1
-1
-1
-1
-1
-1
-1
-1
-1
-1
-1
-1
-1
-1
-1
-1
-1
-1
-1
-1
-1
-1
-1
-1
-1
-1
-1
-1
-1
-1
-1
-1
-1
-1
-1
-1
-1
-1
-1
-1
-1
-1
-1
-1
-1
-1
-1
-1
-1
-1
-1
-1
-1
-1
-1
-1
-1
-1
-1
-1
-1
-1
-1
-1
-1
-1
-1
-1
-1
-1
-1
-1
-1
-1
-1
-1
-1
-1
-1
-1
-1
-1
-1
-1
-1
-1
-1
-1
-1
-1
-1
-1
-1
-1
-1
-1
-1
-1
-1
-1
-1
-1
-1
-1
-1
-1
-1
-1
-1
-1
-1
-1
-1
-1
-1
-1
-1
-1
-1
-1
-1
-1
-1
-1
-1
-1
-1
-1
-1
-1
-1
-1
-1
-1
-1
-1
-1
-1
-1
-1
-1
-1
-1
-1
-1
-1
-1
-1
-1
-1
-1
-1
-1
-1
-1
-1
-1
-1
-1
-1
-1
-1
-1
-1
-1
-1
-1
-1
-1
-1
-1
-1
-1
-1
-1
-1
-1
-1
-1
-1
-1
-1
-1
-1
-1
-1
-1
-1
-1
-1
-1
-1
-1
-1
-1
-1
-1
-1
-1
-1
-1
-1
-1
-1
-1
-1
-1
-1
-1
-1
-1
-1
-1
-1
-1
-1
-1
-1
-1
-1
-1
-1
-1
-1
-1
-1
-1
-1
-1
-1
-1
-1
-1
-1
-1
-1
-1
-1
-1
-1
-1
-1
-1
-1
-1
-1
-1
-1
-1
-1
-1
-1
-1
-1
-1
-1
-1
-1
-1
-1
-1
-1
-1
-1
-1
-1
-1
-1
-1
-1
-1
-1
-1
-1
-1
-1
-1
-1
-1
-1
-1
-1
-1
-1
-1
-1
-1
-1
-1
-1
-1
-1
-1
-1
-1
-1
-1
-1
-1
-1
-1
-1
-1
-1
-1
-1
-1
-1
-1
-1
-1
-1
-1
-1
-1
-1
-1
-1
-1
-1
-1
-1
-1
-1
-1
-1
-1
-1
-1
-1
-1
-1
-1
-1
-1
-1
-1
-1
-1
-1
-1
-1
-1
-1
-1
-1
-1
-1
-1
-1
-1
-1
-1
-1
-1
-1
-1
-1
-1
-1
-1
-1
-1
-1
-1
-1
-1
-1
-1
-1
-1
-1
-1
-1
-1
-1
-1
-1
-1
-1
-1
-1
-1
-1
-1
-1
-1
-1
-1
-1
-1
-1
-1
-1
-1
-1
-1
-1
-1
-1
-1
-1
-1
-1
-1
-1
-1
-1
-1
-1
-1
-1
-1
-1
-1
-1
-1
-1
-1
-1
-1
-1
-1
-1
-1
-1
-1
-1
-1
-1
-1
-1
-1
-1
-1
-1
-1
-1
-1
-1
-1
-1
-1
-1
-1
-1
-1
-1
-1
-1
-1
-1
-1
-1
-1
-1
-1
-1
-1
-1
-1
-1
-1
-1
-1
-1
-1
-1
-1
-1
-1
-1
-1
-1
-1
-1
-1
-1
-1
-1
-1
-1
-1
-1
-1
-1
-1
-1
-1
-1
-1
-1
-1
-1
-1
-1
-1
-1
-1
-1
-1
-1
-1
-1
-1
-1
-1
-1
-1
-1
-1
-1
-1
-1
-1
-1
-1
-1
-1
-1
-1
-1
-1
-1
-1
-1
-1
-1
-1
-1
-1
-1
-1
-1
-1
-1
-1
-1
-1
-1
-1
-1
-1
-1
-1
-1
-1
-1
-1
-1
-1
-1
-1
-1
-1
-1
-1
-1
-1
-1
-1
-1
-1
-1
-1
-1
-1
-1
-1
-1
-1
-1
-1
-1
-1
-1
-1
-1
-1
-1
-1
-1
-1
-1
-1
-1
-1
-1
-1
-1
-1
-1
-1
-1
-1
-1
-1
-1
-1
-1
-1
-1
-1
-1
-1
-1
-1
-1
-1
-1
-1
-1
-1
-1
-1
-1
-1
-1
-1
-1
-1
-1
-1
-1
-1
-1
-1
-1
-1
-1
-1
-1
-1
-1
-1
-1
-1
-1
-1
-1
-1
-1
-1
-1
-1
-1
-1
-1
-1
-1
-1
-1
-1
-1
-1
-1
-1
-1
-1
-1
-1
-1
-1
-1
-1
-1
-1
-1
-1
-1
-1
-1
-1
-1
-1
-1
-1
-1
-1
-1
-1
-1
-1
-1
-1
-1
-1
-1
-1
-1
-1
-1
-1
-1
-1
-1
-1
-1
-1
-1
-1
-1
-1
-1
-1
-1
-1
-1
-1
-1
-1
-1
-1
-1
-1
-1
-1
-1
-1
-1
-1
-1
-1
-1
-1
-1
-1
-1
-1
-1
-1
-1
-1
-1
-1
-1
-1
-1
-1
-1
-1
-1
-1
-1
-1
-1
-1
-1
-1
-1
-1
-1
-1
-1
-1
-1
-1
-1
-1
-1
-1
-1
-1
-1
-1
-1
-1
-1
-1
-1
-1
-1
-1
-1
-1
-1
-1
-1
-1
-1
-1
-1
-1
-1
-1
-1
-1
-1
-1
-1
-1
-1
-1
-1
-1
-1
-1
-1
-1
-1
-1
-1
-1
-1
-1
-1
-1
-1
-1
-1
-1
-1
-1
-1
-1
-1
-1
-1
-1
-1
-1
-1
-1
-1
-1
-1
-1
-1
-1
-1
-1
-1
-1
-1
-1
-1
-1
-1
-1
-1
-1
-1
-1
-1
-1
-1
-1
-1
-1
-1
-1
-1
-1
-1
-1
-1
-1
-1
-1
-1
-1
-1
-1
-1
-1
-1
-1
-1
-1
-1
-1
-1
-1
-1
-1
-1
-1
-1
-1
-1
-1
-1
-1
-1
-1
-1
-1
-1
-1
-1
-1
-1
-1
-1
-1
-1
-1
-1
-1
-1
-1
-1
-1
-1
-1
-1
-1
-1
-1
-1
-1
-1
-1
-1
-1
-1
-1
-1
-1
-1
-1
-1
-1
-1
-1
-1
-1
-1
-1
-1
-1
-1
-1
-1
-1
-1
-1
-1
-1
-1
-1
-1
-1
-1
-1
-1
-1
-1
-1
-1
-1
-1
-1
-1
-1
-1
-1
-1
-1
-1
-1
-1
-1
-1
-1
-1
-1
-1
-1
-1
-1
-1
-1
-1
-1
-1
-1
-1
-1
-1
-1
-1
-1
-1
-1
-1
-1
-1
-1
-1
-1
-1
-1
-1
-1
-1
-1
-1
-1
-1
-1
-1
-1
-1
-1
-1
-1
-1
-1
-1
-1
-1
-1
-1
-1
-1
-1
-1
-1
-1
-1
-1
-1
-1
-1
-1
-1
-1
-1
-1
-1
-1
-1
-1
-1
-1
-1
-1
-1
-1
-1
-1
-1
-1
-1
-1
-1
-1
-1
-1
-1
-1
-1
-1
-1
-1
-1
-1
-1
-1
-1
-1
-1
-1
-1
-1
-1
-1
-1
-1
-1
-1
-1
-1
-1
-1
-1
-1
-1
-1
-1
-1
-1
-1
-1
-1
-1
-1
-1
-1
-1
-1
-1
-1
-1
-1
-1
-1
-1
-1
-1
-1
-1
-1
-1
-1
-1
-1
-1
-1
-1
-1
-1
-1
-1
-1
-1
-1
-1
-1
-1
-1
-1
-1
-1
-1
-1
-1
-1
-1
-1
-1
-1
-1
-1
-1
-1
-1
-1
-1
-1
-1
-1
-1
-1
-1
-1
-1
-1
-1
-1
-1
-1
-1
-1
-1
-1
-1
-1
-1
-1
-1
-1
-1
-1
-1
-1
-1
-1
-1
-1
-1
-1
-1
-1
-1
-1
-1
-1
-1
-1
-1
-1
-1
-1
-1
-1
-1
-1
-1
-1
-1
-1
-1
-1
-1
-1
-1
-1
-1
-1
-1
-1
-1
-1
-1
-1
-1
-1
-1
-1
-1
-1
-1
-1
-1
-1
-1
-1
-1
-1
-1
-1
-1
-1
-1
-1
-1
-1
-1
-1
-1
-1
-1
-1
-1
-1
-1
-1
-1
-1
-1
-1
-1
-1
-1
-1
-1
-1
-1
-1
-1
-1
-1
-1
-1
-1
-1
-1
-1
-1
-1
-1
-1
-1
-1
-1
-1
-1
-1
-1
-1
-1
-1
-1
-1
-1
-1
-1
-1
-1
-1
-1
-1
-1
-1
-1
-1
-1
-1
-1
-1
-1
-1
-1
-1
-1
-1
-1
-1
-1
-1
-1
-1
-1
-1
-1
-1
-1
-1
-1
-1
-1
-1
-1
-1
-1
-1
-1
-1
-1
-1
-1
-1
-1
-1
-1
-1
-1
-1
-1
-1
-1
-1
-1
-1
-1
-1
-1
-1
-1
-1
-1
-1
-1
-1
-1
-1
-1
-1
-1
-1
-1
-1
-1
-1
-1
-1
-1
-1
-1
-1
-1
-1
-1
-1
-1
-1
-1
-1
-1
-1
-1
-1
-1
-1
-1
-1
-1
-1
-1
-1
-1
-1
-1
-1
-1
-1
-1
-1
-1
-1
-1
-1
-1
-1
-1
-1
-1
-1
-1
-1
-1
-1
-1
-1
-1
-1
-1
-1
-1
-1
-1
-1
-1
-1
-1
-1
-1
-1
-1
-1
-1
-1
-1
-1
-1
-1
-1
-1
-1
-1
-1
-1
-1
-1
-1
-1
-1
-1
-1
-1
-1
-1
-1
-1
-1
-1
-1
-1
-1
-1
-1
-1
-1
-1
-1
-1
-1
-1
-1
-1
-1
-1
-1
-1
-1
-1
-1
-1
-1
-1
-1
-1
-1
-1
-1
-1
-1
-1
-1
-1
-1
-1
-1
-1
-1
-1
-1
-1
-1
-1
-1
-1
-1
-1
-1
-1
-1
-1
-1
-1
-1
-1
-1
-1
-1
-1
-1
-1
-1
-1
-1
-1
-1
-1
-1
-1
-1
-1
-1
-1
-1
-1
-1
-1
-1
-1
-1
-1
-1
-1
-1
-1
-1
-1
-1
-1
-1
-1
-1
-1
-1
-1
-1
-1
-1
-1
-1
-1
-1
-1
-1
-1
-1
-1
-1
-1
-1
-1
-1
-1
-1
-1
-1
-1
-1
-1
-1
-1
-1
-1
-1
-1
-1
-1
-1
-1
-1
-1
-1
-1
-1
-1
-1
-1
-1
-1
-1
-1
-1
-1
-1
-1
-1
-1
-1
-1
-1
-1
-1
-1
-1
-1
-1
-1
-1
-1
-1
-1
-1
-1
-1
-1
-1
-1
-1
-1
-1
-1
-1
-1
-1
-1
-1
-1
-1
-1
-1
-1
-1
-1
-1
-1
-1
-1
-1
-1
-1
-1
-1
-1
-1
-1
-1
-1
-1
-1
-1
-1
-1
-1
-1
-1
-1
-1
-1
-1
-1
-1
-1
-1
-1
-1
-1
-1
-1
-1
-1
-1
-1
-1
-1
-1
-1
-1
-1
-1
-1
-1
-1
-1
-1
-1
-1
-1
-1
-1
-1
-1
-1
-1
-1
-1
-1
-1
-1
-1
-1
-1
-1
-1
-1
-1
-1
-1
-1
-1
-1
-1
-1
-1
-1
-1
-1
-1
-1
-1
-1
-1
-1
-1
-1
-1
-1
-1
-1
-1
-1
-1
-1
-1
-1
-1
-1
-1
-1
-1
-1
-1
-1
-1
-1
-1
-1
-1
-1
-1
-1
-1
-1
-1
-1
-1
-1
-1
-1
-1
-1
-1
-1
-1
-1
-1
-1
-1
-1
-1
-1
-1
-1
-1
-1
-1
-1
-1
-1
-1
-1
-1
-1
-1
-1
-1
-1
-1
-1
-1
-1
-1
-1
-1
-1
-1
-1
-1
-1
-1
-1
-1
-1
-1
-1
-1
-1
-1
-1
-1
-1
-1
-1
-1
-1
-1
-1
-1
-1
-1
-1
-1
-1
-1
-1
-1
-1
-1
-1
-1
-1
-1
-1
-1
-1
-1
-1
-1
-1
-1
-1
-1
-1
-1
-1
-1
-1
-1
-1
-1
-1
-1
-1
-1
-1
-1
-1
-1
-1
-1
-1
-1
-1
-1
-1
-1
-1
-1
-1
-1
-1
-1
-1
-1
-1
-1
-1
-1
-1
-1
-1
-1
-1
-1
-1
-1
-1
-1
-1
-1
-1
-1
-1
-1
-1
-1
-1
-1
-1
-1
-1
-1
-1
-1
-1
-1
-1
-1
-1
-1
-1
-1
-1
-1
-1
-1
-1
-1
-1
-1
-1
-1
-1
-1
-1
-1
-1
-1
-1
-1
-1
-1
-1
-1
-1
-1
-1
-1
-1
-1
-1
-1
-1
-1
-1
-1
-1
-1
-1
-1
-1
-1
-1
-1
-1
-1
-1
-1
-1
-1
-1
-1
-1
-1
-1
-1
-1
-1
-1
-1
-1
-1
-1
-1
-1
-1
-1
-1
-1
-1
-1
-1
-1
-1
-1
-1
-1
-1
-1
-1
-1
-1
-1
-1
-1
-1
-1
-1
-1
-1
-1
-1
-1
-1
-1
-1
-1
-1
-1
-1
-1
-1
-1
-1
-1
-1
-1
-1
-1
-1
-1
-1
-1
-1
-1
-1
-1
-1
-1
-1
-1
-1
-1
-1
-1
-1
-1
-1
-1
-1
-1
-1
-1
-1
-1
-1
-1
-1
-1
-1
-1
-1
-1
-1
-1
-1
-1
-1
-1
-1
-1
-1
-1
-1
-1
-1
-1
-1
-1
-1
-1
-1
-1
-1
-1
-1
-1
-1
-1
-1
-1
-1
-1
-1
-1
-1
-1
-1
-1
-1
-1
-1
-1
-1
-1
-1
-1
-1
-1
-1
-1
-1
-1
-1
-1
-1
-1
-1
-1
-1
-1
-1
-1
-1
-1
-1
-1
-1
-1
-1
-1
-1
-1
-1
-1
-1
-1
-1
-1
-1
-1
-1
-1
-1
-1
-1
-1
-1
-1
-1
-1
-1
-1
-1
-1
-1
-1
-1
-1
-1
-1
-1
-1
-1
-1
-1
-1
-1
-1
-1
-1
-1
-1
-1
-1
-1
-1
-1
-1
-1
-1
-1
-1
-1
-1
-1
-1
-1
-1
-1
-1
-1
-1
-1
-1
-1
-1
-1
-1
-1
-1
-1
-1
-1
-1
-1
-1
-1
-1
-1
-1
-1
-1
-1
-1
-1
-1
-1
-1
-1
-1
-1
-1
-1
-1
-1
-1
-1
-1
-1
-1
-1
-1
-1
-1
-1
-1
-1
-1
-1
-1
-1
-1
-1
-1
-1
-1
-1
-1
-1
-1
-1
-1
-1
-1
-1
-1
-1
-1
-1
-1
-1
-1
-1
-1
-1
-1
-1
-1
-1
-1
-1
-1
-1
-1
-1
-1
-1
-1
-1
-1
-1
-1
-1
-1
-1
-1
-1
-1
-1
-1
-1
-1
-1
-1
-1
-1
-1
-1
-1
-1
-1
-1
-1
-1
-1
-1
-1
-1
-1
-1
-1
-1
-1
-1
-1
-1
-1
-1
-1
-1
-1
-1
-1
-1
-1
-1
-1
-1
-1
-1
-1
-1
-1
-1
-1
-1
-1
-1
-1
-1
-1
-1
-1
-1
-1
-1
-1
-1
-1
-1
-1
-1
-1
-1
-1
-1
-1
-1
-1
-1
-1
-1
-1
-1
-1
-1
-1
-1
-1
-1
-1
-1
-1
-1
-1
-1
-1
-1
-1
-1
-1
-1
-1
-1
-1
-1
-1
-1
-1
-1
-1
-1
-1
-1
-1
-1
-1
-1
-1
-1
-1
-1
-1
-1
-1
-1
-1
-1
-1
-1
-1
-1
-1
-1
-1
-1
-1
-1
-1
-1
-1
-1
-1
-1
-1
-1
-1
-1
-1
-1
-1
-1
-1
-1
-1
-1
-1
-1
-1
-1
-1
-1
-1
-1
-1
-1
-1
-1
-1
-1
-1
-1
-1
-1
-1
-1
-1
-1
-1
-1
-1
-1
-1
-1
-1
-1
-1
-1
-1
-1
-1
-1
-1
-1
-1
-1
-1
-1
-1
-1
-1
-1
-1
-1
-1
-1
-1
-1
-1
-1
-1
-1
-1
-1
-1
-1
-1
-1
-1
-1
-1
-1
-1
-1
-1
-1
-1
-1
-1
-1
-1
-1
-1
-1
-1
-1
-1
-1
-1
-1
-1
-1
-1
-1
-1
-1
-1
-1
-1
-1
-1
-1
-1
-1
-1
-1
-1
-1
-1
-1
-1
-1
-1
-1
-1
-1
-1
-1
-1
-1
-1
-1
-1
-1
-1
-1
-1
-1
-1
-1
-1
-1
-1
-1
-1
-1
-1
-1
-1
-1
-1
-1
-1
-1
-1
-1
-1
-1
-1
-1
-1
-1
-1
-1
-1
-1
-1
-1
-1
-1
-1
-1
-1
-1
-1
-1
-1
-1
-1
-1
-1
-1
-1
-1
-1
-1
-1
-1
-1
-1
-1
-1
-1
-1
-1
-1
-1
-1
-1
-1
-1
-1
-1
-1
-1
-1
-1
-1
-1
-1
-1
-1
-1
-1
-1
-1
-1
-1
-1
-1
-1
-1
-1
-1
-1
-1
-1
-1
-1
-1
-1
-1
-1
-1
-1
-1
-1
-1
-1
-1
-1
-1
-1
-1
-1
-1
-1
-1
-1
-1
-1
-1
-1
-1
-1
-1
-1
-1
-1
-1
-1
-1
-1
-1
-1
-1
-1
-1
-1
-1
-1
-1
-1
-1
-1
-1
-1
-1
-1
-1
-1
-1
-1
-1
-1
-1
-1
-1
-1
-1
-1
-1
-1
-1
-1
-1
-1
-1
-1
-1
-1
-1
-1
-1
-1
-1
-1
-1
-1
-1
-1
-1
-1
-1
-1
-1
-1
-1
-1
-1
-1
-1
-1
-1
-1
-1
-1
-1
-1
-1
-1
-1
-1
-1
-1
-1
-1
-1
-1
-1
-1
-1
-1
-1
-1
-1
-1
-1
-1
-1
-1
-1
-1
-1
-1
-1
-1
-1
-1
-1
-1
-1
-1
-1
-1
-1
-1
-1
-1
-1
-1
-1
-1
-1
-1
-1
-1
-1
-1
-1
-1
-1
-1
-1
-1
-1
-1
-1
-1
-1
-1
-1
-1
-1
-1
-1
-1
-1
-1
-1
-1
-1
-1
-1
-1
-1
-1
-1
-1
-1
-1
-1
-1
-1
-1
-1
-1
-1
-1
-1
-1
-1
-1
-1
-1
-1
-1
-1
-1
-1
-1
-1
-1
-1
-1
-1
-1
-1
-1
-1
-1
-1
-1
-1
-1
-1
-1
-1
-1
-1
-1
-1
-1
-1
-1
-1
-1
-1
-1
-1
-1
-1
-1
-1
-1
-1
-1
-1
-1
-1
-1
-1
-1
-1
-1
-1
-1
-1
-1
-1
-1
-1
-1
-1
-1
-1
-1
-1
-1
-1
-1
-1
-1
-1
-1
-1
-1
-1
-1
-1
-1
-1
-1
-1
-1
-1
-1
-1
-1
-1
-1
-1
-1
-1
-1
-1
-1
-1
-1
-1
-1
-1
-1
-1
-1
-1
-1
-1
-1
-1
-1
-1
-1
-1
-1
-1
-1
-1
-1
-1
-1
-1
-1
-1
-1
-1
-1
-1
-1
-1
-1
-1
-1
-1
-1
-1
-1
-1
-1
-1
-1
-1
-1
-1
-1
-1
-1
-1
-1
-1
-1
-1
-1
-1
-1
-1
-1
-1
-1
-1
-1
-1
-1
-1
-1
-1
-1
-1
-1
-1
-1
-1
-1
-1
-1
-1
-1
-1
-1
-1
-1
-1
-1
-1
-1
-1
-1
-1
-1
-1
-1
-1
-1
-1
-1
-1
-1
-1
-1
-1
-1
-1
-1
-1
-1
-1
-1
-1
-1
-1
-1
-1
-1
-1
-1
-1
-1
-1
-1
-1
-1
-1
-1
-1
-1
-1
-1
-1
-1
-1
-1
-1
-1
-1
-1
-1
-1
-1
-1
-1
-1
-1
-1
-1
-1
-1
-1
-1
-1
-1
-1
-1
-1
-1
-1
-1
-1
-1
-1
-1
-1
-1
-1
-1
-1
-1
-1
-1
-1
-1
-1
-1
-1
-1
-1
-1
-1
-1
-1
-1
-1
-1
-1
-1
-1
-1
-1
-1
-1
-1
-1
-1
-1
-1
-1
-1
-1
-1
-1
-1
-1
-1
-1
-1
-1
-1
-1
-1
-1
-1
-1
-1
-1
-1
-1
-1
-1
-1
-1
-1
-1
-1
-1
-1
-1
-1
-1
-1
-1
-1
-1
-1
-1
-1
-1
-1
-1
-1
-1
-1
-1
-1
-1
-1
-1
-1
-1
-1
-1
-1
-1
-1
-1
-1
-1
-1
-1
-1
-1
-1
-1
-1
-1
-1
-1
-1
-1
-1
-1
-1
-1
-1
-1
-1
-1
-1
-1
-1
-1
-1
-1
-1
-1
-1
-1
-1
-1
-1
-1
-1
-1
-1
-1
-1
-1
-1
-1
-1
-1
-1
-1
-1
-1
-1
-1
-1
-1
-1
-1
-1
-1
-1
-1
-1
-1
-1
-1
-1
-1
-1
-1
-1
-1
-1
-1
-1
-1
-1
-1
-1
-1
-1
-1
-1
-1
-1
-1
-1
-1
-1
-1
-1
-1
-1
-1
-1
-1
-1
-1
-1
-1
-1
-1
-1
-1
-1
-1
-1
-1
-1
-1
-1
-1
-1
-1
-1
-1
-1
-1
-1
-1
-1
-1
-1
-1
-1
-1
-1
-1
-1
-1
-1
-1
-1
-1
-1
-1
-1
-1
-1
-1
-1
-1
-1
-1
-1
-1
-1
-1
-1
-1
-1
-1
-1
-1
-1
-1
-1
-1
-1
-1
-1
-1
-1
-1
-1
-1
-1
-1
-1
-1
-1
-1
-1
-1
-1
-1
-1
-1
-1
-1
-1
-1
-1
-1
-1
-1
-1
-1
-1
-1
-1
-1
-1
-1
-1
-1
-1
-1
-1
-1
-1
-1
-1
-1
-1
-1
-1
-1
-1
-1
-1
-1
-1
-1
-1
-1
-1
-1
-1
-1
-1
-1
-1
-1
-1
-1
-1
-1
-1
-1
-1
-1
-1
-1
-1
-1
-1
-1
-1
-1
-1
-1
-1
-1
-1
-1
-1
-1
-1
-1
-1
-1
-1
-1
-1
-1
-1
-1
-1
-1
-1
-1
-1
-1
-1
-1
-1
-1
-1
-1
-1
-1
-1
-1
-1
-1
-1
-1
-1
-1
-1
-1
-1
-1
-1
-1
-1
-1
-1
-1
-1
-1
-1
-1
-1
-1
-1
-1
-1
-1
-1
-1
-1
-1
-1
-1
-1
-1
-1
-1
-1
-1
-1
-1
-1
-1
-1
-1
-1
-1
-1
-1
-1
-1
-1
-1
-1
-1
-1
-1
-1
-1
-1
-1
-1
-1
-1
-1
-1
-1
-1
-1
-1
-1
-1
-1
-1
-1
-1
-1
-1
-1
-1
-1
-1
-1
-1
-1
-1
-1
-1
-1
-1
-1
-1
-1
-1
-1
-1
-1
-1
-1
-1
-1
-1
-1
-1
-1
-1
-1
-1
-1
-1
-1
-1
-1
-1
-1
-1
-1
-1
-1
-1
-1
-1
-1
-1
-1
-1
-1
-1
-1
-1
-1
-1
-1
-1
-1
-1
-1
-1
-1
-1
-1
-1
-1
-1
-1
-1
-1
-1
-1
-1
-1
-1
-1
-1
-1
-1
-1
-1
-1
-1
-1
-1
-1
-1
-1
-1
-1
-1
-1
-1
-1
-1
-1
-1
-1
-1
-1
-1
-1
-1
-1
-1
-1
-1
-1
-1
-1
-1
-1
-1
-1
-1
-1
-1
-1
-1
-1
-1
-1
-1
-1
-1
-1
-1
-1
-1
-1
-1
-1
-1
-1
-1
-1
-1
-1
-1
-1
-1
-1
-1
-1
-1
-1
-1
-1
-1
-1
-1
-1
-1
-1
-1
-1
-1
-1
-1
-1
-1
-1
-1
-1
-1
-1
-1
-1
-1
-1
-1
-1
-1
-1
-1
-1
-1
-1
-1
-1
-1
-1
-1
-1
-1
-1
-1
-1
-1
-1
-1
-1
-1
-1
-1
-1
-1
-1
-1
-1
-1
-1
-1
-1
-1
-1
-1
-1
-1
-1
-1
-1
-1
-1
-1
-1
-1
-1
-1
-1
-1
-1
-1
-1
-1
-1
-1
-1
-1
-1
-1
-1
-1
-1
-1
-1
-1
-1
-1
-1
-1
-1
-1
-1
-1
-1
-1
-1
-1
-1
-1
-1
-1
-1
-1
-1
-1
-1
-1
-1
-1
-1
-1
-1
-1
-1
-1
-1
-1
-1
-1
-1
-1
-1
-1
-1
-1
-1
-1
-1
-1
-1
-1
-1
-1
-1
-1
-1
-1
-1
-1
-1
-1
-1
-1
-1
-1
-1
-1
-1
-1
-1
-1
-1
-1
-1
-1
-1
-1
-1
-1
-1
-1
-1
-1
-1
-1
-1
-1
-1
-1
-1
-1
-1
-1
-1
-1
-1
-1
-1
-1
-1
-1
-1
-1
-1
-1
-1
-1
-1
-1
-1
-1
-1
-1
-1
-1
-1
-1
-1
-1
-1
-1
-1
-1
-1
-1
-1
-1
-1
-1
-1
-1
-1
-1
-1
-1
-1
-1
-1
-1
-1
-1
-1
-1
-1
-1
-1
-1
-1
-1
-1
-1
-1
-1
-1
-1
-1
-1
-1
-1
-1
-1
-1
-1
-1
-1
-1
-1
-1
-1
-1
-1
-1
-1
-1
-1
-1
-1
-1
-1
-1
-1
-1
-1
-1
-1
-1
-1
-1
-1
-1
-1
-1
-1
-1
-1
-1
-1
-1
-1
-1
-1
-1
-1
-1
-1
-1
-1
-1
-1
-1
-1
-1
-1
-1
-1
-1
-1
-1
-1
-1
-1
-1
-1
-1
-1
-1
-1
-1
-1
-1
-1
-1
-1
-1
-1
-1
-1
-1
-1
-1
-1
-1
-1
-1
-1
-1
-1
-1
-1
-1
-1
-1
-1
-1
-1
-1
-1
-1
-1
-1
-1
-1
-1
-1
-1
-1
-1
-1
-1
-1
-1
-1
-1
-1
-1
-1
-1
-1
-1
-1
-1
-1
-1
-1
-1
-1
-1
-1
-1
-1
-1
-1
-1
-1
-1
-1
-1
-1
-1
-1
-1
-1
-1
-1
-1
-1
-1
-1
-1
-1
-1
-1
-1
-1
-1
-1
-1
-1
-1
-1
-1
-1
-1
-1
-1
-1
-1
-1
-1
-1
-1
-1
-1
-1
-1
-1
-1
-1
-1
-1
-1
-1
-1
-1
-1
-1
-1
-1
-1
-1
-1
-1
-1
-1
-1
-1
-1
-1
-1
-1
-1
-1
-1
-1
-1
-1
-1
-1
-1
-1
-1
-1
-1
-1
-1
-1
-1
-1
-1
-1
-1
-1
-1
-1
-1
-1
-1
-1
-1
-1
-1
-1
-1
-1
-1
-1
-1
-1
-1
-1
-1
-1
-1
-1
-1
-1
-1
-1
-1
-1
-1
-1
-1
-1
-1
-1
-1
-1
-1
-1
-1
-1
-1
-1
-1
-1
-1
-1
-1
-1
-1
-1
-1
-1
-1
-1
-1
-1
-1
-1
-1
-1
-1
-1
-1
-1
-1
-1
-1
-1
-1
-1
-1
-1
-1
-1
-1
-1
-1
-1
-1
-1
-1
-1
-1
-1
-1
-1
-1
-1
-1
-1
-1
-1
-1
-1
-1
-1
-1
-1
-1
-1
-1
-1
-1
-1
-1
-1
-1
-1
-1
-1
-1
-1
-1
-1
-1
-1
-1
-1
-1
-1
-1
-1
-1
-1
-1
-1
-1
-1
-1
-1
-1
-1
-1
-1
-1
-1
-1
-1
-1
-1
-1
-1
-1
-1
-1
-1
-1
-1
-1
-1
-1
-1
-1
-1
-1
-1
-1
-1
-1
-1
-1
-1
-1
-1
-1
-1
-1
-1
-1
-1
-1
-1
-1
-1
-1
-1
-1
-1
-1
-1
-1
-1
-1
-1
-1
-1
-1
-1
-1
-1
-1
-1
-1
-1
-1
-1
-1
-1
-1
-1
-1
-1
-1
-1
-1
-1
-1
-1
-1
-1
-1
-1
-1
-1
-1
-1
-1
-1
-1
-1
-1
-1
-1
-1
-1
-1
-1
-1
-1
-1
-1
-1
-1
-1
-1
-1
-1
-1
-1
-1
-1
-1
-1
-1
-1
-1
-1
-1
-1
-1
-1
-1
-1
-1
-1
-1
-1
-1
-1
-1
-1
-1
-1
-1
-1
-1
-1
-1
-1
-1
-1
-1
-1
-1
-1
-1
-1
-1
-1
-1
-1
-1
-1
-1
-1
-1
-1
-1
-1
-1
-1
-1
-1
-1
-1
-1
-1
-1
-1
-1
-1
-1
-1
-1
-1
-1
-1
-1
-1
-1
-1
-1
-1
-1
-1
-1
-1
-1
-1
-1
-1
-1
-1
-1
-1
-1
-1
-1
-1
-1
-1
-1
-1
-1
-1
-1
-1
-1
-1
-1
-1
-1
-1
-1
-1
-1
-1
-1
-1
-1
-1
-1
-1
-1
-1
-1
-1
-1
-1
-1
-1
-1
-1
-1
-1
-1
-1
-1
-1
-1
-1
-1
-1
-1
-1
-1
-1
-1
-1
-1
-1
-1
-1
-1
-1
-1
-1
-1
-1
-1
-1
-1
-1
-1
-1
-1
-1
-1
-1
-1
-1
-1
-1
-1
-1
-1
-1
-1
-1
-1
-1
-1
-1
-1
-1
-1
-1
-1
-1
-1
-1
-1
-1
-1
-1
-1
-1
-1
-1
-1
-1
-1
-1
-1
-1
-1
-1
-1
-1
-1
-1
-1
-1
-1
-1
-1
-1
-1
-1
-1
-1
-1
-1
-1
-1
-1
-1
-1
-1
-1
-1
-1
-1
-1
-1
-1
-1
-1
-1
-1
-1
-1
-1
-1
-1
-1
-1
-1
-1
-1
-1
-1
-1
-1
-1
-1
-1
-1
-1
-1
-1
-1
-1
-1
-1
-1
-1
-1
-1
-1
-1
-1
-1
-1
-1
-1
-1
-1
-1
-1
-1
-1
-1
-1
-1
-1
-1
-1
-1
-1
-1
-1
-1
-1
-1
-1
-1
-1
-1
-1
-1
-1
-1
-1
-1
-1
-1
-1
-1
-1
-1
-1
-1
-1
-1
-1
-1
-1
-1
-1
-1
-1
-1
-1
-1
-1
-1
-1
-1
-1
-1
-1
-1
-1
-1
-1
-1
-1
-1
-1
-1
-1
-1
-1
-1
-1
-1
-1
-1
-1
-1
-1
-1
-1
-1
-1
-1
-1
-1
-1
-1
-1
-1
-1
-1
-1
-1
-1
-1
-1
-1
-1
-1
-1
-1
-1
-1
-1
-1
-1
-1
-1
-1
-1
-1
-1
-1
-1
-1
-1
-1
-1
-1
-1
-1
-1
-1
-1
-1
-1
-1
-1
-1
-1
-1
-1
-1
-1
-1
-1
-1
-1
-1
-1
-1
-1
-1
-1
-1
-1
-1
-1
-1
-1
-1
-1
-1
-1
-1
-1
-1
-1
-1
-1
-1
-1
-1
-1
-1
-1
-1
-1
-1
-1
-1
-1
-1
-1
-1
-1
-1
-1
-1
-1
-1
-1
-1
-1
-1
-1
-1
-1
-1
-1
-1
-1
-1
-1
-1
-1
-1
-1
-1
-1
-1
-1
-1
-1
-1
-1
-1
-1
-1
-1
-1
-1
-1
-1
-1
-1
-1
-1
-1
-1
-1
-1
-1
-1
-1
-1
-1
-1
-1
-1
-1
-1
-1
-1
-1
-1
-1
-1
-1
-1
-1
-1
-1
-1
-1
-1
-1
-1
-1
-1
-1
-1
-1
-1
-1
-1
-1
-1
-1
-1
-1
-1
-1
-1
-1
-1
-1
-1
-1
-1
-1
-1
-1
-1
-1
-1
-1
-1
-1
-1
-1
-1
-1
-1
-1
-1
-1
-1
-1
-1
-1
-1
-1
-1
-1
-1
-1
-1
-1
-1
-1
-1
-1
-1
-1
-1
-1
-1
-1
-1
-1
-1
-1
-1
-1
-1
-1
-1
-1
-1
-1
-1
-1
-1
-1
-1
-1
-1
-1
-1
-1
-1
-1
-1
-1
-1
-1
-1
-1
-1
-1
-1
-1
-1
-1
-1
-1
-1
-1
-1
-1
-1
-1
-1
-1
-1
-1
-1
-1
-1
-1
-1
-1
-1
-1
-1
-1
-1
-1
-1
-1
-1
-1
-1
-1
-1
-1
-1
-1
-1
-1
-1
-1
-1
-1
-1
-1
-1
-1
-1
-1
-1
-1
-1
-1
-1
-1
-1
-1
-1
-1
-1
-1
-1
-1
-1
-1
-1
-1
-1
-1
-1
-1
-1
-1
-1
-1
-1
-1
-1
-1
-1
-1
-1
-1
-1
-1
-1
-1
-1
-1
-1
-1
-1
-1
-1
-1
-1
-1
-1
-1
-1
-1
-1
-1
-1
-1
-1
-1
-1
-1
-1
-1
-1
-1
-1
-1
-1
-1
-1
-1
-1
-1
-1
-1
-1
-1
-1
-1
-1
-1
-1
-1
-1
-1
-1
-1
-1
-1
-1
-1
-1
-1
-1
-1
-1
-1
-1
-1
-1
-1
-1
-1
-1
-1
-1
-1
-1
-1
-1
-1
-1
-1
-1
-1
-1
-1
-1
-1
-1
-1
-1
-1
-1
-1
-1
-1
-1
-1
-1
-1
-1
-1
-1
-1
-1
-1
-1
-1
-1
-1
-1
-1
-1
-1
-1
-1
-1
-1
-1
-1
-1
-1
-1
-1
-1
-1
-1
-1
-1
-1
-1
-1
-1
-1
-1
-1
-1
-1
-1
-1
-1
-1
-1
-1
-1
-1
-1
-1
-1
-1
-1
-1
-1
-1
-1
-1
-1
-1
-1
-1
-1
-1
-1
-1
-1
-1
-1
-1
-1
-1
-1
-1
-1
-1
-1
-1
-1
-1
-1
-1
-1
-1
-1
-1
-1
-1
-1
-1
-1
-1
-1
-1
-1
-1
-1
-1
-1
-1
-1
-1
-1
-1
-1
-1
-1
-1
-1
-1
-1
-1
-1
-1
-1
-1
-1
-1
-1
-1
-1
-1
-1
-1
-1
-1
-1
-1
-1
-1
-1
-1
-1
-1
-1
-1
-1
-1
-1
-1
-1
-1
-1
-1
-1
-1
-1
-1
-1
-1
-1
-1
-1
-1
-1
-1
-1
-1
-1
-1
-1
-1
-1
-1
-1
-1
-1
-1
-1
-1
-1
-1
-1
-1
-1
-1
-1
-1
-1
-1
-1
-1
-1
-1
-1
-1
-1
-1
-1
-1
-1
-1
-1
-1
-1
-1
-1
-1
-1
-1
-1
-1
-1
-1
-1
-1
-1
-1
-1
-1
-1
-1
-1
-1
-1
-1
-1
-1
-1
-1
-1
-1
-1
-1
-1
-1
-1
-1
-1
-1
-1
-1
-1
-1
-1
-1
-1
-1
-1
-1
-1
-1
-1
-1
-1
-1
-1
-1
-1
-1
-1
-1
-1
-1
-1
-1
-1
-1
-1
-1
-1
-1
-1
-1
-1
-1
-1
-1
-1
-1
-1
-1
-1
-1
-1
-1
-1
-1
-1
-1
-1
-1
-1
-1
-1
-1
-1
-1
-1
-1
-1
-1
-1
-1
-1
-1
-1
-1
-1
-1
-1
-1
-1
-1
-1
-1
-1
-1
-1
-1
-1
-1
-1
-1
-1
-1
-1
-1
-1
-1
-1
-1
-1
-1
-1
-1
-1
-1
-1
-1
-1
-1
-1
-1
-1
-1
-1
-1
-1
-1
-1
-1
-1
-1
-1
-1
-1
-1
-1
-1
-1
-1
-1
-1
-1
-1
-1
-1
-1
-1
-1
-1
-1
-1
-1
-1
-1
-1
-1
-1
-1
-1
-1
-1
-1
-1
-1
-1
-1
-1
-1
-1
-1
-1
-1
-1
-1
-1
-1
-1
-1
-1
-1
-1
-1
-1
-1
-1
-1
-1
-1
-1
-1
-1
-1
-1
-1
-1
-1
-1
-1
-1
-1
-1
-1
-1
-1
-1
-1
-1
-1
-1
-1
-1
-1
-1
-1
-1
-1
-1
-1
-1
-1
-1
-1
-1
-1
-1
-1
-1
-1
-1
-1
-1
-1
-1
-1
-1
-1
-1
-1
-1
-1
-1
-1
-1
-1
-1
-1
-1
-1
-1
-1
-1
-1
-1
-1
-1
-1
-1
-1
-1
-1
-1
-1
-1
-1
-1
-1
-1
-1
-1
-1
-1
-1
-1
-1
-1
-1
-1
-1
-1
-1
-1
-1
-1
-1
-1
-1
-1
-1
-1
-1
-1
-1
-1
-1
-1
-1
-1
-1
-1
-1
-1
-1
-1
-1
-1
-1
-1
-1
-1
-1
-1
-1
-1
-1
-1
-1
-1
-1
-1
-1
-1
-1
-1
-1
-1
-1
-1
-1
-1
-1
-1
-1
-1
-1
-1
-1
-1
-1
-1
-1
-1
-1
-1
-1
-1
-1
-1
-1
-1
-1
-1
-1
-1
-1
-1
-1
-1
-1
-1
-1
-1
-1
-1
-1
-1
-1
-1
-1
-1
-1
-1
-1
-1
-1
-1
-1
-1
-1
-1
-1
-1
-1
-1
-1
-1
-1
-1
-1
-1
-1
-1
-1
-1
-1
-1
-1
-1
-1
-1
-1
-1
-1
-1
-1
-1
-1
-1
-1
-1
-1
-1
-1
-1
-1
-1
-1
-1
-1
-1
-1
-1
-1
-1
-1
-1
-1
-1
-1
-1
-1
-1
-1
-1
-1
-1
-1
-1
-1
-1
-1
-1
-1
-1
-1
-1
-1
-1
-1
-1
-1
-1
-1
-1
-1
-1
-1
-1
-1
-1
-1
-1
-1
-1
-1
-1
-1
-1
-1
-1
-1
-1
-1
-1
-1
-1
-1
-1
-1
-1
-1
-1
-1
-1
-1
-1
-1
-1
-1
-1
-1
-1
-1
-1
-1
-1
-1
-1
-1
-1
-1
-1
-1
-1
-1
-1
-1
-1
-1
-1
-1
-1
-1
-1
-1
-1
-1
-1
-1
-1
-1
-1
-1
-1
-1
-1
-1
-1
-1
-1
-1
-1
-1
-1
-1
-1
-1
-1
-1
-1
-1
-1
-1
-1
-1
-1
-1
-1
-1
-1
-1
-1
-1
-1
-1
-1
-1
-1
-1
-1
-1
-1
-1
-1
-1
-1
-1
-1
-1
-1
-1
-1
-1
-1
-1
-1
-1
-1
-1
-1
-1
-1
-1
-1
-1
-1
-1
-1
-1
-1
-1
-1
-1
-1
-1
-1
-1
-1
-1
-1
-1
-1
-1
-1
-1
-1
-1
-1
-1
-1
-1
-1
-1
-1
-1
-1
-1
-1
-1
-1
-1
-1
-1
-1
-1
-1
-1
-1
-1
-1
-1
-1
-1
-1
-1
-1
-1
-1
-1
-1
-1
-1
-1
-1
-1
-1
-1
-1
-1
-1
-1
-1
-1
-1
-1
-1
-1
-1
-1
-1
-1
-1
-1
-1
-1
-1
-1
-1
-1
-1
-1
-1
-1
-1
-1
-1
-1
-1
-1
-1
-1
-1
-1
-1
-1
-1
-1
-1
-1
-1
-1
-1
-1
-1
-1
-1
-1
-1
-1
-1
-1
-1
-1
-1
-1
-1
-1
-1
-1
-1
-1
-1
-1
-1
-1
-1
-1
-1
-1
-1
-1
-1
-1
-1
-1
-1
-1
-1
-1
-1
-1
-1
-1
-1
-1
-1
-1
-1
-1
-1
-1
-1
-1
-1
-1
-1
-1
-1
-1
-1
-1
-1
-1
-1
-1
-1
-1
-1
-1
-1
-1
-1
-1
-1
-1
-1
-1
-1
-1
-1
-1
-1
-1
-1
-1
-1
-1
-1
-1
-1
-1
-1
-1
-1
-1
-1
-1
-1
-1
-1
-1
-1
-1
-1
-1
-1
-1
-1
-1
-1
-1
-1
-1
-1
-1
-1
-1
-1
-1
-1
-1
-1
-1
-1
-1
-1
-1
-1
-1
-1
-1
-1
-1
-1
-1
-1
-1
-1
-1
-1
-1
-1
-1
-1
-1
-1
-1
-1
-1
-1
-1
-1
-1
-1
-1
-1
-1
-1
-1
-1
-1
-1
-1
-1
-1
-1
-1
-1
-1
-1
-1
-1
-1
-1
-1
-1
-1
-1
-1
-1
-1
-1
-1
-1
-1
-1
-1
-1
-1
-1
-1
-1
-1
-1
-1
-1
-1
-1
-1
-1
-1
-1
-1
-1
-1
-1
-1
-1
-1
-1
-1
-1
-1
-1
-1
-1
-1
-1
-1
-1
-1
-1
-1
-1
-1
-1
-1
-1
-1
-1
-1
-1
-1
-1
-1
-1
-1
-1
-1
-1
-1
-1
-1
-1
-1
-1
-1
-1
-1
-1
-1
-1
-1
-1
-1
-1
-1
-1
-1
-1
-1
-1
-1
-1
-1
-1
-1
-1
-1
-1
-1
-1
-1
-1
-1
-1
-1
-1
-1
-1
-1
-1
-1
-1
-1
-1
-1
-1
-1
-1
-1
-1
-1
-1
-1
-1
-1
-1
-1
-1
-1
-1
-1
-1
-1
-1
-1
-1
-1
-1
-1
-1
-1
-1
-1
-1
-1
-1
-1
-1
-1
-1
-1
-1
-1
-1
-1
-1
-1
-1
-1
-1
-1
-1
-1
-1
-1
-1
-1
-1
-1
-1
-1
-1
-1
-1
-1
-1
-1
-1
-1
-1
-1
-1
-1
-1
-1
-1
-1
-1
-1
-1
-1
-1
-1
-1
-1
-1
-1
-1
-1
-1
-1
-1
-1
-1
-1
-1
-1
-1
-1
-1
-1
-1
-1
-1
-1
-1
-1
-1
-1
-1
-1
-1
-1
-1
-1
-1
-1
-1
-1
-1
-1
-1
-1
-1
-1
-1
-1
-1
-1
-1
-1
-1
-1
-1
-1
-1
-1
-1
-1
-1
-1
-1
-1
-1
-1
-1
-1
-1
-1
-1
-1
-1
-1
-1
-1
-1
-1
-1
-1
-1
-1
-1
-1
-1
-1
-1
-1
-1
-1
-1
-1
-1
-1
-1
-1
-1
-1
-1
-1
-1
-1
-1
-1
-1
-1
-1
-1
-1
-1
-1
-1
-1
-1
-1
-1
-1
-1
-1
-1
-1
-1
-1
-1
-1
-1
-1
-1
-1
-1
-1
-1
-1
-1
-1
-1
-1
-1
-1
-1
-1
-1
-1
-1
-1
-1
-1
-1
-1
-1
-1
-1
-1
-1
-1
-1
-1
-1
-1
-1
-1
-1
-1
-1
-1
-1
-1
-1
-1
-1
-1
-1
-1
-1
-1
-1
-1
-1
-1
-1
-1
-1
-1
-1
-1
-1
-1
-1
-1
-1
-1
-1
-1
-1
-1
-1
-1
-1
-1
-1
-1
-1
-1
-1
-1
-1
-1
-1
-1
-1
-1
-1
-1
-1
-1
-1
-1
-1
-1
-1
-1
-1
-1
-1
-1
-1
-1
-1
-1
-1
-1
-1
-1
-1
-1
-1
-1
-1
-1
-1
-1
-1
-1
-1
-1
-1
-1
-1
-1
-1
-1
-1
-1
-1
-1
-1
-1
-1
-1
-1
-1
-1
-1
-1
-1
-1
-1
-1
-1
-1
-1
-1
-1
-1
-1
-1
-1
-1
-1
-1
-1
-1
-1
-1
-1
-1
-1
-1
-1
-1
-1
-1
-1
-1
-1
-1
-1
-1
-1
-1
-1
-1
-1
-1
-1
-1
-1
-1
-1
-1
-1
-1
-1
-1
-1
-1
-1
-1
-1
-1
-1
-1
-1
-1
-1
-1
-1
-1
-1
-1
-1
-1
-1
-1
-1
-1
-1
-1
-1
-1
-1
-1
-1
-1
-1
-1
-1
-1
-1
-1
-1
-1
-1
-1
-1
-1
-1
-1
-1
-1
-1
-1
-1
-1
-1
-1
-1
-1
-1
-1
-1
-1
-1
-1
-1
-1
-1
-1
-1
-1
-1
-1
-1
-1
-1
-1
-1
-1
-1
-1
-1
-1
-1
-1
-1
-1
-1
-1
-1
-1
-1
-1
-1
-1
-1
-1
-1
-1
-1
-1
-1
-1
-1
-1
-1
-1
-1
-1
-1
-1
-1
-1
-1
-1
-1
-1
-1
-1
-1
-1
-1
-1
-1
-1
-1
-1
-1
-1
-1
-1
-1
-1
-1
-1
-1
-1
-1
-1
-1
-1
-1
-1
-1
-1
-1
-1
-1
-1
-1
-1
-1
-1
-1
-1
-1
-1
-1
-1
-1
-1
-1
-1
-1
-1
-1
-1
-1
-1
-1
-1
-1
-1
-1
-1
-1
-1
-1
-1
-1
-1
-1
-1
-1
-1
-1
-1
-1
-1
-1
-1
-1
-1
-1
-1
-1
-1
-1
-1
-1
-1
-1
-1
-1
-1
-1
-1
-1
-1
-1
-1
-1
-1
-1
-1
-1
-1
-1
-1
-1
-1
-1
-1
-1
-1
-1
-1
-1
-1
-1
-1
-1
-1
-1
-1
-1
-1
-1
-1
-1
-1
-1
-1
-1
-1
-1
-1
-1
-1
-1
-1
-1
-1
-1
-1
-1
-1
-1
-1
-1
-1
-1
-1
-1
-1
-1
-1
-1
-1
-1
-1
-1
-1
-1
-1
-1
-1
-1
-1
-1
-1
-1
-1
-1
-1
-1
-1
-1
-1
-1
-1
-1
-1
-1
-1
-1
-1
-1
-1
-1
-1
-1
-1
-1
-1
-1
-1
-1
-1
-1
-1
-1
-1
-1
-1
-1
-1
-1
-1
-1
-1
-1
-1
-1
-1
-1
-1
-1
-1
-1
-1
-1
-1
-1
-1
-1
-1
-1
-1
-1
-1
-1
-1
-1
-1
-1
-1
-1
-1
-1
-1
-1
-1
-1
-1
-1
-1
-1
-1
-1
-1
-1
-1
-1
-1
-1
-1
-1
-1
-1
-1
-1
-1
-1
-1
-1
-1
-1
-1
-1
-1
-1
-1
-1
-1
-1
-1
-1
-1
-1
-1
-1
-1
-1
-1
-1
-1
-1
-1
-1
-1
-1
-1
-1
-1
-1
-1
-1
-1
-1
-1
-1
-1
-1
-1
-1
-1
-1
-1
-1
-1
-1
-1
-1
-1
-1
-1
-1
-1
-1
-1
-1
-1
-1
-1
-1
-1
-1
-1
-1
-1
-1
-1
-1
-1
-1
-1
-1
-1
-1
-1
-1
-1
-1
-1
-1
-1
-1
-1
-1
-1
-1
-1
-1
-1
-1
-1
-1
-1
-1
-1
-1
-1
-1
-1
-1
-1
-1
-1
-1
-1
-1
-1
-1
-1
-1
-1
-1
-1
-1
-1
-1
-1
-1
-1
-1
-1
-1
-1
-1
-1
-1
-1
-1
-1
-1
-1
-1
-1
-1
-1
-1
-1
-1
-1
-1
-1
-1
-1
-1
-1
-1
-1
-1
-1
-1
-1
-1
-1
-1
-1
-1
-1
-1
-1
-1
-1
-1
-1
-1
-1
-1
-1
-1
-1
-1
-1
-1
-1
-1
-1
-1
-1
-1
-1
-1
-1
-1
-1
-1
-1
-1
-1
-1
-1
-1
-1
-1
-1
-1
-1
-1
-1
-1
-1
-1
-1
-1
-1
-1
-1
-1
-1
-1
-1
-1
-1
-1
-1
-1
-1
-1
-1
-1
-1
-1
-1
-1
-1
-1
-1
-1
-1
-1
-1
-1
-1
-1
-1
-1
-1
-1
-1
-1
-1
-1
-1
-1
-1
-1
-1
-1
-1
-1
-1
-1
-1
-1
-1
-1
-1
-1
-1
-1
-1
-1
-1
-1
-1
-1
-1
-1
-1
-1
-1
-1
-1
-1
-1
-1
-1
-1
-1
-1
-1
-1
-1
-1
-1
-1
-1
-1
-1
-1
-1
-1
-1
-1
-1
-1
-1
-1
-1
-1
-1
-1
-1
-1
-1
-1
-1
-1
-1
-1
-1
-1
-1
-1
-1
-1
-1
-1
-1
-1
-1
-1
-1
-1
-1
-1
-1
-1
-1
-1
-1
-1
-1
-1
-1
-1
-1
-1
-1
-1
-1
-1
-1
-1
-1
-1
-1
-1
-1
-1
-1
-1
-1
-1
-1
-1
-1
-1
-1
-1
-1
-1
-1
-1
-1
-1
-1
-1
-1
-1
-1
-1
-1
-1
-1
-1
-1
-1
-1
-1
-1
-1
-1
-1
-1
-1
-1
-1
-1
-1
-1
-1
-1
-1
-1
-1
-1
-1
-1
-1
-1
-1
-1
-1
-1
-1
-1
-1
-1
-1
-1
-1
-1
-1
-1
-1
-1
-1
-1
-1
-1
-1
-1
-1
-1
-1
-1
-1
-1
-1
-1
-1
-1
-1
-1
-1
-1
-1
-1
-1
-1
-1
-1
-1
-1
-1
-1
-1
-1
-1
-1
-1
-1
-1
-1
-1
-1
-1
-1
-1
-1
-1
-1
-1
-1
-1
-1
-1
-1
-1
-1
-1
-1
-1
-1
-1
-1
-1
-1
-1
-1
-1
-1
-1
-1
-1
-1
-1
-1
-1
-1
-1
-1
-1
-1
-1
-1
-1
-1
-1
-1
-1
-1
-1
-1
-1
-1
-1
-1
-1
-1
-1
-1
-1
-1
-1
-1
-1
-1
-1
-1
-1
-1
-1
-1
-1
-1
-1
-1
-1
-1
-1
-1
-1
-1
-1
-1
-1
-1
-1
-1
-1
-1
-1
-1
-1
-1
-1
-1
-1
-1
-1
-1
-1
-1
-1
-1
-1
-1
-1
-1
-1
-1
-1
-1
-1
-1
-1
-1
-1
-1
-1
-1
-1
-1
-1
-1
-1
-1
-1
-1
-1
-1
-1
-1
-1
-1
-1
-1
-1
-1
-1
-1
-1
-1
-1
-1
-1
-1
-1
-1
-1
-1
-1
-1
-1
-1
-1
-1
-1
-1
-1
-1
-1
-1
-1
-1
-1
-1
-1
-1
-1
-1
-1
-1
-1
-1
-1
-1
-1
-1
-1
-1
-1
-1
-1
-1
-1
-1
-1
-1
-1
-1
-1
-1
-1
-1
-1
-1
-1
-1
-1
-1
-1
-1
-1
-1
-1
-1
-1
-1
-1
-1
-1
-1
-1
-1
-1
-1
-1
-1
-1
-1
-1
-1
-1
-1
-1
-1
-1
-1
-1
-1
-1
-1
-1
-1
-1
-1
-1
-1
-1
-1
-1
-1
-1
-1
-1
-1
-1
-1
-1
-1
-1
-1
-1
-1
-1
-1
-1
-1
-1
-1
-1
-1
-1
-1
-1
-1
-1
-1
-1
-1
-1
-1
-1
-1
-1
-1
-1
-1
-1
-1
-1
-1
-1
-1
-1
-1
-1
-1
-1
-1
-1
-1
-1
-1
-1
-1
-1
-1
-1
-1
-1
-1
-1
-1
-1
-1
-1
-1
-1
-1
-1
-1
-1
-1
-1
-1
-1
-1
-1
-1
-1
-1
-1
-1
-1
-1
-1
-1
-1
-1
-1
-1
-1
-1
-1
-1
-1
-1
-1
-1
-1
-1
-1
-1
-1
-1
-1
-1
-1
-1
-1
-1
-1
-1
-1
-1
-1
-1
-1
-1
-1
-1
-1
-1
-1
-1
-1
-1
-1
-1
-1
-1
-1
-1
-1
-1
-1
-1
-1
-1
-1
-1
-1
-1
-1
-1
-1
-1
-1
-1
-1
-1
-1
-1
-1
-1
-1
-1
-1
-1
-1
-1
-1
-1
-1
-1
-1
-1
-1
-1
-1
-1
-1
-1
-1
-1
-1
-1
-1
-1
-1
-1
-1
-1
-1
-1
-1
-1
-1
-1
-1
-1
-1
-1
-1
-1
-1
-1
-1
-1
-1
-1
-1
-1
-1
-1
-1
-1
-1
-1
-1
-1
-1
-1
-1
-1
-1
-1
-1
-1
-1
-1
-1
-1
-1
-1
-1
-1
-1
-1
-1
-1
-1
-1
-1
-1
-1
-1
-1
-1
-1
-1
-1
-1
-1
-1
-1
-1
-1
-1
-1
-1
-1
-1
-1
-1
-1
-1
-1
-1
-1
-1
-1
-1
-1
-1
-1
-1
-1
-1
-1
-1
-1
-1
-1
-1
-1
-1
-1
-1
-1
-1
-1
-1
-1
-1
-1
-1
-1
-1
-1
-1
-1
-1
-1
-1
-1
-1
-1
-1
-1
-1
-1
-1
-1
-1
-1
-1
-1
-1
-1
-1
-1
-1
-1
-1
-1
-1
-1
-1
-1
-1
-1
-1
-1
-1
-1
-1
-1
-1
-1
-1
-1
-1
-1
-1
-1
-1
-1
-1
-1
-1
-1
-1
-1
-1
-1
-1
-1
-1
-1
-1
-1
-1
-1
-1
-1
-1
-1
-1
-1
-1
-1
-1
-1
-1
-1
-1
-1
-1
-1
-1
-1
-1
-1
-1
-1
-1
-1
-1
-1
-1
-1
-1
-1
-1
-1
-1
-1
-1
-1
-1
-1
-1
-1
-1
-1
-1
-1
-1
-1
-1
-1
-1
-1
-1
-1
-1
-1
-1
-1
-1
-1
-1
-1
-1
-1
-1
-1
-1
-1
-1
-1
-1
-1
-1
-1
-1
-1
-1
-1
-1
-1
-1
-1
-1
-1
-1
-1
-1
-1
-1
-1
-1
-1
-1
-1
-1
-1
-1
-1
-1
-1
-1
-1
-1
-1
-1
-1
-1
-1
-1
-1
-1
-1
-1
-1
-1
-1
-1
-1
-1
-1
-1
-1
-1
-1
-1
-1
-1
-1
-1
-1
-1
-1
-1
-1
-1
-1
-1
-1
-1
-1
-1
-1
-1
-1
-1
-1
-1
-1
-1
-1
-1
-1
-1
-1
-1
-1
-1
-1
-1
-1
-1
-1
-1
-1
-1
-1
-1
-1
-1
-1
-1
-1
-1
-1
-1
-1
-1
-1
-1
-1
-1
-1
-1
-1
-1
-1
-1
-1
-1
-1
-1
-1
-1
-1
-1
-1
-1
-1
-1
-1
-1
-1
-1
-1
-1
-1
-1
-1
-1
-1
-1
-1
-1
-1
-1
-1
-1
-1
-1
-1
-1
-1
-1
-1
-1
-1
-1
-1
-1
-1
-1
-1
-1
-1
-1
-1
-1
-1
-1
-1
-1
-1
-1
-1
-1
-1
-1
-1
-1
-1
-1
-1
-1
-1
-1
-1
-1
-1
-1
-1
-1
-1
-1
-1
-1
-1
-1
-1
-1
-1
-1
-1
-1
-1
-1
-1
-1
-1
-1
-1
-1
-1
-1
-1
-1
-1
-1
-1
-1
-1
-1
-1
-1
-1
-1
-1
-1
-1
-1
-1
-1
-1
-1
-1
-1
-1
-1
-1
-1
-1
-1
-1
-1
-1
-1
-1
-1
-1
-1
-1
-1
-1
-1
-1
-1
-1
-1
-1
-1
-1
-1
-1
-1
-1
-1
-1
-1
-1
-1
-1
-1
-1
-1
-1
-1
-1
-1
-1
-1
-1
-1
-1
-1
-1
-1
-1
-1
-1
-1
-1
-1
-1
-1
-1
-1
-1
-1
-1
-1
-1
-1
-1
-1
-1
-1
-1
-1
-1
-1
-1
-1
-1
-1
-1
-1
-1
-1
-1
-1
-1
-1
-1
-1
-1
-1
-1
-1
-1
-1
-1
-1
-1
-1
-1
-1
-1
-1
-1
-1
-1
-1
-1
-1
-1
-1
-1
-1
-1
-1
-1
-1
-1
-1
-1
-1
-1
-1
-1
-1
-1
-1
-1
-1
-1
-1
-1
-1
-1
-1
-1
-1
-1
-1
-1
-1
-1
-1
-1
-1
-1
-1
-1
-1
-1
-1
-1
-1
-1
-1
-1
-1
-1
-1
-1
-1
-1
-1
-1
-1
-1
-1
-1
-1
-1
-1
-1
-1
-1
-1
-1
-1
-1
-1
-1
-1
-1
-1
-1
-1
-1
-1
-1
-1
-1
-1
-1
-1
-1
-1
-1
-1
-1
-1
-1
-1
-1
-1
-1
-1
-1
-1
-1
-1
-1
-1
-1
-1
-1
-1
-1
-1
-1
-1
-1
-1
-1
-1
-1
-1
-1
-1
-1
-1
-1
-1
-1
-1
-1
-1
-1
-1
-1
-1
-1
-1
-1
-1
-1
-1
-1
-1
-1
-1
-1
-1
-1
-1
-1
-1
-1
-1
-1
-1
-1
-1
-1
-1
-1
-1
-1
-1
-1
-1
-1
-1
-1
-1
-1
-1
-1
-1
-1
-1
-1
-1
-1
-1
-1
-1
-1
-1
-1
-1
-1
-1
-1
-1
-1
-1
-1
-1
-1
-1
-1
-1
-1
-1
-1
-1
-1
-1
-1
-1
-1
-1
-1
-1
-1
-1
-1
-1
-1
-1
-1
-1
-1
-1
-1
-1
-1
-1
-1
-1
-1
-1
-1
-1
-1
-1
-1
-1
-1
-1
-1
-1
-1
-1
-1
-1
-1
-1
-1
-1
-1
-1
-1
-1
-1
-1
-1
-1
-1
-1
-1
-1
-1
-1
-1
-1
-1
-1
-1
-1
-1
-1
-1
-1
-1
-1
-1
-1
-1
-1
-1
-1
-1
-1
-1
-1
-1
-1
-1
-1
-1
-1
-1
-1
-1
-1
-1
-1
-1
-1
-1
-1
-1
-1
-1
-1
-1
-1
-1
-1
-1
-1
-1
-1
-1
-1
-1
-1
-1
-1
-1
-1
-1
-1
-1
-1
-1
-1
-1
-1
-1
-1
-1
-1
-1
-1
-1
-1
-1
-1
-1
-1
-1
-1
-1
-1
-1
-1
-1
-1
-1
-1
-1
-1
-1
-1
-1
-1
-1
-1
-1
-1
-1
-1
-1
-1
-1
-1
-1
-1
-1
-1
-1
-1
-1
-1
-1
-1
-1
-1
-1
-1
-1
-1
-1
-1
-1
-1
-1
-1
-1
-1
-1
-1
-1
-1
-1
-1
-1
-1
-1
-1
-1
-1
-1
-1
-1
-1
-1
-1
-1
-1
-1
-1
-1
-1
-1
-1
-1
-1
-1
-1
-1
-1
-1
-1
-1
-1
-1
-1
-1
-1
-1
-1
-1
-1
-1
-1
-1
-1
-1
-1
-1
-1
-1
-1
-1
-1
-1
-1
-1
-1
-1
-1
-1
-1
-1
-1
-1
-1
-1
-1
-1
-1
-1
-1
-1
-1
-1
-1
-1
-1
-1
-1
-1
-1
-1
-1
-1
-1
-1
-1
-1
-1
-1
-1
-1
-1
-1
-1
-1
-1
-1
-1
-1
-1
-1
-1
-1
-1
-1
-1
-1
-1
-1
-1
-1
-1
-1
-1
-1
-1
-1
-1
-1
-1
-1
-1
-1
-1
-1
-1
-1
-1
-1
-1
-1
-1
-1
-1
-1
-1
-1
-1
-1
-1
-1
-1
-1
-1
-1
-1
-1
-1
-1
-1
-1
-1
-1
-1
-1
-1
-1
-1
-1
-1
-1
-1
-1
-1
-1
-1
-1
-1
-1
-1
-1
-1
-1
-1
-1
-1
-1
-1
-1
-1
-1
-1
-1
-1
-1
-1
-1
-1
-1
-1
-1
-1
-1
-1
-1
-1
-1
-1
-1
-1
-1
-1
-1
-1
-1
-1
-1
-1
-1
-1
-1
-1
-1
-1
-1
-1
-1
-1
-1
-1
-1
-1
-1
-1
-1
-1
-1
-1
-1
-1
-1
-1
-1
-1
-1
-1
-1
-1
-1
-1
-1
-1
-1
-1
-1
-1
-1
-1
-1
-1
-1
-1
-1
-1
-1
-1
-1
-1
-1
-1
-1
-1
-1
-1
-1
-1
-1
-1
-1
-1
-1
-1
-1
-1
-1
-1
-1
-1
-1
-1
-1
-1
-1
-1
-1
-1
-1
-1
-1
-1
-1
-1
-1
-1
-1
-1
-1
-1
-1
-1
-1
-1
-1
-1
-1
-1
-1
-1
-1
-1
-1
-1
-1
-1
-1
-1
-1
-1
-1
-1
-1
-1
-1
-1
-1
-1
-1
-1
-1
-1
-1
-1
-1
-1
-1
-1
-1
-1
-1
-1
-1
-1
-1
-1
-1
-1
-1
-1
-1
-1
-1
-1
-1
-1
-1
-1
-1
-1
-1
-1
-1
-1
-1
-1
-1
-1
-1
-1
-1
-1
-1
-1
-1
-1
-1
-1
-1
-1
-1
-1
-1
-1
-1
-1
-1
-1
-1
-1
-1
-1
-1
-1
-1
-1
-1
-1
-1
-1
-1
-1
-1
-1
-1
-1
-1
-1
-1
-1
-1
-1
-1
-1
-1
-1
-1
-1
-1
-1
-1
-1
-1
-1
-1
-1
-1
-1
-1
-1
-1
-1
-1
-1
-1
-1
-1
-1
-1
-1
-1
-1
-1
-1
-1
-1
-1
-1
-1
-1
-1
-1
-1
-1
-1
-1
-1
-1
-1
-1
-1
-1
-1
-1
-1
-1
-1
-1
-1
-1
-1
-1
-1
-1
-1
-1
-1
-1
-1
-1
-1
-1
-1
-1
-1
-1
-1
-1
-1
-1
-1
-1
-1
-1
-1
-1
-1
-1
-1
-1
-1
-1
-1
-1
-1
-1
-1
-1
-1
-1
-1
-1
-1
-1
-1
-1
-1
-1
-1
-1
-1
-1
-1
-1
-1
-1
-1
-1
-1
-1
-1
-1
-1
-1
-1
-1
-1
-1
-1
-1
-1
-1
-1
-1
-1
-1
-1
-1
-1
-1
-1
-1
-1
-1
-1
-1
-1
-1
-1
-1
-1
-1
-1
-1
-1
-1
-1
-1
-1
-1
-1
-1
-1
-1
-1
-1
-1
-1
-1
-1
-1
-1
-1
-1
-1
-1
-1
-1
-1
-1
-1
-1
-1
-1
-1
-1
-1
-1
-1
-1
-1
-1
-1
-1
-1
-1
-1
-1
-1
-1
-1
-1
-1
-1
-1
-1
-1
-1
-1
-1
-1
-1
-1
-1
-1
-1
-1
-1
-1
-1
-1
-1
-1
-1
-1
-1
-1
-1
-1
-1
-1
-1
-1
-1
-1
-1
-1
-1
-1
-1
-1
-1
-1
-1
-1
-1
-1
-1
-1
-1
-1
-1
-1
-1
-1
-1
-1
-1
-1
-1
-1
-1
-1
-1
-1
-1
-1
-1
-1
-1
-1
-1
-1
-1
-1
-1
-1
-1
-1
-1
-1
-1
-1
-1
-1
-1
-1
-1
-1
-1
-1
-1
-1
-1
-1
-1
-1
-1
-1
-1
-1
-1
-1
-1
-1
-1
-1
-1
-1
-1
-1
-1
-1
-1
-1
-1
-1
-1
-1
-1
-1
-1
-1
-1
-1
-1
-1
-1
-1
-1
-1
-1
-1
-1
-1
-1
-1
-1
-1
-1
-1
-1
-1
-1
-1
-1
-1
-1
-1
-1
-1
-1
-1
-1
-1
-1
-1
-1
-1
-1
-1
-1
-1
-1
-1
-1
-1
-1
-1
-1
-1
-1
-1
-1
-1
-1
-1
-1
-1
-1
-1
-1
-1
-1
-1
-1
-1
-1
-1
-1
-1
-1
-1
-1
-1
-1
-1
-1
-1
-1
-1
-1
-1
-1
-1
-1
-1
-1
-1
-1
-1
-1
-1
-1
-1
-1
-1
-1
-1
-1
-1
-1
-1
-1
-1
-1
-1
-1
-1
-1
-1
-1
-1
-1
-1
-1
-1
-1
-1
-1
-1
-1
-1
-1
-1
-1
-1
-1
-1
-1
-1
-1
-1
-1
-1
-1
-1
-1
-1
-1
-1
-1
-1
-1
-1
-1
-1
-1
-1
-1
-1
-1
-1
-1
-1
-1
-1
-1
-1
-1
-1
-1
-1
-1
-1
-1
-1
-1
-1
-1
-1
-1
-1
-1
-1
-1
-1
-1
-1
-1
-1
-1
-1
-1
-1
-1
-1
-1
-1
-1
-1
-1
-1
-1
-1
-1
-1
-1
-1
-1
-1
-1
-1
-1
-1
-1
-1
-1
-1
-1
-1
-1
-1
-1
-1
-1
-1
-1
-1
-1
-1
-1
-1
-1
-1
-1
-1
-1
-1
-1
-1
-1
-1
-1
-1
-1
-1
-1
-1
-1
-1
-1
-1
-1
-1
-1
-1
-1
-1
-1
-1
-1
-1
-1
-1
-1
-1
-1
-1
-1
-1
-1
-1
-1
-1
-1
-1
-1
-1
-1
-1
-1
-1
-1
-1
-1
-1
-1
-1
-1
-1
-1
-1
-1
-1
-1
-1
-1
-1
-1
-1
-1
-1
-1
-1
-1
-1
-1
-1
-1
-1
-1
-1
-1
-1
-1
-1
-1
-1
-1
-1
-1
-1
-1
-1
-1
-1
-1
-1
-1
-1
-1
-1
-1
-1
-1
-1
-1
-1
-1
-1
-1
-1
-1
-1
-1
-1
-1
-1
-1
-1
-1
-1
-1
-1
-1
-1
-1
-1
-1
-1
-1
-1
-1
-1
-1
-1
-1
-1
-1
-1
-1
-1
-1
-1
-1
-1
-1
-1
-1
-1
-1
-1
-1
-1
-1
-1
-1
-1
-1
-1
-1
-1
-1
-1
-1
-1
-1
-1
-1
-1
-1
-1
-1
-1
-1
-1
-1
-1
-1
-1
-1
-1
-1
-1
-1
-1
-1
-1
-1
-1
-1
-1
-1
-1
-1
-1
-1
-1
-1
-1
-1
-1
-1
-1
-1
-1
-1
-1
-1
-1
-1
-1
-1
-1
-1
-1
-1
-1
-1
-1
-1
-1
-1
-1
-1
-1
-1
-1
-1
-1
-1
-1
-1
-1
-1
-1
-1
-1
-1
-1
-1
-1
-1
-1
-1
-1
-1
-1
-1
-1
-1
-1
-1
-1
-1
-1
-1
-1
-1
-1
-1
-1
-1
-1
-1
-1
-1
-1
-1
-1
-1
-1
-1
-1
-1
-1
-1
-1
-1
-1
-1
-1
-1
-1
-1
-1
-1
-1
-1
-1
-1
-1
-1
-1
-1
-1
-1
-1
-1
-1
-1
-1
-1
-1
-1
-1
-1
-1
-1
-1
-1
-1
-1
-1
-1
-1
-1
-1
-1
-1
-1
-1
-1
-1
-1
-1
-1
-1
-1
-1
-1
-1
-1
-1
-1
-1
-1
-1
-1
-1
-1
-1
-1
-1
-1
-1
-1
-1
-1
-1
-1
-1
-1
-1
-1
-1
-1
-1
-1
-1
-1
-1
-1
-1
-1
-1
-1
-1
-1
-1
-1
-1
-1
-1
-1
-1
-1
-1
-1
-1
-1
-1
-1
-1
-1
-1
-1
-1
-1
-1
-1
-1
-1
-1
-1
-1
-1
-1
-1
-1
-1
-1
-1
-1
-1
-1
-1
-1
-1
-1
-1
-1
-1
-1
-1
-1
-1
-1
-1
-1
-1
-1
-1
-1
-1
-1
-1
-1
-1
-1
-1
-1
-1
-1
-1
-1
-1
-1
-1
-1
-1
-1
-1
-1
-1
-1
-1
-1
-1
-1
-1
-1
-1
-1
-1
-1
-1
-1
-1
-1
-1
-1
-1
-1
-1
-1
-1
-1
-1
-1
-1
-1
-1
-1
-1
-1
-1
-1
-1
-1
-1
-1
-1
-1
-1
-1
-1
-1
-1
-1
-1
-1
-1
-1
-1
-1
-1
-1
-1
-1
-1
-1
-1
-1
-1
-1
-1
-1
-1
-1
-1
-1
-1
-1
-1
-1
-1
-1
-1
-1
-1
-1
-1
-1
-1
-1
-1
-1
-1
-1
-1
-1
-1
-1
-1
-1
-1
-1
-1
-1
-1
-1
-1
-1
-1
-1
-1
-1
-1
-1
-1
-1
-1
-1
-1
-1
-1
-1
-1
-1
-1
-1
-1
-1
-1
-1
-1
-1
-1
-1
-1
-1
-1
-1
-1
-1
-1
-1
-1
-1
-1
-1
-1
-1
-1
-1
-1
-1
-1
-1
-1
-1
-1
-1
-1
-1
-1
-1
-1
-1
-1
-1
-1
-1
-1
-1
-1
-1
-1
-1
-1
-1
-1
-1
-1
-1
-1
-1
-1
-1
-1
-1
-1
-1
-1
-1
-1
-1
-1
-1
-1
-1
-1
-1
-1
-1
-1
-1
-1
-1
-1
-1
-1
-1
-1
-1
-1
-1
-1
-1
-1
-1
-1
-1
-1
-1
-1
-1
-1
-1
-1
-1
-1
-1
-1
-1
-1
-1
-1
-1
-1
-1
-1
-1
-1
-1
-1
-1
-1
-1
-1
-1
-1
-1
-1
-1
-1
-1
-1
-1
-1
-1
-1
-1
-1
-1
-1
-1
-1
-1
-1
-1
-1
-1
-1
-1
-1
-1
-1
-1
-1
-1
-1
-1
-1
-1
-1
-1
-1
-1
-1
-1
-1
-1
-1
-1
-1
-1
-1
-1
-1
-1
-1
-1
-1
-1
-1
-1
-1
-1
-1
-1
-1
-1
-1
-1
-1
-1
-1
-1
-1
-1
-1
-1
-1
-1
-1
-1
-1
-1
-1
-1
-1
-1
-1
-1
-1
-1
-1
-1
-1
-1
-1
-1
-1
-1
-1
-1
-1
-1
-1
-1
-1
-1
-1
-1
-1
-1
-1
-1
-1
-1
-1
-1
-1
-1
-1
-1
-1
-1
-1
-1
-1
-1
-1
-1
-1
-1
-1
-1
-1
-1
-1
-1
-1
-1
-1
-1
-1
-1
-1
-1
-1
-1
-1
-1
-1
-1
-1
-1
-1
-1
-1
-1
-1
-1
-1
-1
-1
-1
-1
-1
-1
-1
-1
-1
-1
-1
-1
-1
-1
-1
-1
-1
-1
-1
-1
-1
-1
-1
-1
-1
-1
-1
-1
-1
-1
-1
-1
-1
-1
-1
-1
-1
-1
-1
-1
-1
-1
-1
-1
-1
-1
-1
-1
-1
-1
-1
-1
-1
-1
-1
-1
-1
-1
-1
-1
-1
-1
-1
-1
-1
-1
-1
-1
-1
-1
-1
-1
-1
-1
-1
-1
-1
-1
-1
-1
-1
-1
-1
-1
-1
-1
-1
-1
-1
-1
-1
-1
-1
-1
-1
-1
-1
-1
-1
-1
-1
-1
-1
-1
-1
-1
-1
-1
-1
-1
-1
-1
-1
-1
-1
-1
-1
-1
-1
-1
-1
-1
-1
-1
-1
-1
-1
-1
-1
-1
-1
-1
-1
-1
-1
-1
-1
-1
-1
-1
-1
-1
-1
-1
-1
-1
-1
-1
-1
-1
-1
-1
-1
-1
-1
-1
-1
-1
-1
-1
-1
-1
-1
-1
-1
-1
-1
-1
-1
-1
-1
-1
-1
-1
-1
-1
-1
-1
-1
-1
-1
-1
-1
-1
-1
-1
-1
-1
-1
-1
-1
-1
-1
-1
-1
-1
-1
-1
-1
-1
-1
-1
-1
-1
-1
-1
-1
-1
-1
-1
-1
-1
-1
-1
-1
-1
-1
-1
-1
-1
-1
-1
-1
-1
-1
-1
-1
-1
-1
-1
-1
-1
-1
-1
-1
-1
-1
-1
-1
-1
-1
-1
-1
-1
-1
-1
-1
-1
-1
-1
-1
-1
-1
-1
-1
-1
-1
-1
-1
-1
-1
-1
-1
-1
-1
-1
-1
-1
-1
-1
-1
-1
-1
-1
-1
-1
-1
-1
-1
-1
-1
-1
-1
-1
-1
-1
-1
-1
-1
-1
-1
-1
-1
-1
-1
-1
-1
-1
-1
-1
-1
-1
-1
-1
-1
-1
-1
-1
-1
-1
-1
-1
-1
-1
-1
-1
-1
-1
-1
-1
-1
-1
-1
-1
-1
-1
-1
-1
-1
-1
-1
-1
-1
-1
-1
-1
-1
-1
-1
-1
-1
-1
-1
-1
-1
-1
-1
-1
-1
-1
-1
-1
-1
-1
-1
-1
-1
-1
-1
-1
-1
-1
-1
-1
-1
-1
-1
-1
-1
-1
-1
-1
-1
-1
-1
-1
-1
-1
-1
-1
-1
-1
-1
-1
-1
-1
-1
-1
-1
-1
-1
-1
-1
-1
-1
-1
-1
-1
-1
-1
-1
-1
-1
-1
-1
-1
-1
-1
-1
-1
-1
-1
-1
-1
-1
-1
-1
-1
-1
-1
-1
-1
-1
-1
-1
-1
-1
-1
-1
-1
-1
-1
-1
-1
-1
-1
-1
-1
-1
-1
-1
-1
-1
-1
-1
-1
-1
-1
-1
-1
-1
-1
-1
-1
-1
-1
-1
-1
-1
-1
-1
-1
-1
-1
-1
-1
-1
-1
-1
-1
-1
-1
-1
-1
-1
-1
-1
-1
-1
-1
-1
-1
-1
-1
-1
-1
-1
-1
-1
-1
-1
-1
-1
-1
-1
-1
-1
-1
-1
-1
-1
-1
-1
-1
-1
-1
-1
-1
-1
-1
-1
-1
-1
-1
-1
-1
-1
-1
-1
-1
-1
-1
-1
-1
-1
-1
-1
-1
-1
-1
-1
-1
-1
-1
-1
-1
-1
-1
-1
-1
-1
-1
-1
-1
-1
-1
-1
-1
-1
-1
-1
-1
-1
-1
-1
-1
-1
-1
-1
-1
-1
-1
-1
-1
-1
-1
-1
-1
-1
-1
-1
-1
-1
-1
-1
-1
-1
-1
-1
-1
-1
-1
-1
-1
-1
-1
-1
-1
-1
-1
-1
-1
-1
-1
-1
-1
-1
-1
-1
-1
-1
-1
-1
-1
-1
-1
-1
-1
-1
-1
-1
-1
-1
-1
-1
-1
-1
-1
-1
-1
-1
-1
-1
-1
-1
-1
-1
-1
-1
-1
-1
-1
-1
-1
-1
-1
-1
-1
-1
-1
-1
-1
-1
-1
-1
-1
-1
-1
-1
-1
-1
-1
-1
-1
-1
-1
-1
-1
-1
-1
-1
-1
-1
-1
-1
-1
-1
-1
-1
-1
-1
-1
-1
-1
-1
-1
-1
-1
-1
-1
-1
-1
-1
-1
-1
-1
-1
-1
-1
-1
-1
-1
-1
-1
-1
-1
-1
-1
-1
-1
-1
-1
-1
-1
-1
-1
-1
-1
-1
-1
-1
-1
-1
-1
-1
-1
-1
-1
-1
-1
-1
-1
-1
-1
-1
-1
-1
-1
-1
-1
-1
-1
-1
-1
-1
-1
-1
-1
-1
-1
-1
-1
-1
-1
-1
-1
-1
-1
-1
-1
-1
-1
-1
-1
-1
-1
-1
-1
-1
-1
-1
-1
-1
-1
-1
-1
-1
-1
-1
-1
-1
-1
-1
-1
-1
-1
-1
-1
-1
-1
-1
-1
-1
-1
-1
-1
-1
-1
-1
-1
-1
-1
-1
-1
-1
-1
-1
-1
-1
-1
-1
-1
-1
-1
-1
-1
-1
-1
-1
-1
-1
-1
-1
-1
-1
-1
-1
-1
-1
-1
-1
-1
-1
-1
-1
-1
-1
-1
-1
-1
-1
-1
-1
-1
-1
-1
-1
-1
-1
-1
-1
-1
-1
-1
-1
-1
-1
-1
-1
-1
-1
-1
-1
-1
-1
-1
-1
-1
-1
-1
-1
-1
-1
-1
-1
-1
-1
-1
-1
-1
-1
-1
-1
-1
-1
-1
-1
-1
-1
-1
-1
-1
-1
-1
-1
-1
-1
-1
-1
-1
-1
-1
-1
-1
-1
-1
-1
-1
-1
-1
-1
-1
-1
-1
-1
-1
-1
-1
-1
-1
-1
-1
-1
-1
-1
-1
-1
-1
-1
-1
-1
-1
-1
-1
-1
-1
-1
-1
-1
-1
-1
-1
-1
-1
-1
-1
-1
-1
-1
-1
-1
-1
-1
-1
-1
-1
-1
-1
-1
-1
-1
-1
-1
-1
-1
-1
-1
-1
-1
-1
-1
-1
-1
-1
-1
-1
-1
-1
-1
-1
-1
-1
-1
-1
-1
-1
-1
-1
-1
-1
-1
-1
-1
-1
-1
-1
-1
-1
-1
-1
-1
-1
-1
-1
-1
-1
-1
-1
-1
-1
-1
-1
-1
-1
-1
-1
-1
-1
-1
-1
-1
-1
-1
-1
-1
-1
-1
-1
-1
-1
-1
-1
-1
-1
-1
-1
-1
-1
-1
-1
-1
-1
-1
-1
-1
-1
-1
-1
-1
-1
-1
-1
-1
-1
-1
-1
-1
-1
-1
-1
-1
-1
-1
-1
-1
-1
-1
-1
-1
-1
-1
-1
-1
-1
-1
-1
-1
-1
-1
-1
-1
-1
-1
-1
-1
-1
-1
-1
-1
-1
-1
-1
-1
-1
-1
-1
-1
-1
-1
-1
-1
-1
-1
-1
-1
-1
-1
-1
-1
-1
-1
-1
-1
-1
-1
-1
-1
-1
-1
-1
-1
-1
-1
-1
-1
-1
-1
-1
-1
-1
-1
-1
-1
-1
-1
-1
-1
-1
-1
-1
-1
-1
-1
-1
-1
-1
-1
-1
-1
-1
-1
-1
-1
-1
-1
-1
-1
-1
-1
-1
-1
-1
-1
-1
-1
-1
-1
-1
-1
-1
-1
-1
-1
-1
-1
-1
-1
-1
-1
-1
-1
-1
-1
-1
-1
-1
-1
-1
-1
-1
-1
-1
-1
-1
-1
-1
-1
-1
-1
-1
-1
-1
-1
-1
-1
-1
-1
-1
-1
-1
-1
-1
-1
-1
-1
-1
-1
-1
-1
-1
-1
-1
-1
-1
-1
-1
-1
-1
-1
-1
-1
-1
-1
-1
-1
-1
-1
-1
-1
-1
-1
-1
-1
-1
-1
-1
-1
-1
-1
-1
-1
-1
-1
-1
-1
-1
-1
-1
-1
-1
-1
-1
-1
-1
-1
-1
-1
-1
-1
-1
-1
-1
-1
-1
-1
-1
-1
-1
-1
-1
-1
-1
-1
-1
-1
-1
-1
-1
-1
-1
-1
-1
-1
-1
-1
-1
-1
-1
-1
-1
-1
-1
-1
-1
-1
-1
-1
-1
-1
-1
-1
-1
-1
-1
-1
-1
-1
-1
-1
-1
-1
-1
-1
-1
-1
-1
-1
-1
-1
-1
-1
-1
-1
-1
-1
-1
-1
-1
-1
-1
-1
-1
-1
-1
-1
-1
-1
-1
-1
-1
-1
-1
-1
-1
-1
-1
-1
-1
-1
-1
-1
-1
-1
-1
-1
-1
-1
-1
-1
-1
-1
-1
-1
-1
-1
-1
-1
-1
-1
-1
-1
-1
-1
-1
-1
-1
-1
-1
-1
-1
-1
-1
-1
-1
-1
-1
-1
-1
-1
-1
-1
-1
-1
-1
-1
-1
-1
-1
-1
-1
-1
-1
-1
-1
-1
-1
-1
-1
-1
-1
-1
-1
-1
-1
-1
-1
-1
-1
-1
-1
-1
-1
-1
-1
-1
-1
-1
-1
-1
-1
-1
-1
-1
-1
-1
-1
-1
-1
-1
-1
-1
-1
-1
-1
-1
-1
-1
-1
-1
-1
-1
-1
-1
-1
-1
-1
-1
-1
-1
-1
-1
-1
-1
-1
-1
-1
-1
-1
-1
-1
-1
-1
-1
-1
-1
-1
-1
-1
-1
-1
-1
-1
-1
-1
-1
-1
-1
-1
-1
-1
-1
-1
-1
-1
-1
-1
-1
-1
-1
-1
-1
-1
-1
-1
-1
-1
-1
-1
-1
-1
-1
-1
-1
-1
-1
-1
-1
-1
-1
-1
-1
-1
-1
-1
-1
-1
-1
-1
-1
-1
-1
-1
-1
-1
-1
-1
-1
-1
-1
-1
-1
-1
-1
-1
-1
-1
-1
-1
-1
-1
-1
-1
-1
-1
-1
-1
-1
-1
-1
-1
-1
-1
-1
-1
-1
-1
-1
-1
-1
-1
-1
-1
-1
-1
-1
-1
-1
-1
-1
-1
-1
-1
-1
-1
-1
-1
-1
-1
-1
-1
-1
-1
-1
-1
-1
-1
-1
-1
-1
-1
-1
-1
-1
-1
-1
-1
-1
-1
-1
-1
-1
-1
-1
-1
-1
-1
-1
-1
-1
-1
-1
-1
-1
-1
-1
-1
-1
-1
-1
-1
-1
-1
-1
-1
-1
-1
-1
-1
-1
-1
-1
-1
-1
-1
-1
-1
-1
-1
-1
-1
-1
-1
-1
-1
-1
-1
-1
-1
-1
-1
-1
-1
-1
-1
-1
-1
-1
-1
-1
-1
-1
-1
-1
-1
-1
-1
-1
-1
-1
-1
-1
-1
-1
-1
-1
-1
-1
-1
-1
-1
-1
-1
-1
-1
-1
-1
-1
-1
-1
-1
-1
-1
-1
-1
-1
-1
-1
-1
-1
-1
-1
-1
-1
-1
-1
-1
-1
-1
-1
-1
-1
-1
-1
-1
-1
-1
-1
-1
-1
-1
-1
-1
-1
-1
-1
-1
-1
-1
-1
-1
-1
-1
-1
-1
-1
-1
-1
-1
-1
-1
-1
-1
-1
-1
-1
-1
-1
-1
-1
-1
-1
-1
-1
-1
-1
-1
-1
-1
-1
-1
-1
-1
-1
-1
-1
-1
-1
-1
-1
-1
-1
-1
-1
-1
-1
-1
-1
-1
-1
-1
-1
-1
-1
-1
-1
-1
-1
-1
-1
-1
-1
-1
-1
-1
-1
-1
-1
-1
-1
-1
-1
-1
-1
-1
-1
-1
-1
-1
-1
-1
-1
-1
-1
-1
-1
-1
-1
-1
-1
-1
-1
-1
-1
-1
-1
-1
-1
-1
-1
-1
-1
-1
-1
-1
-1
-1
-1
-1
-1
-1
-1
-1
-1
-1
-1
-1
-1
-1
-1
-1
-1
-1
-1
-1
-1
-1
-1
-1
-1
-1
-1
-1
-1
-1
-1
-1
-1
-1
-1
-1
-1
-1
-1
-1
-1
-1
-1
-1
-1
-1
-1
-1
-1
-1
-1
-1
-1
-1
-1
-1
-1
-1
-1
-1
-1
-1
-1
-1
-1
-1
-1
-1
-1
-1
-1
-1
-1
-1
-1
-1
-1
-1
-1
-1
-1
-1
-1
-1
-1
-1
-1
-1
-1
-1
-1
-1
-1
-1
-1
-1
-1
-1
-1
-1
-1
-1
-1
-1
-1
-1
-1
-1
-1
-1
-1
-1
-1
-1
-1
-1
-1
-1
-1
-1
-1
-1
-1
-1
-1
-1
-1
-1
-1
-1
-1
-1
-1
-1
-1
-1
-1
-1
-1
-1
-1
-1
-1
-1
-1
-1
-1
-1
-1
-1
-1
-1
-1
-1
-1
-1
-1
-1
-1
-1
-1
-1
-1
-1
-1
-1
-1
-1
-1
-1
-1
-1
-1
-1
-1
-1
-1
-1
-1
-1
-1
-1
-1
-1
-1
-1
-1
-1
-1
-1
-1
-1
-1
-1
-1
-1
-1
-1
-1
-1
-1
-1
-1
-1
-1
-1
-1
-1
-1
-1
-1
-1
-1
-1
-1
-1
-1
-1
-1
-1
-1
-1
-1
-1
-1
-1
-1
-1
-1
-1
-1
-1
-1
-1
-1
-1
-1
-1
-1
-1
-1
-1
-1
-1
-1
-1
-1
-1
-1
-1
-1
-1
-1
-1
-1
-1
-1
-1
-1
-1
-1
-1
-1
-1
-1
-1
-1
-1
-1
-1
-1
-1
-1
-1
-1
-1
-1
-1
-1
-1
-1
-1
-1
-1
-1
-1
-1
-1
-1
-1
-1
-1
-1
-1
-1
-1
-1
-1
-1
-1
-1
-1
-1
-1
-1
-1
-1
-1
-1
-1
-1
-1
-1
-1
-1
-1
-1
-1
-1
-1
-1
-1
-1
-1
-1
-1
-1
-1
-1
-1
-1
-1
-1
-1
-1
-1
-1
-1
-1
-1
-1
-1
-1
-1
-1
-1
-1
-1
-1
-1
-1
-1
-1
-1
-1
-1
-1
-1
-1
-1
-1
-1
-1
-1
-1
-1
-1
-1
-1
-1
-1
-1
-1
-1
-1
-1
-1
-1
-1
-1
-1
-1
-1
-1
-1
-1
-1
-1
-1
-1
-1
-1
-1
-1
-1
-1
-1
-1
-1
-1
-1
-1
-1
-1
-1
-1
-1
-1
-1
-1
-1
-1
-1
-1
-1
-1
-1
-1
-1
-1
-1
-1
-1
-1
-1
-1
-1
-1
-1
-1
-1
-1
-1
-1
-1
-1
-1
-1
-1
-1
-1
-1
-1
-1
-1
-1
-1
-1
-1
-1
-1
-1
-1
-1
-1
-1
-1
-1
-1
-1
-1
-1
-1
-1
-1
-1
-1
1 1 18373
3 1722 1723 1724 1725 0 0 0 0 0 0 0
3 1723 1725 1726 1727 0 0 0 0 0 0 0
3 1724 1725 1727 1728 0 0 0 0 0 0 0
3 1725 1730 1729 1731 0 0 0 0 0 0 0
3 1725 1732 1730 1733 0 0 0 0 0 0 0
3 1723 1735 1734 1736 0 0 0 0 0 0 0
3 1723 1734 1735 1737 0 0 0 0 0 0 0
3 1734 1735 1737 1738 0 0 0 0 0 0 0
3 1722 1734 1723 1737 0 0 0 0 0 0 0
3 1737 1740 1739 1741 0 0 0 0 0 0 0
3 1737 1741 1738 1742 0 0 0 0 0 0 0
3 966 1715 1743 1744 0 0 0 0 0 0 0
3 1741 1746 1745 1747 0 0 0 0 0 0 0
3 1739 1741 1740 1747 0 0 0 0 0 0 0
3 1740 1747 1748 1749 0 0 0 0 0 0 0
3 1747 1751 1750 1752 0 0 0 0 0 0 0
3 578 1720 1704 1753 0 0 0 0 0 0 0
3 1747 1754 1749 1755 0 0 0 0 0 0 0
3 1749 1755 1754 1756 0 0 0 0 0 0 0
3 1739 1747 1740 1749 0 0 0 0 0 0 0
3 1747 1752 1754 1757 0 0 0 0 0 0 0
3 1747 1751 1758 1759 0 0 0 0 0 0 0
3 1747 1757 1755 1758 0 0 0 0 0 0 0
3 1760 1761 1762 1763 0 0 0 0 0 0 0
3 1723 1727 1726 1764 0 0 0 0 0 0 0
3 1723 1724 1725 1727 0 0 0 0 0 0 0
3 1723 1724 1727 1765 0 0 0 0 0 0 0
3 1736 1766 1764 1767 0 0 0 0 0 0 0
3 1768 1769 1770 1771 0 0 0 0 0 0 0
3 1723 1726 1725 1736 0 0 0 0 0 0 0
3 1764 1767 1766 1771 0 0 0 0 0 0 0
3 1727 1764 1765 1769 0 0 0 0 0 0 0
3 1772 1773 1774 1775 0 0 0 0 0 0 0
3 1774 1775 1776 1777 0 0 0 0 0 0 0
3 1778 1779 1780 1781 0 0 0 0 0 0 0
3 1778 1781 1780 1782 0 0 0 0 0 0 0
3 1781 1784 1783 1785 0 0 0 0 0 0 0
3 1781 1787 1786 1788 0 0 0 0 0 0 0
3 1779 1781 1786 1788 0 0 0 0 0 0 0
3 1779 1780 1781 1789 0 0 0 0 0 0 0
3 1781 1783 1784 1789 0 0 0 0 0 0 0
3 1781 1784 1787 1789 0 0 0 0 0 0 0
3 1736 1766 1767 1790 0 0 0 0 0 0 0
3 1767 1792 1791 1793 0 0 0 0 0 0 0
3 1726 1767 1771 1794 0 0 0 0 0 0 0
3 1726 1794 1771 1795 0 0 0 0 0 0 0
3 1736 1790 1767 1791 0 0 0 0 0 0 0
3 1725 1726 1732 1767 0 0 0 0 0 0 0
3 1733 1736 1767 1791 0 0 0 0 0 0 0
3 503 673 504 1796 1 141 0 0 131 0 0 0
3 1726 1732 1767 1794 0 0 0 0 0 0 0
3 1761 1798 1797 1799 0 0 0 0 0 0 0
3 1073 1148 1114 1800 1 135 0 0 0 0 0 0
3 1761 1801 1762 1802 0 0 0 0 0 0 0
3 1761 1801 1803 1804 0 0 0 0 0 0 0
3 1760 1761 1763 1805 0 0 0 0 0 0 0
3 1761 1806 1803 1807 0 0 0 0 0 0 0
3 1761 1807 1801 1808 0 0 0 0 0 0 0
3 1083 1158 1689 1809 0 0 0 0 0 0 0
3 1810 1811 1812 1813 0 0 0 0 0 0 0
3 1811 1812 1813 1814 0 0 0 0 0 0 0
3 1725 1736 1726 1767 0 0 0 0 0 0 0
3 1813 1816 1815 1817 0 0 0 0 0 0 0
3 1776 1813 1810 1818 0 0 0 0 0 0 0
3 1813 1816 1817 1818 0 0 0 0 0 0 0
3 1816 1817 1818 1819 0 0 0 0 0 0 0
3 1812 1813 1815 1820 0 0 0 0 0 0 0
3 1722 1723 1725 1737 0 0 0 0 0 0 0
3 1723 1734 1724 1765 0 0 0 0 0 0 0
3 1724 1822 1821 1823 0 0 0 0 0 0 0
3 1722 1724 1723 1734 0 0 0 0 0 0 0
3 1724 1727 1821 1824 0 0 0 0 0 0 0
3 1724 1728 1727 1824 0 0 0 0 0 0 0
3 727 737 728 1825 1 141 0 0 0 0 0 0
3 1722 1725 1724 1729 0 0 0 0 0 0 0
3 1826 1827 1828 1829 0 0 0 0 0 0 0
3 1829 1831 1830 1832 0 0 0 0 0 0 0
3 1828 1829 1832 1833 0 0 0 0 0 0 0
3 1831 1835 1834 1836 0 0 0 0 0 0 0
3 1829 1834 1831 1835 0 0 0 0 0 0 0
3 1829 1830 1831 1834 0 0 0 0 0 0 0
3 1837 1838 1839 1840 0 0 0 0 0 0 0
3 1834 1841 1842 1843 0 0 0 0 0 0 0
3 1829 1835 1833 1844 0 0 0 0 0 0 0
3 1746 1846 1845 1847 0 0 0 0 0 0 0
3 1741 1746 1848 1849 0 0 0 0 0 0 0
3 75 132 467 1850 0 0 0 0 0 0 0
3 1851 1852 1853 1854 0 0 0 0 0 0 0
3 1745 1747 1746 1751 0 0 0 0 0 0 0
3 1741 1746 1747 1759 0 0 0 0 0 0 0
3 1745 1751 1746 1846 0 0 0 0 0 0 0
3 1852 1856 1855 1857 0 0 0 0 0 0 0
3 1786 1858 1787 1859 0 0 0 0 0 0 0
3 1787 1859 1860 1861 0 0 0 0 0 0 0
3 1859 1863 1862 1864 0 0 0 0 0 0 0
3 1858 1865 1859 1866 0 0 0 0 0 0 0
3 1740 1741 1745 1747 0 0 0 0 0 0 0
3 1867 1868 1869 1870 0 0 0 0 0 0 0
3 1868 1869 1870 1871 0 0 0 0 0 0 0
3 1869 1872 1870 1873 0 0 0 0 0 0 0
3 1870 1873 1872 1874 0 0 0 0 0 0 0
3 1863 1876 1875 1877 0 0 0 0 0 0 0
3 1862 1864 1863 1878 0 0 0 0 0 0 0
3 1818 1863 1864 1878 0 0 0 0 0 0 0
3 1607 1623 1610 1879 1 287 0 0 0 0 0 0
3 1859 1860 1861 1865 0 0 0 0 0 0 0
3 1859 1866 1865 1880 0 0 0 0 0 0 0
3 1859 1861 1862 1863 0 0 0 0 0 0 0
3 1818 1864 1863 1881 0 0 0 0 0 0 0
3 1863 1877 1875 1882 0 0 0 0 0 0 0
3 1755 1884 1883 1885 0 0 0 0 0 0 0
3 1755 1759 1884 1885 0 0 0 0 0 0 0
3 1747 1754 1755 1757 0 0 0 0 0 0 0
3 1747 1758 1755 1759 0 0 0 0 0 0 0
3 1747 1750 1751 1886 0 0 0 0 0 0 0
3 1763 1888 1887 1889 0 0 0 0 0 0 0
3 1890 1891 1892 1893 0 0 0 0 0 0 0
3 1816 1817 1819 1894 0 0 0 0 0 0 0
3 1802 1819 1889 1895 0 0 0 0 0 0 0
3 1817 1819 1894 1895 0 0 0 0 0 0 0
3 1627 1896 1897 1898 0 0 0 0 0 0 0
3 1817 1876 1818 1889 0 0 0 0 0 0 0
3 1762 1816 1819 1894 0 0 0 0 0 0 0
3 1762 1819 1816 1899 0 0 0 0 0 0 0
3 1761 1802 1763 1900 0 0 0 0 0 0 0
3 937 1667 1671 1901 1 450 0 0 0 0 0 0
3 617 726 727 1902 1 141 0 0 0 0 0 0
3 1776 1818 1899 1903 0 0 0 0 0 0 0
3 1722 1729 1724 1904 0 0 0 0 0 0 0
3 1726 1769 1727 1905 0 0 0 0 0 0 0
3 1727 1728 1905 1906 0 0 0 0 0 0 0
3 1907 1908 1909 1910 0 0 0 0 0 0 0
3 1908 1909 1910 1911 0 0 0 0 0 0 0
3 1869 1872 1911 1912 0 0 0 0 0 0 0
3 1908 1911 1910 1913 0 0 0 0 0 0 0
3 1887 1910 1911 1914 0 0 0 0 0 0 0
3 1915 1916 1917 1918 0 0 0 0 0 0 0
3 1919 1920 1921 1922 0 0 0 0 0 0 0
3 1915 1918 1923 1924 0 0 0 0 0 0 0
3 1775 1777 1918 1925 0 0 0 0 0 0 0
3 1777 1918 1878 1926 0 0 0 0 0 0 0
3 1863 1875 1880 1882 0 0 0 0 0 0 0
3 1882 1928 1927 1929 0 0 0 0 0 0 0
3 1875 1882 1877 1930 0 0 0 0 0 0 0
3 1877 1882 1878 1931 0 0 0 0 0 0 0
3 916 1013 1707 1717 0 0 0 0 0 0 0
3 1882 1928 1929 1932 0 0 0 0 0 0 0
3 1882 1929 1927 1933 0 0 0 0 0 0 0
3 1730 1934 1935 1936 0 0 0 0 0 0 0
3 1935 1938 1937 1939 0 0 0 0 0 0 0
3 1779 1939 1788 1940 0 0 0 0 0 0 0
3 1779 1789 1788 1939 0 0 0 0 0 0 0
3 1779 1937 1938 1939 0 0 0 0 0 0 0
3 1788 1789 1936 1939 0 0 0 0 0 0 0
3 1789 1938 1936 1939 0 0 0 0 0 0 0
3 1818 1864 1881 1941 0 0 0 0 0 0 0
3 1204 1248 1247 1942 1 135 0 0 0 0 0 0
3 1818 1876 1820 1943 0 0 0 0 0 0 0
3 62 454 131 1944 0 0 0 0 0 0 0
3 1816 1819 1818 1899 0 0 0 0 0 0 0
3 1816 1899 1818 1903 0 0 0 0 0 0 0
3 1810 1818 1881 1941 0 0 0 0 0 0 0
3 1745 1846 1746 1945 0 0 0 0 0 0 0
3 1946 1947 1948 1949 0 0 0 0 0 0 0
3 1751 1846 1886 1950 0 0 0 0 0 0 0
3 1746 1845 1759 1848 0 0 0 0 0 0 0
3 1746 1846 1847 1945 0 0 0 0 0 0 0
3 1740 1745 1742 1886 0 0 0 0 0 0 0
3 1740 1750 1747 1886 0 0 0 0 0 0 0
3 1742 1745 1849 1951 0 0 0 0 0 0 0
3 1741 1745 1746 1849 0 0 0 0 0 0 0
3 1733 1735 1736 1791 0 0 0 0 0 0 0
3 1735 1742 1738 1952 0 0 0 0 0 0 0
3 1723 1725 1735 1736 0 0 0 0 0 0 0
3 1735 1737 1738 1742 0 0 0 0 0 0 0
3 1953 1954 1955 1956 0 0 0 0 0 0 0
3 1722 1957 1904 1958 0 0 0 0 0 0 0
3 1722 1958 1904 1959 0 0 0 0 0 0 0
3 1722 1734 1958 1959 0 0 0 0 0 0 0
3 1329 1333 1960 1961 0 0 0 0 0 0 0
3 1723 1735 1725 1737 0 0 0 0 0 0 0
3 1725 1729 1957 1962 0 0 0 0 0 0 0
3 1722 1904 1734 1959 0 0 0 0 0 0 0
3 1723 1727 1764 1765 0 0 0 0 0 0 0
3 1725 1733 1735 1736 0 0 0 0 0 0 0
3 1764 1765 1769 1963 0 0 0 0 0 0 0
3 1726 1764 1769 1771 0 0 0 0 0 0 0
3 1726 1767 1764 1771 0 0 0 0 0 0 0
3 1766 1767 1790 1964 0 0 0 0 0 0 0
3 1767 1771 1794 1964 0 0 0 0 0 0 0
3 1736 1790 1791 1965 0 0 0 0 0 0 0
3 1966 1967 1968 1969 0 0 0 0 0 0 0
3 1836 1967 1966 1969 0 0 0 0 0 0 0
3 1967 1968 1969 1970 0 0 0 0 0 0 0
3 1469 1475 1471 1971 1 1 0 0 0 0 0 0
3 1758 1884 1759 1969 0 0 0 0 0 0 0
3 1811 1973 1972 1974 0 0 0 0 0 0 0
3 1758 1836 1969 1975 0 0 0 0 0 0 0
3 1836 1967 1969 1975 0 0 0 0 0 0 0
3 1976 1977 1978 1979 0 0 0 0 0 0 0
3 1935 1938 1980 1981 0 0 0 0 0 0 0
3 1980 1982 1981 1983 0 0 0 0 0 0 0
3 1935 1937 1938 1981 0 0 0 0 0 0 0
3 1982 1984 1983 1985 0 0 0 0 0 0 0
3 1986 1987 1988 1989 0 0 0 0 0 0 0
3 1743 1990 1991 1992 0 0 0 0 0 0 0
3 1989 1994 1993 1995 0 0 0 0 0 0 0
3 960 1996 1997 1998 0 0 0 0 0 0 0
3 1989 1994 1995 1999 0 0 0 0 0 0 0
3 1986 1994 1989 1999 0 0 0 0 0 0 0
3 1988 2000 1989 2001 0 0 0 0 0 0 0
3 1989 2000 1995 2001 0 0 0 0 0 0 0
3 2002 2003 2004 2005 0 0 0 0 0 0 0
3 2002 2003 2005 2006 0 0 0 0 0 0 0
3 2005 2008 2007 2009 0 0 0 0 0 0 0
3 1857 2005 2010 2011 0 0 0 0 0 0 0
3 2005 2010 2007 2012 0 0 0 0 0 0 0
3 2005 2006 2010 2012 0 0 0 0 0 0 0
3 2005 2009 2007 2010 0 0 0 0 0 0 0
3 1857 2011 2010 2013 0 0 0 0 0 0 0
3 1762 1903 1816 2014 0 0 0 0 0 0 0
3 1150 2015 2016 2017 0 0 0 0 0 0 0
3 1813 1818 1817 1820 0 0 0 0 0 0 0
3 1813 1816 1818 1903 0 0 0 0 0 0 0
3 1813 1817 1815 1820 0 0 0 0 0 0 0
3 1815 1816 2018 2019 0 0 0 0 0 0 0
3 1026 2017 2016 2020 0 0 0 0 0 0 0
3 1776 1813 1818 1903 0 0 0 0 0 0 0
3 1777 1818 1878 1889 0 0 0 0 0 0 0
3 1877 1888 1878 1889 0 0 0 0 0 0 0
3 1878 1918 1888 1931 0 0 0 0 0 0 0
3 1777 1878 1918 1925 0 0 0 0 0 0 0
3 1777 1926 1878 2021 0 0 0 0 0 0 0
3 1863 1878 2022 2023 0 0 0 0 0 0 0
3 1735 1742 1952 1965 0 0 0 0 0 0 0
3 1965 2025 2024 2026 0 0 0 0 0 0 0
3 1965 2025 2026 2027 0 0 0 0 0 0 0
3 1965 2025 2027 2028 0 0 0 0 0 0 0
3 1996 2029 2030 2031 0 0 0 0 0 0 0
3 1996 1998 2032 2033 0 0 0 0 0 0 0
3 1735 2034 1791 2035 0 0 0 0 0 0 0
3 1735 1742 1965 2034 0 0 0 0 0 0 0
3 1734 1765 1736 1952 0 0 0 0 0 0 0
3 1727 1823 1821 2036 0 0 0 0 0 0 0
3 1822 2037 1823 2038 0 0 0 0 0 0 0
3 1723 1764 1736 1765 0 0 0 0 0 0 0
3 1724 1727 1765 1823 0 0 0 0 0 0 0
3 1726 1764 1727 1769 0 0 0 0 0 0 0
3 1765 1822 1823 2038 0 0 0 0 0 0 0
3 1739 1958 1885 2039 0 0 0 0 0 0 0
3 1739 1741 1885 1958 0 0 0 0 0 0 0
3 1883 1885 1884 2040 0 0 0 0 0 0 0
3 1936 2042 2041 2043 0 0 0 0 0 0 0
3 1728 2041 1936 2042 0 0 0 0 0 0 0
3 1181 2015 1998 2044 0 0 0 0 0 0 0
3 1788 1936 1905 1939 0 0 0 0 0 0 0
3 1728 1905 1936 1939 0 0 0 0 0 0 0
3 1787 1860 1788 2042 0 0 0 0 0 0 0
3 1728 2041 2042 2045 0 0 0 0 0 0 0
3 2046 2047 2048 2049 0 0 0 0 0 0 0
3 2046 2047 2049 2050 0 0 0 0 0 0 0
3 1867 2048 1868 2049 0 0 0 0 0 0 0
3 2046 2051 2049 2052 0 0 0 0 0 0 0
3 1868 2049 2050 2053 0 0 0 0 0 0 0
3 202 295 298 2054 1 147 0 0 0 0 0 0
3 2048 2055 2049 2056 0 0 0 0 0 0 0
3 1781 1787 1788 1789 0 0 0 0 0 0 0
3 1779 1789 1938 2057 0 0 0 0 0 0 0
3 1976 2058 2059 2060 0 0 0 0 0 0 0
3 1779 1780 1789 2057 0 0 0 0 0 0 0
3 1780 2061 1789 2062 0 0 0 0 0 0 0
3 1789 2061 2043 2062 0 0 0 0 0 0 0
3 1789 2043 1936 2062 0 0 0 0 0 0 0
3 1789 2042 1936 2043 0 0 0 0 0 0 0
3 1867 2048 2049 2056 0 0 0 0 0 0 0
3 1868 1870 2053 2063 0 0 0 0 0 0 0
3 2064 2065 2066 2067 0 0 0 0 0 0 0
3 2067 2069 2068 2070 0 0 0 0 0 0 0
3 2067 2070 2068 2071 0 0 0 0 0 0 0
3 2067 2068 2072 2073 0 0 0 0 0 0 0
3 762 763 799 2074 1 141 0 0 0 0 0 0
3 1446 1456 2075 2076 0 0 0 0 0 0 0
3 2027 2077 2078 2079 0 0 0 0 0 0 0
3 1766 2079 2080 2081 0 0 0 0 0 0 0
3 1736 1952 1765 2079 0 0 0 0 0 0 0
3 2077 2079 2080 2082 0 0 0 0 0 0 0
3 2080 2083 2082 2084 0 0 0 0 0 0 0
3 1978 2060 2085 2086 0 0 0 0 0 0 0
3 1765 2079 1952 2084 0 0 0 0 0 0 0
3 487 535 561 2087 1 143 0 0 0 0 0 0
3 1740 1747 1745 1886 0 0 0 0 0 0 0
3 1747 1748 1749 2088 0 0 0 0 0 0 0
3 1735 1748 1740 2034 0 0 0 0 0 0 0
3 1737 1740 1741 1742 0 0 0 0 0 0 0
3 1735 1740 1737 1742 0 0 0 0 0 0 0
3 1742 2026 1965 2034 0 0 0 0 0 0 0
3 1742 1952 1965 2027 0 0 0 0 0 0 0
3 77 122 470 1644 0 0 0 0 0 0 0
3 1432 1456 1446 2076 1 1 0 0 0 0 0 0
3 1742 1886 1745 2089 0 0 0 0 0 0 0
3 1745 1945 1951 2089 0 0 0 0 0 0 0
3 1860 2090 1905 2091 0 0 0 0 0 0 0
3 1795 2092 1905 2093 0 0 0 0 0 0 0
3 1771 1794 1964 2094 0 0 0 0 0 0 0
3 1771 2094 1964 2095 0 0 0 0 0 0 0
3 1795 2096 2093 2097 0 0 0 0 0 0 0
3 1795 2094 2095 2096 0 0 0 0 0 0 0
3 1786 2099 2098 2100 0 0 0 0 0 0 0
3 1774 2099 2100 2101 0 0 0 0 0 0 0
3 1859 1866 1864 2100 0 0 0 0 0 0 0
3 1181 2029 1182 2044 0 0 0 0 0 0 0
3 1866 1941 2100 2102 0 0 0 0 0 0 0
3 1786 2021 2099 2100 0 0 0 0 0 0 0
3 1941 2101 2100 2103 0 0 0 0 0 0 0
3 1774 2099 2021 2100 0 0 0 0 0 0 0
3 1733 2105 2104 2106 0 0 0 0 0 0 0
3 1730 1733 1732 1935 0 0 0 0 0 0 0
3 1731 1962 1733 2105 0 0 0 0 0 0 0
3 1725 1730 1731 1733 0 0 0 0 0 0 0
3 2107 2108 2109 2110 0 0 0 0 0 0 0
3 2107 2109 2108 2111 0 0 0 0 0 0 0
3 1846 2009 2108 2112 0 0 0 0 0 0 0
3 1751 2108 1833 2113 0 0 0 0 0 0 0
3 1751 1846 2108 2113 0 0 0 0 0 0 0
3 1810 2114 1811 2115 0 0 0 0 0 0 0
3 1811 1814 2115 2116 0 0 0 0 0 0 0
3 1446 2076 2060 2085 0 0 0 0 0 0 0
3 1810 1812 1811 2117 0 0 0 0 0 0 0
3 1811 1973 1974 2118 0 0 0 0 0 0 0
3 1811 1974 1972 2119 0 0 0 0 0 0 0
3 1811 2116 2118 2119 0 0 0 0 0 0 0
3 1871 2120 2063 2121 0 0 0 0 0 0 0
3 1867 1870 1872 2122 0 0 0 0 0 0 0
3 1869 1873 1871 1913 0 0 0 0 0 0 0
3 1808 2123 1871 2124 0 0 0 0 0 0 0
3 1871 2125 2123 2126 0 0 0 0 0 0 0
3 1871 1913 2127 2128 0 0 0 0 0 0 0
3 1871 2127 2125 2128 0 0 0 0 0 0 0
3 1818 1877 1878 1889 0 0 0 0 0 0 0
3 1859 1863 1864 1881 0 0 0 0 0 0 0
3 1776 1777 1818 1864 0 0 0 0 0 0 0
3 1777 1818 1864 1878 0 0 0 0 0 0 0
3 1722 1724 1734 1904 0 0 0 0 0 0 0
3 1737 1739 1749 1957 0 0 0 0 0 0 0
3 1739 1756 1957 2039 0 0 0 0 0 0 0
3 1957 1958 2039 2129 0 0 0 0 0 0 0
3 1904 1958 1957 2129 0 0 0 0 0 0 0
3 1729 1957 1962 2130 0 0 0 0 0 0 0
3 1435 2085 1446 2086 0 0 0 0 0 0 0
3 1739 2039 1885 2131 0 0 0 0 0 0 0
3 1904 1958 2129 2132 0 0 0 0 0 0 0
3 1738 1848 1741 1958 0 0 0 0 0 0 0
3 1737 1738 1741 1958 0 0 0 0 0 0 0
3 1729 2129 1957 2130 0 0 0 0 0 0 0
3 1764 1766 1770 1771 0 0 0 0 0 0 0
3 1735 1737 1740 1962 0 0 0 0 0 0 0
3 2133 2134 2135 2136 0 0 0 0 0 0 0
3 2094 2136 2137 2138 0 0 0 0 0 0 0
3 1446 2075 2060 2076 0 0 0 0 0 0 0
3 2097 2139 2136 2140 0 0 0 0 0 0 0
3 2097 2136 2134 2140 0 0 0 0 0 0 0
3 2133 2134 2136 2141 0 0 0 0 0 0 0
3 2136 2137 2138 2142 0 0 0 0 0 0 0
3 2060 2075 2143 2144 0 0 0 0 0 0 0
3 1966 1969 1968 2145 0 0 0 0 0 0 0
3 1967 1968 1970 2146 0 0 0 0 0 0 0
3 1836 1947 1966 1967 0 0 0 0 0 0 0
3 1758 1969 1759 1975 0 0 0 0 0 0 0
3 1884 2040 1885 2147 0 0 0 0 0 0 0
3 1884 1968 2040 2147 0 0 0 0 0 0 0
3 351 2148 2149 2150 0 0 0 0 0 0 0
3 1884 1970 2147 2151 0 0 0 0 0 0 0
3 1884 1969 1970 2151 0 0 0 0 0 0 0
3 2112 2113 2152 2153 0 0 0 0 0 0 0
3 290 2150 2154 2155 0 0 0 0 0 0 0
3 1833 1975 2113 2156 0 0 0 0 0 0 0
3 1747 1751 1757 1758 0 0 0 0 0 0 0
3 1755 1885 1883 2131 0 0 0 0 0 0 0
3 1739 1755 1756 2131 0 0 0 0 0 0 0
3 1758 1883 2145 2157 0 0 0 0 0 0 0
3 1758 2145 1836 2157 0 0 0 0 0 0 0
3 1739 1741 1755 1885 0 0 0 0 0 0 0
3 1755 1758 1757 2157 0 0 0 0 0 0 0
3 1751 1757 1758 1831 0 0 0 0 0 0 0
3 1831 1833 1835 1975 0 0 0 0 0 0 0
3 1751 1757 1831 2110 0 0 0 0 0 0 0
3 580 967 956 2158 1 139 0 0 0 0 0 0
3 1830 1832 1831 2157 0 0 0 0 0 0 0
3 1757 1832 1831 2110 0 0 0 0 0 0 0
3 714 751 752 2159 1 141 0 0 0 0 0 0
3 351 354 2148 2150 0 0 0 0 0 0 0
3 1956 2161 2160 2162 0 0 0 0 0 0 0
3 2162 2164 2163 2165 0 0 0 0 0 0 0
3 1955 2164 2162 2165 0 0 0 0 0 0 0
3 1953 2162 2164 2166 0 0 0 0 0 0 0
3 1953 2161 2162 2166 0 0 0 0 0 0 0
3 2161 2162 2166 2167 0 0 0 0 0 0 0
3 1953 2166 2164 2168 0 0 0 0 0 0 0
3 1757 2169 2157 2170 0 0 0 0 0 0 0
3 299 354 2150 2171 0 0 0 0 0 0 0
3 1757 2157 1832 2170 0 0 0 0 0 0 0
3 1757 1831 1832 2157 0 0 0 0 0 0 0
3 1754 2169 1757 2172 0 0 0 0 0 0 0
3 1747 1751 1752 1757 0 0 0 0 0 0 0
3 1752 1754 1757 2172 0 0 0 0 0 0 0
3 1751 1752 1757 2110 0 0 0 0 0 0 0
3 2091 2173 2174 2175 0 0 0 0 0 0 0
3 1861 1880 1865 2175 0 0 0 0 0 0 0
3 1861 1933 2175 2176 0 0 0 0 0 0 0
3 1861 2176 2175 2177 0 0 0 0 0 0 0
3 2174 2177 2175 2178 0 0 0 0 0 0 0
3 1860 2175 2091 2177 0 0 0 0 0 0 0
3 1860 1861 2175 2177 0 0 0 0 0 0 0
3 1733 1748 1735 2035 0 0 0 0 0 0 0
3 1735 1736 1791 1965 0 0 0 0 0 0 0
3 1766 2027 1965 2079 0 0 0 0 0 0 0
3 1967 1969 1975 2179 0 0 0 0 0 0 0
3 1967 2180 1975 2181 0 0 0 0 0 0 0
3 1759 1975 2179 2182 0 0 0 0 0 0 0
3 1759 2113 1975 2182 0 0 0 0 0 0 0
3 1751 1758 1759 2113 0 0 0 0 0 0 0
3 1758 1831 1836 1975 0 0 0 0 0 0 0
3 1831 1833 1975 2113 0 0 0 0 0 0 0
3 2009 2108 2112 2153 0 0 0 0 0 0 0
3 1975 2113 2156 2183 0 0 0 0 0 0 0
3 1740 1749 1748 1962 0 0 0 0 0 0 0
3 1748 2034 2035 2184 0 0 0 0 0 0 0
3 1748 1962 1749 2185 0 0 0 0 0 0 0
3 1748 2105 1962 2185 0 0 0 0 0 0 0
3 1748 2105 2088 2186 0 0 0 0 0 0 0
3 2149 2154 2150 2187 0 0 0 0 0 0 0
3 1748 2184 2035 2188 0 0 0 0 0 0 0
3 1807 1808 1900 2189 0 0 0 0 0 0 0
3 1760 1805 1763 1925 0 0 0 0 0 0 0
3 1763 1912 1888 1925 0 0 0 0 0 0 0
3 1760 1763 1899 1925 0 0 0 0 0 0 0
3 1808 1867 1900 2189 0 0 0 0 0 0 0
3 1802 1869 1887 1900 0 0 0 0 0 0 0
3 1872 1912 1900 2190 0 0 0 0 0 0 0
3 1763 1887 1802 1889 0 0 0 0 0 0 0
3 1801 1894 2191 2192 0 0 0 0 0 0 0
3 1762 1894 2192 2193 0 0 0 0 0 0 0
3 1894 2191 2192 2194 0 0 0 0 0 0 0
3 1763 1805 1900 1912 0 0 0 0 0 0 0
3 1816 2019 1894 2193 0 0 0 0 0 0 0
3 1762 1802 1801 1894 0 0 0 0 0 0 0
3 1816 1817 1894 2019 0 0 0 0 0 0 0
3 1817 1889 1819 1895 0 0 0 0 0 0 0
3 1761 1763 1805 1900 0 0 0 0 0 0 0
3 1761 1798 1762 2195 0 0 0 0 0 0 0
3 1761 1762 1763 1802 0 0 0 0 0 0 0
3 1798 1899 2196 2197 0 0 0 0 0 0 0
3 1760 1899 1798 2197 0 0 0 0 0 0 0
3 1760 1798 1799 2197 0 0 0 0 0 0 0
3 1798 1799 2197 2198 0 0 0 0 0 0 0
3 1727 1824 1906 2036 0 0 0 0 0 0 0
3 1727 2036 1906 2199 0 0 0 0 0 0 0
3 1727 1905 1769 2199 0 0 0 0 0 0 0
3 1730 1936 1935 1939 0 0 0 0 0 0 0
3 2200 2201 2202 2203 0 0 0 0 0 0 0
3 1729 1731 2204 2205 0 0 0 0 0 0 0
3 1728 1936 1730 1939 0 0 0 0 0 0 0
3 1728 1730 1936 2204 0 0 0 0 0 0 0
3 1730 1935 1934 2206 0 0 0 0 0 0 0
3 248 253 1896 2203 0 0 0 0 0 0 0
3 1814 2207 2116 2208 0 0 0 0 0 0 0
3 493 2209 538 2210 0 0 0 0 0 0 0
3 2208 2212 2211 2213 0 0 0 0 0 0 0
3 2208 2212 2214 2215 0 0 0 0 0 0 0
3 2208 2214 2212 2216 0 0 0 0 0 0 0
3 2207 2214 2208 2216 0 0 0 0 0 0 0
3 2116 2119 2208 2211 0 0 0 0 0 0 0
3 1858 1865 1866 2217 0 0 0 0 0 0 0
3 1858 1866 2218 2219 0 0 0 0 0 0 0
3 1859 1866 1880 1881 0 0 0 0 0 0 0
3 1858 1866 2219 2220 0 0 0 0 0 0 0
3 1858 2217 1866 2220 0 0 0 0 0 0 0
3 1866 1881 2117 2221 0 0 0 0 0 0 0
3 1866 1881 1941 2117 0 0 0 0 0 0 0
3 1858 1866 1859 2218 0 0 0 0 0 0 0
3 1858 2093 1865 2217 0 0 0 0 0 0 0
3 1859 1880 1863 1881 0 0 0 0 0 0 0
3 1786 1859 1787 1862 0 0 0 0 0 0 0
3 1859 1866 2100 2218 0 0 0 0 0 0 0
3 1859 1864 1866 1881 0 0 0 0 0 0 0
3 2073 2222 2223 2224 0 0 0 0 0 0 0
3 2224 2226 2225 2227 0 0 0 0 0 0 0
3 2224 2226 2227 2228 0 0 0 0 0 0 0
3 2224 2227 2229 2230 0 0 0 0 0 0 0
3 141 2231 2203 2232 0 0 0 0 0 0 0
3 2073 2224 2230 2233 0 0 0 0 0 0 0
3 1725 1733 1731 1962 0 0 0 0 0 0 0
3 1732 1792 1794 2234 0 0 0 0 0 0 0
3 1725 1735 1733 1962 0 0 0 0 0 0 0
3 1730 1731 1733 2106 0 0 0 0 0 0 0
3 1730 2206 1934 2235 0 0 0 0 0 0 0
3 1732 1792 1767 1794 0 0 0 0 0 0 0
3 141 241 2203 2231 0 0 0 0 0 0 0
3 1832 2109 1833 2110 0 0 0 0 0 0 0
3 1829 1831 1832 1833 0 0 0 0 0 0 0
3 1830 1831 1834 1836 0 0 0 0 0 0 0
3 1832 2237 2236 2238 0 0 0 0 0 0 0
3 1831 1832 1833 2110 0 0 0 0 0 0 0
3 1830 1832 2170 2239 0 0 0 0 0 0 0
3 1832 2236 2170 2239 0 0 0 0 0 0 0
3 1817 1818 1819 1889 0 0 0 0 0 0 0
3 1878 1889 1888 1925 0 0 0 0 0 0 0
3 1877 1888 1889 1930 0 0 0 0 0 0 0
3 1818 1819 1889 1899 0 0 0 0 0 0 0
3 1749 1957 1756 2185 0 0 0 0 0 0 0
3 1729 1824 1904 2240 0 0 0 0 0 0 0
3 1732 1733 1767 1792 0 0 0 0 0 0 0
3 1725 1726 1727 1728 0 0 0 0 0 0 0
3 1728 1729 1730 2204 0 0 0 0 0 0 0
3 1728 1729 2204 2241 0 0 0 0 0 0 0
3 1763 1802 1887 1900 0 0 0 0 0 0 0
3 2242 2243 2244 2245 0 0 0 0 0 0 0
3 1763 1900 1887 1912 0 0 0 0 0 0 0
3 1762 1819 1802 1894 0 0 0 0 0 0 0
3 1763 1889 1899 1925 0 0 0 0 0 0 0
3 1773 1774 1775 1776 0 0 0 0 0 0 0
3 241 2246 261 2247 0 0 0 0 0 0 0
3 1878 1926 1918 1931 0 0 0 0 0 0 0
3 1917 1918 1926 2248 0 0 0 0 0 0 0
3 2246 2250 2249 2251 0 0 0 0 0 0 0
3 1924 2196 1925 2197 0 0 0 0 0 0 0
3 1923 1924 1925 2252 0 0 0 0 0 0 0
3 1923 2252 1925 2253 0 0 0 0 0 0 0
3 1888 1918 2253 2254 0 0 0 0 0 0 0
3 1805 1912 1925 2252 0 0 0 0 0 0 0
3 1762 1816 1894 2193 0 0 0 0 0 0 0
3 1762 1798 2014 2193 0 0 0 0 0 0 0
3 1762 1798 1903 2014 0 0 0 0 0 0 0
3 241 255 2203 2247 0 0 0 0 0 0 0
3 2207 2256 2255 2257 0 0 0 0 0 0 0
3 2255 2257 2256 2258 0 0 0 0 0 0 0
3 1813 2115 2014 2259 0 0 0 0 0 0 0
3 1814 2014 2115 2207 0 0 0 0 0 0 0
3 1813 2014 1903 2259 0 0 0 0 0 0 0
3 1774 1777 1864 2021 0 0 0 0 0 0 0
3 1785 2021 1862 2023 0 0 0 0 0 0 0
3 1781 1785 1782 2021 0 0 0 0 0 0 0
3 1785 2260 1917 2261 0 0 0 0 0 0 0
3 1785 2021 1917 2260 0 0 0 0 0 0 0
3 1862 1864 1878 2021 0 0 0 0 0 0 0
3 2237 2262 2238 2263 0 0 0 0 0 0 0
3 1752 2264 2110 2265 0 0 0 0 0 0 0
3 2110 2262 2237 2263 0 0 0 0 0 0 0
3 1751 1752 2110 2265 0 0 0 0 0 0 0
3 998 999 1026 2016 1 137 128 0 0 0 0 0
3 2266 2267 2268 2269 0 0 0 0 0 0 0
3 2123 2269 2191 2270 0 0 0 0 0 0 0
3 2266 2269 2268 2271 0 0 0 0 0 0 0
3 2266 2269 2271 2272 0 0 0 0 0 0 0
3 1238 1301 1275 2273 1 135 0 0 0 0 0 0
3 2191 2272 2269 2274 0 0 0 0 0 0 0
3 1745 1886 1846 2089 0 0 0 0 0 0 0
3 1846 2089 1886 2275 0 0 0 0 0 0 0
3 1739 1747 1749 1755 0 0 0 0 0 0 0
3 1742 2034 1886 2089 0 0 0 0 0 0 0
3 2089 2277 2276 2278 0 0 0 0 0 0 0
3 1886 2034 2026 2089 0 0 0 0 0 0 0
3 1737 1739 1957 1958 0 0 0 0 0 0 0
3 1747 2088 1749 2279 0 0 0 0 0 0 0
3 1740 1748 1750 2034 0 0 0 0 0 0 0
3 1885 2040 2039 2280 0 0 0 0 0 0 0
3 1741 1848 1885 1958 0 0 0 0 0 0 0
3 1885 2132 2147 2280 0 0 0 0 0 0 0
3 1758 1883 1969 2145 0 0 0 0 0 0 0
3 76 470 122 1645 0 0 0 0 0 0 0
3 1742 1745 1951 2089 0 0 0 0 0 0 0
3 1741 1759 1755 1885 0 0 0 0 0 0 0
3 1746 1751 1759 1846 0 0 0 0 0 0 0
3 1934 1935 1936 1938 0 0 0 0 0 0 0
3 1787 2042 2043 2281 0 0 0 0 0 0 0
3 1726 1905 1939 2282 0 0 0 0 0 0 0
3 1787 1860 2042 2177 0 0 0 0 0 0 0
3 1779 1938 1789 1939 0 0 0 0 0 0 0
3 1726 1939 1732 2282 0 0 0 0 0 0 0
3 1726 1728 1732 1939 0 0 0 0 0 0 0
3 1730 1935 1732 1939 0 0 0 0 0 0 0
3 1824 1904 2240 2283 0 0 0 0 0 0 0
3 1824 2228 2227 2284 0 0 0 0 0 0 0
3 1824 2227 2240 2285 0 0 0 0 0 0 0
3 2224 2227 2233 2283 0 0 0 0 0 0 0
3 1824 2227 2228 2283 0 0 0 0 0 0 0
3 471 1641 1648 2286 0 0 0 0 0 0 0
3 1807 2287 2189 2288 0 0 0 0 0 0 0
3 1761 1799 1806 1807 0 0 0 0 0 0 0
3 1807 1808 2189 2289 0 0 0 0 0 0 0
3 1807 2189 2287 2289 0 0 0 0 0 0 0
3 1799 1806 1807 2290 0 0 0 0 0 0 0
3 1806 1807 2290 2291 0 0 0 0 0 0 0
3 1940 2093 2097 2282 0 0 0 0 0 0 0
3 1795 2092 2093 2096 0 0 0 0 0 0 0
3 77 189 123 471 1 147 0 0 0 0 0 0
3 1731 1962 2185 2205 0 0 0 0 0 0 0
3 1731 2105 1733 2106 0 0 0 0 0 0 0
3 2203 2210 2231 2246 0 0 0 0 0 0 0
3 470 471 1644 1648 0 0 0 0 0 0 0
3 1810 1818 1812 1881 0 0 0 0 0 0 0
3 1812 1881 1818 1943 0 0 0 0 0 0 0
3 1813 1814 1815 1816 0 0 0 0 0 0 0
3 363 2292 365 2293 0 0 0 0 0 0 0
3 1815 1817 2294 2295 0 0 0 0 0 0 0
3 1812 1820 1815 2296 0 0 0 0 0 0 0
3 1817 1820 1876 2297 0 0 0 0 0 0 0
3 1812 1820 2296 2298 0 0 0 0 0 0 0
3 1817 2295 1820 2297 0 0 0 0 0 0 0
3 1812 1943 1820 2298 0 0 0 0 0 0 0
3 1724 1729 1728 1824 0 0 0 0 0 0 0
3 1725 1732 1733 1767 0 0 0 0 0 0 0
3 2227 2240 2233 2283 0 0 0 0 0 0 0
3 1904 2233 2240 2283 0 0 0 0 0 0 0
3 2224 2228 2227 2283 0 0 0 0 0 0 0
3 2225 2227 2226 2284 0 0 0 0 0 0 0
3 77 470 471 1644 1 145 0 0 0 0 0 0
3 366 2299 2300 2301 0 0 0 0 0 0 0
3 1821 1822 1824 2228 0 0 0 0 0 0 0
3 2135 2303 2302 2304 0 0 0 0 0 0 0
3 470 1644 1645 1648 4 263 0 0 0 0 0 0
3 2138 2304 2305 2306 0 0 0 0 0 0 0
3 2304 2308 2307 2309 0 0 0 0 0 0 0
3 2303 2304 2310 2311 0 0 0 0 0 0 0
3 2304 2311 2312 2313 0 0 0 0 0 0 0
3 2304 2311 2313 2314 0 0 0 0 0 0 0
3 2304 2307 2308 2310 0 0 0 0 0 0 0
3 1967 2181 2315 2316 0 0 0 0 0 0 0
3 1967 2317 2316 2318 0 0 0 0 0 0 0
3 2317 2320 2319 2321 0 0 0 0 0 0 0
3 2315 2318 2316 2322 0 0 0 0 0 0 0
3 2315 2322 2316 2323 0 0 0 0 0 0 0
3 1761 1801 1804 2195 0 0 0 0 0 0 0
3 1799 2325 2324 2326 0 0 0 0 0 0 0
3 1799 2290 2325 2326 0 0 0 0 0 0 0
3 1797 1799 2198 2327 0 0 0 0 0 0 0
3 1761 1805 1799 1807 0 0 0 0 0 0 0
3 1799 1805 2197 2324 0 0 0 0 0 0 0
3 365 2299 366 2301 0 0 0 0 0 0 0
3 2328 2329 2330 2331 0 0 0 0 0 0 0
3 1799 1807 1805 2290 0 0 0 0 0 0 0
3 1799 2332 2327 2333 0 0 0 0 0 0 0
3 1880 1943 1881 2221 0 0 0 0 0 0 0
3 1946 1947 2334 2335 0 0 0 0 0 0 0
3 1947 1949 2334 2336 0 0 0 0 0 0 0
3 1949 2336 2146 2337 0 0 0 0 0 0 0
3 1966 1968 2146 2337 0 0 0 0 0 0 0
3 1787 1788 1789 2042 0 0 0 0 0 0 0
3 1787 1858 1788 1860 0 0 0 0 0 0 0
3 1787 1859 1861 1862 0 0 0 0 0 0 0
3 365 2293 2292 2299 0 0 0 0 0 0 0
3 1861 1862 2023 2281 0 0 0 0 0 0 0
3 1787 1862 1861 2281 0 0 0 0 0 0 0
3 1788 1940 1939 2093 0 0 0 0 0 0 0
3 1726 1905 1728 1939 0 0 0 0 0 0 0
3 1728 2042 1906 2045 0 0 0 0 0 0 0
3 1860 1905 2090 2093 0 0 0 0 0 0 0
3 1936 2043 2041 2062 0 0 0 0 0 0 0
3 1779 1788 1786 1940 0 0 0 0 0 0 0
3 1789 1936 1938 2062 0 0 0 0 0 0 0
3 2338 2339 2340 2341 0 0 0 0 0 0 0
3 2180 2339 2317 2341 0 0 0 0 0 0 0
3 1975 2182 2113 2341 0 0 0 0 0 0 0
3 1967 1975 2180 2341 0 0 0 0 0 0 0
3 1824 2036 2284 2342 0 0 0 0 0 0 0
3 1726 1727 1728 1905 0 0 0 0 0 0 0
3 1906 2045 2177 2343 0 0 0 0 0 0 0
3 1860 2091 1906 2177 0 0 0 0 0 0 0
3 1886 2275 2026 2344 0 0 0 0 0 0 0
3 1886 2275 2344 2345 0 0 0 0 0 0 0
3 2275 2347 2346 2348 0 0 0 0 0 0 0
3 1745 1846 1945 2089 0 0 0 0 0 0 0
3 1846 2009 2010 2275 0 0 0 0 0 0 0
3 1886 1950 2275 2349 0 0 0 0 0 0 0
3 1877 1930 1882 1931 0 0 0 0 0 0 0
3 1882 1931 1930 1932 0 0 0 0 0 0 0
3 1875 1928 1930 2350 0 0 0 0 0 0 0
3 1877 1888 1930 1931 0 0 0 0 0 0 0
3 1887 1888 1910 1930 0 0 0 0 0 0 0
3 1928 1932 1930 2351 0 0 0 0 0 0 0
3 1914 1928 1930 2351 0 0 0 0 0 0 0
3 2077 2352 2081 2353 0 0 0 0 0 0 0
3 2077 2080 2081 2354 0 0 0 0 0 0 0
3 1766 2028 2027 2081 0 0 0 0 0 0 0
3 2077 2080 2079 2081 0 0 0 0 0 0 0
3 2027 2077 2079 2081 0 0 0 0 0 0 0
3 1817 1895 2355 2356 0 0 0 0 0 0 0
3 1762 1899 1816 1903 0 0 0 0 0 0 0
3 1802 1894 1819 1895 0 0 0 0 0 0 0
3 917 918 956 2357 1 139 129 0 0 0 0 0
3 1802 1895 1889 2356 0 0 0 0 0 0 0
3 1817 1876 1889 2356 0 0 0 0 0 0 0
3 1869 1871 2126 2128 0 0 0 0 0 0 0
3 2125 2128 2358 2359 0 0 0 0 0 0 0
3 1869 2126 1914 2128 0 0 0 0 0 0 0
3 1869 1887 1914 2126 0 0 0 0 0 0 0
3 2126 2356 2128 2359 0 0 0 0 0 0 0
3 2128 2358 2359 2360 0 0 0 0 0 0 0
3 1914 2128 2126 2356 0 0 0 0 0 0 0
3 1866 1941 2102 2117 0 0 0 0 0 0 0
3 1861 1863 2022 2023 0 0 0 0 0 0 0
3 1862 2021 1878 2023 0 0 0 0 0 0 0
3 1774 2021 2099 2361 0 0 0 0 0 0 0
3 1866 2117 2102 2362 0 0 0 0 0 0 0
3 1866 2102 2219 2220 0 0 0 0 0 0 0
3 1866 2102 2100 2218 0 0 0 0 0 0 0
3 1941 2100 2102 2363 0 0 0 0 0 0 0
3 1812 1818 1820 1943 0 0 0 0 0 0 0
3 1774 1917 2021 2361 0 0 0 0 0 0 0
3 1772 1775 1916 2196 0 0 0 0 0 0 0
3 1781 1862 1785 2021 0 0 0 0 0 0 0
3 1774 1864 1941 2100 0 0 0 0 0 0 0
3 1784 2023 1862 2281 0 0 0 0 0 0 0
3 2112 2364 2153 2365 0 0 0 0 0 0 0
3 434 485 474 1586 0 0 0 0 0 0 0
3 1751 1846 1950 2108 0 0 0 0 0 0 0
3 2009 2111 2108 2153 0 0 0 0 0 0 0
3 2013 2364 2112 2365 0 0 0 0 0 0 0
3 350 2299 352 2366 0 0 0 0 0 0 0
3 1845 2112 1846 2182 0 0 0 0 0 0 0
3 1847 2112 2367 2368 0 0 0 0 0 0 0
3 2009 2112 2010 2364 0 0 0 0 0 0 0
3 1528 1537 1538 2369 1 75 0 0 0 0 0 0
3 2010 2013 2112 2368 0 0 0 0 0 0 0
3 2013 2367 2112 2368 0 0 0 0 0 0 0
3 1741 1747 1755 1759 0 0 0 0 0 0 0
3 2108 2153 2111 2156 0 0 0 0 0 0 0
3 2110 2265 2264 2370 0 0 0 0 0 0 0
3 1747 1749 1754 2279 0 0 0 0 0 0 0
3 1757 1832 2110 2237 0 0 0 0 0 0 0
3 1875 1927 1882 1928 0 0 0 0 0 0 0
3 1937 1984 2299 2300 0 0 0 0 0 0 0
3 1876 1881 1880 1943 0 0 0 0 0 0 0
3 1763 1802 1819 1889 0 0 0 0 0 0 0
3 1888 1910 1930 1931 0 0 0 0 0 0 0
3 1777 1899 1889 1925 0 0 0 0 0 0 0
3 1817 1889 1895 2356 0 0 0 0 0 0 0
3 2063 2121 2371 2372 0 0 0 0 0 0 0
3 2063 2373 2127 2374 0 0 0 0 0 0 0
3 1868 1871 2121 2124 0 0 0 0 0 0 0
3 1808 2124 1868 2189 0 0 0 0 0 0 0
3 1871 1873 2063 2127 0 0 0 0 0 0 0
3 1736 1766 1965 2079 0 0 0 0 0 0 0
3 1768 2095 1771 2375 0 0 0 0 0 0 0
3 1764 1770 1769 1771 0 0 0 0 0 0 0
3 1770 2375 1771 2376 0 0 0 0 0 0 0
3 1729 1962 1731 2205 0 0 0 0 0 0 0
3 1741 1742 1745 1849 0 0 0 0 0 0 0
3 1740 1748 1747 1750 0 0 0 0 0 0 0
3 1734 1735 1738 1952 0 0 0 0 0 0 0
3 1739 1755 1749 1756 0 0 0 0 0 0 0
3 2067 2378 2377 2379 0 0 0 0 0 0 0
3 1757 1758 1831 2157 0 0 0 0 0 0 0
3 1730 1934 2204 2235 0 0 0 0 0 0 0
3 1731 2185 2105 2380 0 0 0 0 0 0 0
3 1731 2380 2206 2381 0 0 0 0 0 0 0
3 2382 2383 2384 2385 0 0 0 0 0 0 0
3 1962 2130 2185 2205 0 0 0 0 0 0 0
3 1733 1791 1767 1792 0 0 0 0 0 0 0
3 1725 1728 1729 1730 0 0 0 0 0 0 0
3 1725 1726 1728 1732 0 0 0 0 0 0 0
3 2109 2263 2386 2387 0 0 0 0 0 0 0
3 1828 2109 2263 2388 0 0 0 0 0 0 0
3 1828 2109 2388 2389 0 0 0 0 0 0 0
3 2109 2390 2111 2391 0 0 0 0 0 0 0
3 2108 2113 2112 2153 0 0 0 0 0 0 0
3 1828 2156 2109 2390 0 0 0 0 0 0 0
3 1828 1833 2109 2156 0 0 0 0 0 0 0
3 2161 2226 2167 2392 0 0 0 0 0 0 0
3 1994 1999 2229 2392 0 0 0 0 0 0 0
3 2393 2394 2395 2396 0 0 0 0 0 0 0
3 2161 2392 2166 2397 0 0 0 0 0 0 0
3 2229 2392 2398 2399 0 0 0 0 0 0 0
3 2229 2398 2392 2400 0 0 0 0 0 0 0
3 836 859 2401 2402 0 0 0 0 0 0 0
3 1761 1808 1802 1900 0 0 0 0 0 0 0
3 1802 1869 1808 2126 0 0 0 0 0 0 0
3 1871 2123 2120 2124 0 0 0 0 0 0 0
3 1761 1801 1802 1808 0 0 0 0 0 0 0
3 1867 1900 2189 2190 0 0 0 0 0 0 0
3 1808 1868 1867 2189 0 0 0 0 0 0 0
3 2375 2376 2403 2404 0 0 0 0 0 0 0
3 2405 2406 2407 2408 0 0 0 0 0 0 0
3 1967 1970 1969 2151 0 0 0 0 0 0 0
3 1751 1831 1758 2113 0 0 0 0 0 0 0
3 1759 2179 1845 2182 0 0 0 0 0 0 0
3 1759 1969 2151 2179 0 0 0 0 0 0 0
3 1967 2151 1969 2179 0 0 0 0 0 0 0
3 1758 1883 1884 1969 0 0 0 0 0 0 0
3 1759 1848 1845 2151 0 0 0 0 0 0 0
3 1828 1844 1833 2156 0 0 0 0 0 0 0
3 1831 1835 1836 1975 0 0 0 0 0 0 0
3 1975 2113 2183 2341 0 0 0 0 0 0 0
3 1833 1835 1975 2156 0 0 0 0 0 0 0
3 1748 2088 2105 2185 0 0 0 0 0 0 0
3 1957 1962 2130 2185 0 0 0 0 0 0 0
3 1747 1754 1752 2279 0 0 0 0 0 0 0
3 1749 1756 1754 2409 0 0 0 0 0 0 0
3 2228 2410 2284 2411 0 0 0 0 0 0 0
3 2226 2410 2228 2412 0 0 0 0 0 0 0
3 1822 2228 2037 2413 0 0 0 0 0 0 0
3 2414 2415 2416 2417 0 0 0 0 0 0 0
3 2036 2228 2284 2411 0 0 0 0 0 0 0
3 1821 2036 2037 2228 0 0 0 0 0 0 0
3 1818 1877 1863 1878 0 0 0 0 0 0 0
3 1891 2177 2176 2281 0 0 0 0 0 0 0
3 1861 2176 2177 2281 0 0 0 0 0 0 0
3 227 2418 2415 2419 0 0 0 0 0 0 0
3 1861 1863 1933 2022 0 0 0 0 0 0 0
3 1861 2022 1933 2176 0 0 0 0 0 0 0
3 1787 2042 1789 2043 0 0 0 0 0 0 0
3 2175 2177 2176 2178 0 0 0 0 0 0 0
3 1866 1880 1881 2221 0 0 0 0 0 0 0
3 1861 1933 1880 2175 0 0 0 0 0 0 0
3 1860 1906 1905 2042 0 0 0 0 0 0 0
3 1906 2342 2285 2343 0 0 0 0 0 0 0
3 1906 2036 2091 2199 0 0 0 0 0 0 0
3 1905 1906 2091 2199 0 0 0 0 0 0 0
3 2090 2093 2096 2220 0 0 0 0 0 0 0
3 1788 1858 1940 2093 0 0 0 0 0 0 0
3 2192 2421 2420 2422 0 0 0 0 0 0 0
3 2191 2192 2420 2423 0 0 0 0 0 0 0
3 278 2414 2415 2416 0 0 0 0 0 0 0
3 1801 2195 2192 2423 0 0 0 0 0 0 0
3 1801 1894 1895 2191 0 0 0 0 0 0 0
3 1762 2192 1801 2195 0 0 0 0 0 0 0
3 1762 1894 1801 2192 0 0 0 0 0 0 0
3 1967 2180 2317 2341 0 0 0 0 0 0 0
3 1845 1847 1846 2112 0 0 0 0 0 0 0
3 1845 2152 2112 2182 0 0 0 0 0 0 0
3 1975 2183 2180 2341 0 0 0 0 0 0 0
3 1807 2189 1900 2190 0 0 0 0 0 0 0
3 1805 1900 1912 2190 0 0 0 0 0 0 0
3 1763 1805 1912 1925 0 0 0 0 0 0 0
3 406 407 414 2424 1 147 0 0 0 0 0 0
3 1888 1918 1925 2253 0 0 0 0 0 0 0
3 1808 2123 2124 2289 0 0 0 0 0 0 0
3 1760 1763 1762 1899 0 0 0 0 0 0 0
3 1801 1894 1802 1895 0 0 0 0 0 0 0
3 1801 1895 1802 2123 0 0 0 0 0 0 0
3 1762 2014 1816 2193 0 0 0 0 0 0 0
3 1763 1888 1889 1925 0 0 0 0 0 0 0
3 1812 1813 1814 1815 0 0 0 0 0 0 0
3 227 2405 278 2415 0 0 0 0 0 0 0
3 1760 1799 1761 1805 0 0 0 0 0 0 0
3 1760 1925 1899 2197 0 0 0 0 0 0 0
3 1760 1762 1761 1798 0 0 0 0 0 0 0
3 1762 2193 2192 2195 0 0 0 0 0 0 0
3 1894 2192 2193 2194 0 0 0 0 0 0 0
3 1762 1798 1899 1903 0 0 0 0 0 0 0
3 2192 2195 2422 2423 0 0 0 0 0 0 0
3 1894 2193 2019 2194 0 0 0 0 0 0 0
3 1761 1805 1807 1900 0 0 0 0 0 0 0
3 1727 1906 1905 2199 0 0 0 0 0 0 0
3 1728 2045 1906 2285 0 0 0 0 0 0 0
3 1824 2036 2228 2284 0 0 0 0 0 0 0
3 1728 2041 2045 2285 0 0 0 0 0 0 0
3 1759 1845 1846 2182 0 0 0 0 0 0 0
3 1750 1751 1950 2265 0 0 0 0 0 0 0
3 1846 2275 2010 2368 0 0 0 0 0 0 0
3 1833 2108 2109 2156 0 0 0 0 0 0 0
3 77 123 122 1644 5 147 263 0 256 0 0 0 0
3 1180 1184 2425 2426 0 0 0 0 0 0 0
3 1751 1833 2108 2110 0 0 0 0 0 0 0
3 1759 1975 1969 2179 0 0 0 0 0 0 0
3 1846 2112 2113 2182 0 0 0 0 0 0 0
3 1833 1844 1835 2156 0 0 0 0 0 0 0
3 1846 1950 2009 2275 0 0 0 0 0 0 0
3 1683 1688 1695 1809 1 432 0 0 0 0 0 0
3 1846 2010 2112 2368 0 0 0 0 0 0 0
3 2427 2428 2429 2430 0 0 0 0 0 0 0
3 2420 2422 2431 2432 0 0 0 0 0 0 0
3 2422 2431 2432 2433 0 0 0 0 0 0 0
3 2195 2431 2422 2434 0 0 0 0 0 0 0
3 2422 2423 2434 2435 0 0 0 0 0 0 0
3 1655 2436 2437 2438 0 0 0 0 0 0 0
3 2420 2439 2422 2440 0 0 0 0 0 0 0
3 1655 2438 1668 2441 0 0 0 0 0 0 0
3 2091 2175 2174 2177 0 0 0 0 0 0 0
3 1860 1861 1865 2175 0 0 0 0 0 0 0
3 2174 2177 2343 2442 0 0 0 0 0 0 0
3 1782 2021 1785 2260 0 0 0 0 0 0 0
3 1784 1787 1789 2043 0 0 0 0 0 0 0
3 1906 2045 2042 2177 0 0 0 0 0 0 0
3 2425 2436 2426 2438 0 0 0 0 0 0 0
3 1860 1865 2090 2091 0 0 0 0 0 0 0
3 1655 1671 2437 2443 0 0 0 0 0 0 0
3 1781 1786 1787 1862 0 0 0 0 0 0 0
3 1865 2444 2091 2445 0 0 0 0 0 0 0
3 1865 1880 2221 2446 0 0 0 0 0 0 0
3 1786 1788 1858 1940 0 0 0 0 0 0 0
3 1788 1936 1789 2042 0 0 0 0 0 0 0
3 1736 1765 1764 2079 0 0 0 0 0 0 0
3 1722 1737 1725 1957 0 0 0 0 0 0 0
3 1736 1965 1952 2079 0 0 0 0 0 0 0
3 1733 1962 1748 2105 0 0 0 0 0 0 0
3 1724 1765 1822 1823 0 0 0 0 0 0 0
3 1788 1939 1905 2093 0 0 0 0 0 0 0
3 1607 1623 1879 2447 0 0 0 0 0 0 0
3 1724 1729 1824 1904 0 0 0 0 0 0 0
3 1729 2240 2129 2448 0 0 0 0 0 0 0
3 1731 2185 2381 2449 0 0 0 0 0 0 0
3 1948 2146 2315 2318 0 0 0 0 0 0 0
3 1947 2146 1949 2336 0 0 0 0 0 0 0
3 138 1606 1610 1879 0 0 0 0 0 0 0
3 1967 2317 2179 2341 0 0 0 0 0 0 0
3 1948 1949 2318 2450 0 0 0 0 0 0 0
3 1949 2334 2337 2451 0 0 0 0 0 0 0
3 1948 1949 2450 2452 0 0 0 0 0 0 0
3 1948 2454 2453 2455 0 0 0 0 0 0 0
3 160 161 2456 2457 0 0 0 0 0 0 0
3 1948 1949 2452 2454 0 0 0 0 0 0 0
3 161 2456 2458 2459 0 0 0 0 0 0 0
3 1888 1909 1910 2460 0 0 0 0 0 0 0
3 1888 1910 1909 1911 0 0 0 0 0 0 0
3 1688 1809 1696 2429 0 0 0 0 0 0 0
3 1864 1866 1941 2100 0 0 0 0 0 0 0
3 1918 1925 1924 2196 0 0 0 0 0 0 0
3 1875 1930 1889 2356 0 0 0 0 0 0 0
3 1774 1775 1777 1917 0 0 0 0 0 0 0
3 1877 1878 1888 1931 0 0 0 0 0 0 0
3 1798 2014 2257 2259 0 0 0 0 0 0 0
3 1805 1807 2190 2290 0 0 0 0 0 0 0
3 1816 2014 2018 2193 0 0 0 0 0 0 0
3 1799 2290 2326 2333 0 0 0 0 0 0 0
3 1869 1887 1911 1914 0 0 0 0 0 0 0
3 1910 1913 1911 1914 0 0 0 0 0 0 0
3 1887 1910 1914 1930 0 0 0 0 0 0 0
3 2225 2227 2284 2342 0 0 0 0 0 0 0
3 1904 2132 2233 2283 0 0 0 0 0 0 0
3 139 2456 161 2459 0 0 0 0 0 0 0
3 1722 1729 1904 1957 0 0 0 0 0 0 0
3 1904 2233 2129 2240 0 0 0 0 0 0 0
3 1724 1765 1734 1822 0 0 0 0 0 0 0
3 1724 1725 1728 1729 0 0 0 0 0 0 0
3 138 199 2456 2461 0 0 0 0 0 0 0
3 1775 1777 1917 1918 0 0 0 0 0 0 0
3 1899 1925 2196 2197 0 0 0 0 0 0 0
3 1820 1943 1876 2297 0 0 0 0 0 0 0
3 1772 1775 2196 2462 0 0 0 0 0 0 0
3 1775 1776 1899 1903 0 0 0 0 0 0 0
3 2463 2464 2465 2466 0 0 0 0 0 0 0
3 2466 2468 2467 2469 0 0 0 0 0 0 0
3 2466 2470 2469 2471 0 0 0 0 0 0 0
3 2466 2468 2469 2472 0 0 0 0 0 0 0
3 2466 2469 2470 2473 0 0 0 0 0 0 0
3 2464 2465 2466 2474 0 0 0 0 0 0 0
3 158 199 2461 2475 0 0 0 0 0 0 0
3 2464 2467 2466 2468 0 0 0 0 0 0 0
3 2310 2311 2314 2476 0 0 0 0 0 0 0
3 2136 2308 2138 2477 0 0 0 0 0 0 0
3 2094 2095 2096 2477 0 0 0 0 0 0 0
3 2095 2096 2477 2478 0 0 0 0 0 0 0
3 2094 2096 2136 2477 0 0 0 0 0 0 0
3 2094 2095 2477 2479 0 0 0 0 0 0 0
3 2138 2477 2306 2479 0 0 0 0 0 0 0
3 1778 1779 2098 2480 0 0 0 0 0 0 0
3 1779 1937 1940 2481 0 0 0 0 0 0 0
3 1779 1780 2057 2482 0 0 0 0 0 0 0
3 1779 1938 1937 2480 0 0 0 0 0 0 0
3 1752 2279 2172 2483 0 0 0 0 0 0 0
3 2172 2236 2237 2484 0 0 0 0 0 0 0
3 2170 2172 2236 2237 0 0 0 0 0 0 0
3 2170 2236 2172 2485 0 0 0 0 0 0 0
3 2486 2487 2488 2489 0 0 0 0 0 0 0
3 2478 2489 2490 2491 0 0 0 0 0 0 0
3 2220 2308 2477 2489 0 0 0 0 0 0 0
3 2096 2477 2478 2491 0 0 0 0 0 0 0
3 2220 2308 2489 2492 0 0 0 0 0 0 0
3 2220 2489 2487 2492 0 0 0 0 0 0 0
3 1801 2191 2123 2289 0 0 0 0 0 0 0
3 1798 2196 1903 2462 0 0 0 0 0 0 0
3 1916 1918 1924 2196 0 0 0 0 0 0 0
3 2193 2257 2207 2493 0 0 0 0 0 0 0
3 1761 1762 1801 2195 0 0 0 0 0 0 0
3 1355 1380 1379 2494 1 135 0 0 0 0 0 0
3 1798 2495 2257 2496 0 0 0 0 0 0 0
3 1761 1797 1804 1806 0 0 0 0 0 0 0
3 1798 1899 1903 2196 0 0 0 0 0 0 0
3 1798 2193 2195 2257 0 0 0 0 0 0 0
3 2235 2497 2396 2498 0 0 0 0 0 0 0
3 2028 2081 2499 2500 0 0 0 0 0 0 0
3 2077 2353 2081 2500 0 0 0 0 0 0 0
3 285 1985 2501 2502 0 0 0 0 0 0 0
3 567 1524 635 2503 0 0 0 0 0 0 0
3 1764 1769 1770 1963 0 0 0 0 0 0 0
3 1764 1766 2079 2080 0 0 0 0 0 0 0
3 1766 1964 2028 2376 0 0 0 0 0 0 0
3 1814 2014 2207 2216 0 0 0 0 0 0 0
3 2208 2212 2213 2216 0 0 0 0 0 0 0
3 2014 2018 2193 2216 0 0 0 0 0 0 0
3 1814 1815 2018 2216 0 0 0 0 0 0 0
3 1815 2213 2018 2216 0 0 0 0 0 0 0
3 1775 1903 1899 2196 0 0 0 0 0 0 0
3 285 304 1985 2504 0 0 0 0 0 0 0
3 1812 1818 1813 1820 0 0 0 0 0 0 0
3 285 1985 289 2501 0 0 0 0 0 0 0
3 2505 2506 2507 2508 0 0 0 0 0 0 0
3 2508 2510 2509 2511 0 0 0 0 0 0 0
3 2506 2512 2508 2513 0 0 0 0 0 0 0
3 304 1984 1985 2504 0 0 0 0 0 0 0
3 2506 2514 2508 2515 0 0 0 0 0 0 0
3 2506 2513 2508 2514 0 0 0 0 0 0 0
3 2509 2515 2513 2516 0 0 0 0 0 0 0
3 2508 2513 2509 2515 0 0 0 0 0 0 0
3 2517 2518 2519 2520 0 0 0 0 0 0 0
3 2520 2522 2521 2523 0 0 0 0 0 0 0
3 2517 2520 2524 2525 0 0 0 0 0 0 0
3 889 895 2526 2527 0 0 0 0 0 0 0
3 2517 2524 2520 2528 0 0 0 0 0 0 0
3 2520 2523 2521 2525 0 0 0 0 0 0 0
3 1869 1887 1900 1912 0 0 0 0 0 0 0
3 1807 2288 2189 2529 0 0 0 0 0 0 0
3 1807 2190 2290 2529 0 0 0 0 0 0 0
3 1805 1807 1900 2190 0 0 0 0 0 0 0
3 1799 1806 2290 2333 0 0 0 0 0 0 0
3 1806 2291 2290 2333 0 0 0 0 0 0 0
3 1807 2189 2190 2529 0 0 0 0 0 0 0
3 2065 2070 2067 2071 0 0 0 0 0 0 0
3 2065 2070 2071 2530 0 0 0 0 0 0 0
3 2066 2069 2070 2531 0 0 0 0 0 0 0
3 2068 2070 2069 2147 0 0 0 0 0 0 0
3 1934 2533 2532 2534 0 0 0 0 0 0 0
3 1980 2057 2062 2535 0 0 0 0 0 0 0
3 1934 1935 1980 1982 0 0 0 0 0 0 0
3 870 2536 2537 2538 0 0 0 0 0 0 0
3 589 590 671 2539 1 141 130 0 0 0 0 0
3 1980 1982 1983 1985 0 0 0 0 0 0 0
3 1980 1985 1983 2535 0 0 0 0 0 0 0
3 1980 2533 2535 2540 0 0 0 0 0 0 0
3 2001 2542 2541 2543 0 0 0 0 0 0 0
3 2028 2545 2544 2546 0 0 0 0 0 0 0
3 2413 2547 2537 2548 0 0 0 0 0 0 0
3 2025 2500 2028 2549 0 0 0 0 0 0 0
3 2024 2026 2025 2550 0 0 0 0 0 0 0
3 2025 2027 2028 2500 0 0 0 0 0 0 0
3 2124 2287 2289 2551 0 0 0 0 0 0 0
3 1808 1867 1868 1869 0 0 0 0 0 0 0
3 2124 2287 2189 2289 0 0 0 0 0 0 0
3 2120 2124 2123 2267 0 0 0 0 0 0 0
3 2124 2289 2267 2551 0 0 0 0 0 0 0
3 1808 2124 2189 2289 0 0 0 0 0 0 0
3 1788 1860 1858 2093 0 0 0 0 0 0 0
3 1905 2093 1939 2282 0 0 0 0 0 0 0
3 2096 2219 2136 2552 0 0 0 0 0 0 0
3 2094 2477 2138 2479 0 0 0 0 0 0 0
3 2090 2096 2092 2491 0 0 0 0 0 0 0
3 1795 2095 2092 2096 0 0 0 0 0 0 0
3 2553 2554 2555 2556 0 0 0 0 0 0 0
3 2556 2558 2557 2559 0 0 0 0 0 0 0
3 1885 2147 2040 2280 0 0 0 0 0 0 0
3 1959 2222 2132 2283 0 0 0 0 0 0 0
3 1848 2147 1885 2560 0 0 0 0 0 0 0
3 1755 1759 1758 1884 0 0 0 0 0 0 0
3 2068 2132 2073 2280 0 0 0 0 0 0 0
3 1904 2132 2129 2233 0 0 0 0 0 0 0
3 2039 2129 2132 2233 0 0 0 0 0 0 0
3 1771 1795 1794 2094 0 0 0 0 0 0 0
3 1768 1770 1769 2561 0 0 0 0 0 0 0
3 2383 2399 2562 2563 0 0 0 0 0 0 0
3 1768 1769 1771 2092 0 0 0 0 0 0 0
3 1769 2561 2564 2565 0 0 0 0 0 0 0
3 2494 2566 2567 2568 0 0 0 0 0 0 0
3 1783 1785 1784 2569 0 0 0 0 0 0 0
3 1785 2260 2261 2570 0 0 0 0 0 0 0
3 1785 2261 2023 2571 0 0 0 0 0 0 0
3 1784 1785 1862 2023 0 0 0 0 0 0 0
3 1781 1783 1782 1785 0 0 0 0 0 0 0
3 128 253 166 1896 1 147 0 0 0 0 0 0
3 1857 2572 2006 2573 0 0 0 0 0 0 0
3 1852 2572 1857 2573 0 0 0 0 0 0 0
3 1852 1856 1857 2572 0 0 0 0 0 0 0
3 2003 2574 2004 2575 0 0 0 0 0 0 0
3 1857 2011 2576 2577 0 0 0 0 0 0 0
3 1852 2578 1857 2579 0 0 0 0 0 0 0
3 1857 2003 2011 2577 0 0 0 0 0 0 0
3 1414 2580 2581 2582 0 0 0 0 0 0 0
3 2522 2584 2583 2585 0 0 0 0 0 0 0
3 2585 2587 2586 2588 0 0 0 0 0 0 0
3 2351 2585 2589 2590 0 0 0 0 0 0 0
3 2583 2585 2589 2591 0 0 0 0 0 0 0
3 2585 2591 2586 2592 0 0 0 0 0 0 0
3 1967 2315 2146 2318 0 0 0 0 0 0 0
3 1975 2179 2182 2341 0 0 0 0 0 0 0
3 1836 1967 1975 2181 0 0 0 0 0 0 0
3 1968 2070 1970 2530 0 0 0 0 0 0 0
3 1968 2070 2071 2147 0 0 0 0 0 0 0
3 1970 2318 2530 2531 0 0 0 0 0 0 0
3 1970 2530 2070 2531 0 0 0 0 0 0 0
3 1884 1970 1968 2147 0 0 0 0 0 0 0
3 2151 2594 2593 2595 0 0 0 0 0 0 0
3 2151 2595 2593 2596 0 0 0 0 0 0 0
3 1836 1843 1947 2181 0 0 0 0 0 0 0
3 1843 2181 2597 2598 0 0 0 0 0 0 0
3 1841 2599 1843 2600 0 0 0 0 0 0 0
3 1843 2602 2601 2603 0 0 0 0 0 0 0
3 1834 1947 1843 2604 0 0 0 0 0 0 0
3 2025 2550 2500 2605 0 0 0 0 0 0 0
3 2499 2549 2500 2606 0 0 0 0 0 0 0
3 2028 2607 2546 2608 0 0 0 0 0 0 0
3 2499 2607 2549 2609 0 0 0 0 0 0 0
3 2582 2611 2610 2612 0 0 0 0 0 0 0
3 1807 2288 2291 2613 0 0 0 0 0 0 0
3 1805 2290 2190 2325 0 0 0 0 0 0 0
3 2327 2333 2614 2615 0 0 0 0 0 0 0
3 2333 2614 2615 2616 0 0 0 0 0 0 0
3 2327 2333 2332 2614 0 0 0 0 0 0 0
3 1806 1807 2291 2613 0 0 0 0 0 0 0
3 1799 2326 2324 2332 0 0 0 0 0 0 0
3 2190 2325 2290 2529 0 0 0 0 0 0 0
3 1761 1803 1801 1807 0 0 0 0 0 0 0
3 1805 2190 2252 2325 0 0 0 0 0 0 0
3 1912 2190 2617 2618 0 0 0 0 0 0 0
3 1763 1889 1819 1899 0 0 0 0 0 0 0
3 2290 2333 2291 2619 0 0 0 0 0 0 0
3 1869 1900 1872 1912 0 0 0 0 0 0 0
3 1760 1762 1798 1899 0 0 0 0 0 0 0
3 1912 2252 2190 2618 0 0 0 0 0 0 0
3 2096 2220 2477 2489 0 0 0 0 0 0 0
3 2094 2136 2138 2477 0 0 0 0 0 0 0
3 2135 2304 2138 2308 0 0 0 0 0 0 0
3 2138 2479 2306 2620 0 0 0 0 0 0 0
3 2138 2305 2142 2621 0 0 0 0 0 0 0
3 2304 2309 2306 2477 0 0 0 0 0 0 0
3 1777 1878 1864 2021 0 0 0 0 0 0 0
3 1772 1775 1774 2361 0 0 0 0 0 0 0
3 1775 1776 1777 1899 0 0 0 0 0 0 0
3 1776 1941 1810 2622 0 0 0 0 0 0 0
3 1776 1810 1813 2259 0 0 0 0 0 0 0
3 1785 1926 1917 2021 0 0 0 0 0 0 0
3 1786 1788 1787 1858 0 0 0 0 0 0 0
3 1917 2260 2021 2361 0 0 0 0 0 0 0
3 1772 1774 2101 2361 0 0 0 0 0 0 0
3 1754 2157 2169 2623 0 0 0 0 0 0 0
3 2157 2170 2169 2624 0 0 0 0 0 0 0
3 1830 2624 2157 2625 0 0 0 0 0 0 0
3 1834 1835 1841 1843 0 0 0 0 0 0 0
3 1834 1836 1843 1947 0 0 0 0 0 0 0
3 2316 2320 2317 2339 0 0 0 0 0 0 0
3 250 2610 2582 2611 0 0 0 0 0 0 0
3 714 751 2159 2626 0 0 0 0 0 0 0
3 250 2582 2610 2627 0 0 0 0 0 0 0
3 1815 2294 2019 2628 0 0 0 0 0 0 0
3 1817 1820 1818 1876 0 0 0 0 0 0 0
3 1777 1818 1889 1899 0 0 0 0 0 0 0
3 1812 1815 1814 2119 0 0 0 0 0 0 0
3 1834 1947 2604 2629 0 0 0 0 0 0 0
3 1947 2146 1967 2315 0 0 0 0 0 0 0
3 1947 1967 2181 2315 0 0 0 0 0 0 0
3 1968 2146 2337 2530 0 0 0 0 0 0 0
3 1966 2145 1968 2337 0 0 0 0 0 0 0
3 1414 2581 1421 2582 0 0 0 0 0 0 0
3 1836 2145 1966 2629 0 0 0 0 0 0 0
3 1947 1966 2336 2629 0 0 0 0 0 0 0
3 1972 2362 2117 2487 0 0 0 0 0 0 0
3 2117 2487 2221 2630 0 0 0 0 0 0 0
3 1881 1943 2117 2221 0 0 0 0 0 0 0
3 1941 1973 2102 2117 0 0 0 0 0 0 0
3 1786 1858 1859 2218 0 0 0 0 0 0 0
3 1943 2117 2221 2630 0 0 0 0 0 0 0
3 2117 2362 2221 2487 0 0 0 0 0 0 0
3 1876 2297 1943 2331 0 0 0 0 0 0 0
3 1876 1943 1880 2331 0 0 0 0 0 0 0
3 226 1897 2631 2632 0 0 0 0 0 0 0
3 1943 2446 2331 2630 0 0 0 0 0 0 0
3 1811 1972 1973 2117 0 0 0 0 0 0 0
3 1813 1816 1903 2014 0 0 0 0 0 0 0
3 1787 1859 1858 1860 0 0 0 0 0 0 0
3 1810 1881 1812 2117 0 0 0 0 0 0 0
3 2633 2634 2635 2636 0 0 0 0 0 0 0
3 2239 2637 2638 2639 0 0 0 0 0 0 0
3 2637 2639 2640 2641 0 0 0 0 0 0 0
3 2239 2639 2638 2642 0 0 0 0 0 0 0
3 1827 2635 2238 2639 0 0 0 0 0 0 0
3 1827 2639 2239 2642 0 0 0 0 0 0 0
3 1761 1807 1808 1900 0 0 0 0 0 0 0
3 1867 2190 2529 2617 0 0 0 0 0 0 0
3 1774 1864 1776 1941 0 0 0 0 0 0 0
3 1867 1872 2190 2617 0 0 0 0 0 0 0
3 1760 1805 1925 2197 0 0 0 0 0 0 0
3 1872 1912 2190 2617 0 0 0 0 0 0 0
3 1911 2253 1912 2643 0 0 0 0 0 0 0
3 1888 1911 1909 2253 0 0 0 0 0 0 0
3 1872 1911 1912 2643 0 0 0 0 0 0 0
3 1912 1925 2252 2253 0 0 0 0 0 0 0
3 2558 2644 2606 2645 0 0 0 0 0 0 0
3 2277 2347 2572 2644 0 0 0 0 0 0 0
3 2278 2606 2550 2644 0 0 0 0 0 0 0
3 2276 2645 2644 2646 0 0 0 0 0 0 0
3 2277 2278 2347 2644 0 0 0 0 0 0 0
3 2278 2550 2347 2644 0 0 0 0 0 0 0
3 2066 2072 2069 2647 0 0 0 0 0 0 0
3 2066 2647 2069 2648 0 0 0 0 0 0 0
3 2069 2595 2648 2649 0 0 0 0 0 0 0
3 2068 2594 2069 2650 0 0 0 0 0 0 0
3 2069 2594 2595 2649 0 0 0 0 0 0 0
3 226 1897 2632 2651 0 0 0 0 0 0 0
3 1886 2275 2345 2349 0 0 0 0 0 0 0
3 1725 1731 1729 1962 0 0 0 0 0 0 0
3 1846 1886 1950 2275 0 0 0 0 0 0 0
3 1846 1945 2089 2368 0 0 0 0 0 0 0
3 1725 1957 1737 1962 0 0 0 0 0 0 0
3 1886 2344 2034 2652 0 0 0 0 0 0 0
3 1742 1951 2027 2089 0 0 0 0 0 0 0
3 1951 2078 2027 2089 0 0 0 0 0 0 0
3 1945 2277 2089 2368 0 0 0 0 0 0 0
3 1742 2027 2026 2089 0 0 0 0 0 0 0
3 1859 1864 1862 2100 0 0 0 0 0 0 0
3 1910 1914 1930 2351 0 0 0 0 0 0 0
3 1928 1932 2351 2653 0 0 0 0 0 0 0
3 1880 1882 1927 1933 0 0 0 0 0 0 0
3 1882 2022 1932 2654 0 0 0 0 0 0 0
3 2068 2147 2069 2594 0 0 0 0 0 0 0
3 2073 2233 2132 2283 0 0 0 0 0 0 0
3 2068 2073 2132 2222 0 0 0 0 0 0 0
3 2073 2132 2222 2283 0 0 0 0 0 0 0
3 2068 2072 2073 2655 0 0 0 0 0 0 0
3 2068 2560 2147 2594 0 0 0 0 0 0 0
3 2614 2657 2656 2658 0 0 0 0 0 0 0
3 2614 2616 2657 2658 0 0 0 0 0 0 0
3 2614 2659 2615 2660 0 0 0 0 0 0 0
3 2333 2614 2657 2661 0 0 0 0 0 0 0
3 1806 2333 2327 2615 0 0 0 0 0 0 0
3 40 1627 1896 1897 0 0 0 0 0 0 0
3 1812 1815 2119 2296 0 0 0 0 0 0 0
3 1815 2213 2296 2662 0 0 0 0 0 0 0
3 1815 2662 2628 2663 0 0 0 0 0 0 0
3 1814 1815 1816 2018 0 0 0 0 0 0 0
3 1815 1820 1817 2295 0 0 0 0 0 0 0
3 2167 2284 2410 2442 0 0 0 0 0 0 0
3 2224 2228 2283 2664 0 0 0 0 0 0 0
3 1824 2240 2241 2285 0 0 0 0 0 0 0
3 1824 2227 2285 2342 0 0 0 0 0 0 0
3 2200 2631 2201 2665 0 0 0 0 0 0 0
3 2167 2225 2226 2284 0 0 0 0 0 0 0
3 1821 1824 2036 2228 0 0 0 0 0 0 0
3 1824 2285 1906 2342 0 0 0 0 0 0 0
3 2285 2343 2342 2666 0 0 0 0 0 0 0
3 1728 1824 2241 2285 0 0 0 0 0 0 0
3 1860 1865 2091 2175 0 0 0 0 0 0 0
3 2045 2281 2177 2343 0 0 0 0 0 0 0
3 1891 2343 2281 2667 0 0 0 0 0 0 0
3 1891 2343 2667 2668 0 0 0 0 0 0 0
3 2045 2343 2285 2669 0 0 0 0 0 0 0
3 2051 2670 2372 2671 0 0 0 0 0 0 0
3 166 1896 253 1897 0 0 0 0 0 0 0
3 2050 2372 2051 2672 0 0 0 0 0 0 0
3 2372 2670 2672 2673 0 0 0 0 0 0 0
3 2670 2672 2673 2674 0 0 0 0 0 0 0
3 2372 2373 2374 2675 0 0 0 0 0 0 0
3 1734 1765 1952 2084 0 0 0 0 0 0 0
3 1724 1821 1727 1823 0 0 0 0 0 0 0
3 1765 1823 1769 2564 0 0 0 0 0 0 0
3 1133 2676 1178 2677 0 0 0 0 0 0 0
3 1822 1959 2283 2413 0 0 0 0 0 0 0
3 1822 1959 2413 2678 0 0 0 0 0 0 0
3 1734 2038 1765 2084 0 0 0 0 0 0 0
3 1765 2038 1823 2564 0 0 0 0 0 0 0
3 1821 2037 1822 2228 0 0 0 0 0 0 0
3 1873 1913 1908 2591 0 0 0 0 0 0 0
3 1913 2591 2592 2679 0 0 0 0 0 0 0
3 1908 2591 1913 2679 0 0 0 0 0 0 0
3 2588 2591 2680 2681 0 0 0 0 0 0 0
3 2220 2308 2362 2552 0 0 0 0 0 0 0
3 1974 2362 2308 2552 0 0 0 0 0 0 0
3 2307 2492 2308 2682 0 0 0 0 0 0 0
3 2094 2136 2097 2139 0 0 0 0 0 0 0
3 2137 2620 2621 2683 0 0 0 0 0 0 0
3 2094 2137 2136 2139 0 0 0 0 0 0 0
3 2138 2304 2306 2477 0 0 0 0 0 0 0
3 2135 2142 2138 2304 0 0 0 0 0 0 0
3 2304 2308 2309 2477 0 0 0 0 0 0 0
3 2304 2306 2307 2312 0 0 0 0 0 0 0
3 2005 2111 2009 2364 0 0 0 0 0 0 0
3 2011 2575 2364 2684 0 0 0 0 0 0 0
3 2010 2013 2011 2364 0 0 0 0 0 0 0
3 2013 2112 2152 2365 0 0 0 0 0 0 0
3 2153 2365 2364 2685 0 0 0 0 0 0 0
3 2112 2153 2152 2365 0 0 0 0 0 0 0
3 2009 2111 2153 2364 0 0 0 0 0 0 0
3 2027 2089 2276 2278 0 0 0 0 0 0 0
3 1173 2676 1705 2686 0 0 0 0 0 0 0
3 1201 1202 1251 2687 1 135 0 0 0 0 0 0
3 2278 2353 2606 2645 0 0 0 0 0 0 0
3 2026 2275 2089 2347 0 0 0 0 0 0 0
3 2026 2278 2500 2550 0 0 0 0 0 0 0
3 1742 1951 1952 2027 0 0 0 0 0 0 0
3 2688 2689 2690 2691 0 0 0 0 0 0 0
3 2089 2275 2277 2347 0 0 0 0 0 0 0
3 1950 2275 2349 2692 0 0 0 0 0 0 0
3 1745 1945 1849 1951 0 0 0 0 0 0 0
3 1738 1742 1849 1951 0 0 0 0 0 0 0
3 1748 1750 2034 2184 0 0 0 0 0 0 0
3 2010 2277 2275 2347 0 0 0 0 0 0 0
3 2235 2395 2394 2396 0 0 0 0 0 0 0
3 2396 2498 2693 2694 0 0 0 0 0 0 0
3 2235 2395 2396 2497 0 0 0 0 0 0 0
3 2396 2498 2497 2693 0 0 0 0 0 0 0
3 2041 2694 2396 2695 0 0 0 0 0 0 0
3 2041 2204 2235 2396 0 0 0 0 0 0 0
3 2393 2394 2396 2695 0 0 0 0 0 0 0
3 1780 1789 2057 2062 0 0 0 0 0 0 0
3 1780 2062 2057 2696 0 0 0 0 0 0 0
3 2057 2062 2535 2696 0 0 0 0 0 0 0
3 1980 2535 2062 2540 0 0 0 0 0 0 0
3 1934 2532 2533 2540 0 0 0 0 0 0 0
3 1781 1787 1784 1862 0 0 0 0 0 0 0
3 1934 1980 1938 2062 0 0 0 0 0 0 0
3 1958 2039 2129 2132 0 0 0 0 0 0 0
3 1994 2223 2224 2230 0 0 0 0 0 0 0
3 2073 2280 2233 2568 0 0 0 0 0 0 0
3 2129 2233 2568 2697 0 0 0 0 0 0 0
3 2073 2224 2223 2230 0 0 0 0 0 0 0
3 1739 1741 1747 1755 0 0 0 0 0 0 0
3 1754 1755 1757 2157 0 0 0 0 0 0 0
3 1754 2157 1757 2169 0 0 0 0 0 0 0
3 1739 1957 1958 2039 0 0 0 0 0 0 0
3 1734 1904 1822 1959 0 0 0 0 0 0 0
3 1848 1885 1958 2560 0 0 0 0 0 0 0
3 1754 1756 2623 2698 0 0 0 0 0 0 0
3 1749 2185 1756 2409 0 0 0 0 0 0 0
3 1754 2409 1756 2698 0 0 0 0 0 0 0
3 2196 2198 2197 2699 0 0 0 0 0 0 0
3 1775 1899 1925 2196 0 0 0 0 0 0 0
3 1772 1916 1775 2361 0 0 0 0 0 0 0
3 1775 1917 1916 1918 0 0 0 0 0 0 0
3 1774 1917 1777 2021 0 0 0 0 0 0 0
3 1924 2197 1925 2252 0 0 0 0 0 0 0
3 1798 2197 2196 2198 0 0 0 0 0 0 0
3 1852 2573 1857 2578 0 0 0 0 0 0 0
3 2005 2010 2011 2364 0 0 0 0 0 0 0
3 1852 2579 1857 2700 0 0 0 0 0 0 0
3 1857 2010 2572 2701 0 0 0 0 0 0 0
3 1855 1857 1856 2576 0 0 0 0 0 0 0
3 1852 2572 2573 2702 0 0 0 0 0 0 0
3 2374 2704 2703 2705 0 0 0 0 0 0 0
3 1873 2374 2127 2705 0 0 0 0 0 0 0
3 2374 2705 2703 2706 0 0 0 0 0 0 0
3 591 2020 2690 2691 0 0 0 0 0 0 0
3 85 170 1425 2707 0 0 0 0 0 0 0
3 2374 2708 2703 2709 0 0 0 0 0 0 0
3 1873 2063 2127 2374 0 0 0 0 0 0 0
3 1868 1871 1870 2063 0 0 0 0 0 0 0
3 2053 2121 2063 2372 0 0 0 0 0 0 0
3 2656 2710 2657 2711 0 0 0 0 0 0 0
3 1873 2374 2704 2712 0 0 0 0 0 0 0
3 1907 1910 2351 2592 0 0 0 0 0 0 0
3 1910 1932 1931 2460 0 0 0 0 0 0 0
3 1910 1930 1931 1932 0 0 0 0 0 0 0
3 1910 1930 1932 2351 0 0 0 0 0 0 0
3 1908 1913 1910 2679 0 0 0 0 0 0 0
3 1888 1910 1931 2460 0 0 0 0 0 0 0
3 1804 2434 2423 2435 0 0 0 0 0 0 0
3 1804 2713 1806 2714 0 0 0 0 0 0 0
3 1797 1804 2714 2715 0 0 0 0 0 0 0
3 1804 2195 2423 2434 0 0 0 0 0 0 0
3 1804 2434 2435 2716 0 0 0 0 0 0 0
3 1804 2195 2434 2715 0 0 0 0 0 0 0
3 1761 1804 1797 2195 0 0 0 0 0 0 0
3 2370 2717 2387 2718 0 0 0 0 0 0 0
3 1828 2109 1832 2263 0 0 0 0 0 0 0
3 2110 2370 2263 2387 0 0 0 0 0 0 0
3 2107 2110 2109 2387 0 0 0 0 0 0 0
3 2109 2110 2263 2387 0 0 0 0 0 0 0
3 2008 2107 2111 2387 0 0 0 0 0 0 0
3 2107 2109 2111 2387 0 0 0 0 0 0 0
3 1759 1846 2113 2182 0 0 0 0 0 0 0
3 1828 1844 2156 2390 0 0 0 0 0 0 0
3 2111 2390 2156 2719 0 0 0 0 0 0 0
3 2153 2719 2156 2720 0 0 0 0 0 0 0
3 1828 1829 1833 1844 0 0 0 0 0 0 0
3 890 894 899 2721 1 141 0 0 0 0 0 0
3 2153 2156 2183 2720 0 0 0 0 0 0 0
3 1883 1885 2040 2131 0 0 0 0 0 0 0
3 1883 1884 1968 2040 0 0 0 0 0 0 0
3 2069 2147 2070 2595 0 0 0 0 0 0 0
3 1173 2676 2686 2722 0 0 0 0 0 0 0
3 1848 2151 2147 2594 0 0 0 0 0 0 0
3 847 2723 2724 2725 0 0 0 0 0 0 0
3 1848 2593 2594 2726 0 0 0 0 0 0 0
3 577 2727 2728 2729 0 0 0 0 0 0 0
3 1976 1977 2729 2730 0 0 0 0 0 0 0
3 1976 2729 2728 2730 0 0 0 0 0 0 0
3 1977 1991 2729 2731 0 0 0 0 0 0 0
3 576 1976 1991 2729 0 0 0 0 0 0 0
3 2344 2733 2732 2734 0 0 0 0 0 0 0
3 1750 2187 2264 2349 0 0 0 0 0 0 0
3 289 303 300 2735 1 147 0 0 0 0 0 0
3 2345 2349 2692 2736 0 0 0 0 0 0 0
3 2275 2345 2349 2692 0 0 0 0 0 0 0
3 1750 2186 2349 2652 0 0 0 0 0 0 0
3 844 853 852 2548 1 141 0 0 0 0 0 0
3 2149 2264 2349 2737 0 0 0 0 0 0 0
3 2148 2349 2652 2736 0 0 0 0 0 0 0
3 2192 2422 2195 2431 0 0 0 0 0 0 0
3 2192 2195 2193 2431 0 0 0 0 0 0 0
3 2193 2214 2207 2216 0 0 0 0 0 0 0
3 1762 1763 1819 1899 0 0 0 0 0 0 0
3 1814 2207 2208 2216 0 0 0 0 0 0 0
3 1762 1798 2193 2195 0 0 0 0 0 0 0
3 1813 1814 1816 2014 0 0 0 0 0 0 0
3 2288 2291 2738 2739 0 0 0 0 0 0 0
3 2288 2291 2613 2740 0 0 0 0 0 0 0
3 2290 2333 2619 2741 0 0 0 0 0 0 0
3 2157 2624 2623 2742 0 0 0 0 0 0 0
3 2113 2153 2156 2183 0 0 0 0 0 0 0
3 1845 2179 2151 2743 0 0 0 0 0 0 0
3 1846 2112 2108 2113 0 0 0 0 0 0 0
3 2113 2182 2152 2341 0 0 0 0 0 0 0
3 1262 2722 2686 2744 0 0 0 0 0 0 0
3 1946 1948 2315 2745 0 0 0 0 0 0 0
3 2181 2316 2597 2598 0 0 0 0 0 0 0
3 1967 2146 1970 2318 0 0 0 0 0 0 0
3 1946 1947 1949 2334 0 0 0 0 0 0 0
3 1836 1947 1967 2181 0 0 0 0 0 0 0
3 1949 2146 2318 2530 0 0 0 0 0 0 0
3 1946 1948 1947 2315 0 0 0 0 0 0 0
3 2316 2323 2597 2598 0 0 0 0 0 0 0
3 2180 2339 2341 2746 0 0 0 0 0 0 0
3 2180 2316 2317 2339 0 0 0 0 0 0 0
3 2323 2747 2597 2748 0 0 0 0 0 0 0
3 1843 2598 2597 2600 0 0 0 0 0 0 0
3 1966 1968 1967 2146 0 0 0 0 0 0 0
3 1967 2179 1975 2341 0 0 0 0 0 0 0
3 2315 2323 2316 2598 0 0 0 0 0 0 0
3 2180 2181 2316 2597 0 0 0 0 0 0 0
3 2180 2183 2749 2750 0 0 0 0 0 0 0
3 2602 2603 2604 2751 0 0 0 0 0 0 0
3 1843 1947 2602 2604 0 0 0 0 0 0 0
3 1827 1830 1834 2752 0 0 0 0 0 0 0
3 1178 2677 2753 2754 0 0 0 0 0 0 0
3 1836 1966 1947 2629 0 0 0 0 0 0 0
3 1834 2604 1842 2752 0 0 0 0 0 0 0
3 2328 2755 2330 2756 0 0 0 0 0 0 0
3 876 903 2330 2756 0 0 0 0 0 0 0
3 2755 2756 2757 2758 0 0 0 0 0 0 0
3 2330 2756 2755 2758 0 0 0 0 0 0 0
3 2755 2757 2756 2759 0 0 0 0 0 0 0
3 883 2755 2756 2759 0 0 0 0 0 0 0
3 2431 2434 2760 2761 0 0 0 0 0 0 0
3 1797 1804 1806 2714 0 0 0 0 0 0 0
3 2420 2431 2421 2762 0 0 0 0 0 0 0
3 2192 2421 2422 2431 0 0 0 0 0 0 0
3 2422 2431 2433 2763 0 0 0 0 0 0 0
3 2422 2434 2431 2763 0 0 0 0 0 0 0
3 2434 2435 2716 2763 0 0 0 0 0 0 0
3 2164 2174 2166 2764 0 0 0 0 0 0 0
3 2174 2442 2764 2765 0 0 0 0 0 0 0
3 2173 2174 2178 2766 0 0 0 0 0 0 0
3 1892 2166 2168 2174 0 0 0 0 0 0 0
3 2164 2168 2174 2766 0 0 0 0 0 0 0
3 2010 2572 2347 2767 0 0 0 0 0 0 0
3 1886 2089 2026 2275 0 0 0 0 0 0 0
3 2010 2275 2277 2368 0 0 0 0 0 0 0
3 2644 2702 2646 2768 0 0 0 0 0 0 0
3 1178 2677 2722 2753 0 0 0 0 0 0 0
3 2026 2346 2275 2347 0 0 0 0 0 0 0
3 2089 2277 2278 2347 0 0 0 0 0 0 0
3 2026 2089 2278 2347 0 0 0 0 0 0 0
3 2007 2010 2009 2275 0 0 0 0 0 0 0
3 2580 2770 2769 2771 0 0 0 0 0 0 0
3 1173 2686 1262 2722 0 0 0 0 0 0 0
3 2432 2771 2772 2773 0 0 0 0 0 0 0
3 2432 2774 2771 2775 0 0 0 0 0 0 0
3 2771 2776 2775 2777 0 0 0 0 0 0 0
3 2771 2773 2778 2779 0 0 0 0 0 0 0
3 2771 2777 2774 2779 0 0 0 0 0 0 0
3 1780 2696 2482 2780 0 0 0 0 0 0 0
3 1780 1783 1781 1789 0 0 0 0 0 0 0
3 1778 1779 1786 2098 0 0 0 0 0 0 0
3 1789 1938 2057 2062 0 0 0 0 0 0 0
3 1780 1782 1783 2781 0 0 0 0 0 0 0
3 1780 1783 1789 2061 0 0 0 0 0 0 0
3 1780 1782 1781 1783 0 0 0 0 0 0 0
3 1938 2057 1983 2480 0 0 0 0 0 0 0
3 2457 2783 2782 2784 0 0 0 0 0 0 0
3 1780 2061 2062 2696 0 0 0 0 0 0 0
3 2004 2391 2111 2785 0 0 0 0 0 0 0
3 2004 2787 2786 2788 0 0 0 0 0 0 0
3 2005 2008 2009 2111 0 0 0 0 0 0 0
3 2002 2004 2786 2789 0 0 0 0 0 0 0
3 1869 1913 1871 2128 0 0 0 0 0 0 0
3 1913 2592 2591 2790 0 0 0 0 0 0 0
3 1913 2128 1914 2790 0 0 0 0 0 0 0
3 1869 1911 1887 1912 0 0 0 0 0 0 0
3 1874 2591 1908 2681 0 0 0 0 0 0 0
3 1910 1913 1914 2592 0 0 0 0 0 0 0
3 159 2611 2612 2782 0 0 0 0 0 0 0
3 2386 2791 2717 2792 0 0 0 0 0 0 0
3 2008 2370 2718 2793 0 0 0 0 0 0 0
3 2008 2370 2387 2718 0 0 0 0 0 0 0
3 2370 2718 2793 2794 0 0 0 0 0 0 0
3 276 2718 2794 2795 0 0 0 0 0 0 0
3 276 2791 2718 2795 0 0 0 0 0 0 0
3 1959 2560 2222 2678 0 0 0 0 0 0 0
3 2088 2380 2185 2409 0 0 0 0 0 0 0
3 1725 1728 1730 1732 0 0 0 0 0 0 0
3 1904 1959 1958 2132 0 0 0 0 0 0 0
3 1741 1848 1759 1885 0 0 0 0 0 0 0
3 1734 1959 2678 2796 0 0 0 0 0 0 0
3 2068 2147 2132 2280 0 0 0 0 0 0 0
3 90 1420 1416 2782 1 1 0 0 0 0 0 0
3 1731 2205 2449 2797 0 0 0 0 0 0 0
3 90 159 1420 2782 0 0 0 0 0 0 0
3 1756 2698 2409 2798 0 0 0 0 0 0 0
3 2185 2449 2205 2799 0 0 0 0 0 0 0
3 2130 2798 2185 2799 0 0 0 0 0 0 0
3 2185 2380 2381 2409 0 0 0 0 0 0 0
3 1876 2356 2355 2800 0 0 0 0 0 0 0
3 1876 2297 2331 2800 0 0 0 0 0 0 0
3 1815 2019 2018 2663 0 0 0 0 0 0 0
3 1815 1817 1816 2019 0 0 0 0 0 0 0
3 1817 2294 2295 2297 0 0 0 0 0 0 0
3 1865 1866 2217 2221 0 0 0 0 0 0 0
3 1906 2091 2036 2442 0 0 0 0 0 0 0
3 1940 2140 2097 2801 0 0 0 0 0 0 0
3 1937 1940 2140 2282 0 0 0 0 0 0 0
3 1786 2098 1940 2218 0 0 0 0 0 0 0
3 1858 2219 2093 2220 0 0 0 0 0 0 0
3 1726 1795 1769 1905 0 0 0 0 0 0 0
3 1864 1866 1881 1941 0 0 0 0 0 0 0
3 1858 2218 1940 2219 0 0 0 0 0 0 0
3 2036 2442 2091 2765 0 0 0 0 0 0 0
3 2090 2199 2091 2444 0 0 0 0 0 0 0
3 1865 2090 2091 2444 0 0 0 0 0 0 0
3 160 2475 223 2782 0 0 0 0 0 0 0
3 1891 2177 2281 2343 0 0 0 0 0 0 0
3 2036 2091 2199 2802 0 0 0 0 0 0 0
3 1890 2176 2803 2804 0 0 0 0 0 0 0
3 1890 2176 2654 2803 0 0 0 0 0 0 0
3 1882 1929 1933 2654 0 0 0 0 0 0 0
3 1893 2176 2178 2654 0 0 0 0 0 0 0
3 1893 1929 2653 2654 0 0 0 0 0 0 0
3 1890 2176 1893 2654 0 0 0 0 0 0 0
3 1733 2035 1791 2104 0 0 0 0 0 0 0
3 1725 1733 1736 1767 0 0 0 0 0 0 0
3 1733 1735 1748 1962 0 0 0 0 0 0 0
3 1730 1733 1935 2106 0 0 0 0 0 0 0
3 2130 2185 2205 2799 0 0 0 0 0 0 0
3 1731 2185 2380 2381 0 0 0 0 0 0 0
3 1731 2381 2206 2797 0 0 0 0 0 0 0
3 1729 2130 2205 2448 0 0 0 0 0 0 0
3 2130 2205 2448 2799 0 0 0 0 0 0 0
3 1731 1962 2105 2185 0 0 0 0 0 0 0
3 1885 2039 2040 2131 0 0 0 0 0 0 0
3 2039 2280 2040 2805 0 0 0 0 0 0 0
3 2040 2147 2071 2280 0 0 0 0 0 0 0
3 2067 2073 2072 2806 0 0 0 0 0 0 0
3 2040 2805 2280 2807 0 0 0 0 0 0 0
3 1883 2040 1968 2808 0 0 0 0 0 0 0
3 2040 2807 2071 2808 0 0 0 0 0 0 0
3 1848 1884 2147 2151 0 0 0 0 0 0 0
3 2066 2069 2067 2070 0 0 0 0 0 0 0
3 2065 2530 2451 2809 0 0 0 0 0 0 0
3 2065 2066 2070 2530 0 0 0 0 0 0 0
3 2065 2066 2809 2810 0 0 0 0 0 0 0
3 2065 2809 2451 2811 0 0 0 0 0 0 0
3 2170 2485 2812 2813 0 0 0 0 0 0 0
3 1830 2170 2624 2814 0 0 0 0 0 0 0
3 1830 2239 2170 2814 0 0 0 0 0 0 0
3 2170 2236 2485 2813 0 0 0 0 0 0 0
3 1757 2170 1832 2237 0 0 0 0 0 0 0
3 1827 1832 1830 2239 0 0 0 0 0 0 0
3 1480 2815 2816 2817 0 0 0 0 0 0 0
3 1734 2084 1738 2796 0 0 0 0 0 0 0
3 1729 2130 1962 2205 0 0 0 0 0 0 0
3 1490 2816 1494 2818 0 0 0 0 0 0 0
3 1112 1209 1211 2819 1 135 0 0 0 0 0 0
3 1957 2129 2039 2130 0 0 0 0 0 0 0
3 1738 1741 1848 1849 0 0 0 0 0 0 0
3 1958 2560 1959 2796 0 0 0 0 0 0 0
3 1917 2260 2361 2820 0 0 0 0 0 0 0
3 1917 2248 2261 2820 0 0 0 0 0 0 0
3 2021 2260 2099 2361 0 0 0 0 0 0 0
3 1803 2815 2816 2821 0 0 0 0 0 0 0
3 1917 2248 1926 2261 0 0 0 0 0 0 0
3 1774 2099 2101 2361 0 0 0 0 0 0 0
3 2260 2361 2820 2822 0 0 0 0 0 0 0
3 1772 1916 2361 2417 0 0 0 0 0 0 0
3 2381 2824 2823 2825 0 0 0 0 0 0 0
3 1777 1889 1878 1925 0 0 0 0 0 0 0
3 1805 2252 2324 2325 0 0 0 0 0 0 0
3 2099 2361 2260 2826 0 0 0 0 0 0 0
3 1775 1925 1918 2196 0 0 0 0 0 0 0
3 1918 1923 1924 1925 0 0 0 0 0 0 0
3 2065 2066 2067 2070 0 0 0 0 0 0 0
3 2068 2073 2222 2655 0 0 0 0 0 0 0
3 2067 2378 2073 2806 0 0 0 0 0 0 0
3 2073 2827 2378 2828 0 0 0 0 0 0 0
3 2073 2280 2568 2828 0 0 0 0 0 0 0
3 2073 2230 2223 2827 0 0 0 0 0 0 0
3 2073 2222 2224 2283 0 0 0 0 0 0 0
3 2223 2829 2806 2830 0 0 0 0 0 0 0
3 2223 2655 2806 2829 0 0 0 0 0 0 0
3 2351 2586 2585 2590 0 0 0 0 0 0 0
3 2351 2586 2590 2653 0 0 0 0 0 0 0
3 2590 2831 2653 2832 0 0 0 0 0 0 0
3 176 2833 2502 2834 0 0 0 0 0 0 0
3 2590 2653 2831 2835 0 0 0 0 0 0 0
3 2590 2653 2836 2837 0 0 0 0 0 0 0
3 1781 1784 1785 1862 0 0 0 0 0 0 0
3 1941 2103 2100 2363 0 0 0 0 0 0 0
3 2098 2100 2099 2103 0 0 0 0 0 0 0
3 1786 1859 1862 2100 0 0 0 0 0 0 0
3 1778 1780 1779 2482 0 0 0 0 0 0 0
3 1857 2006 2003 2579 0 0 0 0 0 0 0
3 1857 2011 2013 2576 0 0 0 0 0 0 0
3 2011 2365 2013 2838 0 0 0 0 0 0 0
3 2011 2684 2365 2838 0 0 0 0 0 0 0
3 2011 2575 2684 2839 0 0 0 0 0 0 0
3 2011 2684 2840 2841 0 0 0 0 0 0 0
3 1793 2842 1794 2843 0 0 0 0 0 0 0
3 1793 2094 1794 2139 0 0 0 0 0 0 0
3 1793 1964 2094 2137 0 0 0 0 0 0 0
3 1793 1964 2137 2546 0 0 0 0 0 0 0
3 1790 2028 1964 2546 0 0 0 0 0 0 0
3 176 2502 211 2834 0 0 0 0 0 0 0
3 1790 1793 2545 2546 0 0 0 0 0 0 0
3 1970 2147 2151 2595 0 0 0 0 0 0 0
3 1968 2040 2071 2808 0 0 0 0 0 0 0
3 1949 2337 2146 2530 0 0 0 0 0 0 0
3 1759 1969 1884 2151 0 0 0 0 0 0 0
3 1754 1756 1755 2623 0 0 0 0 0 0 0
3 1836 2157 2145 2625 0 0 0 0 0 0 0
3 1885 2039 1958 2132 0 0 0 0 0 0 0
3 1752 2262 2110 2264 0 0 0 0 0 0 0
3 2107 2265 2370 2692 0 0 0 0 0 0 0
3 1950 2349 2265 2692 0 0 0 0 0 0 0
3 1804 2715 2434 2844 0 0 0 0 0 0 0
3 1761 1804 1803 1806 0 0 0 0 0 0 0
3 1799 2197 2198 2327 0 0 0 0 0 0 0
3 1804 2714 2715 2844 0 0 0 0 0 0 0
3 285 1985 2502 2504 0 0 0 0 0 0 0
3 1797 2714 2327 2845 0 0 0 0 0 0 0
3 1797 2715 2714 2845 0 0 0 0 0 0 0
3 2314 2847 2846 2848 0 0 0 0 0 0 0
3 2311 2313 2314 2849 0 0 0 0 0 0 0
3 2314 2847 2476 2849 0 0 0 0 0 0 0
3 2314 2848 2682 2850 0 0 0 0 0 0 0
3 1868 2047 2048 2189 0 0 0 0 0 0 0
3 1867 1868 2048 2189 0 0 0 0 0 0 0
3 2047 2048 2189 2288 0 0 0 0 0 0 0
3 1973 2102 2117 2362 0 0 0 0 0 0 0
3 1866 2221 2117 2362 0 0 0 0 0 0 0
3 1915 1916 1918 1924 0 0 0 0 0 0 0
3 1862 1864 2021 2100 0 0 0 0 0 0 0
3 1777 1917 1926 2021 0 0 0 0 0 0 0
3 211 285 2501 2502 0 0 0 0 0 0 0
3 1878 1926 1931 2023 0 0 0 0 0 0 0
3 1863 1882 1933 2022 0 0 0 0 0 0 0
3 1878 1931 2022 2023 0 0 0 0 0 0 0
3 1933 2175 2173 2851 0 0 0 0 0 0 0
3 2091 2765 2174 2852 0 0 0 0 0 0 0
3 1880 2331 2446 2853 0 0 0 0 0 0 0
3 1880 1933 1927 2851 0 0 0 0 0 0 0
3 1863 1875 1876 1880 0 0 0 0 0 0 0
3 1875 1876 1880 2331 0 0 0 0 0 0 0
3 2420 2440 2432 2854 0 0 0 0 0 0 0
3 2331 2853 2800 2855 0 0 0 0 0 0 0
3 1835 2181 2183 2749 0 0 0 0 0 0 0
3 1835 2183 2156 2856 0 0 0 0 0 0 0
3 1829 1834 1841 1842 0 0 0 0 0 0 0
3 1835 1836 1975 2181 0 0 0 0 0 0 0
3 1715 1718 1743 2857 0 0 0 0 0 0 0
3 1826 1827 1829 1834 0 0 0 0 0 0 0
3 1835 2749 2183 2856 0 0 0 0 0 0 0
3 1829 1834 1835 1841 0 0 0 0 0 0 0
3 2010 2347 2348 2767 0 0 0 0 0 0 0
3 2006 2010 2012 2572 0 0 0 0 0 0 0
3 1846 2010 2009 2112 0 0 0 0 0 0 0
3 2452 2859 2858 2860 0 0 0 0 0 0 0
3 2469 2858 2471 2860 0 0 0 0 0 0 0
3 1702 1718 2857 2861 0 0 0 0 0 0 0
3 2469 2860 2862 2863 0 0 0 0 0 0 0
3 2860 2862 2863 2864 0 0 0 0 0 0 0
3 2420 2762 2421 2865 0 0 0 0 0 0 0
3 2214 2216 2762 2866 0 0 0 0 0 0 0
3 966 1715 1714 1743 0 0 0 0 0 0 0
3 2762 2775 2866 2867 0 0 0 0 0 0 0
3 2762 2868 2775 2869 0 0 0 0 0 0 0
3 2090 2093 2092 2096 0 0 0 0 0 0 0
3 1768 2092 2095 2096 0 0 0 0 0 0 0
3 1768 2096 2095 2478 0 0 0 0 0 0 0
3 2090 2220 2096 2491 0 0 0 0 0 0 0
3 1726 1795 1905 2282 0 0 0 0 0 0 0
3 1769 1905 1795 2092 0 0 0 0 0 0 0
3 2090 2092 2199 2565 0 0 0 0 0 0 0
3 1768 2092 1771 2095 0 0 0 0 0 0 0
3 1811 1812 1814 2119 0 0 0 0 0 0 0
3 1941 2102 1973 2870 0 0 0 0 0 0 0
3 1810 1973 2114 2870 0 0 0 0 0 0 0
3 1775 1903 2196 2462 0 0 0 0 0 0 0
3 1773 1776 1775 1903 0 0 0 0 0 0 0
3 1776 1813 1903 2259 0 0 0 0 0 0 0
3 1811 1814 1813 2115 0 0 0 0 0 0 0
3 1776 1810 2259 2622 0 0 0 0 0 0 0
3 1774 1941 1776 2101 0 0 0 0 0 0 0
3 1773 1776 1903 2259 0 0 0 0 0 0 0
3 2448 2799 2797 2871 0 0 0 0 0 0 0
3 2205 2797 2448 2799 0 0 0 0 0 0 0
3 2185 2798 2449 2799 0 0 0 0 0 0 0
3 1914 2128 2360 2790 0 0 0 0 0 0 0
3 1808 1869 1871 2126 0 0 0 0 0 0 0
3 1887 1911 1888 1912 0 0 0 0 0 0 0
3 1802 2126 1895 2356 0 0 0 0 0 0 0
3 1895 2126 2123 2359 0 0 0 0 0 0 0
3 1914 2128 2356 2360 0 0 0 0 0 0 0
3 2022 2803 2176 2872 0 0 0 0 0 0 0
3 1932 2654 2022 2803 0 0 0 0 0 0 0
3 1931 2022 2873 2874 0 0 0 0 0 0 0
3 182 186 206 2875 1 147 0 0 0 0 0 0
3 267 297 315 2876 1 147 0 0 0 0 0 0
3 1933 2178 2176 2654 0 0 0 0 0 0 0
3 1932 2653 2654 2877 0 0 0 0 0 0 0
3 2022 2654 2176 2803 0 0 0 0 0 0 0
3 1863 1882 1880 1933 0 0 0 0 0 0 0
3 1863 1878 1877 1882 0 0 0 0 0 0 0
3 2022 2872 2023 2873 0 0 0 0 0 0 0
3 1933 2176 2022 2654 0 0 0 0 0 0 0
3 2170 2239 2236 2813 0 0 0 0 0 0 0
3 2624 2625 2814 2878 0 0 0 0 0 0 0
3 782 2879 2880 2881 0 0 0 0 0 0 0
3 1757 2172 2170 2237 0 0 0 0 0 0 0
3 1830 2624 2625 2814 0 0 0 0 0 0 0
3 1746 1759 1845 1846 0 0 0 0 0 0 0
3 1849 2882 1951 2883 0 0 0 0 0 0 0
3 1738 1848 2796 2884 0 0 0 0 0 0 0
3 1749 1962 1957 2185 0 0 0 0 0 0 0
3 1738 1742 1951 1952 0 0 0 0 0 0 0
3 1734 1738 1959 2796 0 0 0 0 0 0 0
3 1746 1847 1845 1849 0 0 0 0 0 0 0
3 1741 1746 1759 1848 0 0 0 0 0 0 0
3 1745 1747 1751 1886 0 0 0 0 0 0 0
3 1750 1752 1751 2265 0 0 0 0 0 0 0
3 1722 1737 1957 1958 0 0 0 0 0 0 0
3 2338 2339 2885 2886 0 0 0 0 0 0 0
3 2338 2887 2885 2888 0 0 0 0 0 0 0
3 1967 2151 2179 2317 0 0 0 0 0 0 0
3 2316 2889 2339 2890 0 0 0 0 0 0 0
3 2316 2320 2339 2889 0 0 0 0 0 0 0
3 2317 2338 2339 2891 0 0 0 0 0 0 0
3 2317 2339 2321 2891 0 0 0 0 0 0 0
3 2039 2568 2280 2805 0 0 0 0 0 0 0
3 2071 2807 2280 2828 0 0 0 0 0 0 0
3 2067 2071 2280 2828 0 0 0 0 0 0 0
3 2068 2071 2147 2280 0 0 0 0 0 0 0
3 2067 2379 2071 2828 0 0 0 0 0 0 0
3 2193 2762 2431 2869 0 0 0 0 0 0 0
3 1815 2208 2213 2216 0 0 0 0 0 0 0
3 2018 2194 2421 2663 0 0 0 0 0 0 0
3 1815 2628 2019 2663 0 0 0 0 0 0 0
3 2770 2893 2892 2894 0 0 0 0 0 0 0
3 2018 2421 2193 2762 0 0 0 0 0 0 0
3 2195 2422 2423 2434 0 0 0 0 0 0 0
3 2018 2762 2216 2895 0 0 0 0 0 0 0
3 1814 2119 1815 2208 0 0 0 0 0 0 0
3 1812 2117 1943 2298 0 0 0 0 0 0 0
3 2018 2194 2193 2421 0 0 0 0 0 0 0
3 2018 2213 2663 2896 0 0 0 0 0 0 0
3 2212 2216 2866 2896 0 0 0 0 0 0 0
3 1810 1813 1812 1818 0 0 0 0 0 0 0
3 1811 1814 2116 2119 0 0 0 0 0 0 0
3 2018 2663 2895 2896 0 0 0 0 0 0 0
3 1972 2119 1974 2897 0 0 0 0 0 0 0
3 1817 2297 1876 2355 0 0 0 0 0 0 0
3 1934 2041 1936 2204 0 0 0 0 0 0 0
3 2896 2899 2898 2900 0 0 0 0 0 0 0
3 2432 2775 2762 2867 0 0 0 0 0 0 0
3 1822 1904 1824 2283 0 0 0 0 0 0 0
3 2036 2037 2228 2411 0 0 0 0 0 0 0
3 1188 2901 2902 2903 0 0 0 0 0 0 0
3 1821 2036 1823 2037 0 0 0 0 0 0 0
3 2036 2411 2442 2765 0 0 0 0 0 0 0
3 2036 2765 2091 2802 0 0 0 0 0 0 0
3 1964 2028 2376 2607 0 0 0 0 0 0 0
3 1964 2546 2028 2607 0 0 0 0 0 0 0
3 1964 2137 2546 2607 0 0 0 0 0 0 0
3 1442 2903 2904 2905 0 0 0 0 0 0 0
3 1733 1735 1791 2035 0 0 0 0 0 0 0
3 1736 1766 1790 1965 0 0 0 0 0 0 0
3 1734 1952 1738 2084 0 0 0 0 0 0 0
3 1821 1823 1822 2037 0 0 0 0 0 0 0
3 1734 1822 2038 2678 0 0 0 0 0 0 0
3 1765 1769 1963 2564 0 0 0 0 0 0 0
3 2369 2907 2906 2908 0 0 0 0 0 0 0
3 1765 2080 2079 2084 0 0 0 0 0 0 0
3 2388 2909 2389 2910 0 0 0 0 0 0 0
3 2388 2909 2910 2911 0 0 0 0 0 0 0
3 1828 2263 2238 2388 0 0 0 0 0 0 0
3 2109 2386 2388 2389 0 0 0 0 0 0 0
3 2386 2388 2389 2910 0 0 0 0 0 0 0
3 2903 2904 2905 2912 0 0 0 0 0 0 0
3 2388 2911 2910 2913 0 0 0 0 0 0 0
3 1964 2479 2137 2620 0 0 0 0 0 0 0
3 2306 2620 2479 2914 0 0 0 0 0 0 0
3 2138 2620 2306 2621 0 0 0 0 0 0 0
3 293 326 358 1840 1 147 0 0 0 0 0 0
3 1895 2359 2123 2915 0 0 0 0 0 0 0
3 2123 2267 2124 2289 0 0 0 0 0 0 0
3 2123 2267 2268 2916 0 0 0 0 0 0 0
3 1868 2063 2053 2121 0 0 0 0 0 0 0
3 1801 1895 2123 2191 0 0 0 0 0 0 0
3 2011 2364 2013 2365 0 0 0 0 0 0 0
3 2364 2685 2684 2917 0 0 0 0 0 0 0
3 2340 2365 2838 2918 0 0 0 0 0 0 0
3 2152 2365 2340 2918 0 0 0 0 0 0 0
3 1190 2904 2903 2912 0 0 0 0 0 0 0
3 2152 2153 2340 2365 0 0 0 0 0 0 0
3 2919 2920 2921 2922 0 0 0 0 0 0 0
3 2922 2924 2923 2925 0 0 0 0 0 0 0
3 2922 2924 2926 2927 0 0 0 0 0 0 0
3 2922 2927 2928 2929 0 0 0 0 0 0 0
3 2703 2923 2922 2927 0 0 0 0 0 0 0
3 2922 2924 2925 2930 0 0 0 0 0 0 0
3 4 139 119 2931 1 147 0 0 280 0 0 0
3 2923 2925 2924 2932 0 0 0 0 0 0 0
3 1738 1952 1951 2882 0 0 0 0 0 0 0
3 1849 1951 1945 2883 0 0 0 0 0 0 0
3 1951 2079 2078 2882 0 0 0 0 0 0 0
3 1726 1736 1764 1767 0 0 0 0 0 0 0
3 1562 1578 1583 2933 1 75 0 0 0 0 0 0
3 1945 1951 2078 2883 0 0 0 0 0 0 0
3 1951 1952 2027 2079 0 0 0 0 0 0 0
3 1945 2078 1951 2089 0 0 0 0 0 0 0
3 2027 2089 2078 2276 0 0 0 0 0 0 0
3 1951 2027 2078 2079 0 0 0 0 0 0 0
3 1980 1983 2057 2535 0 0 0 0 0 0 0
3 1934 2206 1982 2534 0 0 0 0 0 0 0
3 1730 2106 1935 2206 0 0 0 0 0 0 0
3 1189 1190 2903 2912 0 0 0 0 0 0 0
3 1934 2041 2235 2695 0 0 0 0 0 0 0
3 1935 1936 1938 1939 0 0 0 0 0 0 0
3 1923 1924 2252 2324 0 0 0 0 0 0 0
3 1801 1803 1804 2423 0 0 0 0 0 0 0
3 1799 2326 2332 2333 0 0 0 0 0 0 0
3 1918 1923 1925 2253 0 0 0 0 0 0 0
3 1802 1808 1869 1900 0 0 0 0 0 0 0
3 2003 2935 2934 2936 0 0 0 0 0 0 0
3 2003 2579 2006 2937 0 0 0 0 0 0 0
3 2003 2938 2577 2939 0 0 0 0 0 0 0
3 2002 2004 2003 2574 0 0 0 0 0 0 0
3 2002 2574 2003 2935 0 0 0 0 0 0 0
3 2003 2575 2577 2938 0 0 0 0 0 0 0
3 1443 2901 2903 2940 0 0 0 0 0 0 0
3 2267 2551 2289 2941 0 0 0 0 0 0 0
3 1803 2287 1807 2613 0 0 0 0 0 0 0
3 1871 2120 2121 2124 0 0 0 0 0 0 0
3 1887 1914 2126 2356 0 0 0 0 0 0 0
3 1803 2423 2289 2942 0 0 0 0 0 0 0
3 1924 2197 2252 2324 0 0 0 0 0 0 0
3 1915 1916 1924 2943 0 0 0 0 0 0 0
3 1777 1917 1918 1926 0 0 0 0 0 0 0
3 1775 1918 1916 2196 0 0 0 0 0 0 0
3 103 176 104 1115 9 147 135 0 0 127 0 0 0
3 1805 2252 2197 2324 0 0 0 0 0 0 0
3 1915 1918 1917 2248 0 0 0 0 0 0 0
3 1818 1876 1863 1877 0 0 0 0 0 0 0
3 487 2087 561 2944 0 0 0 0 0 0 0
3 1918 1931 1926 2254 0 0 0 0 0 0 0
3 1918 1923 2253 2945 0 0 0 0 0 0 0
3 1808 1867 1869 1900 0 0 0 0 0 0 0
3 2225 2229 2227 2385 0 0 0 0 0 0 0
3 1747 1750 1748 2088 0 0 0 0 0 0 0
3 1729 2241 2240 2448 0 0 0 0 0 0 0
3 2241 2285 2946 2947 0 0 0 0 0 0 0
3 2129 2240 2233 2697 0 0 0 0 0 0 0
3 2227 2230 2233 2697 0 0 0 0 0 0 0
3 1822 1824 2228 2283 0 0 0 0 0 0 0
3 2129 2448 2240 2946 0 0 0 0 0 0 0
3 2518 2949 2948 2950 0 0 0 0 0 0 0
3 2519 2949 2950 2951 0 0 0 0 0 0 0
3 2518 2519 2949 2950 0 0 0 0 0 0 0
3 2517 2518 2523 2950 0 0 0 0 0 0 0
3 2519 2952 2520 2953 0 0 0 0 0 0 0
3 2518 2523 2584 2953 0 0 0 0 0 0 0
3 2334 2954 2455 2955 0 0 0 0 0 0 0
3 1947 2334 2335 2336 0 0 0 0 0 0 0
3 1946 2334 1949 2455 0 0 0 0 0 0 0
3 1948 1949 2454 2455 0 0 0 0 0 0 0
3 1129 2901 1188 2903 0 0 0 0 0 0 0
3 2334 2454 2455 2954 0 0 0 0 0 0 0
3 1801 1808 1807 2289 0 0 0 0 0 0 0
3 511 2956 2957 2958 0 0 0 0 0 0 0
3 1801 1802 1808 2123 0 0 0 0 0 0 0
3 2123 2191 2269 2289 0 0 0 0 0 0 0
3 1803 2435 2423 2942 0 0 0 0 0 0 0
3 1801 2289 1803 2423 0 0 0 0 0 0 0
3 2959 2960 2961 2962 0 0 0 0 0 0 0
3 2238 2913 2262 2963 0 0 0 0 0 0 0
3 2262 2263 2717 2913 0 0 0 0 0 0 0
3 2109 2386 2263 2388 0 0 0 0 0 0 0
3 1833 2113 2108 2156 0 0 0 0 0 0 0
3 1156 1176 1160 2474 1 135 0 0 0 0 0 0
3 2107 2265 2110 2370 0 0 0 0 0 0 0
3 2959 2965 2964 2966 0 0 0 0 0 0 0
3 2262 2263 2370 2717 0 0 0 0 0 0 0
3 1828 1832 2238 2263 0 0 0 0 0 0 0
3 1950 2265 2107 2692 0 0 0 0 0 0 0
3 2008 2107 2009 2111 0 0 0 0 0 0 0
3 2008 2387 2111 2788 0 0 0 0 0 0 0
3 1751 2110 2107 2265 0 0 0 0 0 0 0
3 1846 2089 2275 2368 0 0 0 0 0 0 0
3 1758 1836 1831 2157 0 0 0 0 0 0 0
3 1883 2131 2040 2967 0 0 0 0 0 0 0
3 1082 1688 1696 2429 1 432 0 0 0 0 0 0
3 2068 2071 2070 2147 0 0 0 0 0 0 0
3 1968 2071 2040 2147 0 0 0 0 0 0 0
3 1968 2530 2337 2968 0 0 0 0 0 0 0
3 1756 2798 2130 2969 0 0 0 0 0 0 0
3 1756 2131 2623 2970 0 0 0 0 0 0 0
3 1754 2169 2409 2698 0 0 0 0 0 0 0
3 1752 1754 2172 2279 0 0 0 0 0 0 0
3 1756 2185 2130 2798 0 0 0 0 0 0 0
3 1742 2026 2034 2089 0 0 0 0 0 0 0
3 2088 2105 2185 2380 0 0 0 0 0 0 0
3 1756 1957 2130 2185 0 0 0 0 0 0 0
3 2180 2339 2746 2890 0 0 0 0 0 0 0
3 2153 2340 2685 2720 0 0 0 0 0 0 0
3 2340 2720 2341 2750 0 0 0 0 0 0 0
3 2152 2338 2340 2341 0 0 0 0 0 0 0
3 2179 2317 2338 2341 0 0 0 0 0 0 0
3 2340 2750 2746 2971 0 0 0 0 0 0 0
3 2013 2365 2152 2918 0 0 0 0 0 0 0
3 2364 2365 2684 2685 0 0 0 0 0 0 0
3 1801 2191 2289 2423 0 0 0 0 0 0 0
3 1807 2288 2290 2291 0 0 0 0 0 0 0
3 2266 2269 2272 2274 0 0 0 0 0 0 0
3 2267 2289 2269 2941 0 0 0 0 0 0 0
3 2956 2972 2965 2973 0 0 0 0 0 0 0
3 2191 2420 2274 2423 0 0 0 0 0 0 0
3 2191 2270 2269 2272 0 0 0 0 0 0 0
3 2191 2192 2194 2421 0 0 0 0 0 0 0
3 2191 2194 2915 2974 0 0 0 0 0 0 0
3 2775 2868 2975 2976 0 0 0 0 0 0 0
3 2774 2775 2866 2975 0 0 0 0 0 0 0
3 2212 2213 2216 2896 0 0 0 0 0 0 0
3 2866 2895 2881 2896 0 0 0 0 0 0 0
3 2212 2896 2866 2977 0 0 0 0 0 0 0
3 2380 2381 2409 2978 0 0 0 0 0 0 0
3 2105 2206 2380 2979 0 0 0 0 0 0 0
3 1749 2279 2088 2409 0 0 0 0 0 0 0
3 2088 2979 2380 2980 0 0 0 0 0 0 0
3 1730 2204 1731 2235 0 0 0 0 0 0 0
3 2180 2316 2339 2890 0 0 0 0 0 0 0
3 1970 2151 2317 2596 0 0 0 0 0 0 0
3 1970 2318 2531 2596 0 0 0 0 0 0 0
3 510 2972 511 2973 0 0 0 131 0 0 0
3 1948 2322 2315 2745 0 0 0 0 0 0 0
3 1948 2318 2322 2450 0 0 0 0 0 0 0
3 2318 2450 2530 2531 0 0 0 0 0 0 0
3 2965 2973 2972 2981 0 0 0 0 0 0 0
3 2339 2889 2982 2983 0 0 0 0 0 0 0
3 2179 2338 2317 2891 0 0 0 0 0 0 0
3 2151 2317 2596 2891 0 0 0 0 0 0 0
3 1967 2316 2315 2318 0 0 0 0 0 0 0
3 2625 2814 2878 2984 0 0 0 0 0 0 0
3 1830 2814 2625 2984 0 0 0 0 0 0 0
3 1160 1176 1223 2985 1 135 0 0 0 0 0 0
3 1827 1830 1829 1834 0 0 0 0 0 0 0
3 370 390 391 2986 1 147 0 0 0 0 0 0
3 1830 2157 1836 2625 0 0 0 0 0 0 0
3 2170 2239 2813 2814 0 0 0 0 0 0 0
3 1826 1827 1834 2752 0 0 0 0 0 0 0
3 1830 2984 2629 2987 0 0 0 0 0 0 0
3 1794 2094 2097 2139 0 0 0 0 0 0 0
3 1793 2137 2139 2988 0 0 0 0 0 0 0
3 1795 2094 2096 2097 0 0 0 0 0 0 0
3 1732 2234 1794 2282 0 0 0 0 0 0 0
3 2431 2762 2775 2869 0 0 0 0 0 0 0
3 2431 2869 2775 2976 0 0 0 0 0 0 0
3 2422 2440 2435 2763 0 0 0 0 0 0 0
3 2420 2762 2865 2867 0 0 0 0 0 0 0
3 2193 2214 2216 2762 0 0 0 0 0 0 0
3 1972 2296 2119 2897 0 0 0 0 0 0 0
3 2102 2552 2989 2990 0 0 0 0 0 0 0
3 976 978 2991 2992 0 0 0 0 0 0 0
3 1973 2102 2362 2552 0 0 0 0 0 0 0
3 2010 2368 2277 2701 0 0 0 0 0 0 0
3 259 2964 2965 2993 0 0 0 0 0 0 0
3 2010 2277 2572 2701 0 0 0 0 0 0 0
3 2026 2347 2278 2550 0 0 0 0 0 0 0
3 2550 2644 2994 2995 0 0 0 0 0 0 0
3 1846 2009 1950 2108 0 0 0 0 0 0 0
3 2010 2347 2275 2348 0 0 0 0 0 0 0
3 2346 2767 2347 2995 0 0 0 0 0 0 0
3 204 259 2964 2965 0 0 0 0 0 0 0
3 1891 1892 2174 2343 0 0 0 0 0 0 0
3 2091 2177 2174 2442 0 0 0 0 0 0 0
3 2166 2666 2343 2996 0 0 0 0 0 0 0
3 1890 1893 1892 2168 0 0 0 0 0 0 0
3 1891 1892 1893 2178 0 0 0 0 0 0 0
3 1890 1892 1891 2804 0 0 0 0 0 0 0
3 1891 1892 2668 2804 0 0 0 0 0 0 0
3 1892 2168 2166 2996 0 0 0 0 0 0 0
3 1892 2168 2996 2997 0 0 0 0 0 0 0
3 2074 2270 2916 2998 0 0 0 0 0 0 0
3 1922 2267 2120 2916 0 0 0 0 0 0 0
3 1919 2916 1921 2998 0 0 0 0 0 0 0
3 2123 2359 2125 2916 0 0 0 0 0 0 0
3 2074 2270 2268 2916 0 0 0 0 0 0 0
3 2428 2429 2999 3000 0 0 0 0 0 0 0
3 2120 2267 2123 2916 0 0 0 0 0 0 0
3 201 2956 2965 3001 0 0 0 0 0 0 0
3 1852 1855 1856 2702 0 0 0 0 0 0 0
3 1852 1854 2578 2579 0 0 0 0 0 0 0
3 1852 1853 1854 2700 0 0 0 0 0 0 0
3 1784 2043 2061 3002 0 0 0 0 0 0 0
3 1784 2043 1789 2061 0 0 0 0 0 0 0
3 1781 2021 1782 2099 0 0 0 0 0 0 0
3 1858 1940 2093 2219 0 0 0 0 0 0 0
3 1781 1786 2021 2099 0 0 0 0 0 0 0
3 1784 1785 2023 2872 0 0 0 0 0 0 0
3 1861 1862 1863 2023 0 0 0 0 0 0 0
3 1860 1906 2042 2177 0 0 0 0 0 0 0
3 1780 2780 2482 3003 0 0 0 0 0 0 0
3 1857 2005 2003 2006 0 0 0 0 0 0 0
3 2010 2013 2368 2701 0 0 0 0 0 0 0
3 1758 1975 1759 2113 0 0 0 0 0 0 0
3 1857 2003 2005 2011 0 0 0 0 0 0 0
3 2959 2960 3004 3005 0 0 0 0 0 0 0
3 1950 2009 2107 2108 0 0 0 0 0 0 0
3 2004 2005 2008 2789 0 0 0 0 0 0 0
3 2959 2966 2964 3005 0 0 0 0 0 0 0
3 2096 2220 2489 2491 0 0 0 0 0 0 0
3 2308 2309 2489 2492 0 0 0 0 0 0 0
3 1858 2093 2217 2220 0 0 0 0 0 0 0
3 1866 2220 2217 2362 0 0 0 0 0 0 0
3 1774 1777 1776 1864 0 0 0 0 0 0 0
3 1916 2196 2407 2416 0 0 0 0 0 0 0
3 1810 2115 1813 2259 0 0 0 0 0 0 0
3 2217 2446 2221 2630 0 0 0 0 0 0 0
3 2090 2217 2220 2491 0 0 0 0 0 0 0
3 2102 2220 2362 2552 0 0 0 0 0 0 0
3 1788 1905 1860 2093 0 0 0 0 0 0 0
3 1865 2221 2217 2446 0 0 0 0 0 0 0
3 1865 2217 2090 2444 0 0 0 0 0 0 0
3 437 556 557 3006 1 143 0 0 0 0 0 0
3 1865 2093 2090 2217 0 0 0 0 0 0 0
3 1785 1926 2023 2261 0 0 0 0 0 0 0
3 1926 2254 2023 2261 0 0 0 0 0 0 0
3 2261 3007 2571 3008 0 0 0 0 0 0 0
3 1598 3009 1604 3010 0 0 0 0 0 0 0
3 1785 1917 1926 2261 0 0 0 0 0 0 0
3 2261 2873 2571 3007 0 0 0 0 0 0 0
3 2248 3011 2261 3012 0 0 0 0 0 0 0
3 2045 2281 2669 3002 0 0 0 0 0 0 0
3 1865 2175 1880 2851 0 0 0 0 0 0 0
3 1863 1880 1876 1881 0 0 0 0 0 0 0
3 1905 2092 2090 2093 0 0 0 0 0 0 0
3 1728 2204 2041 2241 0 0 0 0 0 0 0
3 2041 2694 2285 2947 0 0 0 0 0 0 0
3 2023 2176 2281 2872 0 0 0 0 0 0 0
3 1861 1863 1880 1933 0 0 0 0 0 0 0
3 1728 1905 1906 2042 0 0 0 0 0 0 0
3 2043 2045 2694 3002 0 0 0 0 0 0 0
3 1858 1860 1865 2093 0 0 0 0 0 0 0
3 1784 1787 2043 2281 0 0 0 0 0 0 0
3 1787 1861 2177 2281 0 0 0 0 0 0 0
3 1766 1790 1965 2028 0 0 0 0 0 0 0
3 2347 2644 2550 2995 0 0 0 0 0 0 0
3 2077 2278 2353 2500 0 0 0 0 0 0 0
3 1965 2025 2028 2545 0 0 0 0 0 0 0
3 1733 1935 2106 2234 0 0 0 0 0 0 0
3 1737 1957 1749 1962 0 0 0 0 0 0 0
3 1735 1952 1736 1965 0 0 0 0 0 0 0
3 2088 2186 2105 2979 0 0 0 0 0 0 0
3 1755 1883 2157 2623 0 0 0 0 0 0 0
3 1733 2035 2104 2105 0 0 0 0 0 0 0
3 1722 1725 1729 1957 0 0 0 0 0 0 0
3 2039 2130 2129 3013 0 0 0 0 0 0 0
3 2039 2129 2568 3013 0 0 0 0 0 0 0
3 2227 2233 2240 2697 0 0 0 0 0 0 0
3 1756 2039 2131 2970 0 0 0 0 0 0 0
3 2039 2805 2131 2970 0 0 0 0 0 0 0
3 134 247 294 3014 1 147 0 0 0 0 0 0
3 2068 2222 2650 2655 0 0 0 0 0 0 0
3 2027 2077 2081 2500 0 0 0 0 0 0 0
3 1952 1965 2027 2079 0 0 0 0 0 0 0
3 2025 2026 2027 2500 0 0 0 0 0 0 0
3 2025 2500 2549 2605 0 0 0 0 0 0 0
3 1790 1965 2028 2545 0 0 0 0 0 0 0
3 1790 2545 2028 2546 0 0 0 0 0 0 0
3 1766 1964 1790 2028 0 0 0 0 0 0 0
3 2025 2028 2544 2549 0 0 0 0 0 0 0
3 2027 2081 2028 2500 0 0 0 0 0 0 0
3 1869 1908 1873 1913 0 0 0 0 0 0 0
3 1873 2591 1874 2704 0 0 0 0 0 0 0
3 1867 1870 1869 1872 0 0 0 0 0 0 0
3 1869 1872 1873 1908 0 0 0 0 0 0 0
3 1869 1870 1871 1873 0 0 0 0 0 0 0
3 1868 1870 2049 2053 0 0 0 0 0 0 0
3 1808 1869 1868 1871 0 0 0 0 0 0 0
3 2096 2097 2136 2219 0 0 0 0 0 0 0
3 2102 2801 2134 2990 0 0 0 0 0 0 0
3 2102 2134 2552 2990 0 0 0 0 0 0 0
3 461 475 462 3006 1 145 0 0 0 0 0 0
3 2134 2135 2136 2552 0 0 0 0 0 0 0
3 2217 2221 2487 2630 0 0 0 0 0 0 0
3 2090 2444 2217 2491 0 0 0 0 0 0 0
3 1964 2375 2479 2620 0 0 0 0 0 0 0
3 2102 2219 2220 2552 0 0 0 0 0 0 0
3 1940 2097 2219 2801 0 0 0 0 0 0 0
3 1937 1939 1940 2282 0 0 0 0 0 0 0
3 1866 2102 2220 2362 0 0 0 0 0 0 0
3 1915 2361 1916 2417 0 0 0 0 0 0 0
3 1860 1905 1906 2091 0 0 0 0 0 0 0
3 1782 2822 2260 3015 0 0 0 0 0 0 0
3 1782 2260 1785 2570 0 0 0 0 0 0 0
3 1781 1786 1862 2021 0 0 0 0 0 0 0
3 1782 2260 2570 3015 0 0 0 0 0 0 0
3 1917 2261 2260 2820 0 0 0 0 0 0 0
3 1598 3006 1603 3016 0 0 0 0 0 0 0
3 1875 1889 1876 2356 0 0 0 0 0 0 0
3 1774 2100 1941 2101 0 0 0 0 0 0 0
3 1785 1926 2021 2023 0 0 0 0 0 0 0
3 1782 2099 2260 2826 0 0 0 0 0 0 0
3 1779 2057 1938 2480 0 0 0 0 0 0 0
3 1862 1878 1863 2023 0 0 0 0 0 0 0
3 1778 2098 1786 2099 0 0 0 0 0 0 0
3 1786 2100 2098 2218 0 0 0 0 0 0 0
3 1778 2099 1782 2826 0 0 0 0 0 0 0
3 1932 2803 2022 2874 0 0 0 0 0 0 0
3 1893 2178 2168 2766 0 0 0 0 0 0 0
3 1892 2168 1893 2178 0 0 0 0 0 0 0
3 1890 1893 2168 3017 0 0 0 0 0 0 0
3 1973 1974 2118 3018 0 0 0 0 0 0 0
3 462 1603 3006 3016 0 0 0 0 0 0 0
3 1973 2362 1974 2552 0 0 0 0 0 0 0
3 1811 2118 1974 2119 0 0 0 0 0 0 0
3 1782 1785 1783 2570 0 0 0 0 0 0 0
3 1926 1931 2023 2254 0 0 0 0 0 0 0
3 1784 2569 1785 2872 0 0 0 0 0 0 0
3 2151 2179 2317 2891 0 0 0 0 0 0 0
3 1845 1849 1847 2883 0 0 0 0 0 0 0
3 1845 1849 2883 2884 0 0 0 0 0 0 0
3 2151 2743 2179 2891 0 0 0 0 0 0 0
3 1845 2151 1848 2743 0 0 0 0 0 0 0
3 1771 1795 2094 2095 0 0 0 0 0 0 0
3 1964 2095 2094 2479 0 0 0 0 0 0 0
3 144 1596 3016 3019 0 0 0 0 0 0 0
3 1767 1794 1793 1964 0 0 0 0 0 0 0
3 1766 1771 1964 2376 0 0 0 0 0 0 0
3 1847 2368 2367 3020 0 0 0 0 0 0 0
3 2676 2686 2722 3021 0 0 0 0 0 0 0
3 2007 2010 2275 2348 0 0 0 0 0 0 0
3 2277 2646 2701 3022 0 0 0 0 0 0 0
3 2010 2348 2012 2767 0 0 0 0 0 0 0
3 1847 1945 2368 3020 0 0 0 0 0 0 0
3 1846 1847 1945 2368 0 0 0 0 0 0 0
3 463 3016 475 3023 0 0 0 0 0 0 0
3 1738 1742 1741 1849 0 0 0 0 0 0 0
3 2009 2107 2108 2111 0 0 0 0 0 0 0
3 2107 2370 2110 2387 0 0 0 0 0 0 0
3 1752 2172 2237 2483 0 0 0 0 0 0 0
3 1750 2187 2088 2279 0 0 0 0 0 0 0
3 1754 1755 2157 2623 0 0 0 0 0 0 0
3 1754 2172 2279 2409 0 0 0 0 0 0 0
3 2311 2849 2476 3024 0 0 0 0 0 0 0
3 2313 3025 2849 3026 0 0 0 0 0 0 0
3 3025 3028 3027 3029 0 0 0 0 0 0 0
3 2849 3025 3027 3029 0 0 0 0 0 0 0
3 2314 2846 2847 2849 0 0 0 0 0 0 0
3 2846 2847 2849 3027 0 0 0 0 0 0 0
3 2063 2372 2371 2373 0 0 0 0 0 0 0
3 2050 2121 2053 2372 0 0 0 0 0 0 0
3 2052 2053 2709 3030 0 0 0 0 0 0 0
3 2121 2371 2372 2673 0 0 0 0 0 0 0
3 1922 2120 2121 2371 0 0 0 0 0 0 0
3 1922 2121 2120 2267 0 0 0 0 0 0 0
3 1127 1128 1190 2904 1 135 0 0 0 0 0 0
3 1868 1871 2063 2121 0 0 0 0 0 0 0
3 1869 1911 1908 1913 0 0 0 0 0 0 0
3 2583 2680 2591 2705 0 0 0 0 0 0 0
3 2373 2705 2374 2706 0 0 0 0 0 0 0
3 1888 1912 1911 2253 0 0 0 0 0 0 0
3 1887 1910 1888 1911 0 0 0 0 0 0 0
3 1869 1911 1913 1914 0 0 0 0 0 0 0
3 640 3031 710 3032 0 0 0 0 0 0 0
3 1871 2120 2125 2127 0 0 0 0 0 0 0
3 1972 1973 2117 2362 0 0 0 0 0 0 0
3 1531 3032 3033 3034 0 0 0 0 0 0 0
3 1810 1941 1973 2870 0 0 0 0 0 0 0
3 1728 1936 1905 2042 0 0 0 0 0 0 0
3 1820 2297 2295 2298 0 0 0 0 0 0 0
3 1411 1465 1424 3035 1 1 0 0 0 0 0 0
3 2431 2432 2433 2776 0 0 0 0 0 0 0
3 2432 2775 2771 2776 0 0 0 0 0 0 0
3 3032 3033 3036 3037 0 0 0 0 0 0 0
3 2775 2975 2777 2976 0 0 0 0 0 0 0
3 2420 2432 2762 2867 0 0 0 0 0 0 0
3 1830 2625 1836 2629 0 0 0 0 0 0 0
3 2645 3039 3038 3040 0 0 0 0 0 0 0
3 2276 2353 2278 2645 0 0 0 0 0 0 0
3 913 914 955 1009 3 139 137 129 0 0 0 0 0
3 2276 3041 2645 3042 0 0 0 0 0 0 0
3 2646 3039 3040 3043 0 0 0 0 0 0 0
3 2558 2646 2645 3040 0 0 0 0 0 0 0
3 2558 2644 2645 2646 0 0 0 0 0 0 0
3 2278 2606 2644 2645 0 0 0 0 0 0 0
3 1982 1984 1985 2366 0 0 0 0 0 0 0
3 1732 1935 1733 2234 0 0 0 0 0 0 0
3 1733 2106 2104 2234 0 0 0 0 0 0 0
3 1935 1981 1980 1982 0 0 0 0 0 0 0
3 1934 2533 1980 2540 0 0 0 0 0 0 0
3 1730 1731 2206 2235 0 0 0 0 0 0 0
3 1934 1982 1980 2534 0 0 0 0 0 0 0
3 1728 1730 1732 1939 0 0 0 0 0 0 0
3 1935 1937 1981 2234 0 0 0 0 0 0 0
3 1935 1939 1937 2282 0 0 0 0 0 0 0
3 1727 1824 1728 1906 0 0 0 0 0 0 0
3 1732 1733 1792 2234 0 0 0 0 0 0 0
3 1827 1829 1830 1832 0 0 0 0 0 0 0
3 1845 2179 2152 2182 0 0 0 0 0 0 0
3 2183 2341 2720 2750 0 0 0 0 0 0 0
3 2110 2262 2263 2370 0 0 0 0 0 0 0
3 1835 2156 1844 2856 0 0 0 0 0 0 0
3 2156 2183 2720 2856 0 0 0 0 0 0 0
3 1829 1831 1833 1835 0 0 0 0 0 0 0
3 2093 2097 2096 2219 0 0 0 0 0 0 0
3 2090 2199 2444 2565 0 0 0 0 0 0 0
3 1880 2175 1933 2851 0 0 0 0 0 0 0
3 2556 2994 3044 3045 0 0 0 0 0 0 0
3 2554 2556 3046 3047 0 0 0 0 0 0 0
3 2556 2559 2557 3048 0 0 0 0 0 0 0
3 641 3033 3032 3037 0 0 0 0 0 0 0
3 2554 3050 3049 3051 0 0 0 0 0 0 0
3 688 3049 2554 3050 0 0 0 0 0 0 0
3 688 3046 2554 3049 0 0 0 0 0 0 0
3 2322 3052 3031 3053 0 0 0 0 0 0 0
3 2555 2609 3045 3049 0 0 0 0 0 0 0
3 2553 2555 2554 3049 0 0 0 0 0 0 0
3 2553 2554 2556 3046 0 0 0 0 0 0 0
3 2554 2555 2556 3045 0 0 0 0 0 0 0
3 2453 3034 2745 3054 0 0 0 0 0 0 0
3 1856 2701 3055 3056 0 0 0 0 0 0 0
3 1855 2700 3056 3057 0 0 0 0 0 0 0
3 1855 3057 3056 3058 0 0 0 0 0 0 0
3 2576 3056 2700 3059 0 0 0 0 0 0 0
3 2576 3056 3059 3060 0 0 0 0 0 0 0
3 1855 2700 2576 3056 0 0 0 0 0 0 0
3 641 3032 709 3037 0 0 0 0 0 0 0
3 2306 2621 2620 3061 0 0 0 0 0 0 0
3 2620 3061 2621 3062 0 0 0 0 0 0 0
3 2546 2608 2607 2683 0 0 0 0 0 0 0
3 1964 2375 2095 2479 0 0 0 0 0 0 0
3 2620 2621 2683 3062 0 0 0 0 0 0 0
3 2607 3063 2683 3064 0 0 0 0 0 0 0
3 2137 2607 2620 2683 0 0 0 0 0 0 0
3 1786 1940 1858 2218 0 0 0 0 0 0 0
3 1812 1881 1943 2117 0 0 0 0 0 0 0
3 1875 1880 1927 2853 0 0 0 0 0 0 0
3 2090 2217 2093 2220 0 0 0 0 0 0 0
3 1875 2331 1880 2853 0 0 0 0 0 0 0
3 1787 1861 1860 2177 0 0 0 0 0 0 0
3 2735 3066 3065 3067 0 0 0 0 0 0 0
3 289 2501 1985 2735 0 0 0 0 0 0 0
3 289 2735 300 3067 0 0 0 0 0 0 0
3 1982 3066 2735 3068 0 0 0 0 0 0 0
3 1928 2653 2351 3069 0 0 0 0 0 0 0
3 2351 2585 2586 2592 0 0 0 0 0 0 0
3 1928 1929 2653 3069 0 0 0 0 0 0 0
3 2586 2590 2653 2832 0 0 0 0 0 0 0
3 1907 1910 1932 2351 0 0 0 0 0 0 0
3 1907 2592 2586 2679 0 0 0 0 0 0 0
3 1907 1910 2592 2679 0 0 0 0 0 0 0
3 1932 2586 2653 2832 0 0 0 0 0 0 0
3 1832 2110 2237 2263 0 0 0 0 0 0 0
3 2238 2634 2388 2913 0 0 0 0 0 0 0
3 2238 2388 2263 2913 0 0 0 0 0 0 0
3 1826 1829 1828 1844 0 0 0 0 0 0 0
3 1827 1828 2238 2388 0 0 0 0 0 0 0
3 334 3024 3070 3071 0 0 0 0 0 0 0
3 1826 1828 1827 3072 0 0 0 0 0 0 0
3 2109 2156 2111 2390 0 0 0 0 0 0 0
3 1914 2350 1928 3073 0 0 0 0 0 0 0
3 2585 2589 2590 3074 0 0 0 0 0 0 0
3 1929 1932 2653 2654 0 0 0 0 0 0 0
3 2073 2223 2222 2655 0 0 0 0 0 0 0
3 2222 2223 2224 3075 0 0 0 0 0 0 0
3 2067 2071 2068 2280 0 0 0 0 0 0 0
3 312 340 337 2495 1 147 0 0 0 0 0 0
3 2073 2233 2230 2568 0 0 0 0 0 0 0
3 1994 2223 2230 3076 0 0 0 0 0 0 0
3 2073 2378 2223 2806 0 0 0 0 0 0 0
3 3024 3070 3071 3077 0 0 0 0 0 0 0
3 2266 2941 2274 3078 0 0 0 0 0 0 0
3 2191 2274 2269 2423 0 0 0 0 0 0 0
3 2274 2439 2420 2854 0 0 0 0 0 0 0
3 2191 2272 2274 2420 0 0 0 0 0 0 0
3 1906 2285 2045 2343 0 0 0 0 0 0 0
3 1824 1906 2036 2342 0 0 0 0 0 0 0
3 1933 2175 2176 2178 0 0 0 0 0 0 0
3 2285 2343 2666 2669 0 0 0 0 0 0 0
3 2041 2285 2241 2947 0 0 0 0 0 0 0
3 320 3079 3071 3080 0 0 0 0 0 0 0
3 1867 2189 2048 2529 0 0 0 0 0 0 0
3 2290 2325 2326 3081 0 0 0 0 0 0 0
3 1805 1925 2197 2252 0 0 0 0 0 0 0
3 2529 2739 2905 3081 0 0 0 0 0 0 0
3 2290 2739 2326 2741 0 0 0 0 0 0 0
3 2288 2529 2290 2739 0 0 0 0 0 0 0
3 1734 1736 1735 1952 0 0 0 0 0 0 0
3 1791 2035 2184 3082 0 0 0 0 0 0 0
3 1791 1793 1792 2843 0 0 0 0 0 0 0
3 1009 1699 1010 1700 0 0 0 0 0 0 0
3 1791 2843 2104 3082 0 0 0 0 0 0 0
3 318 320 3071 3083 0 0 0 0 0 0 0
3 1791 2104 2035 3082 0 0 0 0 0 0 0
3 1827 2238 2239 2639 0 0 0 0 0 0 0
3 2238 2640 2636 3084 0 0 0 0 0 0 0
3 2238 2639 2636 2640 0 0 0 0 0 0 0
3 2238 2636 2913 2963 0 0 0 0 0 0 0
3 1768 2092 2096 2491 0 0 0 0 0 0 0
3 2281 2667 2343 2669 0 0 0 0 0 0 0
3 1768 1769 2092 2565 0 0 0 0 0 0 0
3 320 383 3071 3079 0 0 0 0 0 0 0
3 1766 1771 1767 1964 0 0 0 0 0 0 0
3 1793 2139 1794 2842 0 0 0 0 0 0 0
3 1726 1794 1795 2282 0 0 0 0 0 0 0
3 1795 2097 2093 2282 0 0 0 0 0 0 0
3 1929 2173 1933 2178 0 0 0 0 0 0 0
3 1815 1817 2019 2294 0 0 0 0 0 0 0
3 1305 1320 3085 3086 0 0 0 0 0 0 0
3 2023 2571 2261 2873 0 0 0 0 0 0 0
3 1888 2254 2253 2460 0 0 0 0 0 0 0
3 1869 1872 1908 1911 0 0 0 0 0 0 0
3 1760 1798 1761 1799 0 0 0 0 0 0 0
3 1875 1877 1889 1930 0 0 0 0 0 0 0
3 1931 2022 2023 2873 0 0 0 0 0 0 0
3 1882 1933 2022 2654 0 0 0 0 0 0 0
3 1882 1931 1932 2022 0 0 0 0 0 0 0
3 1888 1931 2254 2460 0 0 0 0 0 0 0
3 2340 2365 2685 2838 0 0 0 0 0 0 0
3 2153 2685 2364 2785 0 0 0 0 0 0 0
3 2011 2839 2684 2841 0 0 0 0 0 0 0
3 2004 2575 2574 2785 0 0 0 0 0 0 0
3 2013 2840 2838 3087 0 0 0 0 0 0 0
3 1742 1965 2026 2027 0 0 0 0 0 0 0
3 1729 1904 1957 2129 0 0 0 0 0 0 0
3 1737 1741 1739 1958 0 0 0 0 0 0 0
3 1883 2131 2967 2970 0 0 0 0 0 0 0
3 1791 1792 2104 2843 0 0 0 0 0 0 0
3 1790 1791 1965 2545 0 0 0 0 0 0 0
3 1886 2026 2034 2344 0 0 0 0 0 0 0
3 2451 2954 3085 3088 0 0 0 0 0 0 0
3 2024 2034 2026 2344 0 0 0 0 0 0 0
3 1748 2088 1750 2186 0 0 0 0 0 0 0
3 1748 1750 2184 2186 0 0 0 0 0 0 0
3 1751 2108 2107 2110 0 0 0 0 0 0 0
3 2008 2718 2788 2795 0 0 0 0 0 0 0
3 2111 2387 2391 2788 0 0 0 0 0 0 0
3 2386 2387 2718 2788 0 0 0 0 0 0 0
3 2045 2281 2343 2669 0 0 0 0 0 0 0
3 2285 2342 2385 2666 0 0 0 0 0 0 0
3 1778 1779 1781 1786 0 0 0 0 0 0 0
3 1730 1934 1936 2204 0 0 0 0 0 0 0
3 1728 1936 2041 2204 0 0 0 0 0 0 0
3 1939 2093 1940 2282 0 0 0 0 0 0 0
3 1934 2041 2204 2235 0 0 0 0 0 0 0
3 2041 2241 2204 2498 0 0 0 0 0 0 0
3 2041 2204 2396 2498 0 0 0 0 0 0 0
3 2197 3089 2332 3090 0 0 0 0 0 0 0
3 2197 2327 2332 3089 0 0 0 0 0 0 0
3 1799 1805 2324 2325 0 0 0 0 0 0 0
3 1795 2093 1905 2282 0 0 0 0 0 0 0
3 1799 2197 2327 2332 0 0 0 0 0 0 0
3 1797 1806 1799 2327 0 0 0 0 0 0 0
3 1830 1832 2157 2170 0 0 0 0 0 0 0
3 1752 2237 2262 2483 0 0 0 0 0 0 0
3 2172 2484 2483 3091 0 0 0 0 0 0 0
3 2088 2279 2187 2980 0 0 0 0 0 0 0
3 2193 2214 2762 2869 0 0 0 0 0 0 0
3 1797 1799 1798 2198 0 0 0 0 0 0 0
3 2195 2496 2493 2715 0 0 0 0 0 0 0
3 1804 2713 2714 2844 0 0 0 0 0 0 0
3 1761 1799 1797 1806 0 0 0 0 0 0 0
3 2525 2590 2587 2832 0 0 0 0 0 0 0
3 2523 2585 2587 2590 0 0 0 0 0 0 0
3 2525 2832 2587 3092 0 0 0 0 0 0 0
3 1297 3085 3093 3094 0 0 0 0 0 0 0
3 2586 2588 2587 3095 0 0 0 0 0 0 0
3 2521 2587 2522 3096 0 0 0 0 0 0 0
3 2587 3092 2832 3095 0 0 0 0 0 0 0
3 2042 2177 2045 2281 0 0 0 0 0 0 0
3 1994 2229 2224 2392 0 0 0 0 0 0 0
3 1824 2284 2227 2342 0 0 0 0 0 0 0
3 1875 2356 1876 2800 0 0 0 0 0 0 0
3 1817 1895 1894 2019 0 0 0 0 0 0 0
3 1914 1930 2350 2356 0 0 0 0 0 0 0
3 2128 2359 2356 2360 0 0 0 0 0 0 0
3 1802 1887 2126 2356 0 0 0 0 0 0 0
3 1895 2355 2356 2359 0 0 0 0 0 0 0
3 2338 2888 2339 2891 0 0 0 0 0 0 0
3 2743 2891 3097 3098 0 0 0 0 0 0 0
3 2321 2891 2888 3099 0 0 0 0 0 0 0
3 2166 2342 2167 2442 0 0 0 0 0 0 0
3 2160 2167 2161 2226 0 0 0 0 0 0 0
3 2162 2164 2166 2764 0 0 0 0 0 0 0
3 2166 2174 2442 2764 0 0 0 0 0 0 0
3 2160 2163 2162 2167 0 0 0 0 0 0 0
3 2160 2163 2167 2410 0 0 0 0 0 0 0
3 1751 1831 1833 2110 0 0 0 0 0 0 0
3 1752 2237 2110 2262 0 0 0 0 0 0 0
3 1846 2112 1847 2368 0 0 0 0 0 0 0
3 2109 2389 2390 2391 0 0 0 0 0 0 0
3 1828 2109 2389 2390 0 0 0 0 0 0 0
3 1320 3085 3086 3100 0 0 0 0 0 0 0
3 2111 2391 2719 2785 0 0 0 0 0 0 0
3 2111 2156 2153 2719 0 0 0 0 0 0 0
3 2108 2113 2153 2156 0 0 0 0 0 0 0
3 2340 2685 2750 2971 0 0 0 0 0 0 0
3 1845 1847 2112 2367 0 0 0 0 0 0 0
3 1975 2181 2180 2183 0 0 0 0 0 0 0
3 2152 2182 2179 2341 0 0 0 0 0 0 0
3 1845 2112 2152 2367 0 0 0 0 0 0 0
3 1845 2152 2179 2367 0 0 0 0 0 0 0
3 2152 2338 2179 2367 0 0 0 0 0 0 0
3 1802 2123 1895 2126 0 0 0 0 0 0 0
3 1894 1895 2191 2194 0 0 0 0 0 0 0
3 2266 2271 2268 3101 0 0 0 0 0 0 0
3 2266 3101 2268 3102 0 0 0 0 0 0 0
3 2451 3085 3086 3088 0 0 0 0 0 0 0
3 2266 2269 2274 2941 0 0 0 0 0 0 0
3 2123 2268 2267 2269 0 0 0 0 0 0 0
3 1883 1968 2145 2808 0 0 0 0 0 0 0
3 2039 2040 2131 2805 0 0 0 0 0 0 0
3 2067 2068 2073 2280 0 0 0 0 0 0 0
3 2040 2280 2071 2807 0 0 0 0 0 0 0
3 1968 1970 2146 2530 0 0 0 0 0 0 0
3 1883 2145 2157 2742 0 0 0 0 0 0 0
3 1883 2040 2808 2967 0 0 0 0 0 0 0
3 2191 2420 2192 2421 0 0 0 0 0 0 0
3 1544 3103 3104 3105 0 0 0 0 0 0 0
3 2018 2019 2193 2194 0 0 0 0 0 0 0
3 508 530 529 1640 5 143 263 0 259 0 0 0 0
3 2193 2431 2493 2869 0 0 0 0 0 0 0
3 1803 2816 2435 2821 0 0 0 0 0 0 0
3 2191 2269 2289 2423 0 0 0 0 0 0 0
3 1810 1811 1813 2115 0 0 0 0 0 0 0
3 2420 2423 2422 2439 0 0 0 0 0 0 0
3 1847 1849 1945 2883 0 0 0 0 0 0 0
3 1746 1847 1849 1945 0 0 0 0 0 0 0
3 1543 1544 3103 3104 0 0 0 0 0 0 0
3 1847 2883 1945 3020 0 0 0 0 0 0 0
3 2113 2152 2153 2341 0 0 0 0 0 0 0
3 1754 2169 2172 2409 0 0 0 0 0 0 0
3 1745 1751 1846 1886 0 0 0 0 0 0 0
3 2409 2978 3106 3107 0 0 0 0 0 0 0
3 1749 2088 2185 2409 0 0 0 0 0 0 0
3 1759 1884 1848 2151 0 0 0 0 0 0 0
3 2409 2449 2798 3106 0 0 0 0 0 0 0
3 2185 2409 2381 2449 0 0 0 0 0 0 0
3 2420 2432 2431 2762 0 0 0 0 0 0 0
3 2420 2422 2432 2440 0 0 0 0 0 0 0
3 54 136 1519 3108 0 0 0 0 0 0 0
3 2432 2774 2775 2867 0 0 0 0 0 0 0
3 45 149 1518 3109 0 0 0 0 0 0 0
3 2420 2422 2421 2431 0 0 0 0 0 0 0
3 45 1495 1057 3109 1 75 0 0 0 0 0 0
3 2431 2776 2761 2976 0 0 0 0 0 0 0
3 2431 2762 2432 2775 0 0 0 0 0 0 0
3 1740 1750 1886 2034 0 0 0 0 0 0 0
3 1731 2105 2106 2206 0 0 0 0 0 0 0
3 2035 2104 2105 2188 0 0 0 0 0 0 0
3 2106 2206 2979 3066 0 0 0 0 0 0 0
3 2169 2170 2485 2812 0 0 0 0 0 0 0
3 1830 1836 1834 2629 0 0 0 0 0 0 0
3 1947 1966 1967 2146 0 0 0 0 0 0 0
3 613 3110 3111 3112 0 0 0 0 0 0 0
3 565 1523 3103 3113 0 0 0 0 0 0 0
3 1201 1250 1203 2824 1 135 0 0 0 0 0 0
3 1722 1734 1737 1958 0 0 0 0 0 0 0
3 2090 2491 2092 2565 0 0 0 0 0 0 0
3 706 707 757 3114 1 141 0 0 0 0 0 0
3 1729 1904 2129 2240 0 0 0 0 0 0 0
3 1495 2633 3109 3115 0 0 0 0 0 0 0
3 1567 1576 1581 3116 1 75 0 0 0 0 0 0
3 131 1944 454 2232 0 0 0 0 0 0 0
3 386 3117 3118 3119 0 0 0 0 0 0 0
3 1764 1770 1766 2080 0 0 0 0 0 0 0
3 498 516 1594 1595 4 311 0 0 0 0 0 0
3 1769 2564 2199 2565 0 0 0 0 0 0 0
3 2420 3120 2865 3121 0 0 0 0 0 0 0
3 2420 2854 2432 3120 0 0 0 0 0 0 0
3 1815 2208 2119 2213 0 0 0 0 0 0 0
3 18 544 513 1586 9 143 311 0 0 307 0 0 0
3 2266 2267 2269 2941 0 0 0 0 0 0 0
3 2431 2775 2776 2976 0 0 0 0 0 0 0
3 766 767 782 2880 1 141 0 0 0 0 0 0
3 900 3122 903 3123 0 0 0 0 0 0 0
3 2191 2865 2421 2974 0 0 0 0 0 0 0
3 2272 2420 2865 3121 0 0 0 0 0 0 0
3 1973 2870 2102 2989 0 0 0 0 0 0 0
3 115 144 145 3019 1 147 0 0 0 0 0 0
3 1450 1488 2738 3124 0 0 0 0 0 0 0
3 1972 1974 2362 2492 0 0 0 0 0 0 0
3 918 919 957 1015 3 139 137 129 0 0 0 0 0
3 1786 1862 2021 2100 0 0 0 0 0 0 0
3 1810 2114 2622 2870 0 0 0 0 0 0 0
3 2217 2362 2220 2487 0 0 0 0 0 0 0
3 157 250 224 2627 1 147 0 0 0 0 0 0
3 1940 2097 2093 2219 0 0 0 0 0 0 0
3 2220 2362 2308 2492 0 0 0 0 0 0 0
3 3103 3113 3125 3126 0 0 0 0 0 0 0
3 3015 3128 3127 3129 0 0 0 0 0 0 0
3 328 358 385 3130 1 147 0 0 0 0 0 0
3 501 502 548 3131 1 143 131 0 0 0 0 0
3 20 561 1418 2944 0 0 0 0 0 0 0
3 3044 3051 3045 3132 0 0 0 0 0 0 0
3 2554 3045 2556 3133 0 0 0 0 0 0 0
3 2554 3051 3045 3133 0 0 0 0 0 0 0
3 2556 3133 3134 3135 0 0 0 0 0 0 0
3 2556 2994 2559 3134 0 0 0 0 0 0 0
3 2556 3044 2994 3134 0 0 0 0 0 0 0
3 2605 3136 3045 3137 0 0 0 0 0 0 0
3 2605 2994 3045 3136 0 0 0 0 0 0 0
3 469 1634 481 1648 0 0 0 0 0 0 0
3 1953 2162 1955 2164 0 0 0 0 0 0 0
3 1955 3017 2168 3138 0 0 0 0 0 0 0
3 1891 2174 1892 2178 0 0 0 0 0 0 0
3 1523 3103 3113 3125 0 0 0 0 0 0 0
3 2164 3138 2168 3139 0 0 0 0 0 0 0
3 61 453 62 1614 1 145 0 0 133 0 0 0
3 1852 1854 2579 2700 0 0 0 0 0 0 0
3 1854 2578 2579 3140 0 0 0 0 0 0 0
3 2839 3103 2841 3104 0 0 0 0 0 0 0
3 2457 2475 2782 2783 0 0 0 0 0 0 0
3 1778 1782 1780 3003 0 0 0 0 0 0 0
3 1938 1980 1983 2057 0 0 0 0 0 0 0
3 464 476 465 3141 1 145 0 0 0 0 0 0
3 1779 1937 1939 1940 0 0 0 0 0 0 0
3 1291 1327 1326 3142 1 135 0 0 0 0 0 0
3 196 197 202 3143 1 147 0 0 0 0 0 0
3 433 3144 458 3145 0 0 0 0 0 0 0
3 1786 1859 2100 2218 0 0 0 0 0 0 0
3 2043 2695 2061 3002 0 0 0 0 0 0 0
3 1943 2297 2298 2331 0 0 0 0 0 0 0
3 2297 3146 2355 3147 0 0 0 0 0 0 0
3 1887 1889 1930 2356 0 0 0 0 0 0 0
3 1774 1775 1917 2361 0 0 0 0 0 0 0
3 1817 2294 2297 2355 0 0 0 0 0 0 0
3 2294 2297 2355 3147 0 0 0 0 0 0 0
3 175 3148 2936 3149 0 0 0 0 0 0 0
3 1623 1879 2456 2461 0 0 0 0 0 0 0
3 2096 2136 2477 2552 0 0 0 0 0 0 0
3 1974 2308 2362 2492 0 0 0 0 0 0 0
3 1794 2094 1795 2097 0 0 0 0 0 0 0
3 1878 1888 1918 1925 0 0 0 0 0 0 0
3 1772 2196 1916 2416 0 0 0 0 0 0 0
3 79 423 1507 2957 0 0 0 0 0 0 0
3 244 257 258 3150 1 147 0 0 0 0 0 0
3 1916 2416 2407 2417 0 0 0 0 0 0 0
3 338 373 343 3151 1 147 0 0 0 0 0 0
3 1137 2436 1183 2443 0 0 0 0 0 0 0
3 1915 2408 2407 2943 0 0 0 0 0 0 0
3 731 3152 3025 3153 0 0 0 0 0 0 0
3 861 875 883 3154 1 141 0 0 0 0 0 0
3 1924 2943 2407 3090 0 0 0 0 0 0 0
3 2196 2699 2197 3090 0 0 0 0 0 0 0
3 1924 2196 2197 3090 0 0 0 0 0 0 0
3 1924 2324 2943 3090 0 0 0 0 0 0 0
3 2549 2607 2608 3064 0 0 0 0 0 0 0
3 1791 2024 1965 2545 0 0 0 0 0 0 0
3 1791 2545 1793 2843 0 0 0 0 0 0 0
3 2212 2216 2214 2866 0 0 0 0 0 0 0
3 1875 1877 1876 1889 0 0 0 0 0 0 0
3 1878 2021 1926 2023 0 0 0 0 0 0 0
3 273 288 296 2717 1 147 0 0 0 0 0 0
3 1814 1816 2014 2018 0 0 0 0 0 0 0
3 636 714 713 3155 1 141 0 0 0 0 0 0
3 1814 2018 2014 2216 0 0 0 0 0 0 0
3 2018 2019 2194 2663 0 0 0 0 0 0 0
3 45 149 46 1518 9 147 75 0 0 101 0 0 0
3 909 930 931 1029 5 139 137 0 129 0 0 0 0
3 1157 2691 1175 3156 0 0 0 0 0 0 0
3 219 276 277 2795 1 147 0 0 0 0 0 0
3 138 2456 1879 2461 0 0 0 0 0 0 0
3 2461 3158 3157 3159 0 0 0 0 0 0 0
3 1504 1532 1509 3160 1 75 0 0 0 0 0 0
3 1784 1862 1787 2281 0 0 0 0 0 0 0
3 1784 2281 2667 2872 0 0 0 0 0 0 0
3 496 612 666 3152 1 141 0 0 0 0 0 0
3 1861 2023 2022 2176 0 0 0 0 0 0 0
3 158 2475 2461 3157 0 0 0 0 0 0 0
3 2303 3161 2305 3162 0 0 0 0 0 0 0
3 1784 2023 2281 2872 0 0 0 0 0 0 0
3 1845 1848 1849 2884 0 0 0 0 0 0 0
3 1758 1831 1975 2113 0 0 0 0 0 0 0
3 2088 2279 2380 2409 0 0 0 0 0 0 0
3 1746 1751 1747 1759 0 0 0 0 0 0 0
3 1746 1845 1848 1849 0 0 0 0 0 0 0
3 2432 2854 2440 3163 0 0 0 0 0 0 0
3 2783 3159 3164 3165 0 0 0 0 0 0 0
3 1750 2349 1886 2652 0 0 0 0 0 0 0
3 1845 2883 1847 3166 0 0 0 0 0 0 0
3 1793 1964 1794 2094 0 0 0 0 0 0 0
3 2025 2026 2500 2550 0 0 0 0 0 0 0
3 1766 1965 2027 2028 0 0 0 0 0 0 0
3 883 904 903 2328 1 141 0 0 0 0 0 0
3 1372 1373 1395 3167 1 135 0 0 0 0 0 0
3 370 371 390 3168 1 147 0 0 0 0 0 0
3 218 219 2786 3169 0 0 0 0 0 0 0
3 2003 2005 2011 2575 0 0 0 0 0 0 0
3 2026 2089 2027 2278 0 0 0 0 0 0 0
3 727 738 737 1825 1 141 0 0 0 0 0 0
3 2026 2278 2027 2500 0 0 0 0 0 0 0
3 154 169 228 3170 1 147 0 0 0 0 0 0
3 1023 1024 1997 3171 0 0 0 0 0 0 0
3 700 3172 3173 3174 0 0 0 0 0 0 0
3 297 337 315 2876 1 147 0 0 0 0 0 0
3 27 1020 923 1664 0 0 0 0 0 0 0
3 1945 2078 2089 2276 0 0 0 0 0 0 0
3 999 1000 1037 3175 1 137 128 0 0 0 0 0
3 884 903 2329 3123 0 0 0 0 0 0 0
3 2278 2500 2550 2606 0 0 0 0 0 0 0
3 2027 2276 2077 2278 0 0 0 0 0 0 0
3 1915 1917 1916 2361 0 0 0 0 0 0 0
3 1798 2259 2257 2495 0 0 0 0 0 0 0
3 1268 2033 2030 3176 0 0 0 0 0 0 0
3 1875 1928 1882 1930 0 0 0 0 0 0 0
3 1798 2198 2462 2495 0 0 0 0 0 0 0
3 1912 2253 2618 2643 0 0 0 0 0 0 0
3 2053 2372 2063 2374 0 0 0 0 0 0 0
3 2047 2189 2124 2287 0 0 0 0 0 0 0
3 1802 1889 1887 2356 0 0 0 0 0 0 0
3 1918 1926 2248 2254 0 0 0 0 0 0 0
3 1909 2460 2253 2945 0 0 0 0 0 0 0
3 1818 1876 1877 1889 0 0 0 0 0 0 0
3 1756 2130 2039 2969 0 0 0 0 0 0 0
3 2039 2969 2130 3013 0 0 0 0 0 0 0
3 1114 1207 1206 1800 1 135 0 0 0 0 0 0
3 671 728 689 3177 1 141 0 0 0 0 0 0
3 2448 2799 2871 3178 0 0 0 0 0 0 0
3 999 1037 1026 3175 1 137 0 0 0 0 0 0
3 2799 3178 3013 3179 0 0 0 0 0 0 0
3 755 802 784 3180 1 141 0 0 0 0 0 0
3 1729 2205 2204 2448 0 0 0 0 0 0 0
3 1729 2204 2241 2448 0 0 0 0 0 0 0
3 1155 3175 3181 3182 0 0 0 0 0 0 0
3 1935 2106 1982 2206 0 0 0 0 0 0 0
3 1733 1791 1792 2104 0 0 0 0 0 0 0
3 592 963 974 3183 1 139 0 0 0 0 0 0
3 2449 2799 2798 3142 0 0 0 0 0 0 0
3 1306 3088 2864 3184 0 0 0 0 0 0 0
3 1723 1736 1734 1765 0 0 0 0 0 0 0
3 1732 1935 2234 2282 0 0 0 0 0 0 0
3 1891 2177 2174 2178 0 0 0 0 0 0 0
3 1890 2831 1893 3017 0 0 0 0 0 0 0
3 1893 2766 2168 3139 0 0 0 0 0 0 0
3 1890 2654 2653 2877 0 0 0 0 0 0 0
3 2022 2176 2023 2872 0 0 0 0 0 0 0
3 1891 2281 2176 2667 0 0 0 0 0 0 0
3 1875 1880 1882 1927 0 0 0 0 0 0 0
3 1861 2023 2176 2281 0 0 0 0 0 0 0
3 1891 2176 2177 2178 0 0 0 0 0 0 0
3 2166 2442 2167 2764 0 0 0 0 0 0 0
3 1893 2178 2766 3185 0 0 0 0 0 0 0
3 1928 3069 2351 3073 0 0 0 0 0 0 0
3 885 899 900 3186 1 141 0 0 0 0 0 0
3 1267 3187 2425 3188 0 0 0 0 0 0 0
3 660 693 694 3189 1 141 0 0 0 0 0 0
3 1927 1933 1929 2173 0 0 0 0 0 0 0
3 2046 2050 2049 2051 0 0 0 0 0 0 0
3 1870 2063 1873 2712 0 0 0 0 0 0 0
3 1873 2591 2704 2705 0 0 0 0 0 0 0
3 1451 2940 2905 3124 0 0 0 0 0 0 0
3 2120 2121 2124 2267 0 0 0 0 0 0 0
3 1873 2063 2374 2712 0 0 0 0 0 0 0
3 1870 2049 2053 3190 0 0 0 0 0 0 0
3 2052 2709 2053 2712 0 0 0 0 0 0 0
3 2049 2055 2052 3190 0 0 0 0 0 0 0
3 1892 2996 2668 2997 0 0 0 0 0 0 0
3 359 382 361 3191 1 147 0 0 0 0 0 0
3 2049 2052 2051 2053 0 0 0 0 0 0 0
3 2025 2544 2550 2605 0 0 0 0 0 0 0
3 1766 2027 2079 2081 0 0 0 0 0 0 0
3 1764 1765 1963 2080 0 0 0 0 0 0 0
3 1791 1965 2024 2034 0 0 0 0 0 0 0
3 2025 2544 2028 2545 0 0 0 0 0 0 0
3 1029 1676 1039 1692 0 0 0 0 0 0 0
3 2028 2546 2544 2608 0 0 0 0 0 0 0
3 2569 3193 3192 3194 0 0 0 0 0 0 0
3 669 670 690 3195 1 141 0 0 0 0 0 0
3 997 1025 1024 2029 1 137 0 0 0 0 0 0
3 1667 1668 1671 2437 1 450 0 0 0 0 0 0
3 1673 3196 3197 3198 0 0 0 0 0 0 0
3 1996 1997 2029 2031 0 0 0 0 0 0 0
3 940 969 971 2031 1 139 0 0 0 0 0 0
3 1486 1492 1487 3199 1 1 0 0 0 0 0 0
3 1662 1663 1673 3196 1 450 0 0 0 0 0 0
3 1145 1154 2030 3171 0 0 0 0 0 0 0
3 2029 2030 2031 3171 0 0 0 0 0 0 0
3 1661 3197 1800 3198 0 0 0 0 0 0 0
3 1154 2030 3171 3200 0 0 0 0 0 0 0
3 1073 1661 1800 3198 0 0 0 0 0 0 0
3 1661 1673 3197 3198 0 0 0 0 0 0 0
3 856 885 884 3201 1 141 0 0 0 0 0 0
3 2220 2487 2362 2492 0 0 0 0 0 0 0
3 2096 2220 2219 2552 0 0 0 0 0 0 0
3 1769 2199 2092 2565 0 0 0 0 0 0 0
3 997 1145 1141 2029 1 135 0 0 0 0 0 0
3 1368 2512 1385 3202 0 0 0 0 0 0 0
3 2288 2905 2940 3124 0 0 0 0 0 0 0
3 1257 1288 1280 3203 1 135 0 0 0 0 0 0
3 1111 1220 1210 3204 1 135 0 0 0 0 0 0
3 2462 3205 2699 3206 0 0 0 0 0 0 0
3 1940 2219 2218 2801 0 0 0 0 0 0 0
3 2136 2308 2477 2552 0 0 0 0 0 0 0
3 1335 1341 1389 3207 1 135 0 0 0 0 0 0
3 1794 2139 2097 2282 0 0 0 0 0 0 0
3 746 747 809 3208 1 141 0 0 0 0 0 0
3 1775 1916 1917 2361 0 0 0 0 0 0 0
3 1923 2325 2252 2618 0 0 0 0 0 0 0
3 1798 2014 2193 2257 0 0 0 0 0 0 0
3 1658 1672 1659 3200 1 450 0 0 0 0 0 0
3 2193 2195 2257 2493 0 0 0 0 0 0 0
3 2048 3124 3199 3209 0 0 0 0 0 0 0
3 587 971 588 3210 1 139 0 0 130 0 0 0
3 1817 2355 1876 2356 0 0 0 0 0 0 0
3 888 896 889 2527 1 141 0 0 0 0 0 0
3 1772 2462 2416 3206 0 0 0 0 0 0 0
3 1416 1418 2457 2944 0 0 0 0 0 0 0
3 880 903 904 2329 1 141 0 0 0 0 0 0
3 1785 2570 2261 2571 0 0 0 0 0 0 0
3 1778 1786 1781 2099 0 0 0 0 0 0 0
3 1331 1345 1341 2528 1 135 0 0 0 0 0 0
3 1778 2826 1782 3003 0 0 0 0 0 0 0
3 2760 3212 3211 3213 0 0 0 0 0 0 0
3 2707 2893 3214 3215 0 0 0 0 0 0 0
3 1914 1928 2351 3073 0 0 0 0 0 0 0
3 2432 2771 2773 3216 0 0 0 0 0 0 0
3 1928 1929 1932 2653 0 0 0 0 0 0 0
3 1929 2178 1933 2654 0 0 0 0 0 0 0
3 1818 1863 1876 1881 0 0 0 0 0 0 0
3 2091 2173 2175 2445 0 0 0 0 0 0 0
3 1275 3217 3218 3219 0 0 0 0 0 0 0
3 1413 2457 2784 2944 0 0 0 0 0 0 0
3 1929 2173 2178 3185 0 0 0 0 0 0 0
3 1995 2000 1999 2161 0 0 0 0 0 0 0
3 20 1413 598 2784 1 1 0 0 17 0 0 0
3 487 2457 2087 2944 0 0 0 0 0 0 0
3 2225 2392 2229 2399 0 0 0 0 0 0 0
3 1134 1194 2143 3220 0 0 0 0 0 0 0
3 1956 2000 2161 2397 0 0 0 0 0 0 0
3 411 412 419 3221 1 147 0 0 0 0 0 0
3 1993 1995 1994 2161 0 0 0 0 0 0 0
3 1249 1250 1292 2823 1 135 0 0 0 0 0 0
3 2166 2392 2225 2399 0 0 0 0 0 0 0
3 1993 2161 1994 2226 0 0 0 0 0 0 0
3 1776 2101 1941 2622 0 0 0 0 0 0 0
3 2453 3033 3034 3222 0 0 0 0 0 0 0
3 368 392 395 2141 1 147 0 0 0 0 0 0
3 2102 2870 2363 2989 0 0 0 0 0 0 0
3 1865 2445 2446 3223 0 0 0 0 0 0 0
3 2305 2621 2306 3061 0 0 0 0 0 0 0
3 324 2255 340 3211 0 0 0 0 0 0 0
3 2137 2138 2142 2621 0 0 0 0 0 0 0
3 2305 3224 2621 3225 0 0 0 0 0 0 0
3 133 234 149 3226 1 147 0 0 0 0 0 0
3 1306 1311 1312 3184 1 135 0 0 0 0 0 0
3 2621 2683 3062 3119 0 0 0 0 0 0 0
3 287 296 288 3227 1 147 0 0 0 0 0 0
3 2620 3061 3062 3063 0 0 0 0 0 0 0
3 1906 2343 2177 2442 0 0 0 0 0 0 0
3 441 477 547 3228 0 0 0 0 0 0 0
3 460 461 462 1603 1 145 0 0 0 0 0 0
3 461 1603 1589 3006 0 0 0 0 0 0 0
3 1734 1738 1958 1959 0 0 0 0 0 0 0
3 1767 1792 1793 1794 0 0 0 0 0 0 0
3 1794 2282 2234 2842 0 0 0 0 0 0 0
3 1982 2206 2106 3066 0 0 0 0 0 0 0
3 1768 2561 1769 2565 0 0 0 0 0 0 0
3 1725 1737 1735 1962 0 0 0 0 0 0 0
3 1823 2199 2564 3229 0 0 0 0 0 0 0
3 1723 1726 1736 1764 0 0 0 0 0 0 0
3 1806 2713 2615 2714 0 0 0 0 0 0 0
3 1797 1798 2195 2496 0 0 0 0 0 0 0
3 1799 2324 2197 2332 0 0 0 0 0 0 0
3 2853 3230 2855 3231 0 0 0 0 0 0 0
3 2172 2237 2483 2484 0 0 0 0 0 0 0
3 2003 2004 2005 2575 0 0 0 0 0 0 0
3 2440 2763 3163 3232 0 0 0 0 0 0 0
3 1755 1883 1758 2157 0 0 0 0 0 0 0
3 1827 2238 1832 2239 0 0 0 0 0 0 0
3 1167 1709 3233 3234 0 0 0 0 0 0 0
3 871 877 887 3235 1 141 0 0 0 0 0 0
3 1832 2238 2236 2239 0 0 0 0 0 0 0
3 2236 2239 2238 2640 0 0 0 0 0 0 0
3 2237 2262 2484 3084 0 0 0 0 0 0 0
3 183 185 198 3236 1 147 0 0 0 0 0 0
3 2236 2238 2237 3084 0 0 0 0 0 0 0
3 2172 2978 2409 3107 0 0 0 0 0 0 0
3 262 3237 3238 3239 0 0 0 0 0 0 0
3 2237 2262 2483 2484 0 0 0 0 0 0 0
3 1623 3158 2461 3240 0 0 0 0 0 0 0
3 40 128 166 1896 1 147 0 0 0 0 0 0
3 1747 1750 2088 2279 0 0 0 0 0 0 0
3 1447 2612 2581 3241 0 0 0 0 0 0 0
3 340 2255 2495 3211 0 0 0 0 0 0 0
3 2774 2779 2777 3242 0 0 0 0 0 0 0
3 490 491 1898 3243 0 131 0 0 0 0 0
3 2778 2779 3241 3244 0 0 0 0 0 0 0
3 2581 2778 3241 3244 0 0 0 0 0 0 0
3 1465 1466 1472 3216 1 1 0 0 0 0 0 0
3 2773 3241 2779 3245 0 0 0 0 0 0 0
3 2773 3245 2779 3246 0 0 0 0 0 0 0
3 2610 2779 3244 3247 0 0 0 0 0 0 0
3 1922 2267 2916 3102 0 0 0 0 0 0 0
3 1922 2121 2267 2551 0 0 0 0 0 0 0
3 2063 2372 2373 2374 0 0 0 0 0 0 0
3 13 469 1632 1634 8 263 0 0 0 0 0 0
3 1921 2120 1922 2371 0 0 0 0 0 0 0
3 2047 2124 2121 2551 0 0 0 0 0 0 0
3 1921 2127 2120 2373 0 0 0 0 0 0 0
3 2036 2802 2199 3229 0 0 0 0 0 0 0
3 1906 2342 2343 2442 0 0 0 0 0 0 0
3 2 75 76 1629 1 147 0 133 0 0 0 0
3 468 1629 1630 1645 4 263 0 0 0 0 0 0
3 2036 2284 2342 2442 0 0 0 0 0 0 0
3 2167 2342 2284 2442 0 0 0 0 0 0 0
3 2168 2178 2174 2766 0 0 0 0 0 0 0
3 211 285 289 2501 1 147 0 0 0 0 0 0
3 1931 2873 2460 2874 0 0 0 0 0 0 0
3 1993 2160 2161 2226 0 0 0 0 0 0 0
3 1987 1988 1989 2001 0 0 0 0 0 0 0
3 71 185 183 3023 1 147 0 0 0 0 0 0
3 1987 1989 1993 3248 0 0 0 0 0 0 0
3 1994 2224 2229 2230 0 0 0 0 0 0 0
3 198 292 238 3249 1 147 0 0 0 0 0 0
3 1986 1987 1989 1994 0 0 0 0 0 0 0
3 2452 2468 2454 2469 0 0 0 0 0 0 0
3 2452 2468 2469 3250 0 0 0 0 0 0 0
3 2452 2453 2468 3251 0 0 0 0 0 0 0
3 1420 2612 1447 3252 0 0 0 0 0 0 0
3 2611 2612 2782 3244 0 0 0 0 0 0 0
3 117 2244 1590 3014 0 0 0 0 0 0 0
3 2464 2467 2468 3037 0 0 0 0 0 0 0
3 2466 2469 2467 2471 0 0 0 0 0 0 0
3 118 1602 2244 2245 0 0 0 0 0 0 0
3 1974 2308 2682 2850 0 0 0 0 0 0 0
3 519 1598 557 3006 0 0 0 0 0 0 0
3 2118 3253 3221 3254 0 0 0 0 0 0 0
3 71 72 185 464 3 147 145 133 0 0 0 0 0
3 736 792 849 3255 1 141 0 0 0 0 0 0
3 1974 2850 2118 3018 0 0 0 0 0 0 0
3 505 541 549 3256 1 143 0 0 0 0 0 0
3 3221 3254 3253 3257 0 0 0 0 0 0 0
3 2476 3254 2850 3257 0 0 0 0 0 0 0
3 147 3228 466 3258 0 0 0 0 0 0 0
3 2310 2850 3018 3221 0 0 0 0 0 0 0
3 1733 2104 1792 2234 0 0 0 0 0 0 0
3 2041 2498 2396 2694 0 0 0 0 0 0 0
3 1731 2204 2205 2235 0 0 0 0 0 0 0
3 2204 2241 2448 2498 0 0 0 0 0 0 0
3 1730 1731 2106 2206 0 0 0 0 0 0 0
3 2041 2043 2694 2695 0 0 0 0 0 0 0
3 2043 2062 2061 2695 0 0 0 0 0 0 0
3 1981 2234 2299 2366 0 0 0 0 0 0 0
3 2068 2132 2147 2560 0 0 0 0 0 0 0
3 1970 2531 2070 2595 0 0 0 0 0 0 0
3 2624 2625 2878 3259 0 0 0 0 0 0 0
3 2180 2746 2750 2890 0 0 0 0 0 0 0
3 644 1412 3245 3252 0 0 0 0 0 0 0
3 1727 1769 1823 2199 0 0 0 0 0 0 0
3 1787 2177 2042 2281 0 0 0 0 0 0 0
3 1810 1941 1881 2117 0 0 0 0 0 0 0
3 223 225 249 3164 1 147 0 0 0 0 0 0
3 2036 2411 2284 2442 0 0 0 0 0 0 0
3 1905 2091 2090 2199 0 0 0 0 0 0 0
3 156 224 251 2770 1 147 0 0 0 0 0 0
3 1865 2446 2217 3223 0 0 0 0 0 0 0
3 1732 1939 1935 2282 0 0 0 0 0 0 0
3 1891 2667 2176 2804 0 0 0 0 0 0 0
3 338 403 373 3151 1 147 0 0 0 0 0 0
3 1776 1818 1810 1941 0 0 0 0 0 0 0
3 2162 2166 2167 2764 0 0 0 0 0 0 0
3 12 449 512 561 9 1 143 9 0 13 0 0 0
3 768 795 796 3260 1 141 0 0 0 0 0 0
3 1728 1906 1824 2285 0 0 0 0 0 0 0
3 159 2612 1420 2782 0 0 0 0 0 0 0
3 1923 2324 2252 2325 0 0 0 0 0 0 0
3 1412 3241 3245 3252 0 0 0 0 0 0 0
3 358 385 3130 3261 0 0 0 0 0 0 0
3 1923 2325 2618 3219 0 0 0 0 0 0 0
3 2273 2326 2325 3218 0 0 0 0 0 0 0
3 2325 2326 3081 3218 0 0 0 0 0 0 0
3 2290 2529 2325 3081 0 0 0 0 0 0 0
3 88 130 157 2582 1 147 0 0 0 0 0 0
3 156 157 224 2770 1 147 0 0 0 0 0 0
3 339 399 380 3262 1 147 0 0 0 0 0 0
3 2190 2325 2617 2618 0 0 0 0 0 0 0
3 1803 1804 2423 2435 0 0 0 0 0 0 0
3 2431 2761 2433 2763 0 0 0 0 0 0 0
3 1817 1895 2019 2294 0 0 0 0 0 0 0
3 1515 1548 1516 3263 1 75 0 0 0 0 0 0
3 1909 2253 1911 2643 0 0 0 0 0 0 0
3 2191 2421 2194 2974 0 0 0 0 0 0 0
3 1803 1807 2287 2289 0 0 0 0 0 0 0
3 2123 2270 2191 2915 0 0 0 0 0 0 0
3 1895 2355 2359 2915 0 0 0 0 0 0 0
3 54 136 55 1519 9 147 75 0 0 101 0 0 0
3 532 1634 1648 3264 1 263 0 0 0 0 0 0
3 1551 1559 1566 2938 1 75 0 0 0 0 0 0
3 1801 2123 1808 2289 0 0 0 0 0 0 0
3 1867 1872 1869 1900 0 0 0 0 0 0 0
3 1871 2120 2123 2125 0 0 0 0 0 0 0
3 1994 2230 2229 3076 0 0 0 0 0 0 0
3 831 3265 863 3266 0 0 0 0 0 0 0
3 2225 2227 2342 2385 0 0 0 0 0 0 0
3 487 2784 2457 2944 0 0 0 0 0 0 0
3 2240 2241 2285 2946 0 0 0 0 0 0 0
3 1822 2283 2228 2413 0 0 0 0 0 0 0
3 123 471 189 1641 0 0 0 0 0 0 0
3 1769 1823 2199 2564 0 0 0 0 0 0 0
3 2345 2348 2346 2734 0 0 0 0 0 0 0
3 2226 2412 2228 2664 0 0 0 0 0 0 0
3 2228 2413 2283 2664 0 0 0 0 0 0 0
3 2644 2702 2768 3267 0 0 0 0 0 0 0
3 1993 2226 2224 2664 0 0 0 0 0 0 0
3 2067 2280 2073 2828 0 0 0 0 0 0 0
3 1851 1852 3268 3269 0 0 0 0 0 0 0
3 2040 2131 2805 2967 0 0 0 0 0 0 0
3 1967 2180 2316 2317 0 0 0 0 0 0 0
3 2066 2069 2531 2648 0 0 0 0 0 0 0
3 2066 2070 2530 2531 0 0 0 0 0 0 0
3 2965 2966 2973 2981 0 0 0 0 0 0 0
3 125 193 194 3270 1 147 0 0 0 0 0 0
3 633 1523 3113 3125 0 0 0 0 0 0 0
3 1968 2808 2071 2968 0 0 0 0 0 0 0
3 2169 3107 2698 3271 0 0 0 0 0 0 0
3 678 684 679 3272 1 141 0 0 0 0 0 0
3 2169 2812 3107 3271 0 0 0 0 0 0 0
3 2169 2409 2698 3107 0 0 0 0 0 0 0
3 684 685 778 3273 1 141 0 0 0 0 0 0
3 2088 2105 2380 2979 0 0 0 0 0 0 0
3 2409 2798 2698 3107 0 0 0 0 0 0 0
3 2698 3274 3107 3275 0 0 0 0 0 0 0
3 1252 3107 2812 3274 0 0 0 0 0 0 0
3 1932 2874 2832 2877 0 0 0 0 0 0 0
3 683 684 748 3057 1 141 0 0 0 0 0 0
3 213 282 245 3276 1 147 0 0 0 0 0 0
3 1891 1893 2176 2178 0 0 0 0 0 0 0
3 135 245 244 3140 1 147 0 0 0 0 0 0
3 1776 1864 1818 1941 0 0 0 0 0 0 0
3 1931 2460 1932 2874 0 0 0 0 0 0 0
3 1859 1865 1861 1880 0 0 0 0 0 0 0
3 1933 2173 2175 2178 0 0 0 0 0 0 0
3 80 1445 1428 3277 1 1 0 0 0 0 0 0
3 1907 1932 1910 2460 0 0 0 0 0 0 0
3 2334 2335 2955 3278 0 0 0 0 0 0 0
3 2334 2335 2336 3094 0 0 0 0 0 0 0
3 1947 2336 2335 2604 0 0 0 0 0 0 0
3 1834 1843 1842 2604 0 0 0 0 0 0 0
3 1856 2646 2572 2702 0 0 0 0 0 0 0
3 1835 1975 2156 2183 0 0 0 0 0 0 0
3 1475 1971 1482 3279 0 0 0 0 0 0 0
3 1948 2318 2315 2322 0 0 0 0 0 0 0
3 80 150 93 3277 1 147 0 0 0 0 0 0
3 1884 1969 1968 1970 0 0 0 0 0 0 0
3 264 265 266 3089 1 147 0 0 0 0 0 0
3 152 232 2659 3280 0 0 0 0 0 0 0
3 167 220 232 3281 1 147 0 0 0 0 0 0
3 2224 2229 2225 2392 0 0 0 0 0 0 0
3 10 1070 80 3277 1 1 29 0 5 0 0 0
3 2068 2222 2560 2650 0 0 0 0 0 0 0
3 158 1609 3157 3158 0 0 0 0 0 0 0
3 42 155 158 1609 1 147 0 0 0 0 0 0
3 1607 1608 1623 2447 1 287 0 0 0 0 0 0
3 1999 2392 2161 2397 0 0 0 0 0 0 0
3 1987 1994 2223 3075 0 0 0 0 0 0 0
3 91 160 1416 2457 0 0 0 0 0 0 0
3 130 2582 1421 2612 0 0 0 0 0 0 0
3 249 254 250 2610 1 147 0 0 0 0 0 0
3 2166 2397 2392 2399 0 0 0 0 0 0 0
3 2222 2224 2283 2664 0 0 0 0 0 0 0
3 130 249 250 2611 1 147 0 0 0 0 0 0
3 2167 2284 2226 2410 0 0 0 0 0 0 0
3 489 521 536 3240 1 143 0 0 0 0 0 0
3 1974 2848 2897 3254 0 0 0 0 0 0 0
3 130 250 157 2582 1 147 0 0 0 0 0 0
3 2307 2308 2310 2850 0 0 0 0 0 0 0
3 2314 2476 2848 2850 0 0 0 0 0 0 0
3 1107 1108 1213 3170 1 135 0 0 0 0 0 0
3 2310 2476 2314 2850 0 0 0 0 0 0 0
3 1448 3282 3283 3284 0 0 0 0 0 0 0
3 2945 3286 3285 3287 0 0 0 0 0 0 0
3 228 267 268 2406 1 147 0 0 0 0 0 0
3 1067 1443 1129 2903 0 0 0 0 0 0 0
3 2314 2682 2848 3288 0 0 0 0 0 0 0
3 98 154 172 3289 1 147 0 0 0 0 0 0
3 227 268 278 2405 1 147 0 0 0 0 0 0
3 2682 2897 2848 3290 0 0 0 0 0 0 0
3 2682 2848 3288 3290 0 0 0 0 0 0 0
3 778 3291 3273 3292 0 0 0 0 0 0 0
3 605 651 650 3174 1 141 0 0 0 0 0 0
3 1106 1214 1216 3293 1 135 0 0 0 0 0 0
3 2768 3273 3291 3292 0 0 0 0 0 0 0
3 2240 2285 2385 2946 0 0 0 0 0 0 0
3 82 1419 152 3294 0 0 0 0 0 0 0
3 2166 2225 2342 2666 0 0 0 0 0 0 0
3 2406 3296 3295 3297 0 0 0 0 0 0 0
3 1764 2079 1765 2080 0 0 0 0 0 0 0
3 1294 1323 1296 3193 1 135 0 0 0 0 0 0
3 2557 2768 3292 3298 0 0 0 0 0 0 0
3 1203 1250 1249 3299 1 135 0 0 0 0 0 0
3 214 3300 3301 3302 0 0 0 0 0 0 0
3 1727 1823 2036 2199 0 0 0 0 0 0 0
3 747 808 809 3208 1 141 0 0 0 0 0 0
3 1729 1731 1730 2204 0 0 0 0 0 0 0
3 2164 2168 2166 2174 0 0 0 0 0 0 0
3 2167 2442 2410 2764 0 0 0 0 0 0 0
3 2166 2343 2342 2442 0 0 0 0 0 0 0
3 2041 2045 2285 2694 0 0 0 0 0 0 0
3 212 214 284 3301 1 147 0 0 0 0 0 0
3 1993 2160 1995 2161 0 0 0 0 0 0 0
3 2291 3282 2616 3303 0 0 0 0 0 0 0
3 1810 2622 1941 2870 0 0 0 0 0 0 0
3 1912 2253 2252 2618 0 0 0 0 0 0 0
3 1868 2121 2047 2124 0 0 0 0 0 0 0
3 1360 3007 1363 3304 0 0 0 0 0 0 0
3 1867 2056 2122 2529 0 0 0 0 0 0 0
3 2290 2326 2333 2741 0 0 0 0 0 0 0
3 1872 1912 2617 2643 0 0 0 0 0 0 0
3 1738 1848 1958 2796 0 0 0 0 0 0 0
3 2129 2130 2448 3013 0 0 0 0 0 0 0
3 70 144 462 3016 0 0 0 0 0 0 0
3 2039 2129 2233 2568 0 0 0 0 0 0 0
3 2224 2225 2226 2392 0 0 0 0 0 0 0
3 437 461 556 3006 0 0 0 0 0 0 0
3 246 294 320 3080 1 147 0 0 0 0 0 0
3 2224 2227 2230 2233 0 0 0 0 0 0 0
3 1729 1824 2240 2241 0 0 0 0 0 0 0
3 1727 1769 1765 1823 0 0 0 0 0 0 0
3 247 327 294 3305 1 147 0 0 0 0 0 0
3 2240 2448 2241 2946 0 0 0 0 0 0 0
3 497 2242 3110 3306 0 0 0 0 0 0 0
3 2129 2240 2697 2946 0 0 0 0 0 0 0
3 1822 1959 1904 2283 0 0 0 0 0 0 0
3 117 1591 177 3014 0 0 0 0 0 0 0
3 666 731 682 3153 1 141 0 0 0 0 0 0
3 2391 3307 2787 3308 0 0 0 0 0 0 0
3 2004 2574 2391 2785 0 0 0 0 0 0 0
3 1965 2026 2024 2034 0 0 0 0 0 0 0
3 1794 2139 2282 2842 0 0 0 0 0 0 0
3 686 687 777 2557 1 141 0 0 0 0 0 0
3 2220 2477 2308 2552 0 0 0 0 0 0 0
3 2306 2477 2478 2479 0 0 0 0 0 0 0
3 298 377 355 3309 1 147 0 0 0 0 0 0
3 2375 2478 2479 2914 0 0 0 0 0 0 0
3 1914 1930 1928 2350 0 0 0 0 0 0 0
3 1875 2800 2331 2853 0 0 0 0 0 0 0
3 506 527 541 3310 1 143 0 0 0 0 0 0
3 1750 2264 1752 2265 0 0 0 0 0 0 0
3 1322 1358 3194 3311 0 0 0 0 0 0 0
3 1827 2642 1830 2752 0 0 0 0 0 0 0
3 393 394 406 2733 1 147 0 0 0 0 0 0
3 1752 2187 2279 2483 0 0 0 0 0 0 0
3 298 333 377 3309 1 147 0 0 0 0 0 0
3 160 2456 199 2475 0 0 0 0 0 0 0
3 267 315 268 3312 1 147 0 0 0 0 0 0
3 1733 1748 2035 2105 0 0 0 0 0 0 0
3 224 271 251 3313 1 147 0 0 0 0 0 0
3 1489 1493 1494 2821 1 1 0 0 0 0 0 0
3 1731 2205 2185 2449 0 0 0 0 0 0 0
3 859 2401 2402 3314 0 0 0 0 0 0 0
3 100 188 173 3315 1 147 0 0 0 0 0 0
3 1883 2157 2623 2742 0 0 0 0 0 0 0
3 1315 1330 3217 3316 0 0 0 0 0 0 0
3 589 2539 670 3195 0 0 0 0 0 0 0
3 268 315 314 3206 1 147 0 0 0 0 0 0
3 826 868 836 2402 1 141 0 0 0 0 0 0
3 767 768 796 3317 1 141 0 0 0 0 0 0
3 1750 2264 2265 2349 0 0 0 0 0 0 0
3 759 2881 2899 3318 0 0 0 0 0 0 0
3 1737 1739 1740 1749 0 0 0 0 0 0 0
3 1750 1751 1886 1950 0 0 0 0 0 0 0
3 2067 2068 2069 2072 0 0 0 0 0 0 0
3 2066 2067 2069 2072 0 0 0 0 0 0 0
3 2067 2377 2378 2806 0 0 0 0 0 0 0
3 2069 2647 2072 3319 0 0 0 0 0 0 0
3 381 3320 3321 3322 0 0 0 0 0 0 0
3 2064 2066 2065 2810 0 0 0 0 0 0 0
3 2064 2066 2810 3323 0 0 0 0 0 0 0
3 613 667 682 3153 1 141 0 0 0 0 0 0
3 2066 2648 2531 3324 0 0 0 0 0 0 0
3 386 408 409 3118 1 147 0 0 0 0 0 0
3 1791 2034 2024 2184 0 0 0 0 0 0 0
3 2039 2568 2805 2969 0 0 0 0 0 0 0
3 2206 2381 2380 3325 0 0 0 0 0 0 0
3 1750 2186 2187 2349 0 0 0 0 0 0 0
3 1739 1756 2039 2131 0 0 0 0 0 0 0
3 1910 1914 2351 2592 0 0 0 0 0 0 0
3 279 308 280 3326 1 147 0 0 0 0 0 0
3 1241 1242 1298 3012 1 135 0 0 0 0 0 0
3 1914 2592 2790 3073 0 0 0 0 0 0 0
3 1324 1356 1357 2693 1 135 0 0 0 0 0 0
3 2522 2523 2584 2585 0 0 0 0 0 0 0
3 400 409 405 3327 1 147 0 0 0 0 0 0
3 1910 1913 2592 2679 0 0 0 0 0 0 0
3 1949 2318 2450 2530 0 0 0 0 0 0 0
3 1949 2334 2454 2455 0 0 0 0 0 0 0
3 1472 1478 1477 3163 1 1 0 0 0 0 0 0
3 2555 2605 2994 3045 0 0 0 0 0 0 0
3 1948 2452 2450 3251 0 0 0 0 0 0 0
3 2153 2183 2341 2720 0 0 0 0 0 0 0
3 2315 2323 2598 2745 0 0 0 0 0 0 0
3 748 778 786 3058 1 141 0 0 0 0 0 0
3 356 3191 3322 3328 0 0 0 0 0 0 0
3 351 354 364 2148 1 147 0 0 0 0 0 0
3 2277 2646 2572 2701 0 0 0 0 0 0 0
3 829 865 864 3329 1 141 0 0 0 0 0 0
3 335 402 415 3330 1 147 0 0 0 0 0 0
3 1948 2450 2322 3251 0 0 0 0 0 0 0
3 332 347 378 3331 1 147 0 0 0 0 0 0
3 1729 2129 2130 2448 0 0 0 0 0 0 0
3 1327 1328 1353 3332 1 135 0 0 0 0 0 0
3 1734 1959 1822 2678 0 0 0 0 0 0 0
3 1765 1963 2080 2084 0 0 0 0 0 0 0
3 3322 3333 3334 3335 0 0 0 0 0 0 0
3 2190 2252 2325 2618 0 0 0 0 0 0 0
3 1807 2290 2288 2529 0 0 0 0 0 0 0
3 819 846 865 3039 1 141 0 0 0 0 0 0
3 2095 2478 2477 2479 0 0 0 0 0 0 0
3 1916 2407 1924 2943 0 0 0 0 0 0 0
3 350 365 352 2299 1 147 0 0 0 0 0 0
3 366 368 395 2301 1 147 0 0 0 0 0 0
3 1293 1324 1294 2393 1 135 0 0 0 0 0 0
3 308 344 345 3336 1 147 0 0 0 0 0 0
3 405 409 410 3327 1 147 0 0 0 0 0 0
3 2854 3338 3337 3339 0 0 0 0 0 0 0
3 3035 3339 3337 3340 0 0 0 0 0 0 0
3 2137 3118 3327 3341 0 0 0 0 0 0 0
3 3120 3339 3189 3342 0 0 0 0 0 0 0
3 2228 2410 2411 2412 0 0 0 0 0 0 0
3 589 590 2539 3343 0 130 0 0 0 0 0
3 2000 2542 3344 3345 0 0 0 0 0 0 0
3 1934 1938 1936 2062 0 0 0 0 0 0 0
3 792 816 842 3346 1 141 0 0 0 0 0 0
3 2036 2411 2765 3229 0 0 0 0 0 0 0
3 2227 2285 2342 2385 0 0 0 0 0 0 0
3 2161 2167 2166 2392 0 0 0 0 0 0 0
3 606 1409 1408 3347 1 1 0 0 0 0 0 0
3 2011 2364 2365 2684 0 0 0 0 0 0 0
3 2787 3169 2788 3308 0 0 0 0 0 0 0
3 2005 2007 2008 2789 0 0 0 0 0 0 0
3 436 520 556 1589 1 143 0 0 0 0 0 0
3 2183 2720 2749 2750 0 0 0 0 0 0 0
3 2013 2838 2365 2918 0 0 0 0 0 0 0
3 1848 2151 2593 2743 0 0 0 0 0 0 0
3 1885 2132 1958 2560 0 0 0 0 0 0 0
3 3023 3236 3131 3348 0 0 0 0 0 0 0
3 436 437 461 556 3 145 143 132 0 0 0 0 0
3 2004 2111 2391 2788 0 0 0 0 0 0 0
3 2542 3350 3349 3351 0 0 0 0 0 0 0
3 2340 2685 2720 2750 0 0 0 0 0 0 0
3 1974 2848 2682 2897 0 0 0 0 0 0 0
3 1972 2487 2117 2630 0 0 0 0 0 0 0
3 1865 1880 1866 2221 0 0 0 0 0 0 0
3 1973 2552 1974 3018 0 0 0 0 0 0 0
3 1812 1972 2117 2298 0 0 0 0 0 0 0
3 1813 1814 2014 2115 0 0 0 0 0 0 0
3 1974 2897 2119 3254 0 0 0 0 0 0 0
3 2552 2989 2990 3018 0 0 0 0 0 0 0
3 535 2087 536 2447 0 0 0 0 0 0 0
3 1811 2114 1973 2118 0 0 0 0 0 0 0
3 2270 2359 2916 2998 0 0 0 0 0 0 0
3 2332 2614 2333 2661 0 0 0 0 0 0 0
3 2267 2551 2941 3352 0 0 0 0 0 0 0
3 491 542 523 1620 1 143 0 0 0 0 0 0
3 457 3353 3145 3354 0 0 0 0 0 0 0
3 64 65 142 456 3 147 145 133 0 0 0 0 0
3 3 128 40 1896 1 147 0 0 280 0 0 0
3 670 2539 2543 3195 0 0 0 0 0 0 0
3 2287 2289 2941 2942 0 0 0 0 0 0 0
3 2194 2663 2628 2915 0 0 0 0 0 0 0
3 2195 2434 2715 2760 0 0 0 0 0 0 0
3 13 445 444 469 5 143 145 0 132 0 0 0 0
3 2191 2272 2865 2974 0 0 0 0 0 0 0
3 1 132 39 1646 9 147 263 0 0 256 0 0 0
3 75 467 468 1850 1 145 0 0 0 0 0 0
3 1814 2116 2119 2208 0 0 0 0 0 0 0
3 1815 2213 2662 2663 0 0 0 0 0 0 0
3 2207 2208 2214 2215 0 0 0 0 0 0 0
3 1815 2213 2119 2296 0 0 0 0 0 0 0
3 235 263 236 3355 1 147 0 0 0 0 0 0
3 590 2539 3343 3356 0 0 0 0 0 0 0
3 76 77 122 470 3 147 145 133 0 0 0 0 0
3 468 1630 1629 1850 0 0 0 0 0 0 0
3 1904 1959 2132 2283 0 0 0 0 0 0 0
3 1836 1969 1966 2145 0 0 0 0 0 0 0
3 1751 2107 1950 2265 0 0 0 0 0 0 0
3 786 787 807 3055 1 141 0 0 0 0 0 0
3 2065 2066 2530 2809 0 0 0 0 0 0 0
3 508 677 678 3357 1 141 0 0 0 0 0 0
3 263 2054 298 3237 0 0 0 0 0 0 0
3 1970 2317 2318 2596 0 0 0 0 0 0 0
3 1968 2337 2145 2808 0 0 0 0 0 0 0
3 1867 2048 2056 2529 0 0 0 0 0 0 0
3 1260 3217 3081 3218 0 0 0 0 0 0 0
3 446 560 559 3264 1 143 0 0 0 0 0 0
3 468 479 480 1630 1 145 0 0 0 0 0 0
3 347 3358 367 3359 0 0 0 0 0 0 0
3 2056 2122 3081 3360 0 0 0 0 0 0 0
3 2056 2122 2529 3081 0 0 0 0 0 0 0
3 2056 2905 2912 3081 0 0 0 0 0 0 0
3 2617 3081 3217 3218 0 0 0 0 0 0 0
3 1823 2037 2036 3229 0 0 0 0 0 0 0
3 2134 2136 2219 2552 0 0 0 0 0 0 0
3 2206 3066 3068 3325 0 0 0 0 0 0 0
3 1731 2105 2206 2380 0 0 0 0 0 0 0
3 253 1896 2203 2665 0 0 0 0 0 0 0
3 1731 2449 2381 2797 0 0 0 0 0 0 0
3 2636 3361 2963 3362 0 0 0 0 0 0 0
3 2636 2963 3084 3362 0 0 0 0 0 0 0
3 2636 3115 3226 3363 0 0 0 0 0 0 0
3 2634 3361 2636 3364 0 0 0 0 0 0 0
3 2209 2231 2246 3365 0 0 0 0 0 0 0
3 1412 1413 1447 3252 1 1 0 0 0 0 0 0
3 318 334 360 3366 1 147 0 0 0 0 0 0
3 384 3162 3367 3368 0 0 0 0 0 0 0
3 240 261 241 2246 1 147 0 0 0 0 0 0
3 2636 3226 3115 3364 0 0 0 0 0 0 0
3 1983 2482 2057 2535 0 0 0 0 0 0 0
3 1892 2166 2174 2343 0 0 0 0 0 0 0
3 492 2202 2201 2210 0 0 0 0 0 0 0
3 2228 2412 2413 2664 0 0 0 0 0 0 0
3 2960 3005 3369 3370 0 0 0 0 0 0 0
3 673 688 3047 3371 0 0 0 0 0 0 0
3 125 194 126 1636 9 147 263 0 0 256 0 0 0
3 1738 1958 1959 2796 0 0 0 0 0 0 0
3 13 533 445 1634 3 143 263 259 0 0 0 0 0
3 1726 1732 1794 2282 0 0 0 0 0 0 0
3 335 415 375 3330 1 147 0 0 0 0 0 0
3 295 321 3372 3373 0 0 0 0 0 0 0
3 1823 2564 2037 3229 0 0 0 0 0 0 0
3 504 549 547 3374 1 143 0 0 0 0 0 0
3 2058 2076 2708 3375 0 0 0 0 0 0 0
3 2144 2709 2708 3376 0 0 0 0 0 0 0
3 470 481 471 1648 1 145 0 0 0 0 0 0
3 467 478 479 3377 1 145 0 0 0 0 0 0
3 2058 2708 2929 3378 0 0 0 0 0 0 0
3 1854 2579 3379 3380 0 0 0 0 0 0 0
3 1633 3256 3381 3382 0 0 0 0 0 0 0
3 1854 3140 2579 3380 0 0 0 0 0 0 0
3 468 1630 480 1645 0 0 0 0 0 0 0
3 1851 1852 1854 2578 0 0 0 0 0 0 0
3 2576 2700 2577 3059 0 0 0 0 0 0 0
3 2577 2700 2579 3379 0 0 0 0 0 0 0
3 2578 2937 2579 3140 0 0 0 0 0 0 0
3 507 508 529 1640 1 143 131 0 0 0 0 0
3 553 2286 559 3383 0 0 0 0 0 0 0
3 1988 3384 2542 3385 0 0 0 0 0 0 0
3 502 540 548 3131 1 143 0 0 0 0 0 0
3 2277 2644 2572 2646 0 0 0 0 0 0 0
3 502 672 503 3371 1 141 0 0 131 0 0 0
3 1857 2578 2006 2579 0 0 0 0 0 0 0
3 1854 2579 2700 3379 0 0 0 0 0 0 0
3 526 541 527 1633 9 143 263 0 0 259 0 0 0
3 1857 2579 2577 2700 0 0 0 0 0 0 0
3 3228 3374 3377 3386 0 0 0 0 0 0 0
3 2142 3327 2302 3387 0 0 0 0 0 0 0
3 328 358 3130 3388 0 0 0 0 0 0 0
3 326 335 358 3389 1 147 0 0 0 0 0 0
3 1594 1595 1605 3306 1 311 0 0 0 0 0 0
3 235 3386 3258 3390 0 0 0 0 0 0 0
3 464 476 3141 3391 0 0 0 0 0 0 0
3 541 550 549 3256 1 143 0 0 0 0 0 0
3 478 3258 3228 3377 0 0 0 0 0 0 0
3 467 3258 478 3377 0 0 0 0 0 0 0
3 440 441 477 547 3 145 143 132 0 0 0 0 0
3 1679 3183 3392 3393 0 0 0 0 0 0 0
3 467 1850 3258 3377 0 0 0 0 0 0 0
3 147 3258 235 3386 0 0 0 0 0 0 0
3 1370 1391 1375 3394 1 135 0 0 0 0 0 0
3 593 594 619 3395 1 141 130 0 0 0 0 0
3 74 466 467 3258 1 145 0 0 0 0 0 0
3 618 619 725 3396 1 141 0 0 0 0 0 0
3 74 147 466 3258 0 0 0 0 0 0 0
3 725 740 739 3397 1 141 0 0 0 0 0 0
3 1853 3399 3398 3400 0 0 0 0 0 0 0
3 3373 3400 3401 3402 0 0 0 0 0 0 0
3 1408 3172 3347 3403 0 0 0 0 0 0 0
3 321 3400 3373 3404 0 0 0 0 0 0 0
3 3372 3400 3399 3401 0 0 0 0 0 0 0
3 918 2357 1014 2753 0 0 0 0 0 0 0
3 321 3372 3400 3405 0 0 0 0 0 0 0
3 2050 2551 3406 3407 0 0 0 0 0 0 0
3 1868 2053 2050 2121 0 0 0 0 0 0 0
3 1971 2551 2673 3408 0 0 0 0 0 0 0
3 2266 2267 2941 3352 0 0 0 0 0 0 0
3 1059 1123 1132 1433 1 135 0 0 0 0 0 0
3 1922 2673 2551 3408 0 0 0 0 0 0 0
3 657 659 695 3409 1 141 0 0 0 0 0 0
3 828 866 867 3410 1 141 0 0 0 0 0 0
3 2772 2880 2867 3120 0 0 0 0 0 0 0
3 3157 3165 3159 3411 0 0 0 0 0 0 0
3 2779 3242 3114 3412 0 0 0 0 0 0 0
3 2772 2773 3409 3413 0 0 0 0 0 0 0
3 250 254 270 3414 1 147 0 0 0 0 0 0
3 2432 2773 2772 3413 0 0 0 0 0 0 0
3 2899 3318 2977 3415 0 0 0 0 0 0 0
3 2772 2774 2879 3114 0 0 0 0 0 0 0
3 936 1667 970 2437 0 0 0 0 0 0 0
3 2832 2877 2874 3416 0 0 0 0 0 0 0
3 1932 2586 2832 2874 0 0 0 0 0 0 0
3 1062 1134 1125 1429 1 135 0 0 0 0 0 0
3 1907 2874 2460 3417 0 0 0 0 0 0 0
3 2803 2874 2877 3418 0 0 0 0 0 0 0
3 1068 1069 1130 1444 3 135 1 29 0 0 0 0 0
3 2874 3416 2877 3418 0 0 0 0 0 0 0
3 853 870 888 2537 1 141 0 0 0 0 0 0
3 2460 2874 3304 3417 0 0 0 0 0 0 0
3 2868 2977 2975 3415 0 0 0 0 0 0 0
3 2539 3356 3177 3384 0 0 0 0 0 0 0
3 2212 2899 2977 3415 0 0 0 0 0 0 0
3 2212 2899 3415 3419 0 0 0 0 0 0 0
3 584 1901 585 3420 0 0 0 130 0 0 0
3 936 970 968 2437 1 139 0 0 0 0 0 0
3 3415 3421 3419 3422 0 0 0 0 0 0 0
3 2977 3335 3415 3423 0 0 0 0 0 0 0
3 1954 2000 2513 2514 0 0 0 0 0 0 0
3 841 3424 855 3425 0 0 0 0 0 0 0
3 3415 3426 3421 3427 0 0 0 0 0 0 0
3 2212 3415 2868 3426 0 0 0 0 0 0 0
3 3253 3428 3429 3430 0 0 0 0 0 0 0
3 2212 3421 3426 3430 0 0 0 0 0 0 0
3 2215 3430 3426 3431 0 0 0 0 0 0 0
3 2212 3426 2215 3430 0 0 0 0 0 0 0
3 2116 2215 3428 3430 0 0 0 0 0 0 0
3 2116 3428 3253 3430 0 0 0 0 0 0 0
3 595 2999 596 3432 0 0 0 130 0 0 0
3 2525 3433 2835 3434 0 0 0 0 0 0 0
3 171 3149 1514 3435 0 0 0 0 0 0 0
3 2525 2831 3092 3434 0 0 0 0 0 0 0
3 2521 2525 2523 2587 0 0 0 0 0 0 0
3 50 171 175 3149 1 147 0 0 0 0 0 0
3 621 2467 724 2858 0 0 0 0 0 0 0
3 824 893 2649 3436 0 0 0 0 0 0 0
3 2590 3074 2837 3437 0 0 0 0 0 0 0
3 2991 2992 3438 3439 0 0 0 0 0 0 0
3 2523 3074 2590 3437 0 0 0 0 0 0 0
3 2566 2805 2568 2969 0 0 0 0 0 0 0
3 258 1851 322 3269 0 0 0 0 0 0 0
3 2532 3068 2534 3440 0 0 0 0 0 0 0
3 2805 2970 2969 3441 0 0 0 0 0 0 0
3 1540 1572 1541 3442 1 75 0 0 0 0 0 0
3 570 638 639 2906 1 141 0 0 0 0 0 0
3 2805 2807 2967 3443 0 0 0 0 0 0 0
3 2039 2969 2805 2970 0 0 0 0 0 0 0
3 1734 1822 1765 2038 0 0 0 0 0 0 0
3 2040 2805 2807 2967 0 0 0 0 0 0 0
3 2377 2810 2811 3444 0 0 0 0 0 0 0
3 2810 2863 2811 3445 0 0 0 0 0 0 0
3 2377 2811 2379 3446 0 0 0 0 0 0 0
3 2377 3184 2811 3446 0 0 0 0 0 0 0
3 729 730 736 3447 1 141 0 0 0 0 0 0
3 1471 3347 2674 3403 0 0 0 0 0 0 0
3 502 503 540 3131 1 143 131 0 0 0 0 0
3 463 3023 475 3391 0 0 0 0 0 0 0
3 2329 2853 2331 2855 0 0 0 0 0 0 0
3 293 358 328 1840 1 147 0 0 0 0 0 0
3 1890 1891 2176 2804 0 0 0 0 0 0 0
3 1408 3347 1471 3403 0 0 0 0 0 0 0
3 1865 2444 2445 3223 0 0 0 0 0 0 0
3 298 355 317 3448 1 147 0 0 0 0 0 0
3 1837 3449 3450 3451 0 0 0 0 0 0 0
3 2329 2446 2445 3122 0 0 0 0 0 0 0
3 2445 3122 2446 3223 0 0 0 0 0 0 0
3 358 375 385 3261 1 147 0 0 0 0 0 0
3 653 3403 3452 3453 0 0 0 0 0 0 0
3 1772 1773 2462 3206 0 0 0 0 0 0 0
3 422 2302 2303 3161 0 0 0 0 0 0 0
3 1775 1899 1777 1925 0 0 0 0 0 0 0
3 374 378 393 3136 1 147 0 0 0 0 0 0
3 2621 3119 3224 3327 0 0 0 0 0 0 0
3 336 374 402 3044 1 147 0 0 0 0 0 0
3 1772 1773 3206 3454 0 0 0 0 0 0 0
3 1772 2826 2101 3455 0 0 0 0 0 0 0
3 1772 1773 3454 3455 0 0 0 0 0 0 0
3 295 333 298 3372 1 147 0 0 0 0 0 0
3 1772 2822 2826 3326 0 0 0 0 0 0 0
3 1772 3326 2826 3455 0 0 0 0 0 0 0
3 2260 2261 2570 2820 0 0 0 0 0 0 0
3 675 686 685 3298 1 141 0 0 0 0 0 0
3 442 443 479 551 3 145 143 132 0 0 0 0 0
3 1926 2248 2254 2261 0 0 0 0 0 0 0
3 686 777 778 3292 1 141 0 0 0 0 0 0
3 1 1646 1637 3390 1 263 0 0 0 0 0 0
3 1915 2248 2820 3012 0 0 0 0 0 0 0
3 547 3374 3228 3456 0 0 0 0 0 0 0
3 1915 2248 3012 3286 0 0 0 0 0 0 0
3 2248 2261 2820 3012 0 0 0 0 0 0 0
3 2645 3038 3039 3042 0 0 0 0 0 0 0
3 2156 2719 2390 2856 0 0 0 0 0 0 0
3 203 321 295 3373 1 147 0 0 0 0 0 0
3 2749 2856 3457 3458 0 0 0 0 0 0 0
3 505 675 506 3459 1 141 0 0 131 0 0 0
3 505 674 675 3460 1 141 0 0 0 0 0 0
3 2390 2856 2719 3461 0 0 0 0 0 0 0
3 130 159 249 2611 1 147 0 0 0 0 0 0
3 2719 3461 2856 3462 0 0 0 0 0 0 0
3 1841 2749 2856 3457 0 0 0 0 0 0 0
3 1947 2315 2181 2598 0 0 0 0 0 0 0
3 2367 3463 3020 3464 0 0 0 0 0 0 0
3 2276 3022 3020 3465 0 0 0 0 0 0 0
3 2050 2121 2372 2673 0 0 0 0 0 0 0
3 1210 1242 1241 3466 1 135 0 0 0 0 0 0
3 2368 3020 3022 3467 0 0 0 0 0 0 0
3 2367 3464 3020 3467 0 0 0 0 0 0 0
3 778 3058 3273 3291 0 0 0 0 0 0 0
3 2670 2674 3403 3468 0 0 0 0 0 0 0
3 685 778 3273 3292 0 0 0 0 0 0 0
3 777 787 778 3291 1 141 0 0 0 0 0 0
3 521 1617 1623 3240 1 287 0 0 0 0 0 0
3 598 599 644 1412 3 141 1 17 0 0 0 0 0
3 777 3291 778 3292 0 0 0 0 0 0 0
3 777 2557 3291 3292 0 0 0 0 0 0 0
3 2518 2950 2948 3074 0 0 0 0 0 0 0
3 138 139 1879 2456 0 0 0 0 0 0 0
3 2523 2950 3074 3437 0 0 0 0 0 0 0
3 489 522 521 1617 5 143 287 0 283 0 0 0 0
3 2517 2518 2520 2523 0 0 0 0 0 0 0
3 2950 3437 3433 3469 0 0 0 0 0 0 0
3 2972 3470 3471 3472 0 0 0 0 0 0 0
3 567 636 568 1525 9 141 75 0 0 89 0 0 0
3 2517 2951 2950 3433 0 0 0 0 0 0 0
3 50 1514 171 3149 0 0 0 0 0 0 0
3 2006 2579 2578 2937 0 0 0 0 0 0 0
3 1115 2834 1116 3473 0 0 0 0 0 0 0
3 2993 3150 3404 3474 0 0 0 0 0 0 0
3 2948 3437 2950 3469 0 0 0 0 0 0 0
3 2948 3074 2950 3437 0 0 0 0 0 0 0
3 342 2793 2737 3475 0 0 0 0 0 0 0
3 2517 2519 2950 2951 0 0 0 0 0 0 0
3 1115 2834 3473 3476 0 0 0 0 0 0 0
3 737 813 773 3477 1 141 0 0 0 0 0 0
3 2431 2434 2761 2763 0 0 0 0 0 0 0
3 2422 2433 2432 2440 0 0 0 0 0 0 0
3 48 168 1515 3263 0 0 0 0 0 0 0
3 2760 2976 2761 3478 0 0 0 0 0 0 0
3 566 635 567 1524 9 141 75 0 0 89 0 0 0
3 2434 2760 2761 2844 0 0 0 0 0 0 0
3 567 636 1525 2503 0 0 0 0 0 0 0
3 2433 2763 2761 2893 0 0 0 0 0 0 0
3 273 296 276 2717 1 147 0 0 0 0 0 0
3 2820 3127 3015 3128 0 0 0 0 0 0 0
3 2820 3466 3204 3479 0 0 0 0 0 0 0
3 1915 2820 2417 3479 0 0 0 0 0 0 0
3 3024 3029 3071 3368 0 0 0 0 0 0 0
3 499 634 500 3112 1 141 0 0 131 0 0 0
3 2820 3015 2822 3480 0 0 0 0 0 0 0
3 2820 3204 3128 3480 0 0 0 0 0 0 0
3 2408 3289 3466 3479 0 0 0 0 0 0 0
3 2305 3162 3161 3224 0 0 0 0 0 0 0
3 3061 3451 3449 3481 0 0 0 0 0 0 0
3 666 682 667 3153 1 141 0 0 0 0 0 0
3 501 614 615 3482 1 141 0 0 0 0 0 0
3 2293 2299 2301 2842 0 0 0 0 0 0 0
3 395 410 409 3387 1 147 0 0 0 0 0 0
3 1915 2407 2408 3479 0 0 0 0 0 0 0
3 1116 2834 2875 3473 0 0 0 0 0 0 0
3 2407 2943 2408 3090 0 0 0 0 0 0 0
3 330 3162 384 3483 0 0 0 0 0 0 0
3 736 849 815 3255 1 141 0 0 0 0 0 0
3 703 704 761 3419 1 141 0 0 0 0 0 0
3 2406 3090 2408 3170 0 0 0 0 0 0 0
3 835 860 838 3484 1 141 0 0 0 0 0 0
3 154 3170 2408 3289 0 0 0 0 0 0 0
3 2381 2797 2449 2823 0 0 0 0 0 0 0
3 2408 3170 2943 3485 0 0 0 0 0 0 0
3 371 3168 3486 3487 0 0 0 0 0 0 0
3 388 413 390 3488 1 147 0 0 0 0 0 0
3 2774 2866 2867 2879 0 0 0 0 0 0 0
3 2018 2216 2213 2896 0 0 0 0 0 0 0
3 2866 2975 2868 2977 0 0 0 0 0 0 0
3 2663 2895 2896 2900 0 0 0 0 0 0 0
3 2865 2880 2867 2895 0 0 0 0 0 0 0
3 1292 1326 2871 3142 0 0 0 0 0 0 0
3 1395 3416 3167 3418 0 0 0 0 0 0 0
3 990 991 1017 1144 3 137 135 128 0 0 0 0 0
3 590 591 616 3356 1 141 130 0 0 0 0 0
3 1184 1185 1265 3489 1 135 0 0 0 0 0 0
3 2866 2867 2881 2895 0 0 0 0 0 0 0
3 2421 2865 2762 2895 0 0 0 0 0 0 0
3 988 989 1015 1136 3 137 135 128 0 0 0 0 0
3 2135 2136 2142 3387 0 0 0 0 0 0 0
3 2133 2135 2990 3490 0 0 0 0 0 0 0
3 693 768 767 3342 1 141 0 0 0 0 0 0
3 603 3491 1410 3492 0 0 0 0 0 0 0
3 2307 2309 2308 2492 0 0 0 0 0 0 0
3 2304 2307 2306 2309 0 0 0 0 0 0 0
3 2135 2308 2136 2552 0 0 0 0 0 0 0
3 2501 2834 2502 3440 0 0 0 0 0 0 0
3 1232 1303 1304 3493 1 135 0 0 0 0 0 0
3 432 537 545 3145 1 143 0 0 0 0 0 0
3 2325 2529 2617 3081 0 0 0 0 0 0 0
3 2048 3124 2288 3199 0 0 0 0 0 0 0
3 2476 3024 3070 3257 0 0 0 0 0 0 0
3 1110 3204 1210 3289 0 0 0 0 0 0 0
3 2047 2048 3199 3209 0 0 0 0 0 0 0
3 494 2250 2246 2251 0 0 0 0 0 0 0
3 612 732 731 3028 1 141 0 0 0 0 0 0
3 2312 3061 3494 3495 0 0 0 0 0 0 0
3 2048 2905 2288 3124 0 0 0 0 0 0 0
3 2046 2048 2047 3209 0 0 0 0 0 0 0
3 1296 1323 1322 3193 1 135 0 0 0 0 0 0
3 2448 2871 2497 3496 0 0 0 0 0 0 0
3 2046 2905 2048 3209 0 0 0 0 0 0 0
3 759 801 761 2899 1 141 0 0 0 0 0 0
3 2545 3498 3497 3499 0 0 0 0 0 0 0
3 791 843 844 3500 1 141 0 0 0 0 0 0
3 689 773 774 3501 1 141 0 0 0 0 0 0
3 669 690 681 3502 1 141 0 0 0 0 0 0
3 1890 2653 2831 2877 0 0 0 0 0 0 0
3 1391 1393 1396 3503 1 135 0 0 0 0 0 0
3 1988 3504 3349 3505 0 0 0 0 0 0 0
3 2351 2837 2589 3069 0 0 0 0 0 0 0
3 2836 2837 3069 3506 0 0 0 0 0 0 0
3 2836 3208 2837 3506 0 0 0 0 0 0 0
3 1367 1369 1383 3507 1 135 0 0 0 0 0 0
3 780 790 785 3248 1 141 0 0 0 0 0 0
3 1400 1407 1401 3508 1 135 0 0 0 0 0 0
3 2589 2837 3074 3509 0 0 0 0 0 0 0
3 773 791 774 3510 1 141 0 0 0 0 0 0
3 924 969 941 1660 1 139 0 0 0 0 0 0
3 2837 3074 3208 3437 0 0 0 0 0 0 0
3 866 880 867 3231 1 141 0 0 0 0 0 0
3 710 755 756 3511 1 141 0 0 0 0 0 0
3 1791 2545 2843 3082 0 0 0 0 0 0 0
3 1968 2071 2530 2968 0 0 0 0 0 0 0
3 638 711 639 2906 1 141 0 0 0 0 0 0
3 2065 2530 2071 2968 0 0 0 0 0 0 0
3 46 149 162 3512 1 147 0 0 0 0 0 0
3 1947 2336 2604 2629 0 0 0 0 0 0 0
3 1946 2598 1947 2602 0 0 0 0 0 0 0
3 2336 2604 2629 3513 0 0 0 0 0 0 0
3 2334 2336 2337 3094 0 0 0 0 0 0 0
3 737 738 814 3514 1 141 0 0 0 0 0 0
3 754 802 755 3515 1 141 0 0 0 0 0 0
3 1946 2315 1947 2598 0 0 0 0 0 0 0
3 2533 3473 2834 3476 0 0 0 0 0 0 0
3 287 3516 301 3517 0 0 0 0 0 0 0
3 1937 2300 2481 3518 0 0 0 0 0 0 0
3 2463 3519 3222 3520 0 0 0 0 0 0 0
3 277 311 310 2795 1 147 0 0 0 0 0 0
3 1937 2299 2140 2300 0 0 0 0 0 0 0
3 1937 2140 2299 2842 0 0 0 0 0 0 0
3 1937 2480 1984 3518 0 0 0 0 0 0 0
3 1326 1327 1354 3179 1 135 0 0 0 0 0 0
3 1537 1538 2369 3521 0 0 0 0 0 0 0
3 2276 3020 3329 3465 0 0 0 0 0 0 0
3 2368 3022 2701 3467 0 0 0 0 0 0 0
3 2276 2646 3022 3042 0 0 0 0 0 0 0
3 2701 3022 3043 3522 0 0 0 0 0 0 0
3 367 393 378 3359 1 147 0 0 0 0 0 0
3 1290 1328 1327 3274 1 135 0 0 0 0 0 0
3 283 310 305 3523 1 147 0 0 0 0 0 0
3 803 831 832 3097 1 141 0 0 0 0 0 0
3 2701 3467 3022 3522 0 0 0 0 0 0 0
3 2073 2224 2233 2283 0 0 0 0 0 0 0
3 2309 3346 2490 3524 0 0 0 0 0 0 0
3 673 688 687 3047 1 141 0 0 0 0 0 0
3 2379 2828 3394 3525 0 0 0 0 0 0 0
3 367 394 393 2733 1 147 0 0 0 0 0 0
3 790 3248 3510 3526 0 0 0 0 0 0 0
3 2039 2233 2132 2280 0 0 0 0 0 0 0
3 388 3488 3168 3527 0 0 0 0 0 0 0
3 2073 2568 2827 2828 0 0 0 0 0 0 0
3 314 315 338 3206 1 147 0 0 0 0 0 0
3 2068 2650 2072 2655 0 0 0 0 0 0 0
3 2567 2827 2568 2828 0 0 0 0 0 0 0
3 2255 2257 2495 3211 0 0 0 0 0 0 0
3 2379 2807 2828 3525 0 0 0 0 0 0 0
3 704 759 761 3419 1 141 0 0 0 0 0 0
3 2073 2223 2378 2827 0 0 0 0 0 0 0
3 2854 3528 3163 3529 0 0 0 0 0 0 0
3 2631 3427 3334 3530 0 0 0 0 0 0 0
3 220 274 232 3281 1 147 0 0 0 0 0 0
3 2064 2065 2067 2377 0 0 0 0 0 0 0
3 2287 2288 2740 3199 0 0 0 0 0 0 0
3 1803 1807 1806 2613 0 0 0 0 0 0 0
3 1258 1259 1287 3531 1 135 0 0 0 0 0 0
3 1921 2120 2125 2916 0 0 0 0 0 0 0
3 1303 1322 1313 3192 1 135 0 0 0 0 0 0
3 2048 2905 3124 3209 0 0 0 0 0 0 0
3 2927 2928 3378 3532 0 0 0 0 0 0 0
3 2703 2927 2929 3378 0 0 0 0 0 0 0
3 2486 2487 2757 2758 0 0 0 0 0 0 0
3 2703 2923 2927 3533 0 0 0 0 0 0 0
3 2703 2927 2705 3533 0 0 0 0 0 0 0
3 2088 2187 2186 2980 0 0 0 0 0 0 0
3 871 877 3235 3534 0 0 0 0 0 0 0
3 306 307 346 3518 1 147 0 0 0 0 0 0
3 859 879 860 3314 1 141 0 0 0 0 0 0
3 1376 1400 1401 3535 1 135 0 0 0 0 0 0
3 855 885 856 3536 1 141 0 0 0 0 0 0
3 2381 2409 2978 3106 0 0 0 0 0 0 0
3 2709 3538 3537 3539 0 0 0 0 0 0 0
3 1298 1304 1319 3011 1 135 0 0 0 0 0 0
3 894 895 897 3540 1 141 0 0 0 0 0 0
3 1756 2409 2185 2798 0 0 0 0 0 0 0
3 2154 2186 2187 2980 0 0 0 0 0 0 0
3 2171 2186 2188 3541 0 0 0 0 0 0 0
3 395 409 396 3341 1 147 0 0 0 0 0 0
3 842 871 854 3542 1 141 0 0 0 0 0 0
3 2148 2184 2186 3541 0 0 0 0 0 0 0
3 2148 2186 2184 2652 0 0 0 0 0 0 0
3 2150 2154 2186 2187 0 0 0 0 0 0 0
3 815 849 874 2403 1 141 0 0 0 0 0 0
3 792 3346 842 3542 0 0 0 0 0 0 0
3 2171 2188 2186 2979 0 0 0 0 0 0 0
3 2272 2974 2915 3260 0 0 0 0 0 0 0
3 2102 2363 2801 2990 0 0 0 0 0 0 0
3 2274 2439 2854 3078 0 0 0 0 0 0 0
3 335 375 358 3261 1 147 0 0 0 0 0 0
3 2272 2974 3260 3317 0 0 0 0 0 0 0
3 2272 3121 3317 3543 0 0 0 0 0 0 0
3 330 3224 3162 3483 0 0 0 0 0 0 0
3 2266 2274 2272 3544 0 0 0 0 0 0 0
3 849 854 874 2403 1 141 0 0 0 0 0 0
3 2137 3118 2683 3327 0 0 0 0 0 0 0
3 3191 3322 3328 3427 0 0 0 0 0 0 0
3 1248 1249 1293 2395 1 135 0 0 0 0 0 0
3 351 364 404 2148 1 147 0 0 0 0 0 0
3 2272 2274 3121 3543 0 0 0 0 0 0 0
3 306 346 349 3518 1 147 0 0 0 0 0 0
3 105 1140 1116 2875 1 135 0 0 0 0 0 0
3 1359 1374 1361 3443 1 135 0 0 0 0 0 0
3 2266 2272 2271 3544 0 0 0 0 0 0 0
3 2936 3545 2939 3546 0 0 0 0 0 0 0
3 891 895 894 2526 1 141 0 0 0 0 0 0
3 3141 3547 3348 3548 0 0 0 0 0 0 0
3 2172 2279 2409 2978 0 0 0 0 0 0 0
3 2088 2380 2279 2980 0 0 0 0 0 0 0
3 2279 2980 2978 3091 0 0 0 0 0 0 0
3 1159 3156 1273 3549 0 0 0 0 0 0 0
3 211 2834 2501 2875 0 0 0 0 0 0 0
3 1050 1149 1051 1501 9 135 75 0 0 77 0 0 0
3 1752 2262 2264 2483 0 0 0 0 0 0 0
3 2172 2485 2484 3091 0 0 0 0 0 0 0
3 1770 2354 2080 3550 0 0 0 0 0 0 0
3 1951 1952 2079 2882 0 0 0 0 0 0 0
3 26 930 909 1677 9 139 432 0 0 429 0 0 0
3 1963 2083 2080 2084 0 0 0 0 0 0 0
3 1002 1039 1043 1692 0 0 0 0 0 0 0
3 25 909 1029 1678 2 432 429 0 0 0 0 0
3 1963 2080 2083 3551 0 0 0 0 0 0 0
3 1770 2080 2354 2376 0 0 0 0 0 0 0
3 1784 2667 2569 2872 0 0 0 0 0 0 0
3 2571 2873 2872 3552 0 0 0 0 0 0 0
3 1932 2654 2803 2877 0 0 0 0 0 0 0
3 1907 1932 2460 2874 0 0 0 0 0 0 0
3 577 950 951 1703 5 139 414 0 411 0 0 0 0
3 1907 3167 2874 3417 0 0 0 0 0 0 0
3 2460 3304 2873 3553 0 0 0 0 0 0 0
3 1909 3417 2460 3554 0 0 0 0 0 0 0
3 1888 1931 1918 2254 0 0 0 0 0 0 0
3 1015 1146 1136 3555 0 0 0 0 0 0 0
3 1106 3296 3293 3556 0 0 0 0 0 0 0
3 2964 2966 2993 3402 0 0 0 0 0 0 0
3 95 1106 1104 3293 1 135 0 0 0 0 0 0
3 604 662 1426 3557 0 0 0 0 0 0 0
3 2959 3004 2966 3005 0 0 0 0 0 0 0
3 2966 3402 3005 3558 0 0 0 0 0 0 0
3 2959 2965 2966 2973 0 0 0 0 0 0 0
3 2965 2966 2981 2993 0 0 0 0 0 0 0
3 917 965 1013 2357 0 0 0 0 0 0 0
3 1709 1720 3233 3234 0 0 0 0 0 0 0
3 2381 2449 2409 3106 0 0 0 0 0 0 0
3 1256 1280 1270 2920 1 135 0 0 0 0 0 0
3 2698 2798 3179 3275 0 0 0 0 0 0 0
3 2686 3559 3234 3560 0 0 0 0 0 0 0
3 578 1704 951 3021 0 0 0 0 0 0 0
3 1011 1701 1713 1717 4 414 0 0 0 0 0 0
3 2656 2710 2711 3293 0 0 0 0 0 0 0
3 1883 2623 2131 2970 0 0 0 0 0 0 0
3 1747 1752 1750 2279 0 0 0 0 0 0 0
3 2105 2186 2188 2979 0 0 0 0 0 0 0
3 952 953 967 1706 3 139 414 411 0 0 0 0 0
3 2698 2798 2969 3179 0 0 0 0 0 0 0
3 95 165 153 3556 1 147 0 0 0 0 0 0
3 165 230 3556 3561 0 0 0 0 0 0 0
3 2798 3107 3106 3275 0 0 0 0 0 0 0
3 2381 2824 2687 3562 0 0 0 0 0 0 0
3 585 970 937 1901 1 139 0 0 0 0 0 0
3 2206 3325 3068 3562 0 0 0 0 0 0 0
3 2381 3562 2687 3563 0 0 0 0 0 0 0
3 1986 3505 1988 3564 0 0 0 0 0 0 0
3 173 1098 3315 3565 0 0 0 0 0 0 0
3 2378 2830 2806 3566 0 0 0 0 0 0 0
3 2378 2827 2830 3567 0 0 0 0 0 0 0
3 1035 1651 1044 1654 4 450 0 0 0 0 0 0
3 1656 1901 3197 3568 0 0 0 0 0 0 0
3 940 941 969 1660 3 139 450 447 0 0 0 0 0
3 2378 2830 3566 3569 0 0 0 0 0 0 0
3 1111 3204 3315 3570 0 0 0 0 0 0 0
3 2704 2712 3537 3571 0 0 0 0 0 0 0
3 586 668 656 3572 1 141 0 0 0 0 0 0
3 117 1590 1605 3014 1 311 0 0 0 0 0 0
3 2052 2709 2712 3537 0 0 0 0 0 0 0
3 1013 1034 1014 2357 1 137 0 0 0 0 0 0
3 1124 1196 2731 2861 0 0 0 0 0 0 0
3 2052 2712 2053 3190 0 0 0 0 0 0 0
3 1872 2122 1874 3573 0 0 0 0 0 0 0
3 1870 1874 2122 3190 0 0 0 0 0 0 0
3 1871 2063 2120 2127 0 0 0 0 0 0 0
3 1872 1874 1873 1908 0 0 0 0 0 0 0
3 608 609 654 1436 3 141 1 17 0 0 0 0 0
3 2517 3433 3434 3574 0 0 0 0 0 0 0
3 2517 2524 3207 3434 0 0 0 0 0 0 0
3 3434 3575 3576 3577 0 0 0 0 0 0 0
3 577 951 578 1703 1 139 0 0 130 0 0 0
3 2355 3146 2800 3314 0 0 0 0 0 0 0
3 2297 2331 2328 2755 0 0 0 0 0 0 0
3 1058 1430 1132 3578 0 0 0 0 0 0 0
3 576 577 2729 3579 0 130 0 0 0 0 0
3 2297 2331 2800 3146 0 0 0 0 0 0 0
3 1915 2248 1917 2820 0 0 0 0 0 0 0
3 956 967 965 3580 1 139 0 0 0 0 0 0
3 1098 1111 3315 3570 0 0 0 0 0 0 0
3 1810 2115 2259 2622 0 0 0 0 0 0 0
3 1887 1889 1888 1930 0 0 0 0 0 0 0
3 2294 2295 2297 3154 0 0 0 0 0 0 0
3 1825 2806 2829 3564 0 0 0 0 0 0 0
3 1010 1699 1032 1716 0 0 0 0 0 0 0
3 1986 3385 2829 3564 0 0 0 0 0 0 0
3 2806 2830 2829 3564 0 0 0 0 0 0 0
3 33 1011 1701 1713 8 414 0 0 0 0 0 0
3 951 1704 952 3021 1 414 0 0 411 0 0 0
3 1986 1987 2223 2829 0 0 0 0 0 0 0
3 1987 3075 2829 3477 0 0 0 0 0 0 0
3 2223 2806 2378 2830 0 0 0 0 0 0 0
3 986 1034 1033 3581 1 137 0 0 0 0 0 0
3 1719 2676 2677 3580 0 0 0 0 0 0 0
3 2703 3538 2923 3582 0 0 0 0 0 0 0
3 2588 2680 3533 3582 0 0 0 0 0 0 0
3 216 3315 217 3583 0 0 0 0 0 0 0
3 2704 3571 3538 3584 0 0 0 0 0 0 0
3 2680 2704 3538 3584 0 0 0 0 0 0 0
3 2583 2705 2591 3585 0 0 0 0 0 0 0
3 2680 2703 2704 2705 0 0 0 0 0 0 0
3 596 976 597 2991 1 139 0 0 130 0 0 0
3 3315 3586 3565 3587 0 0 0 0 0 0 0
3 1848 2743 2726 2884 0 0 0 0 0 0 0
3 26 942 972 1677 3 139 432 429 0 0 0 0 0
3 2317 2321 2596 2891 0 0 0 0 0 0 0
3 909 1677 1029 1678 2 432 0 0 0 0 0 0
3 2151 2593 2743 2891 0 0 0 0 0 0 0
3 2743 2884 3166 3265 0 0 0 0 0 0 0
3 3588 3589 3590 3591 0 0 0 0 0 0 0
3 1121 3590 3589 3591 0 0 0 0 0 0 0
3 2485 3591 3091 3592 0 0 0 0 0 0 0
3 179 3590 1120 3593 0 0 0 0 0 0 0
3 1120 3590 3591 3593 0 0 0 0 0 0 0
3 1120 3590 1121 3591 0 0 0 0 0 0 0
3 1029 1678 1676 1692 4 432 0 0 0 0 0 0
3 1199 1200 3591 3592 0 0 0 0 0 0 0
3 3091 3592 3591 3594 0 0 0 0 0 0 0
3 1119 1120 3591 3593 0 0 0 0 0 0 0
3 2162 2167 2163 2764 0 0 0 0 0 0 0
3 1953 2164 1955 2168 0 0 0 0 0 0 0
3 2167 2225 2284 2342 0 0 0 0 0 0 0
3 35 1003 1002 1690 1 135 0 128 0 0 0 0
3 2284 2411 2410 2442 0 0 0 0 0 0 0
3 1994 2226 2161 2392 0 0 0 0 0 0 0
3 1108 1212 1213 3289 1 135 0 0 0 0 0 0
3 82 163 1427 3595 0 0 0 0 0 0 0
3 1458 1484 1481 3596 1 1 0 0 0 0 0 0
3 1953 1954 1956 2397 0 0 0 0 0 0 0
3 2224 2226 2228 2664 0 0 0 0 0 0 0
3 2160 2162 2161 2167 0 0 0 0 0 0 0
3 2838 2971 2886 3597 0 0 0 0 0 0 0
3 1069 1445 1131 3284 0 0 0 0 0 0 0
3 2838 3598 3087 3599 0 0 0 0 0 0 0
3 2152 2340 2153 2341 0 0 0 0 0 0 0
3 2152 2340 2338 2918 0 0 0 0 0 0 0
3 2013 3087 2918 3467 0 0 0 0 0 0 0
3 165 233 230 3561 1 147 0 0 0 0 0 0
3 2013 2152 2112 2367 0 0 0 0 0 0 0
3 2838 2918 3087 3598 0 0 0 0 0 0 0
3 2838 3087 2840 3599 0 0 0 0 0 0 0
3 2011 2684 2838 2840 0 0 0 0 0 0 0
3 1069 1070 1131 1445 3 135 1 29 0 0 0 0 0
3 2424 2605 2544 2608 0 0 0 0 0 0 0
3 2424 2605 2608 3137 0 0 0 0 0 0 0
3 2555 2605 2606 2994 0 0 0 0 0 0 0
3 2500 2605 2550 2606 0 0 0 0 0 0 0
3 2994 3044 3045 3136 0 0 0 0 0 0 0
3 2309 2478 2489 2490 0 0 0 0 0 0 0
3 2444 2488 2491 3600 0 0 0 0 0 0 0
3 2217 2444 2488 2491 0 0 0 0 0 0 0
3 2096 2477 2220 2552 0 0 0 0 0 0 0
3 1768 2491 2478 3235 0 0 0 0 0 0 0
3 2220 2488 2489 2491 0 0 0 0 0 0 0
3 2444 3600 2565 3601 0 0 0 0 0 0 0
3 2015 2020 2689 2691 0 0 0 0 0 0 0
3 2091 2444 2199 2802 0 0 0 0 0 0 0
3 1272 3602 1278 3603 0 0 0 0 0 0 0
3 2091 2174 2173 2852 0 0 0 0 0 0 0
3 2444 3223 2488 3600 0 0 0 0 0 0 0
3 1029 1039 1041 1692 1 137 0 0 0 0 0 0
3 1562 1569 1578 3604 1 75 0 0 0 0 0 0
3 2090 2444 2491 2565 0 0 0 0 0 0 0
3 2444 3223 3600 3605 0 0 0 0 0 0 0
3 2199 2802 2444 3229 0 0 0 0 0 0 0
3 2444 2802 2721 3229 0 0 0 0 0 0 0
3 1842 2604 2603 2752 0 0 0 0 0 0 0
3 1496 1558 1497 3606 1 75 0 0 0 0 0 0
3 2604 2752 3607 3608 0 0 0 0 0 0 0
3 1495 1546 1496 3609 1 75 0 0 0 0 0 0
3 1758 1969 1836 2145 0 0 0 0 0 0 0
3 2642 2752 3610 3611 0 0 0 0 0 0 0
3 2604 2752 2987 3607 0 0 0 0 0 0 0
3 2822 3583 3315 3586 0 0 0 0 0 0 0
3 2390 3604 3461 3612 0 0 0 0 0 0 0
3 46 1517 1518 3512 1 75 0 0 0 0 0 0
3 1834 2629 2604 2987 0 0 0 0 0 0 0
3 176 211 186 2834 1 147 0 0 0 0 0 0
3 1218 1234 1233 2637 1 135 0 0 0 0 0 0
3 1830 2642 2638 2752 0 0 0 0 0 0 0
3 2638 2752 2642 3611 0 0 0 0 0 0 0
3 2610 2779 3247 3414 0 0 0 0 0 0 0
3 1249 1292 1293 2823 1 135 0 0 0 0 0 0
3 1297 1320 1321 3100 1 135 0 0 0 0 0 0
3 2779 3244 3247 3412 0 0 0 0 0 0 0
3 3242 3412 3247 3613 0 0 0 0 0 0 0
3 3242 3335 3423 3530 0 0 0 0 0 0 0
3 608 654 653 3452 1 141 0 0 0 0 0 0
3 1444 1448 1445 3284 1 1 0 0 0 0 0 0
3 3242 3247 3333 3530 0 0 0 0 0 0 0
3 3242 3333 3247 3414 0 0 0 0 0 0 0
3 2674 3403 3347 3614 0 0 0 0 0 0 0
3 1458 3294 3303 3615 0 0 0 0 0 0 0
3 3247 3333 3530 3616 0 0 0 0 0 0 0
3 1929 2836 2653 3069 0 0 0 0 0 0 0
3 1186 1263 1194 3220 1 135 0 0 0 0 0 0
3 1893 1929 2178 3185 0 0 0 0 0 0 0
3 1893 2831 2653 2835 0 0 0 0 0 0 0
3 1093 2857 1744 3617 0 0 0 0 0 0 0
3 1125 1194 1193 3618 1 135 0 0 0 0 0 0
3 2653 2832 2831 2877 0 0 0 0 0 0 0
3 2803 3418 2877 3619 0 0 0 0 0 0 0
3 1927 1929 3069 3185 0 0 0 0 0 0 0
3 983 1032 1031 1698 1 137 0 0 0 0 0 0
3 2274 3078 3338 3544 0 0 0 0 0 0 0
3 2274 3078 2854 3338 0 0 0 0 0 0 0
3 2439 2854 3078 3620 0 0 0 0 0 0 0
3 3078 3338 3492 3620 0 0 0 0 0 0 0
3 959 968 2437 3621 0 0 0 0 0 0 0
3 959 968 970 2437 1 139 0 0 0 0 0 0
3 1072 1137 1148 2443 1 135 0 0 0 0 0 0
3 2272 2274 3543 3544 0 0 0 0 0 0 0
3 1148 1800 2443 3622 0 0 0 0 0 0 0
3 1020 1652 1654 1669 4 450 0 0 0 0 0 0
3 2274 2941 2439 3078 0 0 0 0 0 0 0
3 2169 2485 2172 3107 0 0 0 0 0 0 0
3 2169 2812 2485 3107 0 0 0 0 0 0 0
3 1137 1183 1148 2443 1 135 0 0 0 0 0 0
3 2236 2485 2813 3588 0 0 0 0 0 0 0
3 570 639 571 1528 9 141 75 0 0 89 0 0 0
3 1253 2485 2812 3592 0 0 0 0 0 0 0
3 1176 1223 2985 3623 0 0 0 0 0 0 0
3 639 710 640 3031 1 141 0 0 0 0 0 0
3 2427 2471 3432 3624 0 0 0 0 0 0 0
3 2427 3432 2471 3623 0 0 0 0 0 0 0
3 2427 3432 3623 3625 0 0 0 0 0 0 0
3 2427 3000 3432 3625 0 0 0 0 0 0 0
3 1176 3623 2985 3625 0 0 0 0 0 0 0
3 1083 1689 1695 1809 1 432 0 0 0 0 0 0
3 1176 1225 3623 3625 0 0 0 0 0 0 0
3 1225 2427 3623 3625 0 0 0 0 0 0 0
3 2430 3626 3549 3627 0 0 0 0 0 0 0
3 1143 1171 1156 3628 1 135 0 0 0 0 0 0
3 2464 2465 2474 3629 0 0 0 0 0 0 0
3 2471 3432 2985 3623 0 0 0 0 0 0 0
3 2042 2045 2043 2281 0 0 0 0 0 0 0
3 1094 1171 1143 3438 1 135 0 0 0 0 0 0
3 117 1605 1591 3014 1 311 0 0 0 0 0 0
3 2061 3193 2695 3630 0 0 0 0 0 0 0
3 2061 2569 3002 3193 0 0 0 0 0 0 0
3 579 626 625 3631 1 141 0 0 0 0 0 0
3 1983 2480 2057 2482 0 0 0 0 0 0 0
3 1778 1779 2480 2482 0 0 0 0 0 0 0
3 1779 2057 2480 2482 0 0 0 0 0 0 0
3 1934 1935 1982 2206 0 0 0 0 0 0 0
3 2435 2716 2763 3232 0 0 0 0 0 0 0
3 1133 1169 1178 2676 1 135 0 0 0 0 0 0
3 1089 1169 1090 1705 9 135 414 0 0 408 0 0 0
3 1164 1990 1196 2861 0 0 0 0 0 0 0
3 2435 2821 2818 2942 0 0 0 0 0 0 0
3 1173 1262 1178 2722 1 135 0 0 0 0 0 0
3 967 3021 1706 3580 0 0 0 0 0 0 0
3 2435 2440 2439 3528 0 0 0 0 0 0 0
3 917 1014 918 2357 1 137 0 0 129 0 0 0
3 1708 2861 3233 3632 0 0 0 0 0 0 0
3 986 987 1034 1162 3 137 135 128 0 0 0 0 0
3 2360 3230 2402 3314 0 0 0 0 0 0 0
3 2573 2578 3268 3633 0 0 0 0 0 0 0
3 1852 2702 2573 3268 0 0 0 0 0 0 0
3 1197 1977 1978 3634 0 0 0 0 0 0 0
3 1275 1315 1285 3217 1 135 0 0 0 0 0 0
3 1852 1856 2572 2702 0 0 0 0 0 0 0
3 1852 2573 2578 3268 0 0 0 0 0 0 0
3 1264 3635 3537 3636 0 0 0 0 0 0 0
3 1852 1855 1853 2700 0 0 0 0 0 0 0
3 1857 2013 2010 2701 0 0 0 0 0 0 0
3 2578 2937 3140 3633 0 0 0 0 0 0 0
3 1851 1853 1852 3269 0 0 0 0 0 0 0
3 1453 1473 1485 3637 1 1 0 0 0 0 0 0
3 2180 2341 2183 2750 0 0 0 0 0 0 0
3 1125 1134 1194 3618 1 135 0 0 0 0 0 0
3 1437 1456 1454 2075 1 1 0 0 0 0 0 0
3 2339 2889 2746 2890 0 0 0 0 0 0 0
3 1134 1186 1194 3220 1 135 0 0 0 0 0 0
3 697 742 698 3638 1 141 0 0 0 0 0 0
3 1125 1429 1134 3618 0 0 0 0 0 0 0
3 2153 2341 2340 2720 0 0 0 0 0 0 0
3 2746 2890 2889 3639 0 0 0 0 0 0 0
3 2180 2597 2316 2890 0 0 0 0 0 0 0
3 230 233 264 3561 1 147 0 0 0 0 0 0
3 1192 1259 1258 3531 1 135 0 0 0 0 0 0
3 1946 1947 2335 2602 0 0 0 0 0 0 0
3 2180 2750 2749 2890 0 0 0 0 0 0 0
3 2746 2890 3639 3640 0 0 0 0 0 0 0
3 2339 2340 2746 2886 0 0 0 0 0 0 0
3 3131 3641 3548 3642 0 0 0 0 0 0 0
3 1485 1491 1486 3643 1 1 0 0 0 0 0 0
3 1189 1261 1260 2912 1 135 0 0 0 0 0 0
3 2597 2890 2749 3458 0 0 0 0 0 0 0
3 2749 2890 2750 3458 0 0 0 0 0 0 0
3 315 337 338 3205 1 147 0 0 0 0 0 0
3 2075 3376 3644 3645 0 0 0 0 0 0 0
3 2670 2672 2674 3468 0 0 0 0 0 0 0
3 1408 1471 1470 3403 1 1 0 0 0 0 0 0
3 3380 3470 3474 3646 0 0 0 0 0 0 0
3 2993 3150 3474 3646 0 0 0 0 0 0 0
3 593 619 618 3647 1 141 0 0 0 0 0 0
3 3150 3380 3474 3646 0 0 0 0 0 0 0
3 1075 1674 1663 3648 1 450 0 0 0 0 0 0
3 1039 1676 1675 1692 4 432 0 0 0 0 0 0
3 1676 1679 1677 3649 1 432 0 0 0 0 0 0
3 3470 3472 3646 3650 0 0 0 0 0 0 0
3 35 1084 1003 1690 3 135 432 426 0 0 0 0 0
3 1095 1226 1229 2427 1 135 0 0 0 0 0 0
3 3470 3650 3646 3651 0 0 0 0 0 0 0
3 2554 3049 3045 3051 0 0 0 0 0 0 0
3 2555 2558 2556 2994 0 0 0 0 0 0 0
3 3051 3652 3133 3653 0 0 0 0 0 0 0
3 619 620 725 3396 1 141 0 0 0 0 0 0
3 2556 3134 2559 3135 0 0 0 0 0 0 0
3 2556 2558 2559 2994 0 0 0 0 0 0 0
3 2860 3445 3654 3655 0 0 0 0 0 0 0
3 206 2875 2501 3656 0 0 0 0 0 0 0
3 1339 1385 1368 2512 1 135 0 0 0 0 0 0
3 2452 2860 2469 2863 0 0 0 0 0 0 0
3 2452 3250 2858 3397 0 0 0 0 0 0 0
3 2452 2858 2859 3397 0 0 0 0 0 0 0
3 1196 1990 2731 2861 0 0 0 0 0 0 0
3 2810 3323 2859 3444 0 0 0 0 0 0 0
3 2555 2605 3045 3064 0 0 0 0 0 0 0
3 862 863 878 3266 1 141 0 0 0 0 0 0
3 212 284 285 3301 1 147 0 0 0 0 0 0
3 847 852 850 2724 1 141 0 0 0 0 0 0
3 1292 1325 1293 2871 1 135 0 0 0 0 0 0
3 3239 3355 3456 3548 0 0 0 0 0 0 0
3 1363 1364 1371 3552 1 135 0 0 0 0 0 0
3 2810 3444 2859 3445 0 0 0 0 0 0 0
3 773 813 791 3510 1 141 0 0 0 0 0 0
3 754 3052 2982 3515 0 0 0 0 0 0 0
3 1229 1307 1230 3657 1 135 0 0 0 0 0 0
3 728 737 773 3658 1 141 0 0 0 0 0 0
3 2452 2809 2859 2863 0 0 0 0 0 0 0
3 2024 2184 2732 3659 0 0 0 0 0 0 0
3 1748 2186 2184 2188 0 0 0 0 0 0 0
3 2184 2188 2186 3541 0 0 0 0 0 0 0
3 2148 2652 2184 2732 0 0 0 0 0 0 0
3 940 1659 1672 2031 1 450 0 0 0 0 0 0
3 1295 1367 1340 3344 1 135 0 0 0 0 0 0
3 1207 1338 1246 3660 1 135 0 0 0 0 0 0
3 2792 3263 2910 3308 0 0 0 0 0 0 0
3 2109 2386 2389 2391 0 0 0 0 0 0 0
3 1124 2861 2731 3233 0 0 0 0 0 0 0
3 2787 3169 3308 3435 0 0 0 0 0 0 0
3 2391 3307 3308 3661 0 0 0 0 0 0 0
3 1434 3403 3468 3662 0 0 0 0 0 0 0
3 2910 3308 3263 3661 0 0 0 0 0 0 0
3 1153 1268 1179 3176 1 135 0 0 0 0 0 0
3 1901 2437 2443 3187 0 0 0 0 0 0 0
3 2787 3308 3307 3435 0 0 0 0 0 0 0
3 1148 1183 1274 2443 1 135 0 0 0 0 0 0
3 2371 2675 2670 3663 0 0 0 0 0 0 0
3 2122 3190 3531 3664 0 0 0 0 0 0 0
3 2371 2373 3663 3665 0 0 0 0 0 0 0
3 2670 3452 3453 3663 0 0 0 0 0 0 0
3 1920 2371 3663 3665 0 0 0 0 0 0 0
3 309 3336 3326 3455 0 0 0 0 0 0 0
3 1909 3417 3554 3666 0 0 0 0 0 0 0
3 268 314 278 2416 1 147 0 0 0 0 0 0
3 366 2300 368 2301 0 0 0 0 0 0 0
3 231 232 265 2659 1 147 0 0 0 0 0 0
3 174 215 214 3667 1 147 0 0 0 0 0 0
3 2206 2797 2381 3668 0 0 0 0 0 0 0
3 2104 2106 2105 2979 0 0 0 0 0 0 0
3 503 3548 3131 3641 0 0 0 0 0 0 0
3 1239 1241 1300 3286 1 135 0 0 0 0 0 0
3 1239 1300 1301 3669 1 135 0 0 0 0 0 0
3 838 857 839 3670 1 141 0 0 0 0 0 0
3 1286 1960 1333 3571 0 0 0 0 0 0 0
3 1300 1316 1301 3285 1 135 0 0 0 0 0 0
3 416 3429 3070 3671 0 0 0 0 0 0 0
3 314 338 343 3206 1 147 0 0 0 0 0 0
3 2381 2797 2823 3668 0 0 0 0 0 0 0
3 2380 2978 2980 3325 0 0 0 0 0 0 0
3 2169 2172 2409 3107 0 0 0 0 0 0 0
3 1734 1738 1737 1958 0 0 0 0 0 0 0
3 2227 2385 2229 2697 0 0 0 0 0 0 0
3 2229 2400 3076 3672 0 0 0 0 0 0 0
3 1371 1402 3418 3619 0 0 0 0 0 0 0
3 1238 3669 2273 3673 0 0 0 0 0 0 0
3 2140 2141 2300 2301 0 0 0 0 0 0 0
3 2229 2567 2230 2697 0 0 0 0 0 0 0
3 841 855 856 3425 1 141 0 0 0 0 0 0
3 2383 2398 2399 3674 0 0 0 0 0 0 0
3 2229 2399 2398 3674 0 0 0 0 0 0 0
3 2229 2230 2567 3672 0 0 0 0 0 0 0
3 2335 3094 2955 3675 0 0 0 0 0 0 0
3 848 850 855 3424 1 141 0 0 0 0 0 0
3 1296 1322 1303 3193 1 135 0 0 0 0 0 0
3 3196 3676 3648 3677 0 0 0 0 0 0 0
3 1152 3196 1206 3676 0 0 0 0 0 0 0
3 103 176 1115 3476 0 0 0 0 0 0 0
3 875 879 904 3146 1 141 0 0 0 0 0 0
3 875 904 883 2328 1 141 0 0 0 0 0 0
3 102 184 1151 3678 0 0 0 0 0 0 0
3 1177 3676 1281 3679 0 0 0 0 0 0 0
3 1246 2516 3676 3680 0 0 0 0 0 0 0
3 1246 2516 1269 3676 0 0 0 0 0 0 0
3 3196 3676 3677 3680 0 0 0 0 0 0 0
3 595 1682 2428 3681 0 0 0 0 0 0 0
3 2516 3682 3676 3683 0 0 0 0 0 0 0
3 1269 1281 3676 3682 0 0 0 0 0 0 0
3 1985 2735 2501 3068 0 0 0 0 0 0 0
3 1080 1157 1159 3684 1 135 0 0 0 0 0 0
3 2501 2735 3067 3068 0 0 0 0 0 0 0
3 1155 2691 1157 3181 0 0 0 0 0 0 0
3 303 1985 2366 2735 0 0 0 0 0 0 0
3 2567 2827 3503 3672 0 0 0 0 0 0 0
3 1159 1226 2430 3549 0 0 0 0 0 0 0
3 689 728 773 3658 1 141 0 0 0 0 0 0
3 300 2735 3065 3067 0 0 0 0 0 0 0
3 1384 1393 1391 3685 1 135 0 0 0 0 0 0
3 774 790 780 3248 1 141 0 0 0 0 0 0
3 1347 1348 1384 3505 1 135 0 0 0 0 0 0
3 1339 2512 1368 2513 0 0 0 0 0 0 0
3 719 747 746 2948 1 141 0 0 0 0 0 0
3 1277 1282 1335 3686 1 135 0 0 0 0 0 0
3 303 2366 352 2735 0 0 0 0 0 0 0
3 1277 1346 1338 2511 1 135 0 0 0 0 0 0
3 585 586 656 3568 1 141 130 0 0 0 0 0
3 585 656 665 3687 1 141 0 0 0 0 0 0
3 1982 2234 2366 3066 0 0 0 0 0 0 0
3 369 2141 3688 3689 0 0 0 0 0 0 0
3 1177 1206 1269 3676 1 135 0 0 0 0 0 0
3 1338 1346 1339 2511 1 135 0 0 0 0 0 0
3 3066 3067 3068 3325 0 0 0 0 0 0 0
3 2206 2979 3066 3325 0 0 0 0 0 0 0
3 2266 3352 3078 3557 0 0 0 0 0 0 0
3 2423 2439 2941 2942 0 0 0 0 0 0 0
3 2374 2703 2704 2709 0 0 0 0 0 0 0
3 690 774 780 3690 1 141 0 0 0 0 0 0
3 1385 1404 1407 3691 1 135 0 0 0 0 0 0
3 628 629 719 2951 1 141 0 0 0 0 0 0
3 2144 2708 2709 3539 0 0 0 0 0 0 0
3 1272 2688 1308 3692 0 0 0 0 0 0 0
3 1369 1399 1403 2562 1 135 0 0 0 0 0 0
3 794 2165 2163 3693 0 0 0 0 0 0 0
3 2194 2421 2663 2974 0 0 0 0 0 0 0
3 1356 1378 1357 2384 1 135 0 0 0 0 0 0
3 2018 2193 2216 2762 0 0 0 0 0 0 0
3 1326 1354 1355 3178 1 135 0 0 0 0 0 0
3 2663 2915 2974 3694 0 0 0 0 0 0 0
3 2662 2663 2900 3694 0 0 0 0 0 0 0
3 1355 2566 2494 3178 0 0 0 0 0 0 0
3 2865 3121 3120 3342 0 0 0 0 0 0 0
3 2216 2895 2866 2896 0 0 0 0 0 0 0
3 2174 2765 2764 2852 0 0 0 0 0 0 0
3 2001 3501 2541 3690 0 0 0 0 0 0 0
3 1383 1393 1384 3685 1 135 0 0 0 0 0 0
3 2213 2662 2663 2896 0 0 0 0 0 0 0
3 1370 1386 1384 3695 1 135 0 0 0 0 0 0
3 1393 2400 3672 3685 0 0 0 0 0 0 0
3 1379 2494 2567 3674 0 0 0 0 0 0 0
3 344 370 345 3696 1 147 0 0 0 0 0 0
3 1357 1378 1377 2384 1 135 0 0 0 0 0 0
3 2452 2809 3324 3397 0 0 0 0 0 0 0
3 2809 2859 2810 3397 0 0 0 0 0 0 0
3 1234 1236 1276 2814 1 135 0 0 0 0 0 0
3 1370 1384 1391 3695 1 135 0 0 0 0 0 0
3 774 791 790 3510 1 141 0 0 0 0 0 0
3 2452 2858 2469 2860 0 0 0 0 0 0 0
3 1948 2453 2452 3251 0 0 0 0 0 0 0
3 1902 3697 3698 3699 0 0 0 0 0 0 0
3 1369 1403 1383 2400 1 135 0 0 0 0 0 0
3 1949 2450 2452 2809 0 0 0 0 0 0 0
3 1153 3176 1658 3648 0 0 0 0 0 0 0
3 20 1416 1413 2944 1 1 0 0 0 0 0 0
3 487 488 535 2087 1 143 131 0 0 0 0 0
3 1610 1617 1624 3158 1 287 0 0 0 0 0 0
3 58 200 449 2459 0 0 0 0 0 0 0
3 1949 2454 2451 2809 0 0 0 0 0 0 0
3 660 661 693 3340 1 141 0 0 0 0 0 0
3 2463 2465 2464 3629 0 0 0 0 0 0 0
3 2467 2469 2468 3250 0 0 0 0 0 0 0
3 1410 1468 1467 3337 1 1 0 0 0 0 0 0
3 645 707 658 3412 1 141 0 0 0 0 0 0
3 2037 2038 2413 2537 0 0 0 0 0 0 0
3 225 254 249 3164 1 147 0 0 0 0 0 0
3 2036 2037 2411 3229 0 0 0 0 0 0 0
3 89 130 1421 2612 0 0 0 0 0 0 0
3 488 2087 3159 3240 0 0 0 0 0 0 0
3 644 3245 2784 3252 0 0 0 0 0 0 0
3 2847 3700 2848 3701 0 0 0 0 0 0 0
3 425 451 472 3702 1 145 0 0 0 0 0 0
3 2311 3026 2849 3368 0 0 0 0 0 0 0
3 159 223 249 2611 1 147 0 0 0 0 0 0
3 88 1421 130 2582 0 0 0 0 0 0 0
3 2476 3024 2849 3077 0 0 0 0 0 0 0
3 1336 3350 1337 3703 0 0 0 0 0 0 0
3 2314 2846 2849 3704 0 0 0 0 0 0 0
3 2847 3077 2849 3705 0 0 0 0 0 0 0
3 2972 2993 3472 3706 0 0 0 0 0 0 0
3 80 1070 1445 3277 1 1 0 0 0 0 0 0
3 3379 3470 3380 3651 0 0 0 0 0 0 0
3 2981 3474 3470 3646 0 0 0 0 0 0 0
3 1851 1854 1853 3404 0 0 0 0 0 0 0
3 1853 1854 2700 3474 0 0 0 0 0 0 0
3 152 232 231 2659 1 147 0 0 0 0 0 0
3 151 233 165 2656 1 147 0 0 0 0 0 0
3 81 163 150 3707 1 147 0 0 0 0 0 0
3 2972 2981 3470 3646 0 0 0 0 0 0 0
3 2993 3472 3706 3708 0 0 0 0 0 0 0
3 2616 2658 2660 3283 0 0 0 0 0 0 0
3 1853 3402 3404 3474 0 0 0 0 0 0 0
3 2993 3404 3402 3474 0 0 0 0 0 0 0
3 2981 2993 3402 3474 0 0 0 0 0 0 0
3 1839 3709 3014 3710 0 0 0 0 0 0 0
3 3014 3709 3305 3710 0 0 0 0 0 0 0
3 1281 3351 3679 3682 0 0 0 0 0 0 0
3 1258 1286 1264 3635 1 135 0 0 0 0 0 0
3 1977 1990 1991 2731 0 0 0 0 0 0 0
3 3110 3711 3710 3712 0 0 0 0 0 0 0
3 3026 3451 3481 3711 0 0 0 0 0 0 0
3 379 2258 2256 3487 0 0 0 0 0 0 0
3 3026 3483 3451 3711 0 0 0 0 0 0 0
3 602 603 661 1410 3 141 1 17 0 0 0 0 0
3 3110 3112 3710 3711 0 0 0 0 0 0 0
3 1935 1982 2106 2234 0 0 0 0 0 0 0
3 2007 2009 2008 2107 0 0 0 0 0 0 0
3 2007 2348 2692 3475 0 0 0 0 0 0 0
3 2007 2107 2008 2370 0 0 0 0 0 0 0
3 2007 2370 2008 2793 0 0 0 0 0 0 0
3 603 604 662 1426 3 141 1 17 0 0 0 0 0
3 1950 2107 2007 2692 0 0 0 0 0 0 0
3 2007 2348 2275 2692 0 0 0 0 0 0 0
3 1410 1424 1468 3337 1 1 0 0 0 0 0 0
3 442 479 3377 3382 0 0 0 0 0 0 0
3 1630 1633 3381 3382 0 0 0 0 0 0 0
3 526 1633 1631 3382 1 263 0 0 0 0 0 0
3 2304 2313 2307 2314 0 0 0 0 0 0 0
3 2311 2314 2476 2849 0 0 0 0 0 0 0
3 2707 2892 2893 2894 0 0 0 0 0 0 0
3 2311 2849 3024 3368 0 0 0 0 0 0 0
3 2305 2311 3162 3225 0 0 0 0 0 0 0
3 3713 3714 3715 3716 0 0 0 0 0 0 0
3 3714 3717 3715 3718 0 0 0 0 0 0 0
3 2087 2456 3159 3240 0 0 0 0 0 0 0
3 86 156 129 2894 1 147 0 0 0 0 0 0
3 1465 1477 1468 3529 1 1 0 0 0 0 0 0
3 490 1618 522 3411 0 0 0 0 0 0 0
3 1605 3714 3306 3716 0 0 0 0 0 0 0
3 177 3714 1591 3717 0 0 0 0 0 0 0
3 1463 3241 2581 3719 0 0 0 0 0 0 0
3 1839 3710 3014 3714 0 0 0 0 0 0 0
3 177 1839 3014 3714 0 0 0 0 0 0 0
3 695 766 757 3246 1 141 0 0 0 0 0 0
3 2800 2855 2853 3230 0 0 0 0 0 0 0
3 1190 1259 1192 3664 1 135 0 0 0 0 0 0
3 1743 1991 1990 3579 0 0 0 0 0 0 0
3 1191 1192 1258 3720 1 135 0 0 0 0 0 0
3 379 2256 388 3487 0 0 0 0 0 0 0
3 2329 2851 2853 3231 0 0 0 0 0 0 0
3 2058 3375 2708 3378 0 0 0 0 0 0 0
3 1064 1126 1135 3721 1 135 0 0 0 0 0 0
3 1941 2103 2363 2870 0 0 0 0 0 0 0
3 654 697 698 3722 1 141 0 0 0 0 0 0
3 1880 2851 1927 2853 0 0 0 0 0 0 0
3 2569 2667 3194 3723 0 0 0 0 0 0 0
3 699 765 764 3665 1 141 0 0 0 0 0 0
3 2422 2439 2435 2440 0 0 0 0 0 0 0
3 661 692 693 3491 1 141 0 0 0 0 0 0
3 1486 1491 1492 3407 1 1 0 0 0 0 0 0
3 1449 1450 1488 2738 1 1 0 0 0 0 0 0
3 2675 3638 3452 3663 0 0 0 0 0 0 0
3 692 769 768 3544 1 141 0 0 0 0 0 0
3 1892 2174 2168 2178 0 0 0 0 0 0 0
3 798 2271 3724 3725 0 0 0 0 0 0 0
3 1184 3489 1267 3726 0 0 0 0 0 0 0
3 2569 2872 2667 3723 0 0 0 0 0 0 0
3 1217 1234 1218 2638 1 135 0 0 0 0 0 0
3 1499 1556 1555 3608 1 75 0 0 0 0 0 0
3 2099 2100 2101 2103 0 0 0 0 0 0 0
3 1860 2090 1865 2093 0 0 0 0 0 0 0
3 1946 3727 2601 3728 0 0 0 0 0 0 0
3 2432 3120 2854 3413 0 0 0 0 0 0 0
3 1109 1211 1215 3607 1 135 0 0 0 0 0 0
3 2432 3163 2433 3216 0 0 0 0 0 0 0
3 1052 1499 1500 3729 1 75 0 0 0 0 0 0
3 2432 2440 2433 3163 0 0 0 0 0 0 0
3 1056 1099 1495 2633 0 0 0 0 0 0 0
3 3035 3339 3189 3413 0 0 0 0 0 0 0
3 1051 1112 1052 1500 9 135 75 0 0 77 0 0 0
3 1222 1231 1244 3730 1 135 0 0 0 0 0 0
3 641 709 708 3037 1 141 0 0 0 0 0 0
3 2772 3409 3189 3413 0 0 0 0 0 0 0
3 3035 3339 3413 3529 0 0 0 0 0 0 0
3 3035 3216 3413 3731 0 0 0 0 0 0 0
3 2772 3189 3120 3413 0 0 0 0 0 0 0
3 2773 3409 3413 3731 0 0 0 0 0 0 0
3 423 450 448 2957 1 145 0 0 0 0 0 0
3 751 806 805 2159 1 141 0 0 0 0 0 0
3 1047 1156 1160 2474 1 135 0 0 0 0 0 0
3 1276 2813 2814 2878 0 0 0 0 0 0 0
3 244 3140 257 3150 0 0 0 0 0 0 0
3 3309 3398 3399 3405 0 0 0 0 0 0 0
3 2054 3399 3732 3733 0 0 0 0 0 0 0
3 568 1525 636 3155 0 0 0 0 0 0 0
3 3372 3401 3399 3733 0 0 0 0 0 0 0
3 3398 3400 3399 3405 0 0 0 0 0 0 0
3 2344 2345 2346 2734 0 0 0 0 0 0 0
3 2275 2344 2345 2346 0 0 0 0 0 0 0
3 1905 2090 2092 2199 0 0 0 0 0 0 0
3 635 714 636 3597 1 141 0 0 0 0 0 0
3 1750 2034 2184 2652 0 0 0 0 0 0 0
3 631 717 632 3734 1 141 0 0 0 0 0 0
3 2024 2344 2550 2733 0 0 0 0 0 0 0
3 1766 2080 1770 2376 0 0 0 0 0 0 0
3 2024 2184 2344 2732 0 0 0 0 0 0 0
3 49 171 50 1514 9 147 75 0 0 101 0 0 0
3 302 351 2149 2150 0 0 0 0 0 0 0
3 3648 3676 3679 3735 0 0 0 0 0 0 0
3 1743 1990 2857 2861 0 0 0 0 0 0 0
3 510 679 680 2981 1 141 0 0 0 0 0 0
3 3648 3676 3735 3736 0 0 0 0 0 0 0
3 2515 2516 3680 3683 0 0 0 0 0 0 0
3 2515 3345 3682 3683 0 0 0 0 0 0 0
3 2515 3683 3736 3737 0 0 0 0 0 0 0
3 135 1511 3545 3738 0 0 0 0 0 0 0
3 2614 2657 2661 2711 0 0 0 0 0 0 0
3 2616 2657 2658 3739 0 0 0 0 0 0 0
3 2290 2619 2291 2739 0 0 0 0 0 0 0
3 2291 3303 2615 3596 0 0 0 0 0 0 0
3 1505 1533 1519 3472 1 75 0 0 0 0 0 0
3 2614 2615 2616 2660 0 0 0 0 0 0 0
3 2616 2658 3284 3739 0 0 0 0 0 0 0
3 489 490 522 3411 1 143 131 0 0 0 0 0
3 2616 3282 2619 3284 0 0 0 0 0 0 0
3 2353 2499 2553 3740 0 0 0 0 0 0 0
3 806 3522 3464 3598 0 0 0 0 0 0 0
3 19 2956 511 3471 0 0 0 131 0 0 0
3 2077 2278 2276 2353 0 0 0 0 0 0 0
3 19 486 511 1507 3 143 75 93 0 131 0 0 0
3 19 1505 2956 3471 0 0 0 0 0 0 0
3 2077 2081 2352 2354 0 0 0 0 0 0 0
3 450 471 482 2286 1 145 0 0 0 0 0 0
3 2077 2352 2353 3041 0 0 0 0 0 0 0
3 79 1507 148 2957 0 0 0 0 0 0 0
3 55 136 190 3706 1 147 0 0 0 0 0 0
3 2956 2965 2972 3706 0 0 0 0 0 0 0
3 2353 2553 2499 2606 0 0 0 0 0 0 0
3 3451 3483 3709 3711 0 0 0 0 0 0 0
3 2305 3061 2312 3225 0 0 0 0 0 0 0
3 3026 3451 3061 3481 0 0 0 0 0 0 0
3 54 136 3108 3708 0 0 0 0 0 0 0
3 2956 2957 2958 3001 0 0 0 0 0 0 0
3 204 2961 2959 3270 0 0 0 0 0 0 0
3 570 639 1528 2906 0 0 0 0 0 0 0
3 713 752 753 2885 1 141 0 0 0 0 0 0
3 2632 3411 3243 3741 0 0 0 0 0 0 0
3 1567 1581 1568 3612 1 75 0 0 0 0 0 0
3 752 804 753 2887 1 141 0 0 0 0 0 0
3 1203 3299 1205 3473 0 0 0 0 0 0 0
3 1527 1538 1539 2747 1 75 0 0 0 0 0 0
3 3026 3481 3111 3711 0 0 0 0 0 0 0
3 637 712 638 2983 1 141 0 0 0 0 0 0
3 1541 2503 3442 3742 0 0 0 0 0 0 0
3 2378 2828 2827 3394 0 0 0 0 0 0 0
3 1524 1525 1541 2503 1 75 0 0 0 0 0 0
3 2386 2718 2717 2791 0 0 0 0 0 0 0
3 3564 3566 3743 3744 0 0 0 0 0 0 0
3 748 786 749 3745 1 141 0 0 0 0 0 0
3 1543 1570 1559 2839 1 75 0 0 0 0 0 0
3 1853 3272 3057 3273 0 0 0 0 0 0 0
3 750 807 806 3522 1 141 0 0 0 0 0 0
3 787 819 807 3055 1 141 0 0 0 0 0 0
3 2806 2830 3564 3566 0 0 0 0 0 0 0
3 2830 3566 3569 3743 0 0 0 0 0 0 0
3 1102 1217 1218 3746 1 135 0 0 0 0 0 0
3 2377 2378 2806 3566 0 0 0 0 0 0 0
3 1558 1561 1562 3747 1 75 0 0 0 0 0 0
3 717 3059 3060 3734 0 0 0 0 0 0 0
3 2632 3157 3411 3616 0 0 0 0 0 0 0
3 1559 1570 1566 2938 1 75 0 0 0 0 0 0
3 1549 3435 1550 3748 0 0 0 0 0 0 0
3 2169 2624 2170 2812 0 0 0 0 0 0 0
3 1832 2237 2238 2263 0 0 0 0 0 0 0
3 1512 1552 1551 2939 1 75 0 0 0 0 0 0
3 1550 1566 1567 3749 1 75 0 0 0 0 0 0
3 1750 1752 2187 2279 0 0 0 0 0 0 0
3 1513 1551 1550 2934 1 75 0 0 0 0 0 0
3 1832 2170 2236 2237 0 0 0 0 0 0 0
3 2238 2636 2963 3084 0 0 0 0 0 0 0
3 2565 3540 2721 3601 0 0 0 0 0 0 0
3 2640 3363 3084 3589 0 0 0 0 0 0 0
3 6 44 67 1584 3 147 311 304 0 0 0 0 0
3 67 459 68 1584 1 145 0 0 133 0 0 0
3 539 544 545 3144 1 143 0 0 0 0 0 0
3 433 434 473 544 3 145 143 132 0 0 0 0 0
3 114 144 115 1596 9 147 311 0 0 304 0 0 0
3 177 238 293 3717 1 147 0 0 0 0 0 0
3 2963 3084 3362 3750 0 0 0 0 0 0 0
3 2319 2320 2322 3515 0 0 0 0 0 0 0
3 2322 2450 3053 3251 0 0 0 0 0 0 0
3 1164 1990 2857 3617 0 0 0 0 0 0 0
3 2854 3163 3413 3529 0 0 0 0 0 0 0
3 501 3009 546 3010 0 0 0 0 0 0 0
3 2771 2775 2774 2777 0 0 0 0 0 0 0
3 2775 2777 2776 2976 0 0 0 0 0 0 0
3 1798 1903 2259 2462 0 0 0 0 0 0 0
3 2762 2865 2867 2895 0 0 0 0 0 0 0
3 1164 2857 1990 2861 0 0 0 0 0 0 0
3 2867 2880 2881 2895 0 0 0 0 0 0 0
3 496 666 497 3152 1 141 0 0 131 0 0 0
3 2434 2715 2760 2844 0 0 0 0 0 0 0
3 1594 2242 1602 3751 0 0 0 0 0 0 0
3 2432 2772 2867 3120 0 0 0 0 0 0 0
3 1588 1601 3144 3752 0 0 0 0 0 0 0
3 2432 2854 3163 3413 0 0 0 0 0 0 0
3 2125 2790 2127 3753 0 0 0 0 0 0 0
3 1922 3102 2916 3173 0 0 0 0 0 0 0
3 2125 2916 2359 2998 0 0 0 0 0 0 0
3 614 730 615 3449 1 141 0 0 0 0 0 0
3 1593 1604 3019 3718 0 0 0 0 0 0 0
3 1619 1626 1621 1944 1 287 0 0 0 0 0 0
3 497 667 498 3110 1 141 0 0 131 0 0 0
3 1801 1807 1803 2289 0 0 0 0 0 0 0
3 247 293 328 3709 1 147 0 0 0 0 0 0
3 247 294 3014 3305 0 0 0 0 0 0 0
3 1913 2127 2128 2790 0 0 0 0 0 0 0
3 2120 2123 2125 2916 0 0 0 0 0 0 0
3 1921 2125 2127 3753 0 0 0 0 0 0 0
3 2222 2655 3500 3754 0 0 0 0 0 0 0
3 3 40 1616 1896 1 287 280 0 0 0 0 0
3 2222 2538 2650 3754 0 0 0 0 0 0 0
3 249 254 2610 3164 0 0 0 0 0 0 0
3 254 357 270 3414 1 147 0 0 0 0 0 0
3 62 1619 121 1628 4 287 0 0 0 0 0 0
3 1976 1977 1991 2729 0 0 0 0 0 0 0
3 2413 2538 2537 2678 0 0 0 0 0 0 0
3 1990 1991 2731 3579 0 0 0 0 0 0 0
3 59 119 139 2931 1 147 0 0 0 0 0 0
3 2413 2548 2538 2664 0 0 0 0 0 0 0
3 2222 2538 2560 2650 0 0 0 0 0 0 0
3 1959 2222 2413 2678 0 0 0 0 0 0 0
3 2115 2259 2622 3487 0 0 0 0 0 0 0
3 1773 2101 2622 3486 0 0 0 0 0 0 0
3 1607 1613 1622 3755 1 287 0 0 0 0 0 0
3 2114 2622 3168 3487 0 0 0 0 0 0 0
3 426 427 452 1625 1 145 132 0 0 0 0 0
3 1123 1977 1990 1992 0 0 0 0 0 0 0
3 1875 1876 2331 2800 0 0 0 0 0 0 0
3 2622 2870 3168 3696 0 0 0 0 0 0 0
3 2101 2870 2622 3696 0 0 0 0 0 0 0
3 61 452 453 1614 1 145 0 0 0 0 0 0
3 3191 3421 3426 3427 0 0 0 0 0 0 0
3 3421 3756 3430 3757 0 0 0 0 0 0 0
3 490 1898 1618 3411 0 0 0 0 0 0 0
3 3415 3422 3423 3427 0 0 0 0 0 0 0
3 2212 2868 2215 3426 0 0 0 0 0 0 0
3 467 479 468 1850 1 145 0 0 0 0 0 0
3 480 1630 1631 1632 4 263 0 0 0 0 0 0
3 1 127 196 1637 3 147 263 256 0 0 0 0 0
3 2212 2977 2868 3415 0 0 0 0 0 0 0
3 3070 3757 3756 3758 0 0 0 0 0 0 0
3 132 3258 1850 3381 0 0 0 0 0 0 0
3 467 479 1850 3377 0 0 0 0 0 0 0
3 2476 3257 3070 3759 0 0 0 0 0 0 0
3 2959 2961 2960 3270 0 0 0 0 0 0 0
3 2476 2848 3254 3759 0 0 0 0 0 0 0
3 2476 3254 3257 3759 0 0 0 0 0 0 0
3 507 677 508 3357 1 141 0 0 131 0 0 0
3 3070 3077 3757 3758 0 0 0 0 0 0 0
3 2523 2585 2590 3074 0 0 0 0 0 0 0
3 194 259 203 2964 1 147 0 0 0 0 0 0
3 508 1640 3760 3761 0 0 0 0 0 0 0
3 290 2155 2154 3762 0 0 0 0 0 0 0
3 2525 2590 2835 3437 0 0 0 0 0 0 0
3 2518 2584 2523 3074 0 0 0 0 0 0 0
3 1638 1649 1641 2961 1 263 0 0 0 0 0 0
3 136 242 190 3706 1 147 0 0 0 0 0 0
3 137 2961 2957 3001 0 0 0 0 0 0 0
3 2950 3433 2951 3469 0 0 0 0 0 0 0
3 1636 2960 3369 3370 0 0 0 0 0 0 0
3 243 244 258 3150 1 147 0 0 0 0 0 0
3 2837 3208 3074 3509 0 0 0 0 0 0 0
3 2948 3074 3208 3509 0 0 0 0 0 0 0
3 2211 2212 2215 3430 0 0 0 0 0 0 0
3 1075 1663 1152 3648 0 0 0 0 0 0 0
3 2211 3421 3430 3757 0 0 0 0 0 0 0
3 587 3568 1657 3677 0 0 0 0 0 0 0
3 2212 2214 2215 2868 0 0 0 0 0 0 0
3 2212 2213 2896 3763 0 0 0 0 0 0 0
3 210 3762 3764 3765 0 0 0 0 0 0 0
3 668 681 2505 3502 0 0 0 0 0 0 0
3 62 131 1619 1944 0 0 0 0 0 0 0
3 2215 3426 2868 3431 0 0 0 0 0 0 0
3 3191 3426 3430 3431 0 0 0 0 0 0 0
3 2212 2866 2868 2977 0 0 0 0 0 0 0
3 1659 3176 1996 3766 0 0 0 0 0 0 0
3 2810 2811 3444 3445 0 0 0 0 0 0 0
3 925 1023 1997 2031 0 0 0 0 0 0 0
3 681 779 696 3767 1 141 0 0 0 0 0 0
3 1072 1655 1137 2443 0 0 0 0 0 0 0
3 1697 2430 2428 3626 0 0 0 0 0 0 0
3 2451 2811 2863 3088 0 0 0 0 0 0 0
3 1040 1692 1690 1694 4 432 0 0 0 0 0 0
3 1001 1043 1039 1675 0 0 0 0 0 0 0
3 999 1155 1000 3175 1 135 0 0 128 0 0 0
3 909 930 1029 1677 0 0 0 0 0 0 0
3 2811 2863 3184 3445 0 0 0 0 0 0 0
3 2810 2859 2863 3445 0 0 0 0 0 0 0
3 2810 2859 3323 3397 0 0 0 0 0 0 0
3 1230 1306 1231 2862 1 135 0 0 0 0 0 0
3 2066 2809 2810 3324 0 0 0 0 0 0 0
3 25 909 931 1029 1 139 429 0 0 0 0 0
3 2859 3445 3444 3654 0 0 0 0 0 0 0
3 2811 2863 3088 3184 0 0 0 0 0 0 0
3 2065 2379 2377 2811 0 0 0 0 0 0 0
3 1029 1677 1676 1678 4 432 0 0 0 0 0 0
3 1679 1691 3392 3649 0 0 0 0 0 0 0
3 1028 1676 1029 1677 0 0 0 0 0 0 0
3 1175 1272 1273 3603 1 135 0 0 0 0 0 0
3 2065 2067 2377 2379 0 0 0 0 0 0 0
3 2261 3008 2570 3012 0 0 0 0 0 0 0
3 1082 1095 1161 2429 1 135 0 0 0 0 0 0
3 1915 1923 1918 2248 0 0 0 0 0 0 0
3 3091 3764 3563 3765 0 0 0 0 0 0 0
3 616 727 728 3177 1 141 0 0 0 0 0 0
3 2469 2471 2470 2860 0 0 0 0 0 0 0
3 1915 2417 2407 3479 0 0 0 0 0 0 0
3 1918 2248 1923 2945 0 0 0 0 0 0 0
3 1915 2361 2417 2820 0 0 0 0 0 0 0
3 2859 3323 3397 3654 0 0 0 0 0 0 0
3 1305 1312 3086 3184 0 0 0 0 0 0 0
3 2248 2945 2254 3287 0 0 0 0 0 0 0
3 1915 2943 3286 3485 0 0 0 0 0 0 0
3 1915 2943 1923 3286 0 0 0 0 0 0 0
3 1811 1812 1972 2117 0 0 0 0 0 0 0
3 1157 1175 1159 3156 1 135 0 0 0 0 0 0
3 982 983 1031 1228 3 137 135 128 0 0 0 0 0
3 1815 2018 2213 2663 0 0 0 0 0 0 0
3 33 984 983 1032 5 135 137 0 128 0 0 0 0
3 2115 2116 2207 3527 0 0 0 0 0 0 0
3 579 952 967 3021 1 139 0 0 0 0 0 0
3 2119 2208 2211 2213 0 0 0 0 0 0 0
3 1089 1168 1169 1705 1 135 0 0 0 0 0 0
3 2677 2722 2753 3580 0 0 0 0 0 0 0
3 1705 1712 1719 2676 1 414 0 0 0 0 0 0
3 986 1166 2677 3581 0 0 0 0 0 0 0
3 1866 2102 2218 2219 0 0 0 0 0 0 0
3 1713 1719 2677 3581 0 0 0 0 0 0 0
3 1169 1712 1705 2676 0 0 0 0 0 0 0
3 1820 2295 2296 2298 0 0 0 0 0 0 0
3 2883 3329 3020 3463 0 0 0 0 0 0 0
3 1091 1712 1133 2677 0 0 0 0 0 0 0
3 916 917 965 1013 3 139 137 129 0 0 0 0 0
3 2158 2722 3021 3580 0 0 0 0 0 0 0
3 1013 1033 1034 3581 1 137 0 0 0 0 0 0
3 2632 3157 2651 3411 0 0 0 0 0 0 0
3 987 1034 1162 2754 0 0 0 0 0 0 0
3 965 1013 2357 3580 0 0 0 0 0 0 0
3 953 1706 1719 3580 1 414 0 0 0 0 0 0
3 2009 2153 2112 2364 0 0 0 0 0 0 0
3 2276 2644 2277 2646 0 0 0 0 0 0 0
3 956 2357 2753 3580 0 0 0 0 0 0 0
3 1173 1178 2676 2722 0 0 0 0 0 0 0
3 2012 3358 2348 3523 0 0 0 0 0 0 0
3 2007 2348 3475 3523 0 0 0 0 0 0 0
3 1784 2061 2569 3002 0 0 0 0 0 0 0
3 1134 2075 1437 3645 0 0 0 0 0 0 0
3 2571 3552 2872 3723 0 0 0 0 0 0 0
3 1783 3008 2569 3192 0 0 0 0 0 0 0
3 2569 2570 2571 3008 0 0 0 0 0 0 0
3 2022 2803 2872 2873 0 0 0 0 0 0 0
3 115 145 1593 3019 0 0 0 0 0 0 0
3 2244 3710 3014 3768 0 0 0 0 0 0 0
3 145 238 177 3717 1 147 0 0 0 0 0 0
3 116 177 117 1591 9 147 311 0 0 304 0 0 0
3 2577 3379 2579 3380 0 0 0 0 0 0 0
3 1851 2578 1854 3140 0 0 0 0 0 0 0
3 1854 3379 2700 3474 0 0 0 0 0 0 0
3 1854 3150 3380 3474 0 0 0 0 0 0 0
3 2980 3563 3091 3764 0 0 0 0 0 0 0
3 2980 3325 3563 3762 0 0 0 0 0 0 0
3 500 501 546 3010 1 143 131 0 0 0 0 0
3 2937 2939 3380 3546 0 0 0 0 0 0 0
3 145 198 238 3236 1 147 0 0 0 0 0 0
3 2937 3380 3140 3546 0 0 0 0 0 0 0
3 2155 3656 3325 3762 0 0 0 0 0 0 0
3 2584 2924 2953 3533 0 0 0 0 0 0 0
3 2583 2585 2584 3074 0 0 0 0 0 0 0
3 2584 2953 2924 3769 0 0 0 0 0 0 0
3 2584 3770 3769 3771 0 0 0 0 0 0 0
3 2583 3770 2584 3771 0 0 0 0 0 0 0
3 78 137 189 2286 1 147 0 0 0 0 0 0
3 137 193 189 2961 1 147 0 0 0 0 0 0
3 2522 2584 2953 3533 0 0 0 0 0 0 0
3 1640 1642 1650 3761 1 263 0 0 0 0 0 0
3 924 941 1664 1670 4 450 0 0 0 0 0 0
3 723 3532 743 3772 0 0 0 0 0 0 0
3 2032 2044 3351 3679 0 0 0 0 0 0 0
3 2032 2044 3343 3351 0 0 0 0 0 0 0
3 1641 1649 2286 2961 0 0 0 0 0 0 0
3 1266 3351 2044 3679 0 0 0 0 0 0 0
3 1266 2033 1281 3679 0 0 0 0 0 0 0
3 2058 3638 3375 3772 0 0 0 0 0 0 0
3 2032 3679 3735 3766 0 0 0 0 0 0 0
3 3676 3683 3682 3735 0 0 0 0 0 0 0
3 55 1508 1519 3706 1 75 0 0 0 0 0 0
3 1233 1234 1254 2637 1 135 0 0 0 0 0 0
3 2033 3648 3679 3766 0 0 0 0 0 0 0
3 1177 3648 3676 3679 0 0 0 0 0 0 0
3 3351 3679 3682 3735 0 0 0 0 0 0 0
3 2306 2479 2478 2914 0 0 0 0 0 0 0
3 2278 2353 2500 2606 0 0 0 0 0 0 0
3 1766 2028 2081 2376 0 0 0 0 0 0 0
3 222 234 272 3361 1 147 0 0 0 0 0 0
3 2079 2084 2082 2882 0 0 0 0 0 0 0
3 2078 3041 2276 3329 0 0 0 0 0 0 0
3 2077 2078 2082 3041 0 0 0 0 0 0 0
3 2019 2628 2194 2663 0 0 0 0 0 0 0
3 2077 2082 2080 2354 0 0 0 0 0 0 0
3 5 118 187 1592 3 147 311 304 0 0 0 0 0
3 118 134 187 2245 1 147 0 0 0 0 0 0
3 327 328 330 3483 1 147 0 0 0 0 0 0
3 2014 2207 2193 2257 0 0 0 0 0 0 0
3 2274 3338 3121 3543 0 0 0 0 0 0 0
3 2207 2215 2214 3262 0 0 0 0 0 0 0
3 2865 3317 3121 3342 0 0 0 0 0 0 0
3 2207 2255 2214 2493 0 0 0 0 0 0 0
3 116 145 1591 1593 8 311 0 0 0 0 0 0
3 2214 2868 2869 3320 0 0 0 0 0 0 0
3 2775 2869 2868 2976 0 0 0 0 0 0 0
3 2663 3694 2974 3773 0 0 0 0 0 0 0
3 2420 2867 2865 3120 0 0 0 0 0 0 0
3 2272 3121 2865 3317 0 0 0 0 0 0 0
3 2274 2854 2420 3121 0 0 0 0 0 0 0
3 44 140 1584 1601 8 311 0 0 0 0 0 0
3 2422 2423 2435 2439 0 0 0 0 0 0 0
3 1414 1463 1421 2581 1 1 0 0 0 0 0 0
3 1412 1447 1463 3241 1 1 0 0 0 0 0 0
3 2423 2435 2439 2942 0 0 0 0 0 0 0
3 160 1416 2457 2782 0 0 0 0 0 0 0
3 2610 3244 3164 3247 0 0 0 0 0 0 0
3 160 161 199 2456 1 147 0 0 0 0 0 0
3 2628 2915 2663 3694 0 0 0 0 0 0 0
3 2309 2478 2490 3346 0 0 0 0 0 0 0
3 688 3050 3047 3371 0 0 0 0 0 0 0
3 2959 2973 2966 3004 0 0 0 0 0 0 0
3 197 295 202 3733 1 147 0 0 0 0 0 0
3 2308 2552 2310 2850 0 0 0 0 0 0 0
3 126 1635 1650 3370 1 263 0 0 0 0 0 0
3 743 3772 3532 3774 0 0 0 0 0 0 0
3 2551 3279 3406 3407 0 0 0 0 0 0 0
3 2047 3199 2287 3279 0 0 0 0 0 0 0
3 505 3310 3256 3775 0 0 0 0 0 0 0
3 2287 3279 3199 3776 0 0 0 0 0 0 0
3 194 203 197 3777 1 147 0 0 0 0 0 0
3 2048 2189 2288 2529 0 0 0 0 0 0 0
3 2046 3209 2047 3643 0 0 0 0 0 0 0
3 1868 2049 2047 2050 0 0 0 0 0 0 0
3 127 196 1637 3143 0 0 0 0 0 0 0
3 197 203 295 3733 1 147 0 0 0 0 0 0
3 1639 1647 3310 3778 0 0 0 0 0 0 0
3 203 259 321 3373 1 147 0 0 0 0 0 0
3 2047 3407 2050 3643 0 0 0 0 0 0 0
3 1510 1519 1533 3108 1 75 0 0 0 0 0 0
3 2047 2288 2287 3199 0 0 0 0 0 0 0
3 509 679 2981 3558 0 0 0 0 0 0 0
3 55 1519 136 3706 0 0 0 0 0 0 0
3 1505 1519 1508 3472 1 75 0 0 0 0 0 0
3 293 1839 1840 3709 0 0 0 0 0 0 0
3 511 2956 2972 3471 0 0 0 0 0 0 0
3 1839 3388 1840 3709 0 0 0 0 0 0 0
3 326 358 1840 3388 0 0 0 0 0 0 0
3 677 685 684 3779 1 141 0 0 0 0 0 0
3 328 1840 358 3388 0 0 0 0 0 0 0
3 1636 1650 1642 2960 1 263 0 0 0 0 0 0
3 1838 1840 3249 3717 0 0 0 0 0 0 0
3 272 288 273 3780 1 147 0 0 0 0 0 0
3 1838 1839 1840 3717 0 0 0 0 0 0 0
3 105 186 182 2875 1 147 0 0 0 0 0 0
3 110 181 111 1122 9 147 135 0 0 127 0 0 0
3 1572 3462 1581 3781 0 0 0 0 0 0 0
3 210 290 286 3764 1 147 0 0 0 0 0 0
3 364 372 404 2736 1 147 0 0 0 0 0 0
3 238 326 1840 3249 0 0 0 0 0 0 0
3 195 205 210 3782 1 147 0 0 0 0 0 0
3 205 290 210 3762 1 147 0 0 0 0 0 0
3 238 3249 1840 3717 0 0 0 0 0 0 0
3 2506 2514 2515 3502 0 0 0 0 0 0 0
3 2506 2514 3502 3690 0 0 0 0 0 0 0
3 2506 2507 2512 3783 0 0 0 0 0 0 0
3 899 905 906 3605 1 141 0 0 0 0 0 0
3 1954 1955 2506 3784 0 0 0 0 0 0 0
3 2505 2506 3767 3783 0 0 0 0 0 0 0
3 697 2058 723 3772 0 0 0 0 0 0 0
3 81 1428 1427 3707 1 1 0 0 0 0 0 0
3 10 93 1070 3277 1 135 127 0 29 0 0 0
3 93 1103 1070 3277 1 135 0 0 0 0 0 0
3 267 3295 3089 3312 0 0 0 0 0 0 0
3 1214 1237 1216 3785 1 135 0 0 0 0 0 0
3 1835 2181 1975 2183 0 0 0 0 0 0 0
3 2633 2636 2639 3363 0 0 0 0 0 0 0
3 2633 2634 2636 3115 0 0 0 0 0 0 0
3 2638 2642 2639 3786 0 0 0 0 0 0 0
3 229 230 3295 3556 0 0 0 0 0 0 0
3 265 297 266 3089 1 147 0 0 0 0 0 0
3 492 648 649 3787 1 141 0 0 0 0 0 0
3 2262 2484 3084 3788 0 0 0 0 0 0 0
3 2636 2640 2639 3363 0 0 0 0 0 0 0
3 766 2880 2879 3246 0 0 0 0 0 0 0
3 2640 3084 3588 3589 0 0 0 0 0 0 0
3 795 839 796 3260 1 141 0 0 0 0 0 0
3 2581 2610 2582 2778 0 0 0 0 0 0 0
3 759 782 801 2881 1 141 0 0 0 0 0 0
3 2236 2640 3084 3588 0 0 0 0 0 0 0
3 757 766 758 2879 1 141 0 0 0 0 0 0
3 705 758 759 3318 1 141 0 0 0 0 0 0
3 2236 2637 2640 3588 0 0 0 0 0 0 0
3 48 1515 1516 3263 1 75 0 0 0 0 0 0
3 2444 2491 2565 3600 0 0 0 0 0 0 0
3 2488 3600 3223 3789 0 0 0 0 0 0 0
3 209 210 286 3764 1 147 0 0 0 0 0 0
3 210 3762 290 3764 0 0 0 0 0 0 0
3 207 3750 3362 3790 0 0 0 0 0 0 0
3 2444 3122 3223 3605 0 0 0 0 0 0 0
3 2487 2488 2630 2758 0 0 0 0 0 0 0
3 2789 3791 3523 3792 0 0 0 0 0 0 0
3 2488 2630 2758 3223 0 0 0 0 0 0 0
3 2330 2758 2630 3223 0 0 0 0 0 0 0
3 175 218 213 3148 1 147 0 0 0 0 0 0
3 2330 2446 3122 3223 0 0 0 0 0 0 0
3 222 272 273 3780 1 147 0 0 0 0 0 0
3 46 162 47 3512 1 147 0 0 101 0 0 0
3 221 273 276 2791 1 147 0 0 0 0 0 0
3 2594 2595 2649 3436 0 0 0 0 0 0 0
3 181 207 234 3362 1 147 0 0 0 0 0 0
3 301 351 341 2149 1 147 0 0 0 0 0 0
3 2531 2648 2595 3180 0 0 0 0 0 0 0
3 2531 2595 2596 3180 0 0 0 0 0 0 0
3 1251 1290 1291 3275 1 135 0 0 0 0 0 0
3 1958 2132 1959 2560 0 0 0 0 0 0 0
3 1967 1970 2317 2318 0 0 0 0 0 0 0
3 2705 2927 2706 3532 0 0 0 0 0 0 0
3 1970 2318 2146 2530 0 0 0 0 0 0 0
3 396 3341 408 3498 0 0 0 0 0 0 0
3 211 212 285 2502 1 147 0 0 0 0 0 0
3 2163 2164 2764 3693 0 0 0 0 0 0 0
3 2164 2168 2766 3139 0 0 0 0 0 0 0
3 39 75 1629 1850 0 0 0 0 0 0 0
3 363 397 398 3497 1 147 0 0 0 0 0 0
3 1953 2397 2166 2996 0 0 0 0 0 0 0
3 2280 2805 2568 2828 0 0 0 0 0 0 0
3 854 871 887 3235 1 141 0 0 0 0 0 0
3 2494 2568 2697 3013 0 0 0 0 0 0 0
3 2298 2757 2759 3793 0 0 0 0 0 0 0
3 889 896 895 2527 1 141 0 0 0 0 0 0
3 466 3228 478 3258 0 0 0 0 0 0 0
3 2567 2828 2568 3794 0 0 0 0 0 0 0
3 3056 3745 3060 3795 0 0 0 0 0 0 0
3 2566 2567 2568 3794 0 0 0 0 0 0 0
3 2566 2567 3794 3796 0 0 0 0 0 0 0
3 2566 2805 2969 3441 0 0 0 0 0 0 0
3 3357 3558 3761 3797 0 0 0 0 0 0 0
3 509 679 510 2981 1 141 0 0 131 0 0 0
3 3357 3761 3760 3797 0 0 0 0 0 0 0
3 697 3638 2058 3772 0 0 0 0 0 0 0
3 3184 3444 3798 3799 0 0 0 0 0 0 0
3 321 322 333 3405 1 147 0 0 0 0 0 0
3 3647 3655 3798 3800 0 0 0 0 0 0 0
3 257 322 258 1851 1 147 0 0 0 0 0 0
3 3444 3798 3799 3801 0 0 0 0 0 0 0
3 3549 3603 3798 3800 0 0 0 0 0 0 0
3 3184 3799 3798 3802 0 0 0 0 0 0 0
3 1479 1480 1494 2816 1 1 0 0 0 0 0 0
3 1417 1460 1459 3280 1 1 0 0 0 0 0 0
3 839 857 858 3803 1 141 0 0 0 0 0 0
3 3549 3603 3602 3798 0 0 0 0 0 0 0
3 1235 1237 1261 3804 1 135 0 0 0 0 0 0
3 801 837 834 2898 1 141 0 0 0 0 0 0
3 263 298 317 3237 1 147 0 0 0 0 0 0
3 1922 2673 3408 3614 0 0 0 0 0 0 0
3 615 729 672 3050 1 141 0 0 0 0 0 0
3 1971 3352 2551 3408 0 0 0 0 0 0 0
3 615 730 729 3050 1 141 0 0 0 0 0 0
3 1922 3408 3172 3614 0 0 0 0 0 0 0
3 1922 3173 3172 3408 0 0 0 0 0 0 0
3 316 317 336 3238 1 147 0 0 0 0 0 0
3 1971 3352 3408 3805 0 0 0 0 0 0 0
3 1922 2267 3102 3408 0 0 0 0 0 0 0
3 3174 3408 3352 3805 0 0 0 0 0 0 0
3 237 3547 262 3642 0 0 0 0 0 0 0
3 255 261 319 2247 1 147 0 0 0 0 0 0
3 2267 2268 2916 3102 0 0 0 0 0 0 0
3 2439 3078 2941 3806 0 0 0 0 0 0 0
3 658 707 706 3412 1 141 0 0 0 0 0 0
3 2214 2868 2762 2869 0 0 0 0 0 0 0
3 2123 2270 2359 2916 0 0 0 0 0 0 0
3 2439 2440 2854 3528 0 0 0 0 0 0 0
3 487 488 2457 2783 0 131 0 0 0 0 0
3 2439 3528 2854 3620 0 0 0 0 0 0 0
3 261 318 360 3366 1 147 0 0 0 0 0 0
3 2439 2942 2818 3807 0 0 0 0 0 0 0
3 2934 2936 2935 3149 0 0 0 0 0 0 0
3 2269 2289 2423 2941 0 0 0 0 0 0 0
3 2439 3620 3078 3806 0 0 0 0 0 0 0
3 2172 2236 2484 2485 0 0 0 0 0 0 0
3 2169 2170 2172 2485 0 0 0 0 0 0 0
3 318 320 334 3071 1 147 0 0 0 0 0 0
3 2262 3227 2483 3788 0 0 0 0 0 0 0
3 2978 3091 3563 3594 0 0 0 0 0 0 0
3 319 360 382 3808 1 147 0 0 0 0 0 0
3 1546 1561 1558 3809 1 75 0 0 0 0 0 0
3 784 824 812 2648 1 141 0 0 0 0 0 0
3 2484 3091 3593 3764 0 0 0 0 0 0 0
3 843 870 853 2538 1 141 0 0 0 0 0 0
3 175 2936 1513 3149 0 0 0 0 0 0 0
3 326 3389 3388 3810 0 0 0 0 0 0 0
3 2978 3592 3091 3594 0 0 0 0 0 0 0
3 2024 3499 2545 3659 0 0 0 0 0 0 0
3 864 865 881 3329 1 141 0 0 0 0 0 0
3 2024 2545 3082 3659 0 0 0 0 0 0 0
3 2545 2546 2988 3498 0 0 0 0 0 0 0
3 1790 1964 1793 2546 0 0 0 0 0 0 0
3 752 2886 2159 2887 0 0 0 0 0 0 0
3 1848 2560 1958 2796 0 0 0 0 0 0 0
3 2 39 75 1629 3 147 263 256 0 0 0 0 0
3 3380 3651 3646 3738 0 0 0 0 0 0 0
3 1937 2234 2282 2842 0 0 0 0 0 0 0
3 2024 2544 2545 3499 0 0 0 0 0 0 0
3 394 398 406 3499 1 147 0 0 0 0 0 0
3 1791 2024 2545 3082 0 0 0 0 0 0 0
3 332 378 377 3331 1 147 0 0 0 0 0 0
3 851 902 881 2082 1 141 0 0 0 0 0 0
3 2024 2544 2025 2545 0 0 0 0 0 0 0
3 389 416 421 3429 1 147 0 0 0 0 0 0
3 479 1630 3377 3382 0 0 0 0 0 0 0
3 400 405 401 3161 1 147 0 0 0 0 0 0
3 2225 2385 2342 2666 0 0 0 0 0 0 0
3 1865 2446 2445 2851 0 0 0 0 0 0 0
3 2350 3230 2853 3811 0 0 0 0 0 0 0
3 842 854 849 3542 1 141 0 0 0 0 0 0
3 2667 3723 2872 3812 0 0 0 0 0 0 0
3 384 418 387 3367 1 147 0 0 0 0 0 0
3 399 3262 3320 3431 0 0 0 0 0 0 0
3 1785 2569 2571 2872 0 0 0 0 0 0 0
3 2077 2353 2276 3041 0 0 0 0 0 0 0
3 849 2403 3255 3542 0 0 0 0 0 0 0
3 2330 2331 2446 2630 0 0 0 0 0 0 0
3 401 405 422 3161 1 147 0 0 0 0 0 0
3 2329 2445 2851 3201 0 0 0 0 0 0 0
3 1513 2934 1550 3149 0 0 0 0 0 0 0
3 1927 2853 2851 3231 0 0 0 0 0 0 0
3 2173 2851 3201 3231 0 0 0 0 0 0 0
3 2166 2399 2225 2666 0 0 0 0 0 0 0
3 2091 2442 2174 2765 0 0 0 0 0 0 0
3 1760 1799 1805 2197 0 0 0 0 0 0 0
3 5 1592 187 3813 0 0 0 0 0 0 0
3 2329 2446 2331 2853 0 0 0 0 0 0 0
3 2180 2183 2181 2749 0 0 0 0 0 0 0
3 18 485 434 1586 3 143 311 307 0 0 0 0 0
3 68 69 113 460 3 147 145 133 0 0 0 0 0
3 1841 1843 2597 2600 0 0 0 0 0 0 0
3 144 183 145 3019 1 147 0 0 0 0 0 0
3 1834 1836 1947 2629 0 0 0 0 0 0 0
3 2318 2319 2322 2450 0 0 0 0 0 0 0
3 113 460 1599 1600 8 311 0 0 0 0 0 0
3 68 113 1584 1600 4 311 0 0 0 0 0 0
3 2323 2745 3521 3727 0 0 0 0 0 0 0
3 487 644 645 2784 1 141 0 0 0 0 0 0
3 59 60 119 2931 1 147 133 0 0 0 0 0
3 1949 2451 2337 2530 0 0 0 0 0 0 0
3 1946 2745 2598 3727 0 0 0 0 0 0 0
3 451 1612 1622 3702 0 0 0 0 0 0 0
3 427 1611 453 1625 0 0 0 0 0 0 0
3 60 120 119 1613 5 147 287 0 280 0 0 0 0
3 75 468 76 1629 1 145 0 0 133 0 0 0
3 76 122 1629 1645 4 263 0 0 0 0 0 0
3 2313 2849 3025 3704 0 0 0 0 0 0 0
3 3027 3029 3028 3814 0 0 0 0 0 0 0
3 2849 3029 3024 3368 0 0 0 0 0 0 0
3 3024 3071 3029 3705 0 0 0 0 0 0 0
3 3029 3071 3080 3083 0 0 0 0 0 0 0
3 3025 3029 3026 3712 0 0 0 0 0 0 0
3 3026 3368 3483 3712 0 0 0 0 0 0 0
3 2700 3059 3057 3815 0 0 0 0 0 0 0
3 122 470 1644 1645 8 263 0 0 0 0 0 0
3 2576 2841 2840 3060 0 0 0 0 0 0 0
3 2576 2577 2841 3059 0 0 0 0 0 0 0
3 3056 3057 3059 3745 0 0 0 0 0 0 0
3 510 553 552 2958 1 143 0 0 0 0 0 0
3 510 2958 2962 2973 0 0 0 0 0 0 0
3 2577 2841 3059 3379 0 0 0 0 0 0 0
3 1585 1586 1588 3144 1 311 0 0 0 0 0 0
3 2222 2560 2538 2678 0 0 0 0 0 0 0
3 1822 2413 2038 2678 0 0 0 0 0 0 0
3 1771 2095 1964 2375 0 0 0 0 0 0 0
3 2204 2205 2235 2448 0 0 0 0 0 0 0
3 2038 2537 2527 3816 0 0 0 0 0 0 0
3 2038 2678 2537 3816 0 0 0 0 0 0 0
3 1959 2560 2678 2796 0 0 0 0 0 0 0
3 1633 3381 3256 3817 0 0 0 0 0 0 0
3 1633 3256 3310 3817 0 0 0 0 0 0 0
3 1637 3143 3390 3817 0 0 0 0 0 0 0
3 1647 3778 3143 3817 0 0 0 0 0 0 0
3 3143 3390 3817 3818 0 0 0 0 0 0 0
3 2830 3564 3566 3743 0 0 0 0 0 0 0
3 457 3145 458 3354 0 0 0 0 0 0 0
3 187 1592 2245 3813 0 0 0 0 0 0 0
3 1986 1988 3385 3564 0 0 0 0 0 0 0
3 410 411 422 2302 1 147 0 0 0 0 0 0
3 1902 3699 3564 3744 0 0 0 0 0 0 0
3 2806 3566 3564 3699 0 0 0 0 0 0 0
3 3177 3385 3384 3564 0 0 0 0 0 0 0
3 1902 3177 3356 3564 0 0 0 0 0 0 0
3 3177 3385 3564 3658 0 0 0 0 0 0 0
3 508 509 1640 3761 0 131 0 0 0 0 0
3 258 321 259 3404 1 147 0 0 0 0 0 0
3 3143 3817 3778 3818 0 0 0 0 0 0 0
3 447 448 450 553 3 145 143 132 0 0 0 0 0
3 2122 3531 3190 3573 0 0 0 0 0 0 0
3 509 678 679 3558 1 141 0 0 0 0 0 0
3 2047 2189 2287 2288 0 0 0 0 0 0 0
3 1870 2056 2049 3190 0 0 0 0 0 0 0
3 2122 2617 3081 3360 0 0 0 0 0 0 0
3 1874 2122 3190 3573 0 0 0 0 0 0 0
3 2591 2680 2704 2705 0 0 0 0 0 0 0
3 1867 2056 1870 2122 0 0 0 0 0 0 0
3 145 183 198 3236 1 147 0 0 0 0 0 0
3 2505 3687 2510 3819 0 0 0 0 0 0 0
3 336 355 3044 3448 0 0 0 0 0 0 0
3 375 415 386 3119 1 147 0 0 0 0 0 0
3 2507 3820 3686 3821 0 0 0 0 0 0 0
3 2507 3574 3577 3822 0 0 0 0 0 0 0
3 517 1597 1595 3716 1 311 0 0 0 0 0 0
3 501 548 546 3009 1 143 0 0 0 0 0 0
3 2507 2510 3820 3821 0 0 0 0 0 0 0
3 438 548 439 3391 1 143 0 0 132 0 0 0
3 1595 1597 1605 3716 1 311 0 0 0 0 0 0
3 330 385 400 3224 1 147 0 0 0 0 0 0
3 2510 3819 3687 3821 0 0 0 0 0 0 0
3 518 557 519 1598 9 143 311 0 0 307 0 0 0
3 2507 3577 3574 3686 0 0 0 0 0 0 0
3 500 614 1837 3112 0 0 0 0 0 0 0
3 185 237 3348 3547 0 0 0 0 0 0 0
3 593 944 594 3395 1 139 0 0 130 0 0 0
3 1682 1697 2428 3681 0 0 0 0 0 0 0
3 2006 2578 2573 3633 0 0 0 0 0 0 0
3 1680 3395 3393 3626 0 0 0 0 0 0 0
3 2574 2934 2935 3149 0 0 0 0 0 0 0
3 2573 3268 2702 3823 0 0 0 0 0 0 0
3 1161 1171 1809 2429 0 0 0 0 0 0 0
3 594 1681 945 3681 0 0 0 0 0 0 0
3 594 595 3624 3681 0 130 0 0 0 0 0
3 2006 3633 2573 3824 0 0 0 0 0 0 0
3 1223 1230 1224 2473 1 135 0 0 0 0 0 0
3 1226 1307 1229 3657 1 135 0 0 0 0 0 0
3 594 620 619 3624 1 141 0 0 0 0 0 0
3 724 725 3396 3397 0 0 0 0 0 0 0
3 2573 2702 2767 3823 0 0 0 0 0 0 0
3 2012 2573 2767 3824 0 0 0 0 0 0 0
3 3196 3677 3197 3680 0 0 0 0 0 0 0
3 3676 3677 3680 3736 0 0 0 0 0 0 0
3 1663 1673 3196 3677 0 0 0 0 0 0 0
3 1663 3196 3648 3677 0 0 0 0 0 0 0
3 587 3677 3210 3736 0 0 0 0 0 0 0
3 1061 1062 1125 1429 3 135 1 29 0 0 0 0 0
3 1061 1125 1165 3618 1 135 0 0 0 0 0 0
3 587 3568 3677 3736 0 0 0 0 0 0 0
3 3568 3680 3677 3736 0 0 0 0 0 0 0
3 852 2547 891 3825 0 0 0 0 0 0 0
3 2373 2705 2706 3826 0 0 0 0 0 0 0
3 1431 1446 1435 2085 1 1 0 0 0 0 0 0
3 610 655 1432 2059 0 0 0 0 0 0 0
3 1432 2085 2059 3722 0 0 0 0 0 0 0
3 2705 3532 3770 3771 0 0 0 0 0 0 0
3 609 610 655 1432 3 141 1 17 0 0 0 0 0
3 2583 2680 2705 3533 0 0 0 0 0 0 0
3 2703 2706 2927 3378 0 0 0 0 0 0 0
3 2703 2927 2922 2929 0 0 0 0 0 0 0
3 2585 2589 2591 2592 0 0 0 0 0 0 0
3 2730 2919 2921 2929 0 0 0 0 0 0 0
3 2705 3532 2706 3826 0 0 0 0 0 0 0
3 2583 2705 3770 3771 0 0 0 0 0 0 0
3 2145 2336 2629 3827 0 0 0 0 0 0 0
3 2688 3801 3602 3828 0 0 0 0 0 0 0
3 2015 2016 2020 2691 0 0 0 0 0 0 0
3 2145 2808 3093 3829 0 0 0 0 0 0 0
3 2787 3149 3148 3169 0 0 0 0 0 0 0
3 2453 3033 2468 3251 0 0 0 0 0 0 0
3 2145 2629 2625 3827 0 0 0 0 0 0 0
3 973 3183 1027 3649 0 0 0 0 0 0 0
3 2145 2742 2808 3829 0 0 0 0 0 0 0
3 2463 2466 2465 3830 0 0 0 0 0 0 0
3 1050 1502 1097 3519 0 0 0 0 0 0 0
3 1829 1841 1835 1844 0 0 0 0 0 0 0
3 1934 1936 2041 2062 0 0 0 0 0 0 0
3 1934 1935 1938 1980 0 0 0 0 0 0 0
3 1938 1980 1981 1983 0 0 0 0 0 0 0
3 638 712 711 2983 1 141 0 0 0 0 0 0
3 2061 2695 2062 2696 0 0 0 0 0 0 0
3 1267 3726 3489 3831 0 0 0 0 0 0 0
3 1934 2540 2062 2695 0 0 0 0 0 0 0
3 2480 2482 2504 3300 0 0 0 0 0 0 0
3 2581 3241 2778 3719 0 0 0 0 0 0 0
3 1983 2480 2482 2504 0 0 0 0 0 0 0
3 155 225 158 3157 1 147 0 0 0 0 0 0
3 1981 1983 1982 1984 0 0 0 0 0 0 0
3 600 659 657 3409 1 141 0 0 0 0 0 0
3 1980 1982 1985 2534 0 0 0 0 0 0 0
3 1396 3503 2567 3796 0 0 0 0 0 0 0
3 130 159 2611 2612 0 0 0 0 0 0 0
3 1374 3794 1396 3796 0 0 0 0 0 0 0
3 2203 2210 2246 2247 0 0 0 0 0 0 0
3 1463 1466 3241 3719 0 0 0 0 0 0 0
3 1374 1375 1396 3794 1 135 0 0 0 0 0 0
3 1380 1396 2567 3796 0 0 0 0 0 0 0
3 2782 2783 3244 3252 0 0 0 0 0 0 0
3 676 685 677 3779 1 141 0 0 0 0 0 0
3 295 321 333 3372 1 147 0 0 0 0 0 0
3 1354 1380 2566 3796 0 0 0 0 0 0 0
3 258 322 321 3269 1 147 0 0 0 0 0 0
3 674 686 675 3298 1 141 0 0 0 0 0 0
3 322 1851 3268 3269 0 0 0 0 0 0 0
3 171 3169 3149 3435 0 0 0 0 0 0 0
3 2566 3794 3441 3796 0 0 0 0 0 0 0
3 1374 3441 3794 3796 0 0 0 0 0 0 0
3 2469 2473 2472 2862 0 0 0 0 0 0 0
3 2471 2860 2858 3655 0 0 0 0 0 0 0
3 506 676 507 3732 1 141 0 0 131 0 0 0
3 509 530 1640 1642 4 263 0 0 0 0 0 0
3 601 1424 660 3035 0 0 0 0 0 0 0
3 58 139 200 2459 1 147 0 0 0 0 0 0
3 644 657 707 3245 1 141 0 0 0 0 0 0
3 2471 2860 3655 3657 0 0 0 0 0 0 0
3 2467 2471 2469 2858 0 0 0 0 0 0 0
3 2549 2555 2609 3064 0 0 0 0 0 0 0
3 2550 2606 2605 2994 0 0 0 0 0 0 0
3 2553 2556 2555 2558 0 0 0 0 0 0 0
3 2499 2609 2555 3832 0 0 0 0 0 0 0
3 1411 1466 1465 3216 1 1 0 0 0 0 0 0
3 2854 3337 3338 3620 0 0 0 0 0 0 0
3 252 256 3213 3833 0 0 0 0 0 0 0
3 646 658 706 3613 1 141 0 0 0 0 0 0
3 91 1418 161 2457 0 0 0 0 0 0 0
3 2868 3321 3320 3322 0 0 0 0 0 0 0
3 3044 3045 3051 3133 0 0 0 0 0 0 0
3 1768 2092 2491 2565 0 0 0 0 0 0 0
3 2134 2990 2801 3689 0 0 0 0 0 0 0
3 1505 1520 1533 3650 1 75 0 0 0 0 0 0
3 509 678 3558 3761 0 0 0 0 0 0 0
3 243 258 259 3404 1 147 0 0 0 0 0 0
3 135 3140 244 3738 0 0 0 0 0 0 0
3 2133 2135 2134 2990 0 0 0 0 0 0 0
3 2135 2136 2138 2142 0 0 0 0 0 0 0
3 683 748 717 3834 1 141 0 0 0 0 0 0
3 446 447 482 559 3 145 143 132 0 0 0 0 0
3 675 3732 3298 3779 0 0 0 0 0 0 0
3 1793 2545 2546 2988 0 0 0 0 0 0 0
3 2102 2363 2218 2801 0 0 0 0 0 0 0
3 2136 2140 2139 2141 0 0 0 0 0 0 0
3 1510 1533 1545 3738 1 75 0 0 0 0 0 0
3 193 204 194 3270 1 147 0 0 0 0 0 0
3 1931 2023 2254 2873 0 0 0 0 0 0 0
3 717 3060 3059 3745 0 0 0 0 0 0 0
3 1915 1916 2407 2417 0 0 0 0 0 0 0
3 2098 2363 2103 3835 0 0 0 0 0 0 0
3 168 1515 3263 3435 0 0 0 0 0 0 0
3 1891 1892 2343 2668 0 0 0 0 0 0 0
3 1109 1112 2819 3729 0 0 0 0 0 0 0
3 1542 1571 1570 2917 1 75 0 0 0 0 0 0
3 1826 2752 1842 3610 0 0 0 0 0 0 0
3 1841 1842 2599 3836 0 0 0 0 0 0 0
3 1841 1842 1843 2599 0 0 0 0 0 0 0
3 1834 2604 2752 2987 0 0 0 0 0 0 0
3 2238 2239 2639 2640 0 0 0 0 0 0 0
3 438 475 557 3391 0 0 0 0 0 0 0
3 1835 1843 1836 2181 0 0 0 0 0 0 0
3 1826 2642 2752 3610 0 0 0 0 0 0 0
3 2615 2660 2659 3837 0 0 0 0 0 0 0
3 2615 2714 2713 3837 0 0 0 0 0 0 0
3 2713 2714 3280 3837 0 0 0 0 0 0 0
3 2660 3294 3595 3837 0 0 0 0 0 0 0
3 1265 1341 1282 3838 1 135 0 0 0 0 0 0
3 2615 3303 2660 3837 0 0 0 0 0 0 0
3 578 579 625 3839 1 141 130 0 0 0 0 0
3 2615 3615 3303 3837 0 0 0 0 0 0 0
3 155 226 225 3157 1 147 0 0 0 0 0 0
3 270 357 313 3321 1 147 0 0 0 0 0 0
3 694 766 695 3246 1 141 0 0 0 0 0 0
3 2022 2803 2873 2874 0 0 0 0 0 0 0
3 1477 1478 1490 3163 1 1 0 0 0 0 0 0
3 2226 2284 2228 2410 0 0 0 0 0 0 0
3 693 767 694 3342 1 141 0 0 0 0 0 0
3 2803 2873 3304 3552 0 0 0 0 0 0 0
3 2803 2872 2873 3552 0 0 0 0 0 0 0
3 1973 2102 2552 2989 0 0 0 0 0 0 0
3 1890 2803 2877 3619 0 0 0 0 0 0 0
3 2803 2804 2872 3812 0 0 0 0 0 0 0
3 348 372 367 2734 1 147 0 0 0 0 0 0
3 2803 3619 2804 3812 0 0 0 0 0 0 0
3 1544 1559 1552 3840 1 75 0 0 0 0 0 0
3 789 845 2352 3740 0 0 0 0 0 0 0
3 749 750 3060 3795 0 0 0 0 0 0 0
3 1927 1933 2173 2851 0 0 0 0 0 0 0
3 2098 2103 2826 3841 0 0 0 0 0 0 0
3 2098 3835 2103 3841 0 0 0 0 0 0 0
3 276 296 311 2794 1 147 0 0 0 0 0 0
3 1973 2989 2552 3018 0 0 0 0 0 0 0
3 2101 3336 2103 3696 0 0 0 0 0 0 0
3 1365 3394 1375 3525 0 0 0 0 0 0 0
3 1906 2036 2342 2442 0 0 0 0 0 0 0
3 1778 2098 2826 3841 0 0 0 0 0 0 0
3 1028 1038 1676 3649 0 0 0 0 0 0 0
3 2237 2238 2262 3084 0 0 0 0 0 0 0
3 2483 3091 2484 3764 0 0 0 0 0 0 0
3 591 2690 2689 2691 0 0 0 0 0 0 0
3 2154 2187 2483 2980 0 0 0 0 0 0 0
3 2484 3588 3084 3590 0 0 0 0 0 0 0
3 2236 2484 2485 3588 0 0 0 0 0 0 0
3 2466 2470 2471 2985 0 0 0 0 0 0 0
3 3278 3728 3729 3842 0 0 0 0 0 0 0
3 2236 3084 2484 3588 0 0 0 0 0 0 0
3 2063 2120 2127 2373 0 0 0 0 0 0 0
3 2052 3537 2712 3635 0 0 0 0 0 0 0
3 997 1141 1025 2029 0 0 0 0 0 0 0
3 2052 3030 3537 3636 0 0 0 0 0 0 0
3 812 824 823 3319 1 141 0 0 0 0 0 0
3 132 3381 1646 3390 0 0 0 0 0 0 0
3 790 791 844 3526 1 141 0 0 0 0 0 0
3 582 957 958 3843 1 139 0 0 0 0 0 0
3 674 687 686 3048 1 141 0 0 0 0 0 0
3 2052 2055 3636 3720 0 0 0 0 0 0 0
3 2557 3040 2558 3046 0 0 0 0 0 0 0
3 475 3023 557 3391 0 0 0 0 0 0 0
3 2051 2052 3637 3721 0 0 0 0 0 0 0
3 714 715 751 2626 1 141 0 0 0 0 0 0
3 2052 3030 3636 3721 0 0 0 0 0 0 0
3 2049 2051 2050 2053 0 0 0 0 0 0 0
3 2046 2051 2052 3637 0 0 0 0 0 0 0
3 2052 3190 2055 3720 0 0 0 0 0 0 0
3 750 806 751 3598 1 141 0 0 0 0 0 0
3 1500 1555 3728 3729 0 0 0 0 0 0 0
3 2062 2540 2535 2696 0 0 0 0 0 0 0
3 347 367 378 3359 1 147 0 0 0 0 0 0
3 787 3040 3039 3043 0 0 0 0 0 0 0
3 1784 2667 2281 3002 0 0 0 0 0 0 0
3 209 3516 287 3788 0 0 0 0 0 0 0
3 310 342 348 3475 1 147 0 0 0 0 0 0
3 1937 1984 1981 2299 0 0 0 0 0 0 0
3 1500 1555 1554 3728 1 75 0 0 0 0 0 0
3 2714 2845 2715 3212 0 0 0 0 0 0 0
3 75 468 1629 1850 0 0 0 0 0 0 0
3 1109 3607 3608 3729 0 0 0 0 0 0 0
3 337 403 338 3151 1 147 0 0 0 0 0 0
3 324 325 331 3844 1 147 0 0 0 0 0 0
3 797 825 836 2358 1 141 0 0 0 0 0 0
3 2715 3211 2760 3212 0 0 0 0 0 0 0
3 2198 2845 2327 3089 0 0 0 0 0 0 0
3 1797 2195 1804 2715 0 0 0 0 0 0 0
3 811 826 825 3845 1 141 0 0 0 0 0 0
3 798 799 835 3724 1 141 0 0 0 0 0 0
3 2751 3607 2819 3729 0 0 0 0 0 0 0
3 1213 1239 1238 3673 1 135 0 0 0 0 0 0
3 838 860 857 3147 1 141 0 0 0 0 0 0
3 2493 2760 2715 3211 0 0 0 0 0 0 0
3 2700 3056 3057 3059 0 0 0 0 0 0 0
3 1352 1362 3417 3666 0 0 0 0 0 0 0
3 1855 2576 1856 3056 0 0 0 0 0 0 0
3 734 818 3288 3290 0 0 0 0 0 0 0
3 1313 1363 1319 3007 1 135 0 0 0 0 0 0
3 1855 3056 1856 3058 0 0 0 0 0 0 0
3 1316 1318 1362 3554 1 135 0 0 0 0 0 0
3 857 875 861 3154 1 141 0 0 0 0 0 0
3 1855 3058 1856 3291 0 0 0 0 0 0 0
3 1852 1857 1855 2700 0 0 0 0 0 0 0
3 1300 1318 1316 3287 1 135 0 0 0 0 0 0
3 1853 2700 1855 3057 0 0 0 0 0 0 0
3 343 371 344 3486 1 147 0 0 0 0 0 0
3 2321 2888 2339 2982 0 0 0 0 0 0 0
3 2889 2907 2983 3639 0 0 0 0 0 0 0
3 2320 2889 2906 2982 0 0 0 0 0 0 0
3 2746 2889 2983 3639 0 0 0 0 0 0 0
3 2133 2990 2134 3689 0 0 0 0 0 0 0
3 2746 2971 2750 3846 0 0 0 0 0 0 0
3 348 3475 3358 3523 0 0 0 0 0 0 0
3 2249 3847 3848 3849 0 0 0 0 0 0 0
3 344 371 370 3696 1 147 0 0 0 0 0 0
3 309 314 343 3454 1 147 0 0 0 0 0 0
3 172 2418 2419 3289 0 0 0 0 0 0 0
3 860 879 875 3146 1 141 0 0 0 0 0 0
3 3421 3422 3427 3848 0 0 0 0 0 0 0
3 857 860 875 3147 1 141 0 0 0 0 0 0
3 1301 1316 1315 3285 1 135 0 0 0 0 0 0
3 3191 3756 3421 3848 0 0 0 0 0 0 0
3 392 411 410 2133 1 147 0 0 0 0 0 0
3 3421 3422 3848 3850 0 0 0 0 0 0 0
3 413 3253 3488 3527 0 0 0 0 0 0 0
3 411 419 422 3490 1 147 0 0 0 0 0 0
3 2355 3147 3146 3314 0 0 0 0 0 0 0
3 876 906 877 3789 1 141 0 0 0 0 0 0
3 1358 3194 3311 3851 0 0 0 0 0 0 0
3 3848 3850 3852 3853 0 0 0 0 0 0 0
3 3044 3133 3051 3652 0 0 0 0 0 0 0
3 820 833 873 2757 1 141 0 0 0 0 0 0
3 1245 1296 1303 3493 1 135 0 0 0 0 0 0
3 861 883 873 2759 1 141 0 0 0 0 0 0
3 873 883 876 2756 1 141 0 0 0 0 0 0
3 3133 3652 3238 3653 0 0 0 0 0 0 0
3 1796 3047 3133 3653 0 0 0 0 0 0 0
3 413 417 3253 3527 0 0 0 0 0 0 0
3 363 2292 2293 3497 0 0 0 0 0 0 0
3 2609 3132 3051 3854 0 0 0 0 0 0 0
3 2609 3045 3049 3051 0 0 0 0 0 0 0
3 2602 2751 3278 3729 0 0 0 0 0 0 0
3 2377 3444 3184 3799 0 0 0 0 0 0 0
3 2860 3445 3655 3657 0 0 0 0 0 0 0
3 3444 3654 3445 3798 0 0 0 0 0 0 0
3 3445 3655 3657 3802 0 0 0 0 0 0 0
3 2860 2864 3445 3657 0 0 0 0 0 0 0
3 1346 1404 1385 3855 1 135 0 0 0 0 0 0
3 924 1664 1021 1670 0 0 0 0 0 0 0
3 2452 2859 2860 2863 0 0 0 0 0 0 0
3 2082 2084 2083 2882 0 0 0 0 0 0 0
3 2882 2883 3856 3857 0 0 0 0 0 0 0
3 2077 2078 2079 2082 0 0 0 0 0 0 0
3 2083 3857 2882 3858 0 0 0 0 0 0 0
3 2631 3530 3243 3787 0 0 0 0 0 0 0
3 1898 3243 2632 3411 0 0 0 0 0 0 0
3 27 910 922 1020 1 139 447 0 0 0 0 0
3 647 3423 3243 3741 0 0 0 0 0 0 0
3 491 3243 647 3787 0 0 0 0 0 0 0
3 2200 2631 2632 3243 0 0 0 0 0 0 0
3 2355 2356 2359 2360 0 0 0 0 0 0 0
3 1872 1908 1911 2643 0 0 0 0 0 0 0
3 1908 1909 2643 3666 0 0 0 0 0 0 0
3 1872 2643 3859 3860 0 0 0 0 0 0 0
3 1909 3316 2643 3666 0 0 0 0 0 0 0
3 1872 2643 2617 3859 0 0 0 0 0 0 0
3 919 1015 1016 3861 1 137 0 0 0 0 0 0
3 919 957 1015 3861 0 0 0 0 0 0 0
3 987 988 1014 2754 1 137 128 0 0 0 0 0
3 917 1013 1014 2357 1 137 0 0 0 0 0 0
3 1912 2618 2617 2643 0 0 0 0 0 0 0
3 2809 2810 2859 2863 0 0 0 0 0 0 0
3 918 957 956 2753 1 139 0 0 0 0 0 0
3 1706 1721 2676 3021 0 0 0 0 0 0 0
3 3698 3798 3801 3828 0 0 0 0 0 0 0
3 1394 3092 3095 3416 0 0 0 0 0 0 0
3 2834 3440 2875 3473 0 0 0 0 0 0 0
3 2688 3697 3801 3828 0 0 0 0 0 0 0
3 579 951 952 3021 1 139 0 411 0 0 0 0
3 3566 3799 3743 3801 0 0 0 0 0 0 0
3 1246 1338 1339 2509 1 135 0 0 0 0 0 0
3 1800 3197 3622 3660 0 0 0 0 0 0 0
3 1295 1339 1368 2513 1 135 0 0 0 0 0 0
3 584 959 970 2437 1 139 0 0 0 0 0 0
3 924 1660 1670 3862 0 0 0 0 0 0 0
3 3743 3801 3799 3863 0 0 0 0 0 0 0
3 2735 3066 3067 3068 0 0 0 0 0 0 0
3 718 747 719 3469 1 141 0 0 0 0 0 0
3 1994 2224 2226 2392 0 0 0 0 0 0 0
3 1144 2441 2436 3864 0 0 0 0 0 0 0
3 2455 3278 2955 3865 0 0 0 0 0 0 0
3 2602 3278 3728 3729 0 0 0 0 0 0 0
3 1011 1166 1033 1713 0 0 0 0 0 0 0
3 2335 2602 2751 3278 0 0 0 0 0 0 0
3 1946 3278 2455 3866 0 0 0 0 0 0 0
3 1946 2602 3278 3728 0 0 0 0 0 0 0
3 1946 3728 3278 3866 0 0 0 0 0 0 0
3 1011 1012 1701 1717 0 0 0 0 0 0 0
3 1937 1938 1981 1983 0 0 0 0 0 0 0
3 1858 1860 1859 1865 0 0 0 0 0 0 0
3 1983 1985 2504 2535 0 0 0 0 0 0 0
3 1983 1984 2480 2504 0 0 0 0 0 0 0
3 3440 3668 3562 3867 0 0 0 0 0 0 0
3 2206 3068 2532 3668 0 0 0 0 0 0 0
3 953 1707 965 3580 0 0 0 0 0 0 0
3 1981 1982 2234 2366 0 0 0 0 0 0 0
3 2389 2390 2391 3612 0 0 0 0 0 0 0
3 986 1033 1166 3581 0 0 0 0 0 0 0
3 2389 3072 2390 3604 0 0 0 0 0 0 0
3 2389 2910 2909 3661 0 0 0 0 0 0 0
3 1719 3580 2677 3581 0 0 0 0 0 0 0
3 953 967 1706 3580 0 0 0 0 0 0 0
3 1018 1651 1652 2441 0 0 0 0 0 0 0
3 1691 3182 3181 3392 0 0 0 0 0 0 0
3 2386 2389 2391 3308 0 0 0 0 0 0 0
3 2386 2388 2910 2913 0 0 0 0 0 0 0
3 930 1028 1029 1677 1 137 0 0 0 0 0 0
3 942 943 974 1679 3 139 432 429 0 0 0 0 0
3 1826 1834 1829 1842 0 0 0 0 0 0 0
3 929 1028 972 3649 0 0 0 0 0 0 0
3 1028 1038 1029 1676 1 137 0 0 0 0 0 0
3 2109 2387 2386 2391 0 0 0 0 0 0 0
3 1750 2187 1752 2264 0 0 0 0 0 0 0
3 2372 2708 2374 2709 0 0 0 0 0 0 0
3 591 963 592 2020 1 139 0 0 130 0 0 0
3 2127 3585 2705 3826 0 0 0 0 0 0 0
3 2127 2374 2373 2705 0 0 0 0 0 0 0
3 2374 2675 2706 2708 0 0 0 0 0 0 0
3 2372 2671 2708 3376 0 0 0 0 0 0 0
3 2680 2704 2703 3538 0 0 0 0 0 0 0
3 2706 2927 3378 3532 0 0 0 0 0 0 0
3 2374 2706 2703 2708 0 0 0 0 0 0 0
3 1803 2289 2287 2942 0 0 0 0 0 0 0
3 2257 2493 2496 3211 0 0 0 0 0 0 0
3 1934 2235 2206 2532 0 0 0 0 0 0 0
3 1816 2018 2019 2193 0 0 0 0 0 0 0
3 1798 2462 2259 2495 0 0 0 0 0 0 0
3 1803 2613 1806 2713 0 0 0 0 0 0 0
3 2194 2628 2294 2915 0 0 0 0 0 0 0
3 2455 2472 3519 3730 0 0 0 0 0 0 0
3 1946 2455 2453 3866 0 0 0 0 0 0 0
3 2453 2455 2454 3520 0 0 0 0 0 0 0
3 22 1431 1433 1979 1 1 0 0 0 0 0 0
3 2235 2497 2448 2797 0 0 0 0 0 0 0
3 1791 2184 2024 3082 0 0 0 0 0 0 0
3 1123 1172 1132 1992 1 135 0 0 0 0 0 0
3 1731 2206 2235 2797 0 0 0 0 0 0 0
3 2130 2969 2799 3013 0 0 0 0 0 0 0
3 1168 1173 1169 1705 1 135 0 0 0 0 0 0
3 1740 1886 1742 2034 0 0 0 0 0 0 0
3 2448 2946 3178 3496 0 0 0 0 0 0 0
3 2205 2235 2448 2797 0 0 0 0 0 0 0
3 998 1025 1141 2017 0 0 0 0 0 0 0
3 1963 2564 2561 3540 0 0 0 0 0 0 0
3 1770 3550 2561 3868 0 0 0 0 0 0 0
3 1940 2097 2140 2282 0 0 0 0 0 0 0
3 2139 2301 2140 2842 0 0 0 0 0 0 0
3 1771 2375 1964 2376 0 0 0 0 0 0 0
3 1793 2137 2094 2139 0 0 0 0 0 0 0
3 1074 1152 1075 1663 9 135 450 0 0 444 0 0 0
3 2139 2293 2301 2842 0 0 0 0 0 0 0
3 2234 2299 2292 2842 0 0 0 0 0 0 0
3 2234 2842 2292 2843 0 0 0 0 0 0 0
3 2002 2935 2937 3276 0 0 0 0 0 0 0
3 7 45 1057 3109 1 75 101 0 77 0 0 0
3 2011 2013 2576 2840 0 0 0 0 0 0 0
3 1297 1321 3093 3100 0 0 0 0 0 0 0
3 1548 1549 1568 3307 1 75 0 0 0 0 0 0
3 2238 2388 2634 2635 0 0 0 0 0 0 0
3 206 2501 289 3656 0 0 0 0 0 0 0
3 1055 1102 1101 3606 1 135 0 0 0 0 0 0
3 1218 1233 1219 3786 1 135 0 0 0 0 0 0
3 1101 2633 3609 3746 0 0 0 0 0 0 0
3 1054 1102 1055 1497 9 135 75 0 0 77 0 0 0
3 1109 1112 1211 2819 1 135 0 0 0 0 0 0
3 2004 2005 2575 2785 0 0 0 0 0 0 0
3 2002 2005 2004 2789 0 0 0 0 0 0 0
3 1101 1102 1218 3746 1 135 0 0 0 0 0 0
3 2003 2574 2575 2934 0 0 0 0 0 0 0
3 2002 2006 2789 3791 0 0 0 0 0 0 0
3 24 914 908 1700 9 139 414 0 0 411 0 0 0
3 2046 2905 3209 3869 0 0 0 0 0 0 0
3 2338 2340 2886 2918 0 0 0 0 0 0 0
3 1060 1061 1165 1435 3 135 1 29 0 0 0 0 0
3 575 576 622 1976 1 141 130 0 0 0 0 0
3 982 1031 1093 1228 8 135 0 0 0 0 0 0
3 2338 2886 2887 2918 0 0 0 0 0 0 0
3 2011 2838 2013 2840 0 0 0 0 0 0 0
3 2626 2918 2838 3598 0 0 0 0 0 0 0
3 2367 3464 2918 3870 0 0 0 0 0 0 0
3 1123 1990 1172 1992 0 0 0 0 0 0 0
3 981 1008 1163 3617 0 0 0 0 0 0 0
3 2367 2918 2887 3870 0 0 0 0 0 0 0
3 1956 3690 2506 3767 0 0 0 0 0 0 0
3 27 923 941 1664 9 139 450 0 0 447 0 0 0
3 2514 3345 2515 3502 0 0 0 0 0 0 0
3 997 998 1025 1141 3 137 135 128 0 0 0 0 0
3 2513 2515 2514 3344 0 0 0 0 0 0 0
3 1020 1652 1035 1654 0 0 0 0 0 0 0
3 990 1147 1144 2426 1 135 0 0 0 0 0 0
3 2505 2506 2508 2515 0 0 0 0 0 0 0
3 442 478 550 3377 0 0 0 0 0 0 0
3 3256 3377 3381 3382 0 0 0 0 0 0 0
3 921 968 1017 1019 8 137 0 0 0 0 0 0
3 3256 3377 3374 3386 0 0 0 0 0 0 0
3 550 3374 3256 3377 0 0 0 0 0 0 0
3 28 921 922 1019 5 139 137 0 129 0 0 0 0
3 1137 1144 1180 2436 1 135 0 0 0 0 0 0
3 1137 1138 1144 3864 1 135 0 0 0 0 0 0
3 2311 3024 2476 3367 0 0 0 0 0 0 0
3 2307 2313 2312 3871 0 0 0 0 0 0 0
3 1655 2437 1668 2438 0 0 0 0 0 0 0
3 948 1030 1687 1694 8 432 0 0 0 0 0 0
3 25 1029 1041 1678 0 0 0 0 0 0 0
3 2312 2313 3026 3495 0 0 0 0 0 0 0
3 2305 3162 3224 3225 0 0 0 0 0 0 0
3 2312 2313 3495 3871 0 0 0 0 0 0 0
3 945 1697 1682 3681 1 432 0 0 0 0 0 0
3 2313 3025 3026 3495 0 0 0 0 0 0 0
3 2849 3026 3029 3368 0 0 0 0 0 0 0
3 1890 2653 1893 2831 0 0 0 0 0 0 0
3 975 976 977 3872 1 139 0 0 0 0 0 0
3 2254 2873 2261 3007 0 0 0 0 0 0 0
3 2586 2832 2874 3167 0 0 0 0 0 0 0
3 2176 2803 2804 2872 0 0 0 0 0 0 0
3 1890 3619 2877 3873 0 0 0 0 0 0 0
3 1932 2832 2653 2877 0 0 0 0 0 0 0
3 1003 1040 1690 1694 0 0 0 0 0 0 0
3 2254 2873 3007 3553 0 0 0 0 0 0 0
3 1890 1893 2653 2654 0 0 0 0 0 0 0
3 1689 1695 1809 3439 0 0 0 0 0 0 0
3 1094 1158 1161 1809 1 135 0 0 0 0 0 0
3 1076 1117 1077 1665 9 135 450 0 0 444 0 0 0
3 2444 2721 2565 3229 0 0 0 0 0 0 0
3 996 1145 997 3171 1 135 0 0 128 0 0 0
3 2444 2565 2721 3601 0 0 0 0 0 0 0
3 2444 2802 2445 3186 0 0 0 0 0 0 0
3 1880 2331 1943 2446 0 0 0 0 0 0 0
3 37 994 993 1036 5 135 137 0 128 0 0 0 0
3 1932 2803 2874 2877 0 0 0 0 0 0 0
3 176 212 2502 2833 0 0 0 0 0 0 0
3 2445 2802 2852 3536 0 0 0 0 0 0 0
3 1075 1152 1153 3648 1 135 0 0 0 0 0 0
3 1141 1181 2017 2029 0 0 0 0 0 0 0
3 2045 2669 2694 3002 0 0 0 0 0 0 0
3 2091 2802 2765 2852 0 0 0 0 0 0 0
3 1145 1179 1182 2030 1 135 0 0 0 0 0 0
3 2515 3680 3572 3736 0 0 0 0 0 0 0
3 1082 1696 1686 2429 1 432 0 0 0 0 0 0
3 2854 3120 3121 3339 0 0 0 0 0 0 0
3 2865 3120 2880 3342 0 0 0 0 0 0 0
3 2865 2867 2880 3120 0 0 0 0 0 0 0
3 577 578 624 2727 1 141 130 0 0 0 0 0
3 2865 2974 3317 3773 0 0 0 0 0 0 0
3 3134 3398 3309 3405 0 0 0 0 0 0 0
3 2557 2559 2768 3298 0 0 0 0 0 0 0
3 2559 3398 2768 3399 0 0 0 0 0 0 0
3 1270 1280 1279 2920 1 135 0 0 0 0 0 0
3 720 745 721 3874 1 141 0 0 0 0 0 0
3 3134 3398 3405 3875 0 0 0 0 0 0 0
3 3269 3400 3398 3405 0 0 0 0 0 0 0
3 2768 3398 3273 3399 0 0 0 0 0 0 0
3 1702 1718 1715 2857 1 414 0 0 0 0 0 0
3 1196 1197 1255 1977 1 135 0 0 0 0 0 0
3 1853 3273 2702 3398 0 0 0 0 0 0 0
3 2344 2346 2733 2734 0 0 0 0 0 0 0
3 1167 1195 1174 3233 1 135 0 0 0 0 0 0
3 2347 2767 2644 2995 0 0 0 0 0 0 0
3 2346 3358 2995 3359 0 0 0 0 0 0 0
3 2346 2550 2733 3359 0 0 0 0 0 0 0
3 2344 2732 2345 2734 0 0 0 0 0 0 0
3 3051 3450 3132 3653 0 0 0 0 0 0 0
3 1108 1110 1212 3289 1 135 0 0 0 0 0 0
3 3132 3450 3389 3653 0 0 0 0 0 0 0
3 1212 1239 1213 3485 1 135 0 0 0 0 0 0
3 1108 1213 3170 3289 0 0 0 0 0 0 0
3 3389 3653 3482 3876 0 0 0 0 0 0 0
3 3371 3482 3653 3876 0 0 0 0 0 0 0
3 3389 3450 3482 3653 0 0 0 0 0 0 0
3 3239 3371 3653 3876 0 0 0 0 0 0 0
3 1070 1131 1445 3277 0 0 0 0 0 0 0
3 1796 3238 3239 3653 0 0 0 0 0 0 0
3 94 1104 1103 2656 1 135 0 0 0 0 0 0
3 228 229 267 2406 1 147 0 0 0 0 0 0
3 2507 2510 2508 2511 0 0 0 0 0 0 0
3 2510 3420 3660 3820 0 0 0 0 0 0 0
3 2510 3420 3572 3680 0 0 0 0 0 0 0
3 1241 3466 3286 3485 0 0 0 0 0 0 0
3 1223 1229 1230 3623 1 135 0 0 0 0 0 0
3 2427 3623 2471 3657 0 0 0 0 0 0 0
3 1097 1149 3519 3730 0 0 0 0 0 0 0
3 1415 1461 2894 3877 0 0 0 0 0 0 0
3 1048 1096 1049 1503 9 135 75 0 0 77 0 0 0
3 2505 2515 2510 3572 0 0 0 0 0 0 0
3 2510 3572 2515 3680 0 0 0 0 0 0 0
3 1783 2061 2781 3493 0 0 0 0 0 0 0
3 1306 1307 1311 2864 1 135 0 0 0 0 0 0
3 1773 1774 1776 2101 0 0 0 0 0 0 0
3 1149 2955 1209 3865 0 0 0 0 0 0 0
3 1782 2099 2021 2260 0 0 0 0 0 0 0
3 1563 3836 2599 3878 0 0 0 0 0 0 0
3 2041 2062 2043 2695 0 0 0 0 0 0 0
3 2394 2540 2695 2696 0 0 0 0 0 0 0
3 618 725 726 3698 1 141 0 0 0 0 0 0
3 2452 3251 3250 3879 0 0 0 0 0 0 0
3 2535 2696 2540 2780 0 0 0 0 0 0 0
3 1555 1556 2603 3608 0 0 0 0 0 0 0
3 754 803 802 3099 1 141 0 0 0 0 0 0
3 2061 2695 2696 3630 0 0 0 0 0 0 0
3 2062 2695 2540 2696 0 0 0 0 0 0 0
3 2450 2452 3324 3879 0 0 0 0 0 0 0
3 2644 2767 2702 2995 0 0 0 0 0 0 0
3 109 180 1121 3590 0 0 0 0 0 0 0
3 2702 2995 2767 3823 0 0 0 0 0 0 0
3 2238 2963 2262 3084 0 0 0 0 0 0 0
3 1556 1557 1563 3878 1 75 0 0 0 0 0 0
3 1262 2158 2722 2744 0 0 0 0 0 0 0
3 584 3420 3687 3821 0 0 0 0 0 0 0
3 1335 1390 1346 3576 1 135 0 0 0 0 0 0
3 1309 1331 3838 3880 0 0 0 0 0 0 0
3 2892 2893 3313 3833 0 0 0 0 0 0 0
3 1147 1184 1180 2426 1 135 0 0 0 0 0 0
3 1184 3555 3726 3861 0 0 0 0 0 0 0
3 2995 3267 3331 3823 0 0 0 0 0 0 0
3 2345 2348 2734 3475 0 0 0 0 0 0 0
3 1137 2436 1655 3864 0 0 0 0 0 0 0
3 2026 2346 2347 2550 0 0 0 0 0 0 0
3 2767 2995 3358 3823 0 0 0 0 0 0 0
3 2346 2767 2995 3358 0 0 0 0 0 0 0
3 2994 3136 2995 3331 0 0 0 0 0 0 0
3 2550 2995 3136 3359 0 0 0 0 0 0 0
3 1180 2425 1267 3187 0 0 0 0 0 0 0
3 664 691 718 3881 1 141 0 0 0 0 0 0
3 2432 3163 3216 3413 0 0 0 0 0 0 0
3 2772 2879 2867 2880 0 0 0 0 0 0 0
3 3121 3340 3339 3342 0 0 0 0 0 0 0
3 2904 2905 2912 3664 0 0 0 0 0 0 0
3 1630 1646 1850 3381 0 0 0 0 0 0 0
3 2103 3696 3336 3835 0 0 0 0 0 0 0
3 1330 3316 3666 3860 0 0 0 0 0 0 0
3 1130 3284 1131 3739 0 0 0 0 0 0 0
3 380 3262 417 3527 0 0 0 0 0 0 0
3 2770 2776 2771 2778 0 0 0 0 0 0 0
3 153 230 229 3556 1 147 0 0 0 0 0 0
3 153 3296 1106 3556 0 0 0 0 0 0 0
3 1285 1315 1330 3217 1 135 0 0 0 0 0 0
3 1286 1329 1333 1960 1 135 0 0 0 0 0 0
3 2773 2778 3241 3719 0 0 0 0 0 0 0
3 428 1621 558 1944 0 0 0 0 0 0 0
3 324 3211 3212 3213 0 0 0 0 0 0 0
3 1303 1313 1304 3008 1 135 0 0 0 0 0 0
3 2116 3430 3253 3759 0 0 0 0 0 0 0
3 1315 3217 3219 3316 0 0 0 0 0 0 0
3 1104 1106 1216 3293 1 135 0 0 0 0 0 0
3 172 2419 1110 3289 0 0 0 0 0 0 0
3 2116 2211 3430 3759 0 0 0 0 0 0 0
3 826 827 868 3882 1 141 0 0 0 0 0 0
3 1972 1974 2682 2897 0 0 0 0 0 0 0
3 2116 2118 2119 3254 0 0 0 0 0 0 0
3 1199 3588 2485 3591 0 0 0 0 0 0 0
3 1752 2172 1757 2237 0 0 0 0 0 0 0
3 1490 2816 2818 3232 0 0 0 0 0 0 0
3 1828 2389 2388 3072 0 0 0 0 0 0 0
3 1619 1621 1628 1944 1 287 0 0 0 0 0 0
3 764 783 797 3753 1 141 0 0 0 0 0 0
3 2287 2941 2551 3279 0 0 0 0 0 0 0
3 1298 1319 1318 3011 1 135 0 0 0 0 0 0
3 453 1628 1621 1944 0 0 0 0 0 0 0
3 2623 2742 2624 3259 0 0 0 0 0 0 0
3 1955 2168 2164 3138 0 0 0 0 0 0 0
3 877 906 3605 3789 0 0 0 0 0 0 0
3 612 731 666 3152 1 141 0 0 0 0 0 0
3 1298 1318 1300 3287 1 135 0 0 0 0 0 0
3 278 314 309 3454 1 147 0 0 0 0 0 0
3 343 373 371 3486 1 147 0 0 0 0 0 0
3 665 696 691 3819 1 141 0 0 0 0 0 0
3 1019 2441 1652 3621 0 0 0 0 0 0 0
3 1368 1385 1406 3202 1 135 0 0 0 0 0 0
3 1827 1828 1832 2238 0 0 0 0 0 0 0
3 2484 3091 3591 3593 0 0 0 0 0 0 0
3 1137 1180 1183 2436 1 135 0 0 0 0 0 0
3 1348 1383 1384 3504 1 135 0 0 0 0 0 0
3 689 774 690 3501 1 141 0 0 0 0 0 0
3 2978 3107 3091 3592 0 0 0 0 0 0 0
3 2170 2812 2624 2813 0 0 0 0 0 0 0
3 2262 3084 3750 3788 0 0 0 0 0 0 0
3 2484 3590 3084 3788 0 0 0 0 0 0 0
3 1358 1364 3194 3812 0 0 0 0 0 0 0
3 2236 2640 2238 3084 0 0 0 0 0 0 0
3 1295 1368 1367 3344 1 135 0 0 0 0 0 0
3 1367 1368 1369 3507 1 135 0 0 0 0 0 0
3 2484 3593 3590 3788 0 0 0 0 0 0 0
3 959 2437 2438 3621 0 0 0 0 0 0 0
3 1017 2438 3621 3883 0 0 0 0 0 0 0
3 973 2020 1027 3183 0 0 0 0 0 0 0
3 590 961 962 2017 1 139 0 0 0 0 0 0
3 1144 2426 2436 2438 0 0 0 0 0 0 0
3 960 1996 1998 2032 0 0 0 0 0 0 0
3 1017 2426 1144 2438 0 0 0 0 0 0 0
3 670 689 690 2543 1 141 0 0 0 0 0 0
3 1295 2513 1368 3344 0 0 0 0 0 0 0
3 1269 1340 1281 3682 1 135 0 0 0 0 0 0
3 1655 2436 2438 2441 0 0 0 0 0 0 0
3 1668 2441 2438 3621 0 0 0 0 0 0 0
3 1017 2438 2441 3621 0 0 0 0 0 0 0
3 2296 2628 2662 3884 0 0 0 0 0 0 0
3 739 784 812 2648 1 141 0 0 0 0 0 0
3 1365 1370 1375 3394 1 135 0 0 0 0 0 0
3 1230 1307 1306 2864 1 135 0 0 0 0 0 0
3 802 803 832 3099 1 141 0 0 0 0 0 0
3 784 802 824 3180 1 141 0 0 0 0 0 0
3 1244 1305 1297 3085 1 135 0 0 0 0 0 0
3 2295 2628 2296 3884 0 0 0 0 0 0 0
3 2296 2662 2898 3884 0 0 0 0 0 0 0
3 878 882 901 3858 1 141 0 0 0 0 0 0
3 296 341 311 2794 1 147 0 0 0 0 0 0
3 814 3319 822 3754 0 0 0 0 0 0 0
3 1902 3356 3697 3744 0 0 0 0 0 0 0
3 2568 2828 2805 3794 0 0 0 0 0 0 0
3 1375 1391 1396 3503 1 135 0 0 0 0 0 0
3 2662 2896 2898 2900 0 0 0 0 0 0 0
3 739 740 784 3324 1 141 0 0 0 0 0 0
3 2662 2663 2896 2900 0 0 0 0 0 0 0
3 2119 2213 2211 2296 0 0 0 0 0 0 0
3 717 3745 3059 3834 0 0 0 0 0 0 0
3 2628 2663 2662 3694 0 0 0 0 0 0 0
3 1322 1323 1358 3311 1 135 0 0 0 0 0 0
3 1399 1406 1400 3508 1 135 0 0 0 0 0 0
3 1356 1379 2382 2494 0 0 0 0 0 0 0
3 2803 3552 3418 3619 0 0 0 0 0 0 0
3 3395 3681 3647 3800 0 0 0 0 0 0 0
3 1461 2769 2894 3877 0 0 0 0 0 0 0
3 1378 1398 1399 2383 1 135 0 0 0 0 0 0
3 1368 1406 1369 3507 1 135 0 0 0 0 0 0
3 1401 3619 3535 3885 0 0 0 0 0 0 0
3 156 2580 2770 2894 0 0 0 0 0 0 0
3 1283 1286 1333 3571 1 135 0 0 0 0 0 0
3 732 3027 2846 3704 0 0 0 0 0 0 0
3 1285 1330 1287 3859 1 135 0 0 0 0 0 0
3 2427 3627 3655 3681 0 0 0 0 0 0 0
3 3396 3654 3647 3655 0 0 0 0 0 0 0
3 1246 1295 1269 2516 1 135 0 0 0 0 0 0
3 1372 1395 1382 3167 1 135 0 0 0 0 0 0
3 3444 3698 3654 3798 0 0 0 0 0 0 0
3 3647 3798 3654 3828 0 0 0 0 0 0 0
3 3549 3798 3655 3800 0 0 0 0 0 0 0
3 3757 3848 3808 3853 0 0 0 0 0 0 0
3 3077 3701 3757 3853 0 0 0 0 0 0 0
3 16 484 534 3702 1 143 283 0 0 0 0 0
3 484 1608 1622 3702 1 287 0 0 0 0 0 0
3 3757 3808 3758 3853 0 0 0 0 0 0 0
3 3322 3415 3335 3427 0 0 0 0 0 0 0
3 60 61 120 452 3 147 145 133 0 0 0 0 0
3 2211 3421 2212 3430 0 0 0 0 0 0 0
3 3419 3421 3757 3850 0 0 0 0 0 0 0
3 2211 3757 3430 3759 0 0 0 0 0 0 0
3 2211 3419 3421 3757 0 0 0 0 0 0 0
3 3419 3757 3701 3850 0 0 0 0 0 0 0
3 2589 3886 3073 3887 0 0 0 0 0 0 0
3 2580 2769 2770 2894 0 0 0 0 0 0 0
3 598 1413 1412 3252 1 1 0 0 0 0 0 0
3 2350 3069 3073 3882 0 0 0 0 0 0 0
3 15 426 1612 1625 8 287 0 0 0 0 0 0
3 1914 2790 2360 3073 0 0 0 0 0 0 0
3 92 449 200 2458 0 0 0 0 0 0 0
3 16 536 521 2447 1 143 0 0 283 0 0 0
3 451 1613 2931 3755 0 0 0 0 0 0 0
3 2589 2790 3073 3886 0 0 0 0 0 0 0
3 2589 3073 3069 3887 0 0 0 0 0 0 0
3 1623 1879 2087 2456 0 0 0 0 0 0 0
3 1833 2109 2108 2110 0 0 0 0 0 0 0
3 2149 2187 2264 3516 0 0 0 0 0 0 0
3 2262 3084 2963 3750 0 0 0 0 0 0 0
3 2239 2637 2639 2640 0 0 0 0 0 0 0
3 607 608 653 1434 3 141 1 17 0 0 0 0 0
3 2262 3750 2963 3780 0 0 0 0 0 0 0
3 1757 2169 2170 2172 0 0 0 0 0 0 0
3 2109 2111 2387 2391 0 0 0 0 0 0 0
3 2355 2800 2360 3314 0 0 0 0 0 0 0
3 2103 2986 2870 3696 0 0 0 0 0 0 0
3 2101 2103 2870 3696 0 0 0 0 0 0 0
3 1773 3455 2101 3486 0 0 0 0 0 0 0
3 1784 2281 2043 3002 0 0 0 0 0 0 0
3 1906 2177 2091 2442 0 0 0 0 0 0 0
3 1772 2196 2416 2462 0 0 0 0 0 0 0
3 152 167 232 3280 1 147 0 0 0 0 0 0
3 2099 2101 2361 2826 0 0 0 0 0 0 0
3 2307 2314 2313 3704 0 0 0 0 0 0 0
3 2314 2476 2847 2848 0 0 0 0 0 0 0
3 2846 2848 2847 3700 0 0 0 0 0 0 0
3 1972 2897 2682 3888 0 0 0 0 0 0 0
3 167 170 220 3889 1 147 0 0 0 0 0 0
3 1788 1860 1905 2042 0 0 0 0 0 0 0
3 1893 2168 3017 3139 0 0 0 0 0 0 0
3 232 274 265 2845 1 147 0 0 0 0 0 0
3 1463 2581 1464 3719 0 0 0 0 0 0 0
3 265 274 297 2845 1 147 0 0 0 0 0 0
3 2773 3719 3241 3731 0 0 0 0 0 0 0
3 1865 2445 2175 2851 0 0 0 0 0 0 0
3 1459 3889 3280 3890 0 0 0 0 0 0 0
3 542 558 1626 2202 0 0 0 0 0 0 0
3 1451 1486 1487 3124 1 1 0 0 0 0 0 0
3 2615 2713 3615 3837 0 0 0 0 0 0 0
3 2766 3139 3185 3891 0 0 0 0 0 0 0
3 1069 1444 1445 3284 1 1 0 0 0 0 0 0
3 2173 2852 2766 3425 0 0 0 0 0 0 0
3 428 453 1621 1944 0 0 0 0 0 0 0
3 2173 2766 2178 3185 0 0 0 0 0 0 0
3 2662 2898 2896 3763 0 0 0 0 0 0 0
3 2628 3694 2662 3892 0 0 0 0 0 0 0
3 2896 2898 2899 3763 0 0 0 0 0 0 0
3 2777 3242 2779 3414 0 0 0 0 0 0 0
3 2211 3763 2212 3893 0 0 0 0 0 0 0
3 2264 3227 2370 3517 0 0 0 0 0 0 0
3 2370 2692 2737 2793 0 0 0 0 0 0 0
3 1412 1463 1422 3241 1 1 0 0 0 0 0 0
3 1472 2769 3216 3719 0 0 0 0 0 0 0
3 2008 2793 2718 2795 0 0 0 0 0 0 0
3 1422 3241 1466 3731 0 0 0 0 0 0 0
3 2263 2387 2370 2717 0 0 0 0 0 0 0
3 1232 3127 1242 3128 0 0 0 0 0 0 0
3 2111 2391 2390 2719 0 0 0 0 0 0 0
3 2718 2791 2788 2795 0 0 0 0 0 0 0
3 223 2611 2782 3164 0 0 0 0 0 0 0
3 224 250 270 2627 1 147 0 0 0 0 0 0
3 644 707 645 3245 1 141 0 0 0 0 0 0
3 87 157 156 2580 1 147 0 0 0 0 0 0
3 2004 2786 2008 2788 0 0 0 0 0 0 0
3 2822 3480 3015 3587 0 0 0 0 0 0 0
3 2433 2893 2894 3877 0 0 0 0 0 0 0
3 1461 1462 1478 3877 1 1 0 0 0 0 0 0
3 1232 3127 3128 3129 0 0 0 0 0 0 0
3 2615 2659 2714 3837 0 0 0 0 0 0 0
3 1458 1481 1460 3615 1 1 0 0 0 0 0 0
3 1419 1458 1460 3294 1 1 0 0 0 0 0 0
3 2659 2845 2714 3281 0 0 0 0 0 0 0
3 3280 3595 3294 3837 0 0 0 0 0 0 0
3 2714 2715 2844 3212 0 0 0 0 0 0 0
3 1909 2253 2618 2945 0 0 0 0 0 0 0
3 232 2659 3280 3281 0 0 0 0 0 0 0
3 275 324 312 3212 1 147 0 0 0 0 0 0
3 798 835 838 3484 1 141 0 0 0 0 0 0
3 1804 2716 2713 2844 0 0 0 0 0 0 0
3 2714 2844 3280 3281 0 0 0 0 0 0 0
3 2714 3212 2844 3281 0 0 0 0 0 0 0
3 1797 2198 2496 2845 0 0 0 0 0 0 0
3 1806 2615 2327 2714 0 0 0 0 0 0 0
3 2836 2837 3208 3437 0 0 0 0 0 0 0
3 2590 2836 2835 3437 0 0 0 0 0 0 0
3 2837 3069 3506 3887 0 0 0 0 0 0 0
3 2115 2207 2256 3527 0 0 0 0 0 0 0
3 2295 2298 2297 2755 0 0 0 0 0 0 0
3 2297 2800 2355 3146 0 0 0 0 0 0 0
3 2295 2298 2755 3884 0 0 0 0 0 0 0
3 2295 2296 2298 3884 0 0 0 0 0 0 0
3 2295 3803 2628 3884 0 0 0 0 0 0 0
3 2294 2628 2295 3803 0 0 0 0 0 0 0
3 2010 2012 2572 2767 0 0 0 0 0 0 0
3 1548 1568 1569 3661 1 75 0 0 0 0 0 0
3 2702 3267 2995 3823 0 0 0 0 0 0 0
3 1856 2576 1857 2701 0 0 0 0 0 0 0
3 2346 2348 2347 2767 0 0 0 0 0 0 0
3 1496 3609 1546 3809 0 0 0 0 0 0 0
3 2346 2734 2348 3358 0 0 0 0 0 0 0
3 1101 1218 1219 3786 1 135 0 0 0 0 0 0
3 1242 3127 3012 3128 0 0 0 0 0 0 0
3 221 222 273 2792 1 147 0 0 0 0 0 0
3 1055 1101 1056 1496 9 135 75 0 0 77 0 0 0
3 2012 2767 3358 3824 0 0 0 0 0 0 0
3 2417 2419 3479 3480 0 0 0 0 0 0 0
3 2417 3479 2820 3480 0 0 0 0 0 0 0
3 717 748 749 3745 1 141 0 0 0 0 0 0
3 635 715 714 3597 1 141 0 0 0 0 0 0
3 282 283 305 3791 1 147 0 0 0 0 0 0
3 2419 3204 3289 3479 0 0 0 0 0 0 0
3 135 3140 3545 3546 0 0 0 0 0 0 0
3 2415 2417 2419 3479 0 0 0 0 0 0 0
3 2522 2588 3533 3582 0 0 0 0 0 0 0
3 323 347 332 3823 1 147 0 0 0 0 0 0
3 2521 2523 2522 2587 0 0 0 0 0 0 0
3 679 684 683 3815 1 141 0 0 0 0 0 0
3 2522 3533 2953 3894 0 0 0 0 0 0 0
3 2520 2521 2522 2952 0 0 0 0 0 0 0
3 2520 2522 2523 2953 0 0 0 0 0 0 0
3 2519 2952 2953 3880 0 0 0 0 0 0 0
3 56 190 148 2956 1 147 0 0 0 0 0 0
3 2519 3880 2953 3895 0 0 0 0 0 0 0
3 2518 2949 2519 2953 0 0 0 0 0 0 0
3 630 683 631 3834 1 141 0 0 0 0 0 0
3 2953 3769 3896 3897 0 0 0 0 0 0 0
3 715 3599 2626 3898 0 0 0 0 0 0 0
3 684 778 748 3057 1 141 0 0 0 0 0 0
3 750 3598 3599 3795 0 0 0 0 0 0 0
3 2840 3087 3060 3599 0 0 0 0 0 0 0
3 2013 2576 2840 3087 0 0 0 0 0 0 0
3 1521 1544 1545 3105 1 75 0 0 0 0 0 0
3 2322 3031 2369 3053 0 0 0 0 0 0 0
3 2320 2908 2322 3052 0 0 0 0 0 0 0
3 51 1512 1513 2936 1 75 0 0 0 0 0 0
3 1513 1550 1514 3149 1 75 0 0 0 0 0 0
3 1511 1552 1512 3545 1 75 0 0 0 0 0 0
3 136 243 242 3706 1 147 0 0 0 0 0 0
3 2624 3259 2878 3271 0 0 0 0 0 0 0
3 1948 2322 2745 3251 0 0 0 0 0 0 0
3 756 3053 3511 3879 0 0 0 0 0 0 0
3 804 805 830 3870 1 141 0 0 0 0 0 0
3 1549 1550 1567 3748 1 75 0 0 0 0 0 0
3 219 221 2791 3263 0 0 0 0 0 0 0
3 739 2648 2647 3324 0 0 0 0 0 0 0
3 710 3053 3052 3511 0 0 0 0 0 0 0
3 2450 3053 3251 3879 0 0 0 0 0 0 0
3 1517 1546 1518 3512 1 75 0 0 0 0 0 0
3 2114 2115 2622 3487 0 0 0 0 0 0 0
3 1814 2115 2116 2207 0 0 0 0 0 0 0
3 168 219 171 3169 1 147 0 0 0 0 0 0
3 2752 3607 3608 3611 0 0 0 0 0 0 0
3 1550 3435 3149 3748 0 0 0 0 0 0 0
3 1569 3661 3604 3899 0 0 0 0 0 0 0
3 519 557 556 3006 1 143 0 0 0 0 0 0
3 436 556 461 1589 0 0 0 0 0 0 0
3 2208 2211 2212 2215 0 0 0 0 0 0 0
3 18 434 544 1586 1 143 0 0 0 0 0 0
3 2207 3262 2214 3900 0 0 0 0 0 0 0
3 459 1584 1585 1600 4 311 0 0 0 0 0 0
3 513 544 539 1588 1 143 0 0 0 0 0 0
3 2207 2214 2255 3900 0 0 0 0 0 0 0
3 2207 2257 2255 2493 0 0 0 0 0 0 0
3 2076 3376 2671 3644 0 0 0 0 0 0 0
3 1303 3192 3008 3493 0 0 0 0 0 0 0
3 513 1586 544 1588 2 311 0 0 0 0 0 0
3 2670 2675 2671 3452 0 0 0 0 0 0 0
3 435 474 485 1587 0 0 0 0 0 0 0
3 2670 2671 3468 3662 0 0 0 0 0 0 0
3 1848 2726 2796 2884 0 0 0 0 0 0 0
3 2319 2596 2321 3099 0 0 0 0 0 0 0
3 1596 1598 1603 3016 1 311 0 0 0 0 0 0
3 1591 1604 1593 3718 1 311 0 0 0 0 0 0
3 2323 2908 2747 3521 0 0 0 0 0 0 0
3 1003 1690 1084 1694 4 432 0 0 0 0 0 0
3 1843 1947 2598 2602 0 0 0 0 0 0 0
3 461 1587 1589 1603 4 311 0 0 0 0 0 0
3 1755 2131 1883 2623 0 0 0 0 0 0 0
3 69 70 144 462 3 147 145 133 0 0 0 0 0
3 1949 2452 2454 2809 0 0 0 0 0 0 0
3 1491 2672 3407 3643 0 0 0 0 0 0 0
3 1486 1492 3199 3407 0 0 0 0 0 0 0
3 2050 3407 2672 3643 0 0 0 0 0 0 0
3 1475 3279 1492 3407 0 0 0 0 0 0 0
3 1486 3407 3199 3643 0 0 0 0 0 0 0
3 2941 3352 3901 3902 0 0 0 0 0 0 0
3 437 557 475 3006 0 0 0 0 0 0 0
3 1591 3014 1605 3714 0 0 0 0 0 0 0
3 460 474 1587 1600 0 0 0 0 0 0 0
3 2047 3199 3279 3407 0 0 0 0 0 0 0
3 2332 3296 2661 3297 0 0 0 0 0 0 0
3 2332 2614 2661 2711 0 0 0 0 0 0 0
3 2327 2614 2332 2711 0 0 0 0 0 0 0
3 1623 2087 2447 3240 0 0 0 0 0 0 0
3 2327 2711 2332 3295 0 0 0 0 0 0 0
3 2327 2332 3089 3295 0 0 0 0 0 0 0
3 2197 2198 2327 3089 0 0 0 0 0 0 0
3 1542 2839 1543 3125 0 0 0 0 0 0 0
3 2324 3090 2332 3297 0 0 0 0 0 0 0
3 2324 2332 2326 2661 0 0 0 0 0 0 0
3 2924 2925 3631 3897 0 0 0 0 0 0 0
3 521 1623 1608 2447 1 287 0 0 0 0 0 0
3 2584 3769 2924 3771 0 0 0 0 0 0 0
3 2518 3074 2948 3874 0 0 0 0 0 0 0
3 343 3151 373 3486 0 0 0 0 0 0 0
3 1523 1543 3103 3125 0 0 0 0 0 0 0
3 2924 2932 2953 3533 0 0 0 0 0 0 0
3 427 453 452 1625 1 145 0 0 0 0 0 0
3 2636 2913 2963 3361 0 0 0 0 0 0 0
3 3084 3590 3589 3790 0 0 0 0 0 0 0
3 2263 2386 2717 2913 0 0 0 0 0 0 0
3 451 452 1613 1625 0 0 0 0 0 0 0
3 270 313 271 3903 1 147 0 0 0 0 0 0
3 2264 2370 2265 2692 0 0 0 0 0 0 0
3 451 1622 1612 1625 4 287 0 0 0 0 0 0
3 2262 2913 2717 3780 0 0 0 0 0 0 0
3 2238 2635 2636 2639 0 0 0 0 0 0 0
3 1955 2162 1956 2165 0 0 0 0 0 0 0
3 15 1611 427 1625 2 287 0 0 0 0 0 0
3 2198 2699 3205 3312 0 0 0 0 0 0 0
3 2684 2839 2917 3742 0 0 0 0 0 0 0
3 2407 2699 3090 3312 0 0 0 0 0 0 0
3 2361 2417 2820 2822 0 0 0 0 0 0 0
3 1542 2917 2839 3742 0 0 0 0 0 0 0
3 2197 2699 2198 3090 0 0 0 0 0 0 0
3 541 550 3256 3382 0 0 0 0 0 0 0
3 1798 2257 2195 2496 0 0 0 0 0 0 0
3 443 480 479 1631 1 145 0 0 0 0 0 0
3 506 507 1639 3760 0 131 0 0 0 0 0
3 2593 2726 2743 3097 0 0 0 0 0 0 0
3 1756 2623 2698 2970 0 0 0 0 0 0 0
3 1724 1824 1822 1904 0 0 0 0 0 0 0
3 1848 2726 2560 2796 0 0 0 0 0 0 0
3 2078 2276 3020 3329 0 0 0 0 0 0 0
3 1849 2882 2883 2884 0 0 0 0 0 0 0
3 2796 2882 2884 3858 0 0 0 0 0 0 0
3 506 507 528 1639 1 143 131 0 0 0 0 0
3 1630 1631 1633 3382 1 263 0 0 0 0 0 0
3 507 529 528 1639 5 143 263 0 259 0 0 0 0
3 1728 1824 1729 2241 0 0 0 0 0 0 0
3 504 3460 505 3904 0 0 0 131 0 0 0
3 506 528 527 1639 5 143 263 0 259 0 0 0 0
3 2151 2596 2593 2891 0 0 0 0 0 0 0
3 2007 2012 2010 2348 0 0 0 0 0 0 0
3 77 471 123 1644 0 0 0 0 0 0 0
3 1643 1648 2286 3264 0 0 0 0 0 0 0
3 123 471 1641 1648 8 263 0 0 0 0 0 0
3 125 1638 193 3270 0 0 0 0 0 0 0
3 1756 2698 2798 2969 0 0 0 0 0 0 0
3 1953 2397 2996 3508 0 0 0 0 0 0 0
3 2668 2997 2996 3535 0 0 0 0 0 0 0
3 2397 2562 2399 2563 0 0 0 0 0 0 0
3 2164 2174 2764 2766 0 0 0 0 0 0 0
3 1953 2997 2168 3017 0 0 0 0 0 0 0
3 445 446 481 560 3 145 143 132 0 0 0 0 0
3 450 2286 553 2957 0 0 0 0 0 0 0
3 2166 2225 2167 2342 0 0 0 0 0 0 0
3 509 531 1642 2962 0 0 0 0 0 0 0
3 447 482 559 2286 0 0 0 0 0 0 0
3 2410 2764 2442 2765 0 0 0 0 0 0 0
3 1636 1649 1638 2960 1 263 0 0 0 0 0 0
3 1956 1995 2160 2161 0 0 0 0 0 0 0
3 2399 2563 2666 2996 0 0 0 0 0 0 0
3 471 2286 1648 3264 0 0 0 0 0 0 0
3 2382 2385 2697 3674 0 0 0 0 0 0 0
3 635 2503 3125 3597 0 0 0 0 0 0 0
3 1993 2664 2224 3075 0 0 0 0 0 0 0
3 2382 2697 2385 2946 0 0 0 0 0 0 0
3 1141 1145 1182 2029 1 135 0 0 0 0 0 0
3 2566 2568 2805 3794 0 0 0 0 0 0 0
3 925 926 960 1997 1 139 129 0 0 0 0 0
3 2494 2566 2568 3013 0 0 0 0 0 0 0
3 2229 2567 2697 3674 0 0 0 0 0 0 0
3 964 1743 3905 3906 0 0 0 0 0 0 0
3 1145 1154 1179 2030 1 135 0 0 0 0 0 0
3 912 3578 1008 3906 0 0 0 0 0 0 0
3 1153 1658 3176 3200 0 0 0 0 0 0 0
3 969 1023 2031 3862 0 0 0 0 0 0 0
3 1008 3578 3905 3906 0 0 0 0 0 0 0
3 1658 1659 3176 3200 0 0 0 0 0 0 0
3 912 1008 913 3906 1 137 0 0 129 0 0 0
3 3120 3121 3339 3342 0 0 0 0 0 0 0
3 1071 1137 1072 1655 9 135 450 0 0 444 0 0 0
3 2854 3413 3339 3529 0 0 0 0 0 0 0
3 2266 3078 2274 3544 0 0 0 0 0 0 0
3 35 1002 1043 1692 9 135 432 0 0 426 0 0 0
3 1081 1697 1685 2430 1 432 0 0 0 0 0 0
3 532 560 1634 3264 0 0 0 0 0 0 0
3 2270 2272 2915 3725 0 0 0 0 0 0 0
3 1038 1675 1676 3182 0 0 0 0 0 0 0
3 1001 1002 1039 1043 3 137 135 128 0 0 0 0 0
3 1001 1038 1142 1675 0 0 0 0 0 0 0
3 3121 3338 3340 3543 0 0 0 0 0 0 0
3 1817 1895 2294 2355 0 0 0 0 0 0 0
3 3132 3261 3389 3450 0 0 0 0 0 0 0
3 1000 1001 1038 1142 3 137 135 128 0 0 0 0 0
3 36 1142 1079 1675 9 135 432 0 0 426 0 0 0
3 3132 3389 3652 3653 0 0 0 0 0 0 0
3 1029 1038 1039 1676 1 137 0 0 0 0 0 0
3 3064 3137 3132 3330 0 0 0 0 0 0 0
3 1095 1159 1226 2430 1 135 0 0 0 0 0 0
3 2015 3692 2689 3703 0 0 0 0 0 0 0
3 1306 2862 2864 3088 0 0 0 0 0 0 0
3 1308 2688 2015 3692 0 0 0 0 0 0 0
3 1081 1686 1697 2430 1 432 0 0 0 0 0 0
3 2689 3703 3692 3863 0 0 0 0 0 0 0
3 1226 1273 1343 3549 1 135 0 0 0 0 0 0
3 1337 3692 3703 3863 0 0 0 0 0 0 0
3 1272 2688 3692 3863 0 0 0 0 0 0 0
3 2711 3296 3295 3556 0 0 0 0 0 0 0
3 2326 2661 2333 2741 0 0 0 0 0 0 0
3 1704 1710 1721 3234 1 414 0 0 0 0 0 0
3 2326 2661 2741 3804 0 0 0 0 0 0 0
3 2661 2711 3293 3296 0 0 0 0 0 0 0
3 1705 2676 1721 2686 0 0 0 0 0 0 0
3 1089 1168 1705 1721 8 414 0 0 0 0 0 0
3 1167 1174 1168 3234 1 135 0 0 0 0 0 0
3 1799 2327 1806 2333 0 0 0 0 0 0 0
3 952 1721 1706 3021 1 414 0 0 0 0 0 0
3 1086 1718 1702 2861 1 414 0 0 0 0 0 0
3 2333 2614 2616 2657 0 0 0 0 0 0 0
3 1088 1167 1168 1709 1 135 0 0 0 0 0 0
3 2326 3785 2661 3804 0 0 0 0 0 0 0
3 33 1011 984 1032 4 137 0 0 0 0 0 0
3 33 1032 983 1042 8 135 0 0 0 408 0 0
3 2661 3293 2711 3907 0 0 0 0 0 0 0
3 907 2083 3551 3908 0 0 0 0 0 0 0
3 1031 1093 1228 1698 0 0 0 0 0 0 0
3 637 3155 2983 3639 0 0 0 0 0 0 0
3 1033 1717 1713 3581 0 0 0 0 0 0 0
3 985 986 1033 1166 3 137 135 128 0 0 0 0 0
3 2083 2084 3816 3858 0 0 0 0 0 0 0
3 1133 1712 2676 2677 0 0 0 0 0 0 0
3 33 1011 1032 1701 0 0 0 0 0 0 0
3 1010 1032 1012 1716 1 137 0 0 0 0 0 0
3 1963 2083 2084 3908 0 0 0 0 0 0 0
3 39 1629 1646 1850 1 263 0 0 0 0 0 0
3 2 76 122 1629 9 147 263 0 0 256 0 0 0
3 2079 2080 2082 2084 0 0 0 0 0 0 0
3 442 550 551 3382 1 143 0 0 0 0 0 0
3 2319 2322 3511 3515 0 0 0 0 0 0 0
3 2593 3099 2596 3436 0 0 0 0 0 0 0
3 2316 2319 2320 2322 0 0 0 0 0 0 0
3 2747 2907 2889 3639 0 0 0 0 0 0 0
3 2320 2323 2322 2908 0 0 0 0 0 0 0
3 1947 1966 2146 2336 0 0 0 0 0 0 0
3 2319 3099 2321 3515 0 0 0 0 0 0 0
3 2593 2891 2596 3099 0 0 0 0 0 0 0
3 2319 2322 2450 3511 0 0 0 0 0 0 0
3 2114 2115 3487 3527 0 0 0 0 0 0 0
3 3430 3757 3756 3759 0 0 0 0 0 0 0
3 1974 2682 2848 2850 0 0 0 0 0 0 0
3 2746 3639 3155 3846 0 0 0 0 0 0 0
3 2116 3262 2207 3527 0 0 0 0 0 0 0
3 2018 2895 2216 2896 0 0 0 0 0 0 0
3 2116 2211 2208 2215 0 0 0 0 0 0 0
3 48 168 49 1515 9 147 75 0 0 101 0 0 0
3 2119 2296 2211 2897 0 0 0 0 0 0 0
3 2116 2119 2211 3254 0 0 0 0 0 0 0
3 2577 3104 3379 3840 0 0 0 0 0 0 0
3 2841 3105 3059 3379 0 0 0 0 0 0 0
3 3140 3380 3150 3738 0 0 0 0 0 0 0
3 3150 3380 3646 3738 0 0 0 0 0 0 0
3 154 228 2408 3170 0 0 0 0 0 0 0
3 2577 3379 3380 3840 0 0 0 0 0 0 0
3 99 188 100 1111 9 147 135 0 0 127 0 0 0
3 1540 3639 3640 3846 0 0 0 0 0 0 0
3 2566 2969 2568 3013 0 0 0 0 0 0 0
3 1756 2698 2969 2970 0 0 0 0 0 0 0
3 278 2414 279 3583 0 0 0 0 0 0 0
3 1739 1756 1749 1957 0 0 0 0 0 0 0
3 787 3043 819 3055 0 0 0 0 0 0 0
3 100 1111 188 3315 0 0 0 0 0 0 0
3 2566 2969 3013 3179 0 0 0 0 0 0 0
3 2172 2483 2279 3091 0 0 0 0 0 0 0
3 2799 3013 2969 3179 0 0 0 0 0 0 0
3 431 543 537 3353 1 143 0 0 0 0 0 0
3 2130 2799 2448 3013 0 0 0 0 0 0 0
3 2614 2658 2656 2660 0 0 0 0 0 0 0
3 1103 2658 2656 2710 0 0 0 0 0 0 0
3 493 494 543 2209 1 143 131 0 0 0 0 0
3 44 140 67 1584 1 147 0 0 0 0 0 0
3 2144 2929 2708 3539 0 0 0 0 0 0 0
3 2060 2708 2144 2929 0 0 0 0 0 0 0
3 142 2246 2231 3365 0 0 0 0 0 0 0
3 488 2457 2783 3159 0 0 0 0 0 0 0
3 2144 2919 2929 3539 0 0 0 0 0 0 0
3 158 225 223 2475 1 147 0 0 0 0 0 0
3 2075 2144 3376 3645 0 0 0 0 0 0 0
3 2060 2075 2144 3376 0 0 0 0 0 0 0
3 226 269 329 3334 1 147 0 0 0 0 0 0
3 2372 2708 2709 3376 0 0 0 0 0 0 0
3 1526 3639 1540 3846 0 0 0 0 0 0 0
3 1610 1623 1617 3158 1 287 0 0 0 0 0 0
3 2144 3030 3376 3645 0 0 0 0 0 0 0
3 62 121 1614 1628 4 287 0 0 0 0 0 0
3 2144 2709 3030 3537 0 0 0 0 0 0 0
3 158 223 199 2475 1 147 0 0 0 0 0 0
3 2144 2709 3537 3539 0 0 0 0 0 0 0
3 1418 2458 2457 2944 0 0 0 0 0 0 0
3 1942 2395 2394 2532 0 0 0 0 0 0 0
3 1763 1887 1888 1912 0 0 0 0 0 0 0
3 2047 2551 2050 3407 0 0 0 0 0 0 0
3 2063 2371 2120 2373 0 0 0 0 0 0 0
3 1868 2124 2047 2189 0 0 0 0 0 0 0
3 2125 2358 2790 3753 0 0 0 0 0 0 0
3 2127 2705 2373 3826 0 0 0 0 0 0 0
3 206 211 289 2501 1 147 0 0 0 0 0 0
3 2127 2373 3753 3826 0 0 0 0 0 0 0
3 1873 2127 1913 2591 0 0 0 0 0 0 0
3 2374 2709 2704 2712 0 0 0 0 0 0 0
3 182 206 205 2875 1 147 0 0 0 0 0 0
3 2589 2837 2590 3074 0 0 0 0 0 0 0
3 2586 2592 2591 2679 0 0 0 0 0 0 0
3 105 182 106 1140 9 147 135 0 0 127 0 0 0
3 1998 2033 2029 2044 0 0 0 0 0 0 0
3 1181 1998 2029 2044 0 0 0 0 0 0 0
3 1997 2017 1998 2029 0 0 0 0 0 0 0
3 2367 3166 3463 3870 0 0 0 0 0 0 0
3 106 182 195 3782 1 147 0 0 0 0 0 0
3 104 186 105 1116 9 147 135 0 0 127 0 0 0
3 182 205 195 3782 1 147 0 0 0 0 0 0
3 186 211 206 2875 1 147 0 0 0 0 0 0
3 2883 3166 2884 3856 0 0 0 0 0 0 0
3 182 1140 2875 3909 0 0 0 0 0 0 0
3 2743 2884 3265 3266 0 0 0 0 0 0 0
3 1759 2151 1845 2179 0 0 0 0 0 0 0
3 2367 3166 3870 3910 0 0 0 0 0 0 0
3 1738 2796 2882 2884 0 0 0 0 0 0 0
3 2593 3097 2891 3099 0 0 0 0 0 0 0
3 3272 3401 3400 3402 0 0 0 0 0 0 0
3 1298 3012 3011 3287 0 0 0 0 0 0 0
3 99 188 1111 3204 0 0 0 0 0 0 0
3 1110 1111 1210 3204 1 135 0 0 0 0 0 0
3 3272 3401 3402 3558 0 0 0 0 0 0 0
3 1853 3398 3269 3400 0 0 0 0 0 0 0
3 3401 3402 3558 3797 0 0 0 0 0 0 0
3 3298 3459 3399 3732 0 0 0 0 0 0 0
3 98 172 99 1110 9 147 135 0 0 127 0 0 0
3 1487 1492 1489 3776 1 1 0 0 0 0 0 0
3 3373 3401 3733 3797 0 0 0 0 0 0 0
3 3357 3732 3401 3797 0 0 0 0 0 0 0
3 2583 2588 2680 3533 0 0 0 0 0 0 0
3 95 1104 165 3293 0 0 0 0 0 0 0
3 2747 3639 2890 3640 0 0 0 0 0 0 0
3 2522 3096 2588 3582 0 0 0 0 0 0 0
3 2932 3897 2953 3911 0 0 0 0 0 0 0
3 1213 1238 1214 3673 1 135 0 0 0 0 0 0
3 2703 2923 3533 3582 0 0 0 0 0 0 0
3 95 153 96 1106 9 147 135 0 0 127 0 0 0
3 1428 1445 1448 3284 1 1 0 0 0 0 0 0
3 2922 2927 2926 2928 0 0 0 0 0 0 0
3 151 2656 1103 3277 0 0 0 0 0 0 0
3 2680 2703 2705 3533 0 0 0 0 0 0 0
3 131 1626 1619 1944 0 0 0 0 0 0 0
3 2923 2924 2927 3533 0 0 0 0 0 0 0
3 693 768 3342 3543 0 0 0 0 0 0 0
3 2542 3195 3351 3682 0 0 0 0 0 0 0
3 129 252 170 3214 1 147 0 0 0 0 0 0
3 2542 3345 3195 3682 0 0 0 0 0 0 0
3 2000 3344 2514 3345 0 0 0 0 0 0 0
3 3195 3682 3345 3683 0 0 0 0 0 0 0
3 2541 3195 2542 3345 0 0 0 0 0 0 0
3 2541 2543 2542 3195 0 0 0 0 0 0 0
3 1241 1298 1300 3287 1 135 0 0 0 0 0 0
3 1210 1241 1212 3466 1 135 0 0 0 0 0 0
3 1113 3678 1208 3912 0 0 0 0 0 0 0
3 217 278 279 3583 1 147 0 0 0 0 0 0
3 2103 2363 2870 2986 0 0 0 0 0 0 0
3 2514 2541 3345 3502 0 0 0 0 0 0 0
3 2515 3502 3345 3737 0 0 0 0 0 0 0
3 1938 1980 2057 2062 0 0 0 0 0 0 0
3 1934 1980 2533 2534 0 0 0 0 0 0 0
3 2394 2696 2695 3630 0 0 0 0 0 0 0
3 2533 2535 2540 2833 0 0 0 0 0 0 0
3 1942 2533 2540 3476 0 0 0 0 0 0 0
3 2483 2980 3091 3764 0 0 0 0 0 0 0
3 2154 2980 2483 3764 0 0 0 0 0 0 0
3 2150 2186 2154 2979 0 0 0 0 0 0 0
3 2411 2723 2724 3825 0 0 0 0 0 0 0
3 2088 2186 2979 2980 0 0 0 0 0 0 0
3 2148 2349 2186 2652 0 0 0 0 0 0 0
3 1495 2633 3115 3609 0 0 0 0 0 0 0
3 1754 2623 2169 2698 0 0 0 0 0 0 0
3 2180 2181 2597 2749 0 0 0 0 0 0 0
3 1568 1581 1582 3612 1 75 0 0 0 0 0 0
3 1253 1254 1276 2813 1 135 0 0 0 0 0 0
3 208 287 288 3788 1 147 0 0 0 0 0 0
3 864 3856 3329 3857 0 0 0 0 0 0 0
3 1643 2286 1649 3383 0 0 0 0 0 0 0
3 559 2286 1643 3383 0 0 0 0 0 0 0
3 408 3118 2424 3498 0 0 0 0 0 0 0
3 531 2962 552 3383 0 0 0 0 0 0 0
3 531 559 532 1643 9 143 263 0 0 259 0 0 0
3 1248 1293 1294 2394 1 135 0 0 0 0 0 0
3 749 786 807 3055 1 141 0 0 0 0 0 0
3 1550 1551 1566 2934 1 75 0 0 0 0 0 0
3 420 3117 2424 3118 0 0 0 0 0 0 0
3 2786 2787 3148 3169 0 0 0 0 0 0 0
3 1544 1552 1545 3840 1 75 0 0 0 0 0 0
3 175 213 192 2936 1 147 0 0 0 0 0 0
3 552 2958 553 3383 0 0 0 0 0 0 0
3 282 305 323 3824 1 147 0 0 0 0 0 0
3 2787 3149 3435 3748 0 0 0 0 0 0 0
3 1551 1552 1559 2939 1 75 0 0 0 0 0 0
3 257 323 322 3268 1 147 0 0 0 0 0 0
3 1510 3108 1533 3738 0 0 0 0 0 0 0
3 2173 2174 2766 2852 0 0 0 0 0 0 0
3 778 787 786 3058 1 141 0 0 0 0 0 0
3 2841 3105 3103 3734 0 0 0 0 0 0 0
3 305 347 323 3824 1 147 0 0 0 0 0 0
3 1851 3140 1854 3150 0 0 0 0 0 0 0
3 2765 2852 2802 3536 0 0 0 0 0 0 0
3 266 297 267 3089 1 147 0 0 0 0 0 0
3 1300 3285 1301 3669 0 0 0 0 0 0 0
3 2460 3553 2945 3554 0 0 0 0 0 0 0
3 2765 3424 3536 3913 0 0 0 0 0 0 0
3 2173 2445 2852 3201 0 0 0 0 0 0 0
3 371 373 388 3487 1 147 0 0 0 0 0 0
3 382 3758 3756 3808 0 0 0 0 0 0 0
3 2164 3139 3693 3914 0 0 0 0 0 0 0
3 268 2405 2406 2416 0 0 0 0 0 0 0
3 2173 2766 3185 3425 0 0 0 0 0 0 0
3 491 647 648 3787 1 141 0 0 0 0 0 0
3 489 658 646 3741 1 141 0 0 0 0 0 0
3 226 2632 2631 3334 0 0 0 0 0 0 0
3 376 389 382 3756 1 147 0 0 0 0 0 0
3 40 1896 166 1897 0 0 0 0 0 0 0
3 344 3486 371 3696 0 0 0 0 0 0 0
3 2764 2852 3424 3425 0 0 0 0 0 0 0
3 2173 3201 2852 3425 0 0 0 0 0 0 0
3 269 319 359 3915 1 147 0 0 0 0 0 0
3 2764 2852 2765 3424 0 0 0 0 0 0 0
3 706 3613 3114 3916 0 0 0 0 0 0 0
3 1459 1460 2817 3280 0 0 0 0 0 0 0
3 356 359 361 3191 1 147 0 0 0 0 0 0
3 3335 3427 3423 3530 0 0 0 0 0 0 0
3 2309 2478 2477 2489 0 0 0 0 0 0 0
3 1738 1849 1848 2884 0 0 0 0 0 0 0
3 2217 2488 2444 3223 0 0 0 0 0 0 0
3 2098 2218 2363 2801 0 0 0 0 0 0 0
3 1852 1853 2702 3269 0 0 0 0 0 0 0
3 374 377 378 3331 1 147 0 0 0 0 0 0
3 687 776 777 3046 1 141 0 0 0 0 0 0
3 336 3238 3044 3652 0 0 0 0 0 0 0
3 672 729 688 3050 1 141 0 0 0 0 0 0
3 816 2490 842 3346 0 0 0 0 0 0 0
3 1940 2098 2481 2801 0 0 0 0 0 0 0
3 321 333 3372 3405 0 0 0 0 0 0 0
3 2135 2302 2142 2304 0 0 0 0 0 0 0
3 804 830 831 3265 1 141 0 0 0 0 0 0
3 2097 2139 2140 2282 0 0 0 0 0 0 0
3 2254 3007 2261 3011 0 0 0 0 0 0 0
3 2099 2103 2101 2826 0 0 0 0 0 0 0
3 776 2553 3038 3040 0 0 0 0 0 0 0
3 2054 3372 3399 3733 0 0 0 0 0 0 0
3 2424 3117 2608 3118 0 0 0 0 0 0 0
3 1778 2480 2098 3518 0 0 0 0 0 0 0
3 821 871 842 2490 1 141 0 0 0 0 0 0
3 131 248 1896 2232 0 0 0 0 0 0 0
3 1778 2826 3003 3917 0 0 0 0 0 0 0
3 1780 1782 2781 3003 0 0 0 0 0 0 0
3 1782 2570 1783 2781 0 0 0 0 0 0 0
3 1782 2260 2822 2826 0 0 0 0 0 0 0
3 439 440 476 540 3 145 143 132 0 0 0 0 0
3 236 3355 262 3547 0 0 0 0 0 0 0
3 466 477 478 3228 1 145 0 0 0 0 0 0
3 550 3377 3256 3382 0 0 0 0 0 0 0
3 146 236 237 3547 1 147 0 0 0 0 0 0
3 1842 1843 2603 2604 0 0 0 0 0 0 0
3 2007 2107 2370 2692 0 0 0 0 0 0 0
3 1842 2752 2603 3878 0 0 0 0 0 0 0
3 147 3228 3258 3386 0 0 0 0 0 0 0
3 526 541 1633 3382 0 0 0 0 0 0 0
3 386 3118 409 3327 0 0 0 0 0 0 0
3 1841 2600 2597 3457 0 0 0 0 0 0 0
3 1841 1844 1842 3836 0 0 0 0 0 0 0
3 1826 3610 1842 3836 0 0 0 0 0 0 0
3 1841 3457 1844 3836 0 0 0 0 0 0 0
3 2005 2006 2012 2789 0 0 0 0 0 0 0
3 492 538 542 2210 1 143 0 0 0 0 0 0
3 241 255 248 2203 1 147 0 0 0 0 0 0
3 1735 1740 1748 1962 0 0 0 0 0 0 0
3 2777 2976 3321 3903 0 0 0 0 0 0 0
3 2869 2976 3478 3918 0 0 0 0 0 0 0
3 2774 2777 2775 2975 0 0 0 0 0 0 0
3 2776 3478 2976 3903 0 0 0 0 0 0 0
3 386 3119 3118 3327 0 0 0 0 0 0 0
3 2760 2869 2976 3478 0 0 0 0 0 0 0
3 480 1631 483 1632 4 263 0 0 0 0 0 0
3 13 445 469 1634 0 0 0 0 0 0 0
3 1890 2804 2803 3619 0 0 0 0 0 0 0
3 1890 2877 2831 3873 0 0 0 0 0 0 0
3 2351 2653 2590 2837 0 0 0 0 0 0 0
3 386 3117 420 3118 0 0 0 0 0 0 0
3 484 1622 1612 3702 1 287 0 0 0 0 0 0
3 1929 2836 3069 3185 0 0 0 0 0 0 0
3 15 427 426 1625 1 143 0 132 0 0 0 0
3 2098 3518 2481 3688 0 0 0 0 0 0 0
3 16 1608 484 3702 1 287 0 0 283 0 0 0
3 1779 1940 1786 2098 0 0 0 0 0 0 0
3 20 561 512 1418 9 143 1 0 0 13 0 0 0
3 1776 1818 1777 1899 0 0 0 0 0 0 0
3 1607 1622 1608 3755 1 287 0 0 0 0 0 0
3 2217 2487 2220 2488 0 0 0 0 0 0 0
3 1880 2446 2851 2853 0 0 0 0 0 0 0
3 2452 2859 2809 3397 0 0 0 0 0 0 0
3 2463 2468 2466 2472 0 0 0 0 0 0 0
3 2377 2811 3184 3444 0 0 0 0 0 0 0
3 2451 3086 2811 3088 0 0 0 0 0 0 0
3 16 1608 534 2447 0 0 0 0 0 0 0
3 58 59 139 2459 1 147 133 0 0 0 0 0
3 2454 2469 2472 2862 0 0 0 0 0 0 0
3 2452 2454 2809 2863 0 0 0 0 0 0 0
3 2451 2809 2454 2863 0 0 0 0 0 0 0
3 498 516 515 1594 5 143 311 0 307 0 0 0 0
3 2454 2863 2862 3088 0 0 0 0 0 0 0
3 578 951 1704 1720 4 414 0 0 0 0 0 0
3 948 1678 1041 1694 2 432 0 0 0 0 0 0
3 1473 2051 2672 3637 0 0 0 0 0 0 0
3 1541 1571 1542 3742 1 75 0 0 0 0 0 0
3 1524 1541 1542 2503 1 75 0 0 0 0 0 0
3 2051 2670 2671 3468 0 0 0 0 0 0 0
3 2051 2372 2670 2672 0 0 0 0 0 0 0
3 2981 2993 3474 3646 0 0 0 0 0 0 0
3 2051 3030 3721 3919 0 0 0 0 0 0 0
3 532 560 533 1634 9 143 263 0 0 259 0 0 0
3 1934 2235 2532 2540 0 0 0 0 0 0 0
3 2041 2498 2694 2947 0 0 0 0 0 0 0
3 511 2956 2958 2973 0 0 0 0 0 0 0
3 2204 2235 2396 2498 0 0 0 0 0 0 0
3 2393 2396 2694 2695 0 0 0 0 0 0 0
3 2393 2695 2694 3193 0 0 0 0 0 0 0
3 2235 2394 2540 2695 0 0 0 0 0 0 0
3 787 3039 819 3043 0 0 0 0 0 0 0
3 2645 2646 3039 3040 0 0 0 0 0 0 0
3 509 552 531 2962 1 143 0 0 0 0 0 0
3 846 865 3039 3042 0 0 0 0 0 0 0
3 819 3039 865 3042 0 0 0 0 0 0 0
3 788 3038 846 3039 0 0 0 0 0 0 0
3 463 464 3023 3391 0 0 0 0 0 0 0
3 408 409 3118 3341 0 0 0 0 0 0 0
3 2212 2866 2214 2868 0 0 0 0 0 0 0
3 2868 2975 3321 3322 0 0 0 0 0 0 0
3 2774 2975 2866 2977 0 0 0 0 0 0 0
3 2195 2493 2431 2760 0 0 0 0 0 0 0
3 3188 3920 3821 3921 0 0 0 0 0 0 0
3 2214 2215 2868 3320 0 0 0 0 0 0 0
3 2213 2662 2896 3763 0 0 0 0 0 0 0
3 440 476 540 547 8 143 0 0 0 0 0 0
3 2868 2976 2869 3918 0 0 0 0 0 0 0
3 2058 2060 2730 2929 0 0 0 0 0 0 0
3 1976 1978 1977 2730 0 0 0 0 0 0 0
3 1978 2730 2060 3634 0 0 0 0 0 0 0
3 3821 3920 3831 3922 0 0 0 0 0 0 0
3 1977 2731 2729 2921 0 0 0 0 0 0 0
3 2058 2730 2728 2929 0 0 0 0 0 0 0
3 3373 3402 3401 3797 0 0 0 0 0 0 0
3 947 977 1683 3872 0 0 0 0 0 0 0
3 1048 1504 1160 2465 0 0 0 0 0 0 0
3 3357 3401 3558 3797 0 0 0 0 0 0 0
3 2559 3309 3399 3460 0 0 0 0 0 0 0
3 595 621 620 3624 1 141 0 0 0 0 0 0
3 1536 3034 3033 3222 0 0 0 0 0 0 0
3 594 595 620 3624 1 141 130 0 0 0 0 0
3 1176 1229 1223 3623 1 135 0 0 0 0 0 0
3 1046 1143 1156 3628 1 135 0 0 0 0 0 0
3 740 3324 3397 3879 0 0 0 0 0 0 0
3 3370 3777 3778 3797 0 0 0 0 0 0 0
3 2964 3005 3373 3777 0 0 0 0 0 0 0
3 3005 3761 3558 3797 0 0 0 0 0 0 0
3 3005 3370 3761 3797 0 0 0 0 0 0 0
3 1020 1664 1669 1670 4 450 0 0 0 0 0 0
3 1246 1339 1295 2509 1 135 0 0 0 0 0 0
3 1340 1367 1348 3349 1 135 0 0 0 0 0 0
3 2783 3165 3244 3245 0 0 0 0 0 0 0
3 2612 2782 3244 3252 0 0 0 0 0 0 0
3 629 664 718 3881 1 141 0 0 0 0 0 0
3 1277 3686 3820 3831 0 0 0 0 0 0 0
3 691 696 770 3923 1 141 0 0 0 0 0 0
3 2581 2612 2610 3244 0 0 0 0 0 0 0
3 1339 1346 1385 2512 1 135 0 0 0 0 0 0
3 2581 2582 2610 2612 0 0 0 0 0 0 0
3 2610 2612 2611 3244 0 0 0 0 0 0 0
3 1277 1335 1346 3686 1 135 0 0 0 0 0 0
3 3241 3244 3245 3252 0 0 0 0 0 0 0
3 3188 3821 3820 3921 0 0 0 0 0 0 0
3 2610 2779 2778 3244 0 0 0 0 0 0 0
3 2463 2472 2466 2473 0 0 0 0 0 0 0
3 1267 3188 2425 3726 0 0 0 0 0 0 0
3 2467 2471 2858 3432 0 0 0 0 0 0 0
3 1503 1536 1534 2463 1 75 0 0 0 0 0 0
3 1229 3623 2427 3657 0 0 0 0 0 0 0
3 2470 2471 3623 3657 0 0 0 0 0 0 0
3 642 3629 2464 3924 0 0 0 0 0 0 0
3 708 741 724 3250 1 141 0 0 0 0 0 0
3 2985 3623 3432 3625 0 0 0 0 0 0 0
3 1097 3519 2473 3730 0 0 0 0 0 0 0
3 3188 3820 3622 3921 0 0 0 0 0 0 0
3 2463 2472 2473 3519 0 0 0 0 0 0 0
3 640 709 641 3032 1 141 0 0 0 0 0 0
3 1501 1553 1502 3519 1 75 0 0 0 0 0 0
3 1230 2470 3623 3657 0 0 0 0 0 0 0
3 2013 2152 2367 2918 0 0 0 0 0 0 0
3 2575 2785 2917 3116 0 0 0 0 0 0 0
3 2575 3116 2917 3749 0 0 0 0 0 0 0
3 1566 2917 2575 2938 0 0 0 0 0 0 0
3 2010 2112 2013 2364 0 0 0 0 0 0 0
3 139 1879 2459 3755 0 0 0 0 0 0 0
3 2574 2575 2934 3749 0 0 0 0 0 0 0
3 2779 3114 3245 3412 0 0 0 0 0 0 0
3 599 644 1412 3245 0 0 0 0 0 0 0
3 2011 2577 2575 2839 0 0 0 0 0 0 0
3 2575 2684 2839 2917 0 0 0 0 0 0 0
3 3726 3861 3843 3925 0 0 0 0 0 0 0
3 2364 2785 2685 2917 0 0 0 0 0 0 0
3 599 1422 657 3245 0 0 0 0 0 0 0
3 505 506 541 3310 1 143 131 0 0 0 0 0
3 2318 2319 2531 2596 0 0 0 0 0 0 0
3 506 675 676 3732 1 141 0 0 0 0 0 0
3 3005 3373 3777 3797 0 0 0 0 0 0 0
3 1843 2598 2600 2601 0 0 0 0 0 0 0
3 2316 2319 2317 2320 0 0 0 0 0 0 0
3 2602 2603 2751 3729 0 0 0 0 0 0 0
3 3489 3838 3831 3926 0 0 0 0 0 0 0
3 131 1896 1626 1944 0 0 0 0 0 0 0
3 2145 3093 2336 3827 0 0 0 0 0 0 0
3 715 716 750 3599 1 141 0 0 0 0 0 0
3 865 3042 3329 3465 0 0 0 0 0 0 0
3 2598 2600 2601 2748 0 0 0 0 0 0 0
3 807 3055 3522 3795 0 0 0 0 0 0 0
3 1842 1843 2599 2603 0 0 0 0 0 0 0
3 3059 3470 3651 3834 0 0 0 0 0 0 0
3 3726 3831 3920 3926 0 0 0 0 0 0 0
3 2274 2423 2420 2439 0 0 0 0 0 0 0
3 316 402 335 3652 1 147 0 0 0 0 0 0
3 1868 2050 2047 2121 0 0 0 0 0 0 0
3 635 3597 3125 3898 0 0 0 0 0 0 0
3 3646 3651 3650 3738 0 0 0 0 0 0 0
3 631 683 717 3834 1 141 0 0 0 0 0 0
3 2123 2269 2267 2289 0 0 0 0 0 0 0
3 2047 2121 2050 2551 0 0 0 0 0 0 0
3 2359 2360 2401 3314 0 0 0 0 0 0 0
3 648 705 704 3422 1 141 0 0 0 0 0 0
3 1439 1452 1441 3869 1 1 0 0 0 0 0 0
3 2589 2790 2592 3073 0 0 0 0 0 0 0
3 1894 2019 1895 2194 0 0 0 0 0 0 0
3 763 797 799 2074 1 141 0 0 0 0 0 0
3 1921 2125 2120 2127 0 0 0 0 0 0 0
3 1867 2190 2189 2529 0 0 0 0 0 0 0
3 2355 2359 2915 3484 0 0 0 0 0 0 0
3 1347 3505 3695 3743 0 0 0 0 0 0 0
3 1347 3505 1384 3695 0 0 0 0 0 0 0
3 603 1410 1426 3492 1 1 0 0 0 0 0 0
3 762 799 798 3724 1 141 0 0 0 0 0 0
3 650 3557 1440 3805 0 0 0 0 0 0 0
3 2880 3120 3189 3342 0 0 0 0 0 0 0
3 661 662 692 3491 1 141 0 0 0 0 0 0
3 1468 3528 1476 3620 0 0 0 0 0 0 0
3 3505 3569 3695 3743 0 0 0 0 0 0 0
3 1426 1467 1457 3492 1 1 0 0 0 0 0 0
3 1384 3567 1391 3695 0 0 0 0 0 0 0
3 1370 1391 3567 3695 0 0 0 0 0 0 0
3 374 393 414 3136 1 147 0 0 0 0 0 0
3 374 414 402 3137 1 147 0 0 0 0 0 0
3 1370 3567 3569 3695 0 0 0 0 0 0 0
3 806 819 3465 3522 0 0 0 0 0 0 0
3 393 406 414 3927 1 147 0 0 0 0 0 0
3 788 789 846 3038 1 141 0 0 0 0 0 0
3 775 789 2553 3832 0 0 0 0 0 0 0
3 776 788 777 3040 1 141 0 0 0 0 0 0
3 2542 3349 3344 3682 0 0 0 0 0 0 0
3 2508 2514 2513 2515 0 0 0 0 0 0 0
3 2515 3683 3680 3736 0 0 0 0 0 0 0
3 2003 2937 2939 3380 0 0 0 0 0 0 0
3 2506 2507 2508 2512 0 0 0 0 0 0 0
3 787 788 819 3039 1 141 0 0 0 0 0 0
3 789 815 845 3740 1 141 0 0 0 0 0 0
3 1564 2600 1577 2601 0 0 0 0 0 0 0
3 1276 2813 2878 3271 0 0 0 0 0 0 0
3 2505 2507 3783 3819 0 0 0 0 0 0 0
3 1569 1582 1578 3604 1 75 0 0 0 0 0 0
3 1557 1558 1562 3610 1 75 0 0 0 0 0 0
3 1956 2001 2514 3690 0 0 0 0 0 0 0
3 287 301 296 3517 1 147 0 0 0 0 0 0
3 2509 2515 2516 3680 0 0 0 0 0 0 0
3 2505 2506 2515 3502 0 0 0 0 0 0 0
3 2671 2675 2708 3375 0 0 0 0 0 0 0
3 1462 1479 1478 3232 1 1 0 0 0 0 0 0
3 1480 1481 1489 2815 1 1 0 0 0 0 0 0
3 2505 2508 2510 2515 0 0 0 0 0 0 0
3 2508 2512 2509 2513 0 0 0 0 0 0 0
3 1319 1363 1360 3007 1 135 0 0 0 0 0 0
3 1908 1909 1911 2643 0 0 0 0 0 0 0
3 1360 1373 1372 3304 1 135 0 0 0 0 0 0
3 1360 3007 3304 3553 0 0 0 0 0 0 0
3 827 867 868 3811 1 141 0 0 0 0 0 0
3 1271 3560 2925 3928 0 0 0 0 0 0 0
3 744 811 783 3826 1 141 0 0 0 0 0 0
3 1908 1960 2679 3929 0 0 0 0 0 0 0
3 1783 1785 2569 2570 0 0 0 0 0 0 0
3 576 622 1976 2728 0 0 0 0 0 0 0
3 1870 1873 1874 2712 0 0 0 0 0 0 0
3 835 859 860 3314 1 141 0 0 0 0 0 0
3 1874 1908 1960 2681 0 0 0 0 0 0 0
3 1872 1874 1908 3573 0 0 0 0 0 0 0
3 1872 3573 1908 3860 0 0 0 0 0 0 0
3 1321 1359 1361 3443 1 135 0 0 0 0 0 0
3 2074 2916 2268 3102 0 0 0 0 0 0 0
3 2051 2372 3030 3376 0 0 0 0 0 0 0
3 1982 2534 2206 3068 0 0 0 0 0 0 0
3 1908 2591 2679 2681 0 0 0 0 0 0 0
3 2532 2533 3299 3440 0 0 0 0 0 0 0
3 1240 1299 2984 3513 0 0 0 0 0 0 0
3 2696 2780 3930 3931 0 0 0 0 0 0 0
3 1537 3521 2745 3727 0 0 0 0 0 0 0
3 2532 3068 3440 3668 0 0 0 0 0 0 0
3 802 832 824 3436 1 141 0 0 0 0 0 0
3 1374 1396 1380 3796 1 135 0 0 0 0 0 0
3 824 832 893 3436 1 141 0 0 0 0 0 0
3 2104 2106 2979 3066 0 0 0 0 0 0 0
3 2206 2534 2532 3068 0 0 0 0 0 0 0
3 1980 2502 2533 2534 0 0 0 0 0 0 0
3 2279 2483 2980 3091 0 0 0 0 0 0 0
3 2391 2787 2788 3308 0 0 0 0 0 0 0
3 2004 2391 2574 2787 0 0 0 0 0 0 0
3 2412 2725 2723 3526 0 0 0 0 0 0 0
3 2386 2792 2717 2913 0 0 0 0 0 0 0
3 1071 1137 1655 3864 0 0 0 0 0 0 0
3 1153 1177 1268 3176 1 135 0 0 0 0 0 0
3 924 925 969 1023 3 139 137 129 0 0 0 0 0
3 1672 2031 3200 3862 0 0 0 0 0 0 0
3 2111 2719 2153 2785 0 0 0 0 0 0 0
3 28 936 968 1653 3 139 450 447 0 0 0 0 0
3 2386 2910 2389 3308 0 0 0 0 0 0 0
3 1274 2443 3187 3622 0 0 0 0 0 0 0
3 1022 1139 1154 1666 0 0 0 0 0 0 0
3 1828 1844 2390 3072 0 0 0 0 0 0 0
3 2786 2788 2787 3169 0 0 0 0 0 0 0
3 577 1703 578 1753 0 0 0 130 0 0 0
3 2388 2634 3809 3932 0 0 0 0 0 0 0
3 1454 1456 1455 3644 1 1 0 0 0 0 0 0
3 2386 2791 2792 3308 0 0 0 0 0 0 0
3 940 971 1659 2031 0 0 0 0 0 0 0
3 939 940 971 1659 3 139 450 447 0 0 0 0 0
3 1266 1281 1336 3351 1 135 0 0 0 0 0 0
3 589 960 961 1998 1 139 0 0 0 0 0 0
3 2990 3490 3018 3933 0 0 0 0 0 0 0
3 924 1023 969 3862 0 0 0 0 0 0 0
3 2118 3018 3221 3488 0 0 0 0 0 0 0
3 2847 3700 3701 3934 0 0 0 0 0 0 0
3 2304 2310 2311 2314 0 0 0 0 0 0 0
3 1972 2362 2487 2492 0 0 0 0 0 0 0
3 2310 2476 2850 3257 0 0 0 0 0 0 0
3 583 3926 3920 3935 0 0 0 0 0 0 0
3 960 971 969 2031 1 139 0 0 0 0 0 0
3 939 1674 1659 3210 1 450 0 0 0 0 0 0
3 1075 1153 1658 3648 0 0 0 0 0 0 0
3 940 1672 1660 2031 1 450 0 0 0 0 0 0
3 1177 1281 1268 2033 1 135 0 0 0 0 0 0
3 1152 1177 1153 3648 1 135 0 0 0 0 0 0
3 1659 3210 1674 3766 0 0 0 0 0 0 0
3 2118 2989 3018 3488 0 0 0 0 0 0 0
3 985 1033 1011 1166 1 137 0 0 0 0 0 0
3 583 3726 3920 3926 0 0 0 0 0 0 0
3 1792 1793 1794 2843 0 0 0 0 0 0 0
3 2292 2842 2293 2843 0 0 0 0 0 0 0
3 2137 2139 2988 3341 0 0 0 0 0 0 0
3 2545 2546 3498 3499 0 0 0 0 0 0 0
3 1793 2546 2137 2988 0 0 0 0 0 0 0
3 2292 3082 2843 3497 0 0 0 0 0 0 0
3 2545 2988 3497 3498 0 0 0 0 0 0 0
3 2539 2542 3351 3384 0 0 0 0 0 0 0
3 918 1015 957 2753 0 0 0 0 0 0 0
3 1144 1147 1180 2426 1 135 0 0 0 0 0 0
3 958 3861 3883 3925 0 0 0 0 0 0 0
3 84 167 1417 3889 0 0 0 0 0 0 0
3 2542 3344 3345 3682 0 0 0 0 0 0 0
3 170 2707 3214 3889 0 0 0 0 0 0 0
3 2539 2542 3195 3351 0 0 0 0 0 0 0
3 2135 2304 2308 2310 0 0 0 0 0 0 0
3 2486 2492 2489 3524 0 0 0 0 0 0 0
3 1501 3519 3842 3866 0 0 0 0 0 0 0
3 1097 2463 1503 3830 0 0 0 0 0 0 0
3 2707 3215 3889 3890 0 0 0 0 0 0 0
3 2309 2489 2492 3524 0 0 0 0 0 0 0
3 2307 2492 3288 3524 0 0 0 0 0 0 0
3 2307 3704 2313 3871 0 0 0 0 0 0 0
3 1046 1156 1047 1509 9 135 75 0 0 77 0 0 0
3 2304 2305 2306 2312 0 0 0 0 0 0 0
3 1096 1223 1224 3830 1 135 0 0 0 0 0 0
3 710 3031 3052 3053 0 0 0 0 0 0 0
3 2138 2308 2304 2477 0 0 0 0 0 0 0
3 2307 2492 2682 3288 0 0 0 0 0 0 0
3 1047 1160 1504 2474 0 0 0 0 0 0 0
3 2307 2314 2682 2850 0 0 0 0 0 0 0
3 1123 1197 1196 1977 1 135 0 0 0 0 0 0
3 1058 1132 1227 3578 1 135 0 0 0 0 0 0
3 575 622 655 2059 1 141 0 0 0 0 0 0
3 1792 1794 2234 2843 0 0 0 0 0 0 0
3 1768 2478 2375 3936 0 0 0 0 0 0 0
3 1768 2565 2491 3235 0 0 0 0 0 0 0
3 1768 1770 2561 3868 0 0 0 0 0 0 0
3 1823 2038 2037 2564 0 0 0 0 0 0 0
3 1045 1143 1046 1506 9 135 75 0 0 77 0 0 0
3 3215 3280 3889 3890 0 0 0 0 0 0 0
3 2004 2391 2787 2788 0 0 0 0 0 0 0
3 2991 3438 2992 3628 0 0 0 0 0 0 0
3 2004 2008 2111 2788 0 0 0 0 0 0 0
3 2004 2111 2005 2785 0 0 0 0 0 0 0
3 2685 2971 3126 3742 0 0 0 0 0 0 0
3 2364 2575 2785 2917 0 0 0 0 0 0 0
3 2153 2720 2685 2785 0 0 0 0 0 0 0
3 1504 3160 2474 3629 0 0 0 0 0 0 0
3 3384 3564 3505 3743 0 0 0 0 0 0 0
3 3384 3744 3743 3863 0 0 0 0 0 0 0
3 1047 1160 1048 1504 9 135 75 0 0 77 0 0 0
3 595 596 621 3432 1 141 130 0 0 0 0 0
3 2689 3384 3703 3863 0 0 0 0 0 0 0
3 2689 3356 3384 3863 0 0 0 0 0 0 0
3 1067 1068 1129 1443 3 135 1 29 0 0 0 0 0
3 1126 1192 1191 3937 1 135 0 0 0 0 0 0
3 3343 3384 3351 3703 0 0 0 0 0 0 0
3 2689 3384 3343 3703 0 0 0 0 0 0 0
3 167 220 3281 3889 0 0 0 0 0 0 0
3 3350 3351 3384 3703 0 0 0 0 0 0 0
3 197 3143 3370 3777 0 0 0 0 0 0 0
3 3143 3370 3777 3778 0 0 0 0 0 0 0
3 1068 1443 1444 2901 1 1 0 0 0 0 0 0
3 3370 3760 3761 3797 0 0 0 0 0 0 0
3 1650 2960 3370 3761 0 0 0 0 0 0 0
3 575 576 1992 3938 0 130 0 0 0 0 0
3 1193 1257 1256 2919 1 135 0 0 0 0 0 0
3 310 311 2793 2795 0 0 0 0 0 0 0
3 3005 3777 3370 3797 0 0 0 0 0 0 0
3 1132 1430 1433 1992 0 0 0 0 0 0 0
3 2964 3370 3005 3777 0 0 0 0 0 0 0
3 3334 3427 3335 3530 0 0 0 0 0 0 0
3 3242 3247 3530 3613 0 0 0 0 0 0 0
3 305 348 3358 3523 0 0 0 0 0 0 0
3 3335 3415 3423 3427 0 0 0 0 0 0 0
3 925 960 969 2031 1 139 0 0 0 0 0 0
3 2975 2977 3242 3335 0 0 0 0 0 0 0
3 1150 1181 2015 2017 0 0 0 0 0 0 0
3 926 1024 1025 1997 1 137 0 0 0 0 0 0
3 283 3523 3791 3792 0 0 0 0 0 0 0
3 1182 2033 1266 2044 0 0 0 0 0 0 0
3 2977 3242 3423 3916 0 0 0 0 0 0 0
3 2553 2555 3049 3832 0 0 0 0 0 0 0
3 2868 2975 3322 3415 0 0 0 0 0 0 0
3 118 2244 134 2245 0 0 0 0 0 0 0
3 246 2245 2243 3939 0 0 0 0 0 0 0
3 310 3475 348 3523 0 0 0 0 0 0 0
3 2245 3752 3751 3939 0 0 0 0 0 0 0
3 118 1592 1602 2245 1 311 0 0 0 0 0 0
3 2450 3251 2452 3879 0 0 0 0 0 0 0
3 2454 2472 2468 3520 0 0 0 0 0 0 0
3 1014 1015 2753 2754 0 0 0 0 0 0 0
3 1013 2357 3580 3581 0 0 0 0 0 0 0
3 987 1162 1146 2754 1 135 0 0 0 0 0 0
3 987 1014 1034 2754 1 137 0 0 0 0 0 0
3 986 2677 1034 3581 0 0 0 0 0 0 0
3 1133 1162 1166 2677 1 135 0 0 0 0 0 0
3 2466 2472 2469 2473 0 0 0 0 0 0 0
3 2394 2540 2696 3931 0 0 0 0 0 0 0
3 1146 1178 2753 2754 0 0 0 0 0 0 0
3 1014 2357 1034 2754 0 0 0 0 0 0 0
3 1783 2569 2061 3192 0 0 0 0 0 0 0
3 1179 1268 1182 2030 1 135 0 0 0 0 0 0
3 2012 3358 3523 3824 0 0 0 0 0 0 0
3 1793 2843 2545 2988 0 0 0 0 0 0 0
3 1935 1981 1982 2234 0 0 0 0 0 0 0
3 2685 3742 2917 3781 0 0 0 0 0 0 0
3 2142 2621 2305 3161 0 0 0 0 0 0 0
3 2746 2886 2971 3155 0 0 0 0 0 0 0
3 962 2017 1026 2020 0 0 0 0 0 0 0
3 1141 1182 1181 2029 1 135 0 0 0 0 0 0
3 616 728 671 3177 1 141 0 0 0 0 0 0
3 2137 2683 2621 3327 0 0 0 0 0 0 0
3 2142 2621 3161 3327 0 0 0 0 0 0 0
3 1443 2940 1449 3940 0 0 0 0 0 0 0
3 2304 2311 2305 2312 0 0 0 0 0 0 0
3 2849 3029 3027 3705 0 0 0 0 0 0 0
3 1686 2428 1697 2430 0 0 0 0 0 0 0
3 1502 1553 1536 2463 1 75 0 0 0 0 0 0
3 2135 2303 2304 2310 0 0 0 0 0 0 0
3 2142 2305 2302 3161 0 0 0 0 0 0 0
3 708 709 741 3036 1 141 0 0 0 0 0 0
3 1531 3033 1536 3034 0 0 0 0 0 0 0
3 1230 2862 2470 2864 0 0 0 0 0 0 0
3 620 621 724 3396 1 141 0 0 0 0 0 0
3 2142 2304 2302 2305 0 0 0 0 0 0 0
3 2559 3134 3267 3398 0 0 0 0 0 0 0
3 3602 3799 3798 3801 0 0 0 0 0 0 0
3 739 784 2648 3324 0 0 0 0 0 0 0
3 2335 2602 2604 2751 0 0 0 0 0 0 0
3 3399 3401 3732 3733 0 0 0 0 0 0 0
3 322 332 333 3875 1 147 0 0 0 0 0 0
3 178 3593 1119 3765 0 0 0 0 0 0 0
3 1985 2502 2504 2535 0 0 0 0 0 0 0
3 1561 1562 2933 3604 0 0 0 0 0 0 0
3 2345 2734 2736 3475 0 0 0 0 0 0 0
3 205 206 291 3656 1 147 0 0 0 0 0 0
3 1116 1140 1203 3867 1 135 0 0 0 0 0 0
3 322 333 3405 3875 0 0 0 0 0 0 0
3 273 2717 2792 3780 0 0 0 0 0 0 0
3 321 3269 322 3405 0 0 0 0 0 0 0
3 1250 1291 1292 2825 1 135 0 0 0 0 0 0
3 289 300 291 3067 1 147 0 0 0 0 0 0
3 321 3400 3269 3405 0 0 0 0 0 0 0
3 1985 2501 2502 2534 0 0 0 0 0 0 0
3 1120 1199 1200 3591 1 135 0 0 0 0 0 0
3 209 286 287 3516 1 147 0 0 0 0 0 0
3 176 2834 1115 3476 0 0 0 0 0 0 0
3 211 2502 2501 2834 0 0 0 0 0 0 0
3 3269 3405 3398 3875 0 0 0 0 0 0 0
3 1201 1251 1250 2687 1 135 0 0 0 0 0 0
3 2277 2701 2368 3022 0 0 0 0 0 0 0
3 2382 2697 2494 3674 0 0 0 0 0 0 0
3 2034 2344 2184 2652 0 0 0 0 0 0 0
3 1181 1998 2017 2029 0 0 0 0 0 0 0
3 587 588 669 3737 1 141 130 0 0 0 0 0
3 2541 3195 3345 3737 0 0 0 0 0 0 0
3 2030 3176 2031 3200 0 0 0 0 0 0 0
3 1658 3176 1674 3648 0 0 0 0 0 0 0
3 588 971 1996 3766 0 0 0 0 0 0 0
3 1659 1674 3176 3766 0 0 0 0 0 0 0
3 1674 3648 3176 3766 0 0 0 0 0 0 0
3 1996 2030 2033 3176 0 0 0 0 0 0 0
3 3648 3736 3735 3766 0 0 0 0 0 0 0
3 2750 3458 3442 3781 0 0 0 0 0 0 0
3 722 2928 2926 3532 0 0 0 0 0 0 0
3 1753 2921 2727 3579 0 0 0 0 0 0 0
3 653 654 698 3452 1 141 0 0 0 0 0 0
3 3187 3188 3622 3921 0 0 0 0 0 0 0
3 588 1996 2032 3766 0 0 0 0 0 0 0
3 1168 2686 1721 3234 0 0 0 0 0 0 0
3 588 2032 3735 3766 0 0 0 0 0 0 0
3 3350 3703 3384 3863 0 0 0 0 0 0 0
3 3356 3744 3384 3863 0 0 0 0 0 0 0
3 2750 2971 3442 3846 0 0 0 0 0 0 0
3 3566 3743 3744 3801 0 0 0 0 0 0 0
3 1953 1956 1955 2162 0 0 0 0 0 0 0
3 1954 2506 1956 2514 0 0 0 0 0 0 0
3 1280 2923 1310 2932 0 0 0 0 0 0 0
3 1956 1995 3690 3941 0 0 0 0 0 0 0
3 1180 1184 1267 2425 1 135 0 0 0 0 0 0
3 655 1432 2059 3722 0 0 0 0 0 0 0
3 1995 3248 3690 3941 0 0 0 0 0 0 0
3 215 216 280 3586 1 147 0 0 0 0 0 0
3 879 880 904 2855 1 141 0 0 0 0 0 0
3 2684 2685 3126 3742 0 0 0 0 0 0 0
3 281 307 306 3300 1 147 0 0 0 0 0 0
3 1113 1151 1208 3678 1 135 0 0 0 0 0 0
3 216 217 279 3583 1 147 0 0 0 0 0 0
3 278 309 279 2414 1 147 0 0 0 0 0 0
3 1955 1956 2506 3767 0 0 0 0 0 0 0
3 1956 2160 1995 3941 0 0 0 0 0 0 0
3 279 309 308 3326 1 147 0 0 0 0 0 0
3 307 346 3518 3841 0 0 0 0 0 0 0
3 1304 1313 1319 3008 1 135 0 0 0 0 0 0
3 1098 1113 1221 3912 1 135 0 0 0 0 0 0
3 1324 1325 1356 2693 1 135 0 0 0 0 0 0
3 885 890 899 3186 1 141 0 0 0 0 0 0
3 1856 2646 2702 2768 0 0 0 0 0 0 0
3 2922 2926 2924 2930 0 0 0 0 0 0 0
3 2133 3490 2990 3933 0 0 0 0 0 0 0
3 2558 2768 2646 3040 0 0 0 0 0 0 0
3 938 1673 1657 3568 1 450 0 0 0 0 0 0
3 2558 2768 2559 3267 0 0 0 0 0 0 0
3 2557 2768 2558 3040 0 0 0 0 0 0 0
3 1853 3400 3269 3404 0 0 0 0 0 0 0
3 1853 3272 3400 3402 0 0 0 0 0 0 0
3 2966 2981 2993 3402 0 0 0 0 0 0 0
3 3059 3474 3470 3815 0 0 0 0 0 0 0
3 1282 1341 1335 3838 1 135 0 0 0 0 0 0
3 1853 3402 3474 3815 0 0 0 0 0 0 0
3 2920 2922 2925 2930 0 0 0 0 0 0 0
3 1389 2524 3575 3576 0 0 0 0 0 0 0
3 581 2744 2158 3942 0 0 0 0 0 0 0
3 2844 3215 3280 3889 0 0 0 0 0 0 0
3 1262 1284 1309 3942 1 135 0 0 0 0 0 0
3 1801 1804 2195 2423 0 0 0 0 0 0 0
3 957 958 3843 3861 0 0 0 0 0 0 0
3 2434 2763 2716 3215 0 0 0 0 0 0 0
3 1721 2686 2676 3021 0 0 0 0 0 0 0
3 1804 2434 2716 2844 0 0 0 0 0 0 0
3 1971 2673 2551 3406 0 0 0 0 0 0 0
3 823 824 893 2649 1 141 0 0 0 0 0 0
3 832 862 893 3097 1 141 0 0 0 0 0 0
3 1541 1542 2503 3742 0 0 0 0 0 0 0
3 853 888 889 2537 1 141 0 0 0 0 0 0
3 2335 3513 3675 3943 0 0 0 0 0 0 0
3 862 869 893 3944 1 141 0 0 0 0 0 0
3 2496 2715 2845 3212 0 0 0 0 0 0 0
3 299 354 302 2150 1 147 0 0 0 0 0 0
3 2844 3215 3889 3945 0 0 0 0 0 0 0
3 1317 3259 3829 3946 0 0 0 0 0 0 0
3 298 3237 2054 3309 0 0 0 0 0 0 0
3 1353 1361 1374 3441 1 135 0 0 0 0 0 0
3 355 3309 3134 3448 0 0 0 0 0 0 0
3 862 878 869 2536 1 141 0 0 0 0 0 0
3 2229 2398 2400 3672 0 0 0 0 0 0 0
3 1389 1392 1390 3575 1 135 0 0 0 0 0 0
3 2054 3399 3309 3460 0 0 0 0 0 0 0
3 2054 3459 3399 3460 0 0 0 0 0 0 0
3 333 3309 3372 3405 0 0 0 0 0 0 0
3 770 3914 771 3923 0 0 0 0 0 0 0
3 2699 3206 3205 3312 0 0 0 0 0 0 0
3 626 2926 3631 3769 0 0 0 0 0 0 0
3 670 671 689 2543 1 141 0 0 0 0 0 0
3 1358 1376 1364 3812 1 135 0 0 0 0 0 0
3 771 793 808 3947 1 141 0 0 0 0 0 0
3 1401 1402 3619 3873 0 0 0 0 0 0 0
3 278 2414 2416 3454 0 0 0 0 0 0 0
3 3309 3399 3372 3405 0 0 0 0 0 0 0
3 1377 1399 1400 2563 1 135 0 0 0 0 0 0
3 289 2501 2735 3067 0 0 0 0 0 0 0
3 1853 3402 3400 3404 0 0 0 0 0 0 0
3 1376 1377 1400 3535 1 135 0 0 0 0 0 0
3 1389 1405 1392 2524 1 135 0 0 0 0 0 0
3 2559 3135 3309 3460 0 0 0 0 0 0 0
3 1921 2373 3665 3753 0 0 0 0 0 0 0
3 1335 1389 1390 3576 1 135 0 0 0 0 0 0
3 718 771 747 3948 1 141 0 0 0 0 0 0
3 1394 1395 1402 3416 1 135 0 0 0 0 0 0
3 745 3509 811 3949 0 0 0 0 0 0 0
3 2350 2360 2800 3230 0 0 0 0 0 0 0
3 1993 2160 2226 2412 0 0 0 0 0 0 0
3 1953 2166 2168 2996 0 0 0 0 0 0 0
3 1401 1407 1404 3885 1 135 0 0 0 0 0 0
3 2228 2412 2411 2413 0 0 0 0 0 0 0
3 1993 1995 2160 3248 0 0 0 0 0 0 0
3 1987 1993 3075 3510 0 0 0 0 0 0 0
3 746 809 810 3208 1 141 0 0 0 0 0 0
3 1993 2160 2412 3526 0 0 0 0 0 0 0
3 1345 1381 1405 2521 1 135 0 0 0 0 0 0
3 2412 2548 2413 2664 0 0 0 0 0 0 0
3 88 89 130 1421 3 147 1 5 0 0 0 0 0
3 2410 2723 2412 2725 0 0 0 0 0 0 0
3 449 512 561 1418 2 1 0 0 0 0 0 0
3 2412 2548 2664 3526 0 0 0 0 0 0 0
3 2104 2188 3082 3950 0 0 0 0 0 0 0
3 2129 2448 2946 3013 0 0 0 0 0 0 0
3 1769 1770 1963 2561 0 0 0 0 0 0 0
3 2104 2234 2106 3066 0 0 0 0 0 0 0
3 2185 2409 2449 2798 0 0 0 0 0 0 0
3 650 702 662 3557 1 141 0 0 0 0 0 0
3 2241 2448 2498 2946 0 0 0 0 0 0 0
3 2204 2448 2235 2498 0 0 0 0 0 0 0
3 1724 1821 1822 1824 0 0 0 0 0 0 0
3 1061 1429 1125 3618 0 0 0 0 0 0 0
3 2102 2134 2219 2552 0 0 0 0 0 0 0
3 2136 2139 2142 3387 0 0 0 0 0 0 0
3 1426 1457 1440 3902 1 1 0 0 0 0 0 0
3 604 605 650 1440 3 141 1 17 0 0 0 0 0
3 2363 2990 2986 3689 0 0 0 0 0 0 0
3 2986 2990 2989 3933 0 0 0 0 0 0 0
3 1735 1965 1791 2034 0 0 0 0 0 0 0
3 2308 2309 2477 2489 0 0 0 0 0 0 0
3 783 3753 3665 3826 0 0 0 0 0 0 0
3 2310 3018 2990 3490 0 0 0 0 0 0 0
3 699 1920 700 3453 0 0 0 0 0 0 0
3 2135 2310 2990 3490 0 0 0 0 0 0 0
3 84 170 167 3889 1 147 0 0 0 0 0 0
3 2134 2801 2141 3689 0 0 0 0 0 0 0
3 2285 2694 2669 2947 0 0 0 0 0 0 0
3 547 3456 3228 3548 0 0 0 0 0 0 0
3 2675 2706 3375 3774 0 0 0 0 0 0 0
3 3239 3355 3548 3642 0 0 0 0 0 0 0
3 83 1417 167 3280 0 0 0 0 0 0 0
3 1448 1449 1484 3282 1 1 0 0 0 0 0 0
3 612 3028 731 3152 0 0 0 0 0 0 0
3 1419 1427 1458 3294 1 1 0 0 0 0 0 0
3 1103 2658 1131 3277 0 0 0 0 0 0 0
3 3228 3456 3355 3548 0 0 0 0 0 0 0
3 2675 2706 2708 3375 0 0 0 0 0 0 0
3 504 3456 3239 3904 0 0 0 0 0 0 0
3 3239 3456 3355 3904 0 0 0 0 0 0 0
3 1235 2741 3739 3907 0 0 0 0 0 0 0
3 82 3294 152 3595 0 0 0 0 0 0 0
3 263 3239 3355 3904 0 0 0 0 0 0 0
3 2484 2485 3588 3591 0 0 0 0 0 0 0
3 231 264 233 3951 1 147 0 0 0 0 0 0
3 2475 2783 3159 3164 0 0 0 0 0 0 0
3 2169 2623 2624 3271 0 0 0 0 0 0 0
3 2327 2615 2614 2659 0 0 0 0 0 0 0
3 3114 3412 3242 3613 0 0 0 0 0 0 0
3 1421 1463 1447 2581 1 1 0 0 0 0 0 0
3 2614 2656 2711 3561 0 0 0 0 0 0 0
3 2327 2614 2711 3561 0 0 0 0 0 0 0
3 722 2926 3769 3770 0 0 0 0 0 0 0
3 2659 2660 3595 3837 0 0 0 0 0 0 0
3 231 265 264 2659 1 147 0 0 0 0 0 0
3 1188 1235 1261 2902 1 135 0 0 0 0 0 0
3 153 229 169 3296 1 147 0 0 0 0 0 0
3 571 639 640 3031 1 141 0 0 0 0 0 0
3 750 3599 3060 3795 0 0 0 0 0 0 0
3 621 643 708 2467 1 141 0 0 0 0 0 0
3 1097 1502 1503 2463 0 0 0 0 0 0 0
3 2660 3595 3283 3707 0 0 0 0 0 0 0
3 1535 1553 1560 3222 1 75 0 0 0 0 0 0
3 1102 3606 3611 3746 0 0 0 0 0 0 0
3 2482 2696 2535 2780 0 0 0 0 0 0 0
3 1211 1240 1215 3943 1 135 0 0 0 0 0 0
3 2057 2535 2482 2696 0 0 0 0 0 0 0
3 2061 3002 2695 3193 0 0 0 0 0 0 0
3 1778 1781 1782 2099 0 0 0 0 0 0 0
3 1354 2566 3178 3179 0 0 0 0 0 0 0
3 1055 1101 1496 3606 0 0 0 0 0 0 0
3 2158 2722 2753 3952 0 0 0 0 0 0 0
3 1783 3192 2061 3493 0 0 0 0 0 0 0
3 2482 2535 2504 3301 0 0 0 0 0 0 0
3 2482 3003 3302 3917 0 0 0 0 0 0 0
3 2061 2696 2781 3630 0 0 0 0 0 0 0
3 1779 1781 1788 1789 0 0 0 0 0 0 0
3 1054 1497 1498 3611 1 75 0 0 0 0 0 0
3 2195 2715 2493 2760 0 0 0 0 0 0 0
3 2760 2844 3212 3945 0 0 0 0 0 0 0
3 2716 2763 3232 3890 0 0 0 0 0 0 0
3 2434 2761 2763 3215 0 0 0 0 0 0 0
3 2435 2763 2440 3232 0 0 0 0 0 0 0
3 1169 1705 1173 2676 0 0 0 0 0 0 0
3 1515 1549 1548 3435 1 75 0 0 0 0 0 0
3 222 2792 2911 3361 0 0 0 0 0 0 0
3 2214 3320 2869 3900 0 0 0 0 0 0 0
3 49 171 1514 3435 0 0 0 0 0 0 0
3 2212 2896 2899 3763 0 0 0 0 0 0 0
3 2389 3072 3604 3899 0 0 0 0 0 0 0
3 1827 2388 2238 2635 0 0 0 0 0 0 0
3 2386 2792 2910 3308 0 0 0 0 0 0 0
3 1535 1560 1537 3054 1 75 0 0 0 0 0 0
3 2179 2891 2743 3910 0 0 0 0 0 0 0
3 1045 1143 1506 2992 0 0 0 0 0 0 0
3 29 978 934 2992 1 139 0 0 129 0 0 0
3 2391 3612 2719 3749 0 0 0 0 0 0 0
3 1530 2369 3032 3034 0 0 0 0 0 0 0
3 642 708 643 3037 1 141 0 0 0 0 0 0
3 1844 2856 2390 3461 0 0 0 0 0 0 0
3 947 1687 975 3872 0 0 0 0 0 0 0
3 1534 2465 2463 3629 0 0 0 0 0 0 0
3 596 643 621 3432 1 141 0 0 0 0 0 0
3 1097 1502 2463 3519 0 0 0 0 0 0 0
3 1950 2009 2007 2107 0 0 0 0 0 0 0
3 2739 2902 2912 3081 0 0 0 0 0 0 0
3 2325 3218 2617 3219 0 0 0 0 0 0 0
3 1797 2496 2715 2845 0 0 0 0 0 0 0
3 642 1529 3037 3629 0 0 0 0 0 0 0
3 1529 1532 1534 3629 1 75 0 0 0 0 0 0
3 1806 2613 2291 2615 0 0 0 0 0 0 0
3 2122 2617 2529 3081 0 0 0 0 0 0 0
3 2326 2902 2739 3081 0 0 0 0 0 0 0
3 21 1532 574 3953 1 75 0 0 89 0 0 0
3 51 175 192 2936 1 147 0 0 0 0 0 0
3 715 750 751 3599 1 141 0 0 0 0 0 0
3 1523 1524 1542 3125 1 75 0 0 0 0 0 0
3 1815 2296 2295 2628 0 0 0 0 0 0 0
3 1815 2296 2628 2662 0 0 0 0 0 0 0
3 1814 2208 1815 2216 0 0 0 0 0 0 0
3 1972 2630 2298 2757 0 0 0 0 0 0 0
3 565 1522 632 3103 0 0 0 0 0 0 0
3 2296 3793 2298 3884 0 0 0 0 0 0 0
3 2298 2757 2755 2759 0 0 0 0 0 0 0
3 1521 1522 1544 3105 1 75 0 0 0 0 0 0
3 2298 2759 2755 3884 0 0 0 0 0 0 0
3 1853 3404 1854 3474 0 0 0 0 0 0 0
3 749 3060 3745 3795 0 0 0 0 0 0 0
3 1573 1574 2597 3640 0 0 0 0 0 0 0
3 1943 2221 2446 2630 0 0 0 0 0 0 0
3 1706 3021 2676 3580 0 0 0 0 0 0 0
3 1121 1122 3589 3790 0 0 0 0 0 0 0
3 310 2793 3475 3523 0 0 0 0 0 0 0
3 1825 3514 3699 3954 0 0 0 0 0 0 0
3 2295 2755 2297 3154 0 0 0 0 0 0 0
3 3399 3401 3400 3779 0 0 0 0 0 0 0
3 1122 2641 1198 3589 0 0 0 0 0 0 0
3 2298 2630 2331 2755 0 0 0 0 0 0 0
3 218 2786 3792 3955 0 0 0 0 0 0 0
3 1556 1563 1564 2603 1 75 0 0 0 0 0 0
3 2746 2750 2890 3640 0 0 0 0 0 0 0
3 2746 2983 2885 3155 0 0 0 0 0 0 0
3 181 3363 1122 3790 0 0 0 0 0 0 0
3 1105 1498 3608 3611 0 0 0 0 0 0 0
3 1796 3133 3047 3135 0 0 0 0 0 0 0
3 2503 2971 3155 3846 0 0 0 0 0 0 0
3 474 1586 485 1587 4 311 0 0 0 0 0 0
3 474 1585 1586 1587 4 311 0 0 0 0 0 0
3 434 435 474 485 3 145 143 132 0 0 0 0 0
3 1571 1581 3116 3781 0 0 0 0 0 0 0
3 519 556 520 1589 9 143 311 0 0 307 0 0 0
3 1567 1576 3116 3749 0 0 0 0 0 0 0
3 115 1596 144 3019 0 0 0 0 0 0 0
3 438 557 548 3391 1 143 0 0 0 0 0 0
3 461 1589 556 3006 0 0 0 0 0 0 0
3 2719 2785 3116 3781 0 0 0 0 0 0 0
3 435 461 1587 1589 0 0 0 0 0 0 0
3 17 436 435 1589 1 143 0 132 0 0 0 0
3 2785 2917 3116 3781 0 0 0 0 0 0 0
3 460 1587 461 1603 0 0 0 0 0 0 0
3 69 460 462 1599 1 145 0 0 0 0 0 0
3 3044 3133 3238 3448 0 0 0 0 0 0 0
3 546 548 557 3009 1 143 0 0 0 0 0 0
3 2556 3133 3044 3134 0 0 0 0 0 0 0
3 2556 3048 3047 3135 0 0 0 0 0 0 0
3 2559 3135 3134 3309 0 0 0 0 0 0 0
3 225 226 254 3334 1 147 0 0 0 0 0 0
3 2054 3309 3237 3460 0 0 0 0 0 0 0
3 1796 3237 3135 3460 0 0 0 0 0 0 0
3 1262 2744 2686 3560 0 0 0 0 0 0 0
3 490 3243 1898 3411 0 0 0 0 0 0 0
3 2583 2589 2585 3074 0 0 0 0 0 0 0
3 1961 2679 2588 2681 0 0 0 0 0 0 0
3 2583 2588 2585 2591 0 0 0 0 0 0 0
3 645 2783 2784 3245 0 0 0 0 0 0 0
3 2588 2679 2591 2681 0 0 0 0 0 0 0
3 522 1624 1617 3411 1 287 0 0 0 0 0 0
3 2351 2589 2585 2592 0 0 0 0 0 0 0
3 41 155 42 1609 9 147 287 0 0 280 0 0 0
3 130 250 2582 2611 0 0 0 0 0 0 0
3 2522 2585 2583 2588 0 0 0 0 0 0 0
3 1274 3622 3188 3820 0 0 0 0 0 0 0
3 1274 3188 1277 3820 0 0 0 0 0 0 0
3 646 3613 647 3741 0 0 0 0 0 0 0
3 427 428 453 525 3 145 143 132 0 0 0 0 0
3 1183 1267 1274 3187 1 135 0 0 0 0 0 0
3 1267 1274 3187 3188 0 0 0 0 0 0 0
3 2425 3920 3188 3921 0 0 0 0 0 0 0
3 2425 3726 3188 3920 0 0 0 0 0 0 0
3 531 559 1643 3383 0 0 0 0 0 0 0
3 1262 2722 2158 3952 0 0 0 0 0 0 0
3 3188 3726 3831 3920 0 0 0 0 0 0 0
3 2267 2551 3352 3408 0 0 0 0 0 0 0
3 443 444 480 483 3 145 143 132 0 0 0 0 0
3 531 552 559 3383 1 143 0 0 0 0 0 0
3 1922 2371 2673 3614 0 0 0 0 0 0 0
3 1919 1922 1921 2916 0 0 0 0 0 0 0
3 2287 2289 2551 2941 0 0 0 0 0 0 0
3 2123 2268 2270 2916 0 0 0 0 0 0 0
3 1921 1922 2120 2916 0 0 0 0 0 0 0
3 3062 3064 3132 3330 0 0 0 0 0 0 0
3 2609 3064 3045 3132 0 0 0 0 0 0 0
3 126 197 127 1635 9 147 263 0 0 256 0 0 0
3 194 197 3370 3777 0 0 0 0 0 0 0
3 1638 2960 2961 3270 0 0 0 0 0 0 0
3 2686 3021 3234 3559 0 0 0 0 0 0 0
3 1635 1650 3370 3778 0 0 0 0 0 0 0
3 2554 3047 3050 3051 0 0 0 0 0 0 0
3 1562 1578 2933 3604 0 0 0 0 0 0 0
3 3310 3778 3817 3956 0 0 0 0 0 0 0
3 527 1647 1633 3310 1 263 0 0 0 0 0 0
3 507 508 1640 3760 0 131 0 0 0 0 0
3 2633 2634 3115 3609 0 0 0 0 0 0 0
3 3061 3062 3063 3854 0 0 0 0 0 0 0
3 1635 1647 1639 3778 1 263 0 0 0 0 0 0
3 3061 3447 3449 3854 0 0 0 0 0 0 0
3 2609 3049 3447 3854 0 0 0 0 0 0 0
3 1673 3568 3197 3677 0 0 0 0 0 0 0
3 1656 1661 1673 3197 1 450 0 0 0 0 0 0
3 3050 3450 3449 3854 0 0 0 0 0 0 0
3 585 937 938 1656 5 139 450 0 447 0 0 0 0
3 2389 3604 3612 3661 0 0 0 0 0 0 0
3 939 1659 971 3210 0 0 0 0 0 0 0
3 2517 3574 3207 3922 0 0 0 0 0 0 0
3 1075 1153 1076 1658 9 135 450 0 0 444 0 0 0
3 971 1996 1659 2031 0 0 0 0 0 0 0
3 2517 3838 2519 3935 0 0 0 0 0 0 0
3 1844 2933 3461 3604 0 0 0 0 0 0 0
3 336 3044 402 3652 0 0 0 0 0 0 0
3 3207 3574 3686 3922 0 0 0 0 0 0 0
3 3574 3881 3821 3922 0 0 0 0 0 0 0
3 2517 3881 3922 3935 0 0 0 0 0 0 0
3 3821 3920 3922 3935 0 0 0 0 0 0 0
3 1028 1676 1677 3649 0 0 0 0 0 0 0
3 930 972 1028 1677 0 0 0 0 0 0 0
3 3920 3926 3922 3935 0 0 0 0 0 0 0
3 3838 3922 3926 3935 0 0 0 0 0 0 0
3 2038 2084 3816 3908 0 0 0 0 0 0 0
3 942 972 1677 1679 8 432 0 0 0 0 0 0
3 948 1030 975 1687 0 0 0 0 0 0 0
3 2037 2537 2413 2547 0 0 0 0 0 0 0
3 2427 3624 2428 3681 0 0 0 0 0 0 0
3 2038 2084 2678 3816 0 0 0 0 0 0 0
3 1094 1143 2992 3438 0 0 0 0 0 0 0
3 2038 2413 2537 2678 0 0 0 0 0 0 0
3 1003 1084 1158 1689 1 135 0 0 0 0 0 0
3 1765 1963 2038 2564 0 0 0 0 0 0 0
3 355 3134 3044 3448 0 0 0 0 0 0 0
3 2160 2163 2410 2725 0 0 0 0 0 0 0
3 946 1682 1696 2999 1 432 0 0 0 0 0 0
3 2160 2725 2412 3526 0 0 0 0 0 0 0
3 1989 1999 1995 2000 0 0 0 0 0 0 0
3 1956 1995 2000 2001 0 0 0 0 0 0 0
3 976 1007 2991 3872 0 0 0 0 0 0 0
3 1995 3248 2001 3690 0 0 0 0 0 0 0
3 1695 1809 3439 3872 0 0 0 0 0 0 0
3 2291 2619 2616 3282 0 0 0 0 0 0 0
3 2291 2613 2740 3596 0 0 0 0 0 0 0
3 2333 2657 2619 2741 0 0 0 0 0 0 0
3 2121 2124 2267 2551 0 0 0 0 0 0 0
3 2333 2661 2657 2741 0 0 0 0 0 0 0
3 1007 1030 3439 3872 0 0 0 0 0 0 0
3 494 2250 2251 3852 0 0 0 0 0 0 0
3 493 494 2246 2251 0 131 0 0 0 0 0
3 2246 2249 2247 2251 0 0 0 0 0 0 0
3 2201 3847 2251 3849 0 0 0 0 0 0 0
3 1091 1713 1719 2677 1 414 0 0 0 0 0 0
3 2249 2251 2250 3852 0 0 0 0 0 0 0
3 374 3136 3044 3331 0 0 0 0 0 0 0
3 1826 3606 2642 3610 0 0 0 0 0 0 0
3 1090 1133 1091 1712 9 135 414 0 0 408 0 0 0
3 1090 1169 1133 1712 1 135 0 0 0 0 0 0
3 1090 1705 1169 1712 2 414 0 0 0 0 0 0
3 120 1613 452 1625 2 287 0 0 0 0 0 0
3 1826 1834 1842 2752 0 0 0 0 0 0 0
3 452 453 1614 1625 0 0 0 0 0 0 0
3 1826 1844 2933 3836 0 0 0 0 0 0 0
3 1826 2933 1844 3072 0 0 0 0 0 0 0
3 61 120 452 1614 0 0 0 0 0 0 0
3 120 452 1614 1625 8 287 0 0 0 0 0 0
3 2262 2963 2913 3780 0 0 0 0 0 0 0
3 2386 2391 2788 3308 0 0 0 0 0 0 0
3 1826 1842 1829 1844 0 0 0 0 0 0 0
3 1826 1842 1844 3836 0 0 0 0 0 0 0
3 2407 2416 2699 3312 0 0 0 0 0 0 0
3 2408 3090 2943 3170 0 0 0 0 0 0 0
3 2943 3170 3090 3297 0 0 0 0 0 0 0
3 2406 2407 2408 3090 0 0 0 0 0 0 0
3 1916 2196 1924 2407 0 0 0 0 0 0 0
3 1427 1448 1458 3303 1 1 0 0 0 0 0 0
3 2407 2417 2415 3479 0 0 0 0 0 0 0
3 2407 2416 2415 2417 0 0 0 0 0 0 0
3 2623 2698 2970 3332 0 0 0 0 0 0 0
3 2169 2698 2623 3271 0 0 0 0 0 0 0
3 2264 2265 2349 2692 0 0 0 0 0 0 0
3 3084 3589 3363 3790 0 0 0 0 0 0 0
3 2624 2742 2625 3259 0 0 0 0 0 0 0
3 2110 2264 2262 2370 0 0 0 0 0 0 0
3 60 451 1613 2931 0 0 0 0 0 0 0
3 2994 3044 3136 3331 0 0 0 0 0 0 0
3 2211 3700 2848 3893 0 0 0 0 0 0 0
3 2296 3763 2897 3793 0 0 0 0 0 0 0
3 9 58 200 449 3 147 145 133 0 0 9 0 0
3 1607 1608 2447 3755 0 0 0 0 0 0 0
3 3044 3132 3137 3652 0 0 0 0 0 0 0
3 2757 3793 2897 3888 0 0 0 0 0 0 0
3 2682 2897 3290 3888 0 0 0 0 0 0 0
3 1606 1613 1607 2931 1 287 0 0 0 0 0 0
3 1974 2119 2118 3254 0 0 0 0 0 0 0
3 2211 2897 2296 3763 0 0 0 0 0 0 0
3 1812 2119 1972 2296 0 0 0 0 0 0 0
3 459 473 1585 3144 0 0 0 0 0 0 0
3 1588 1592 1601 3752 1 311 0 0 0 0 0 0
3 1972 2298 2296 2897 0 0 0 0 0 0 0
3 1972 2757 2897 3888 0 0 0 0 0 0 0
3 2494 3013 2946 3178 0 0 0 0 0 0 0
3 2382 2946 2947 3496 0 0 0 0 0 0 0
3 2553 2558 2555 2606 0 0 0 0 0 0 0
3 1822 2037 2038 2413 0 0 0 0 0 0 0
3 89 90 159 1420 3 147 1 5 0 0 0 0 0
3 2043 2281 2045 3002 0 0 0 0 0 0 0
3 2037 2228 2411 2413 0 0 0 0 0 0 0
3 2285 2385 2946 2947 0 0 0 0 0 0 0
3 2285 2666 2385 2947 0 0 0 0 0 0 0
3 2494 2697 2946 3013 0 0 0 0 0 0 0
3 2382 2494 2697 2946 0 0 0 0 0 0 0
3 1727 1821 1824 2036 0 0 0 0 0 0 0
3 1413 1420 1447 3252 1 1 0 0 0 0 0 0
3 2803 2872 3552 3812 0 0 0 0 0 0 0
3 2804 2997 3535 3619 0 0 0 0 0 0 0
3 1890 2997 3619 3885 0 0 0 0 0 0 0
3 1893 2831 2835 3017 0 0 0 0 0 0 0
3 176 212 211 2502 1 147 0 0 0 0 0 0
3 1893 2766 3139 3185 0 0 0 0 0 0 0
3 1245 1247 1296 3630 1 135 0 0 0 0 0 0
3 1927 2173 1929 3185 0 0 0 0 0 0 0
3 1890 2997 2804 3619 0 0 0 0 0 0 0
3 1529 1532 3629 3953 0 0 0 0 0 0 0
3 1245 1247 3630 3931 0 0 0 0 0 0 0
3 642 2464 643 3924 0 0 0 0 0 0 0
3 173 216 215 3586 1 147 0 0 0 0 0 0
3 597 642 3924 3953 0 0 0 0 0 0 0
3 103 184 176 3476 1 147 0 0 0 0 0 0
3 642 1529 3629 3953 0 0 0 0 0 0 0
3 104 176 186 2834 1 147 0 0 0 0 0 0
3 642 3629 3924 3953 0 0 0 0 0 0 0
3 176 184 212 2833 1 147 0 0 0 0 0 0
3 2503 2971 3442 3742 0 0 0 0 0 0 0
3 2684 3103 2839 3125 0 0 0 0 0 0 0
3 2838 2840 3126 3599 0 0 0 0 0 0 0
3 1549 1567 1568 3748 1 75 0 0 0 0 0 0
3 1514 1550 1549 3435 1 75 0 0 0 0 0 0
3 2503 3126 2971 3742 0 0 0 0 0 0 0
3 276 311 277 2795 1 147 0 0 0 0 0 0
3 2626 3126 2838 3597 0 0 0 0 0 0 0
3 184 214 212 2833 1 147 0 0 0 0 0 0
3 214 281 284 3300 1 147 0 0 0 0 0 0
3 2503 3125 3126 3742 0 0 0 0 0 0 0
3 1151 1204 1208 3476 1 135 0 0 0 0 0 0
3 1433 1979 1992 3938 0 0 0 0 0 0 0
3 82 1427 1419 3294 1 1 0 0 0 0 0 0
3 152 231 163 3595 1 147 0 0 0 0 0 0
3 22 1430 935 3938 1 1 0 0 21 0 0 0
3 1427 1428 1448 3283 1 1 0 0 0 0 0 0
3 773 3477 3510 3658 0 0 0 0 0 0 0
3 402 3044 3137 3652 0 0 0 0 0 0 0
3 63 64 141 455 3 147 145 133 0 0 0 0 0
3 63 141 131 2232 1 147 0 0 0 0 0 0
3 255 319 269 2665 1 147 0 0 0 0 0 0
3 429 454 558 2232 0 0 0 0 0 0 0
3 558 1944 2202 2232 0 0 0 0 0 0 0
3 1743 3905 1992 3938 0 0 0 0 0 0 0
3 576 964 1743 3938 0 0 0 0 0 0 0
3 576 1743 1992 3938 0 0 0 0 0 0 0
3 1289 3274 3271 3957 0 0 0 0 0 0 0
3 269 356 329 3328 1 147 0 0 0 0 0 0
3 912 964 935 3578 1 139 0 0 0 0 0 0
3 935 3578 964 3938 0 0 0 0 0 0 0
3 1992 3905 3578 3938 0 0 0 0 0 0 0
3 2390 2719 2391 3612 0 0 0 0 0 0 0
3 1252 2812 1289 3274 0 0 0 0 0 0 0
3 1566 1570 1576 2917 1 75 0 0 0 0 0 0
3 2397 2400 2398 2562 0 0 0 0 0 0 0
3 2388 2634 2911 2913 0 0 0 0 0 0 0
3 213 283 282 3276 1 147 0 0 0 0 0 0
3 2389 2391 3308 3661 0 0 0 0 0 0 0
3 2909 2910 2911 3263 0 0 0 0 0 0 0
3 1568 1582 1569 3612 1 75 0 0 0 0 0 0
3 2655 3477 3500 3754 0 0 0 0 0 0 0
3 310 311 342 2793 1 147 0 0 0 0 0 0
3 1252 1289 1290 3274 1 135 0 0 0 0 0 0
3 1764 1963 1770 2080 0 0 0 0 0 0 0
3 1766 2081 2080 2376 0 0 0 0 0 0 0
3 347 348 367 3358 1 147 0 0 0 0 0 0
3 1769 1905 2092 2199 0 0 0 0 0 0 0
3 2698 3271 3274 3332 0 0 0 0 0 0 0
3 1963 3540 2561 3550 0 0 0 0 0 0 0
3 2236 2237 2484 3084 0 0 0 0 0 0 0
3 1252 3106 3107 3274 0 0 0 0 0 0 0
3 813 3500 3477 3754 0 0 0 0 0 0 0
3 1963 2564 3540 3908 0 0 0 0 0 0 0
3 2545 2988 2843 3497 0 0 0 0 0 0 0
3 245 282 257 3633 1 147 0 0 0 0 0 0
3 257 282 323 3633 1 147 0 0 0 0 0 0
3 2783 3165 3164 3244 0 0 0 0 0 0 0
3 2597 2747 2890 3640 0 0 0 0 0 0 0
3 1963 3550 2080 3551 0 0 0 0 0 0 0
3 332 377 333 3875 1 147 0 0 0 0 0 0
3 2449 2871 2799 3142 0 0 0 0 0 0 0
3 2573 3268 3823 3824 0 0 0 0 0 0 0
3 806 807 819 3522 1 141 0 0 0 0 0 0
3 342 372 348 3475 1 147 0 0 0 0 0 0
3 1570 1571 1576 2917 1 75 0 0 0 0 0 0
3 282 3633 3791 3824 0 0 0 0 0 0 0
3 2037 2526 2038 2527 0 0 0 0 0 0 0
3 688 729 775 3049 1 141 0 0 0 0 0 0
3 758 766 782 2879 1 141 0 0 0 0 0 0
3 1961 3167 2586 3929 0 0 0 0 0 0 0
3 1963 2038 2564 3908 0 0 0 0 0 0 0
3 1946 2598 2601 3727 0 0 0 0 0 0 0
3 1946 2601 2598 2602 0 0 0 0 0 0 0
3 758 782 759 2881 1 141 0 0 0 0 0 0
3 1579 2600 2599 3457 0 0 0 0 0 0 0
3 1564 2599 2600 2601 0 0 0 0 0 0 0
3 1564 2599 1579 2600 0 0 0 0 0 0 0
3 1574 1579 2597 2600 0 0 0 0 0 0 0
3 2414 2415 2417 3583 0 0 0 0 0 0 0
3 761 3419 2899 3893 0 0 0 0 0 0 0
3 1574 2600 2597 2748 0 0 0 0 0 0 0
3 2114 3488 2118 3527 0 0 0 0 0 0 0
3 325 339 331 3900 1 147 0 0 0 0 0 0
3 1810 2114 2115 2622 0 0 0 0 0 0 0
3 356 361 381 3191 1 147 0 0 0 0 0 0
3 339 381 399 3320 1 147 0 0 0 0 0 0
3 1773 1776 2259 2622 0 0 0 0 0 0 0
3 1773 2622 2259 3486 0 0 0 0 0 0 0
3 1972 2757 2298 2897 0 0 0 0 0 0 0
3 1810 1973 1811 2114 0 0 0 0 0 0 0
3 2211 2213 2212 3763 0 0 0 0 0 0 0
3 313 3903 3321 3918 0 0 0 0 0 0 0
3 1974 2850 2848 3254 0 0 0 0 0 0 0
3 2114 2118 2116 3527 0 0 0 0 0 0 0
3 238 292 326 3249 1 147 0 0 0 0 0 0
3 1413 2782 1420 3252 0 0 0 0 0 0 0
3 2242 3110 3710 3712 0 0 0 0 0 0 0
3 336 355 374 3044 1 147 0 0 0 0 0 0
3 881 2082 902 3857 0 0 0 0 0 0 0
3 397 407 398 3498 1 147 0 0 0 0 0 0
3 3026 3711 3111 3712 0 0 0 0 0 0 0
3 729 736 775 3049 1 141 0 0 0 0 0 0
3 286 302 301 3516 1 147 0 0 0 0 0 0
3 1839 3451 3388 3709 0 0 0 0 0 0 0
3 2104 3065 2366 3066 0 0 0 0 0 0 0
3 866 884 880 3231 1 141 0 0 0 0 0 0
3 346 368 2300 3688 0 0 0 0 0 0 0
3 816 818 821 3958 1 141 0 0 0 0 0 0
3 894 905 899 3601 1 141 0 0 0 0 0 0
3 2612 3244 3241 3252 0 0 0 0 0 0 0
3 1750 2184 2186 2652 0 0 0 0 0 0 0
3 2742 2967 2808 3829 0 0 0 0 0 0 0
3 872 873 876 2758 1 141 0 0 0 0 0 0
3 2808 2967 3443 3829 0 0 0 0 0 0 0
3 413 421 419 3671 1 147 0 0 0 0 0 0
3 369 370 391 2986 1 147 0 0 0 0 0 0
3 1848 1884 1885 2147 0 0 0 0 0 0 0
3 1734 2678 2084 2796 0 0 0 0 0 0 0
3 2805 2967 2970 3441 0 0 0 0 0 0 0
3 442 479 478 3377 1 145 0 0 0 0 0 0
3 132 3258 3381 3390 0 0 0 0 0 0 0
3 441 547 550 3228 1 143 0 0 0 0 0 0
3 2805 2967 3441 3443 0 0 0 0 0 0 0
3 2619 2739 2741 2901 0 0 0 0 0 0 0
3 524 1620 542 1626 2 287 0 0 0 0 0 0
3 2619 2901 2741 3739 0 0 0 0 0 0 0
3 2619 3284 3282 3940 0 0 0 0 0 0 0
3 2051 2671 2372 3376 0 0 0 0 0 0 0
3 3165 3244 3245 3412 0 0 0 0 0 0 0
3 2706 2708 3375 3378 0 0 0 0 0 0 0
3 2144 3220 3030 3645 0 0 0 0 0 0 0
3 2372 2671 2670 2675 0 0 0 0 0 0 0
3 488 536 535 2087 1 143 0 0 0 0 0 0
3 2060 2708 2076 3376 0 0 0 0 0 0 0
3 488 645 658 3165 1 141 0 0 0 0 0 0
3 357 3322 3321 3333 0 0 0 0 0 0 0
3 1412 1447 3241 3252 0 0 0 0 0 0 0
3 3030 3376 3645 3919 0 0 0 0 0 0 0
3 2076 2708 2671 3376 0 0 0 0 0 0 0
3 488 658 489 3165 1 141 0 0 131 0 0 0
3 12 424 449 561 3 145 143 132 0 9 0 0 0
3 449 2458 561 3959 0 0 0 0 0 0 0
3 20 1418 1416 2944 1 1 0 0 0 0 0 0
3 534 535 536 2447 1 143 0 0 0 0 0 0
3 424 535 534 3959 1 143 0 0 0 0 0 0
3 2655 2806 2829 3477 0 0 0 0 0 0 0
3 1987 1988 2001 3385 0 0 0 0 0 0 0
3 1987 2001 3248 3501 0 0 0 0 0 0 0
3 1986 1994 1999 3076 0 0 0 0 0 0 0
3 473 544 1586 3144 0 0 0 0 0 0 0
3 460 474 461 1587 1 145 0 0 0 0 0 0
3 1850 3258 3377 3381 0 0 0 0 0 0 0
3 3310 3817 3775 3956 0 0 0 0 0 0 0
3 1987 2223 2829 3075 0 0 0 0 0 0 0
3 2223 2827 2230 3076 0 0 0 0 0 0 0
3 89 159 130 2612 1 147 0 0 0 0 0 0
3 441 442 478 550 3 145 143 132 0 0 0 0 0
3 442 551 479 3382 0 0 0 0 0 0 0
3 413 3221 3253 3671 0 0 0 0 0 0 0
3 39 132 75 1850 1 147 0 0 0 0 0 0
3 298 333 3309 3372 0 0 0 0 0 0 0
3 590 2015 1998 2017 0 0 0 0 0 0 0
3 1630 1633 1646 3381 1 263 0 0 0 0 0 0
3 574 1532 1529 3953 1 75 0 0 0 0 0 0
3 2782 2783 3164 3244 0 0 0 0 0 0 0
3 416 3070 3257 3671 0 0 0 0 0 0 0
3 1160 2465 1504 2474 0 0 0 0 0 0 0
3 3070 3257 3671 3759 0 0 0 0 0 0 0
3 412 413 419 3221 1 147 0 0 0 0 0 0
3 644 645 2784 3245 0 0 0 0 0 0 0
3 3253 3671 3257 3759 0 0 0 0 0 0 0
3 416 3257 419 3671 0 0 0 0 0 0 0
3 933 934 976 1007 3 139 137 129 0 0 0 0 0
3 29 934 979 2992 1 137 129 0 81 0 0 0
3 1004 1030 1158 3439 0 0 0 0 0 0 0
3 2726 2743 3097 3266 0 0 0 0 0 0 0
3 1156 3160 1509 3628 0 0 0 0 0 0 0
3 2149 2264 2187 2349 0 0 0 0 0 0 0
3 1953 3017 1955 3784 0 0 0 0 0 0 0
3 2145 2625 2157 2742 0 0 0 0 0 0 0
3 1845 2884 2883 3166 0 0 0 0 0 0 0
3 1749 1754 2279 2409 0 0 0 0 0 0 0
3 2262 3750 3227 3788 0 0 0 0 0 0 0
3 600 601 659 1411 3 141 1 17 0 0 0 0 0
3 2377 3444 3566 3699 0 0 0 0 0 0 0
3 1278 1342 1344 3799 1 135 0 0 0 0 0 0
3 3444 3566 3699 3801 0 0 0 0 0 0 0
3 1539 3639 2747 3640 0 0 0 0 0 0 0
3 2377 3446 3566 3799 0 0 0 0 0 0 0
3 2455 2955 2954 3730 0 0 0 0 0 0 0
3 593 3393 3395 3800 0 0 0 0 0 0 0
3 2378 3566 3446 3569 0 0 0 0 0 0 0
3 3393 3626 3395 3800 0 0 0 0 0 0 0
3 1344 1370 1365 3446 1 135 0 0 0 0 0 0
3 724 741 740 3397 1 141 0 0 0 0 0 0
3 130 2611 2582 2612 0 0 0 0 0 0 0
3 1222 1224 1231 3730 1 135 0 0 0 0 0 0
3 3743 3744 3801 3863 0 0 0 0 0 0 0
3 1986 2829 2830 3564 0 0 0 0 0 0 0
3 2830 3505 3564 3743 0 0 0 0 0 0 0
3 1986 3505 2830 3567 0 0 0 0 0 0 0
3 2583 2588 2591 2680 0 0 0 0 0 0 0
3 571 640 572 1530 9 141 75 0 0 89 0 0 0
3 2322 3053 2450 3511 0 0 0 0 0 0 0
3 1530 2369 3031 3032 0 0 0 0 0 0 0
3 2588 2681 2680 3584 0 0 0 0 0 0 0
3 254 329 357 3333 1 147 0 0 0 0 0 0
3 489 1617 3158 3411 0 0 0 0 0 0 0
3 649 3787 3422 3847 0 0 0 0 0 0 0
3 647 706 705 3423 1 141 0 0 0 0 0 0
3 489 490 3411 3741 0 131 0 0 0 0 0
3 1617 1624 3158 3411 0 0 0 0 0 0 0
3 488 489 536 3240 1 143 131 0 0 0 0 0
3 768 3260 3317 3960 0 0 0 0 0 0 0
3 224 270 271 2627 1 147 0 0 0 0 0 0
3 3114 3613 3242 3916 0 0 0 0 0 0 0
3 2583 2584 3533 3771 0 0 0 0 0 0 0
3 329 381 357 3322 1 147 0 0 0 0 0 0
3 2924 2953 2932 3897 0 0 0 0 0 0 0
3 2922 2929 2928 2930 0 0 0 0 0 0 0
3 197 3143 1635 3370 0 0 0 0 0 0 0
3 2959 2962 2973 3004 0 0 0 0 0 0 0
3 505 3460 3459 3904 0 0 0 0 0 0 0
3 2588 2680 3582 3584 0 0 0 0 0 0 0
3 2583 2584 3770 3874 0 0 0 0 0 0 0
3 508 678 509 3761 1 141 0 0 131 0 0 0
3 2044 3343 3351 3703 0 0 0 0 0 0 0
3 1266 2015 2044 3703 0 0 0 0 0 0 0
3 166 1897 226 2651 0 0 0 0 0 0 0
3 1181 1266 2015 2044 0 0 0 0 0 0 0
3 253 255 269 2665 1 147 0 0 0 0 0 0
3 1182 1281 1266 2033 1 135 0 0 0 0 0 0
3 269 359 356 3328 1 147 0 0 0 0 0 0
3 2206 3562 3068 3668 0 0 0 0 0 0 0
3 261 2249 2246 2250 0 0 0 0 0 0 0
3 1887 1930 1914 2356 0 0 0 0 0 0 0
3 248 255 253 2203 1 147 0 0 0 0 0 0
3 491 648 492 3787 1 141 0 0 131 0 0 0
3 166 1615 1897 2651 0 0 0 0 0 0 0
3 648 704 649 3422 1 141 0 0 0 0 0 0
3 141 2203 248 2232 0 0 0 0 0 0 0
3 1466 3719 3216 3731 0 0 0 0 0 0 0
3 647 705 648 3423 1 141 0 0 0 0 0 0
3 705 706 758 3916 1 141 0 0 0 0 0 0
3 1942 2533 2532 2540 0 0 0 0 0 0 0
3 1980 2502 1985 2535 0 0 0 0 0 0 0
3 633 3113 715 3898 0 0 0 0 0 0 0
3 89 1420 159 2612 0 0 0 0 0 0 0
3 567 1525 1524 2503 1 75 0 0 0 0 0 0
3 633 716 715 3113 1 141 0 0 0 0 0 0
3 1346 1390 1404 3855 1 135 0 0 0 0 0 0
3 696 779 770 3923 1 141 0 0 0 0 0 0
3 1376 3535 1401 3619 0 0 0 0 0 0 0
3 1783 1784 2061 2569 0 0 0 0 0 0 0
3 2535 2780 2833 3301 0 0 0 0 0 0 0
3 2978 3091 2980 3563 0 0 0 0 0 0 0
3 2187 2279 2483 2980 0 0 0 0 0 0 0
3 691 771 718 3948 1 141 0 0 0 0 0 0
3 958 3883 959 3925 0 0 0 0 0 0 0
3 1185 1262 1309 3942 1 135 0 0 0 0 0 0
3 2980 3762 3563 3764 0 0 0 0 0 0 0
3 2507 3819 2510 3821 0 0 0 0 0 0 0
3 2524 2525 3092 3434 0 0 0 0 0 0 0
3 2155 3325 2980 3762 0 0 0 0 0 0 0
3 989 1147 1016 3861 0 0 0 0 0 0 0
3 1947 1948 2146 2315 0 0 0 0 0 0 0
3 664 3821 3881 3935 0 0 0 0 0 0 0
3 2172 2485 3091 3107 0 0 0 0 0 0 0
3 2157 2169 2623 2624 0 0 0 0 0 0 0
3 675 3298 685 3779 0 0 0 0 0 0 0
3 1759 1848 1884 1885 0 0 0 0 0 0 0
3 355 377 374 3134 1 147 0 0 0 0 0 0
3 673 687 674 3048 1 141 0 0 0 0 0 0
3 2155 2979 2980 3325 0 0 0 0 0 0 0
3 1630 3381 3377 3382 0 0 0 0 0 0 0
3 367 394 2733 2734 0 0 0 0 0 0 0
3 501 502 1838 3482 0 131 0 0 0 0 0
3 505 506 3310 3956 0 131 0 0 0 0 0
3 2154 2979 2186 2980 0 0 0 0 0 0 0
3 683 3470 3815 3834 0 0 0 0 0 0 0
3 630 631 3651 3834 0 0 0 0 0 0 0
3 14 443 551 1631 1 143 0 0 0 0 0 0
3 159 223 2611 2782 0 0 0 0 0 0 0
3 170 3214 252 3889 0 0 0 0 0 0 0
3 767 796 782 3773 1 141 0 0 0 0 0 0
3 1465 1472 1477 3163 1 1 0 0 0 0 0 0
3 359 3191 3328 3915 0 0 0 0 0 0 0
3 3191 3427 3328 3915 0 0 0 0 0 0 0
3 1533 3108 3472 3646 0 0 0 0 0 0 0
3 3470 3471 3472 3650 0 0 0 0 0 0 0
3 2410 2411 2724 2765 0 0 0 0 0 0 0
3 2281 2667 2669 3002 0 0 0 0 0 0 0
3 3214 3889 3215 3945 0 0 0 0 0 0 0
3 768 769 795 3960 1 141 0 0 0 0 0 0
3 702 762 769 3101 1 141 0 0 0 0 0 0
3 156 2770 251 2892 0 0 0 0 0 0 0
3 1778 1780 2482 3003 0 0 0 0 0 0 0
3 2724 2764 2765 3424 0 0 0 0 0 0 0
3 716 717 749 3060 1 141 0 0 0 0 0 0
3 2765 2802 3229 3913 0 0 0 0 0 0 0
3 2765 3424 2852 3536 0 0 0 0 0 0 0
3 1856 3056 3055 3058 0 0 0 0 0 0 0
3 1857 2577 2576 2700 0 0 0 0 0 0 0
3 819 3043 3042 3465 0 0 0 0 0 0 0
3 806 819 829 3465 1 141 0 0 0 0 0 0
3 1855 1856 2768 3291 0 0 0 0 0 0 0
3 1852 1853 1855 2702 0 0 0 0 0 0 0
3 2570 2781 3127 3493 0 0 0 0 0 0 0
3 1348 3350 3349 3505 0 0 0 0 0 0 0
3 2569 3192 3008 3723 0 0 0 0 0 0 0
3 1369 1406 1399 2562 1 135 0 0 0 0 0 0
3 1385 1407 1406 3691 1 135 0 0 0 0 0 0
3 1400 1406 1407 3508 1 135 0 0 0 0 0 0
3 794 848 841 3693 1 141 0 0 0 0 0 0
3 681 696 2505 3767 0 0 0 0 0 0 0
3 664 3821 3819 3881 0 0 0 0 0 0 0
3 2570 2781 3015 3127 0 0 0 0 0 0 0
3 2570 2820 3012 3127 0 0 0 0 0 0 0
3 223 249 2611 3164 0 0 0 0 0 0 0
3 785 790 847 2725 1 141 0 0 0 0 0 0
3 2104 2292 3065 3950 0 0 0 0 0 0 0
3 1783 1784 1789 2061 0 0 0 0 0 0 0
3 785 848 794 2163 1 141 0 0 0 0 0 0
3 2260 2820 2570 3015 0 0 0 0 0 0 0
3 1778 3300 2480 3518 0 0 0 0 0 0 0
3 798 3724 3484 3725 0 0 0 0 0 0 0
3 2260 2361 2822 2826 0 0 0 0 0 0 0
3 1835 1841 1843 2181 0 0 0 0 0 0 0
3 3035 3189 3409 3413 0 0 0 0 0 0 0
3 796 839 837 3694 1 141 0 0 0 0 0 0
3 782 796 837 3773 1 141 0 0 0 0 0 0
3 2422 2433 2440 2763 0 0 0 0 0 0 0
3 3075 3500 3477 3510 0 0 0 0 0 0 0
3 782 837 801 2900 1 141 0 0 0 0 0 0
3 2318 2319 2450 2531 0 0 0 0 0 0 0
3 1947 1948 1949 2146 0 0 0 0 0 0 0
3 2593 2596 2595 3436 0 0 0 0 0 0 0
3 1883 2145 2742 2808 0 0 0 0 0 0 0
3 1843 2600 2599 2601 0 0 0 0 0 0 0
3 2475 2782 2783 3164 0 0 0 0 0 0 0
3 361 3431 3191 3756 0 0 0 0 0 0 0
3 1841 2597 2181 2749 0 0 0 0 0 0 0
3 837 839 858 3694 1 141 0 0 0 0 0 0
3 1829 1842 1841 1844 0 0 0 0 0 0 0
3 1835 1844 1841 2856 0 0 0 0 0 0 0
3 2627 2777 2776 2778 0 0 0 0 0 0 0
3 418 422 419 3490 1 147 0 0 0 0 0 0
3 2300 2481 3518 3688 0 0 0 0 0 0 0
3 2627 2777 2778 3414 0 0 0 0 0 0 0
3 870 878 888 2536 1 141 0 0 0 0 0 0
3 2777 3321 2975 3414 0 0 0 0 0 0 0
3 2771 2778 2777 2779 0 0 0 0 0 0 0
3 751 2159 2626 3598 0 0 0 0 0 0 0
3 741 3397 3250 3879 0 0 0 0 0 0 0
3 2762 2866 2775 2868 0 0 0 0 0 0 0
3 2774 2777 2975 3242 0 0 0 0 0 0 0
3 2836 3185 3139 3891 0 0 0 0 0 0 0
3 2803 3304 2874 3418 0 0 0 0 0 0 0
3 1890 2831 3017 3885 0 0 0 0 0 0 0
3 1007 2992 2991 3439 0 0 0 0 0 0 0
3 1143 1506 2992 3628 0 0 0 0 0 0 0
3 2668 2804 3535 3812 0 0 0 0 0 0 0
3 2836 3069 3185 3506 0 0 0 0 0 0 0
3 1683 2999 1809 3872 0 0 0 0 0 0 0
3 2173 3185 3410 3425 0 0 0 0 0 0 0
3 1890 1892 2804 2997 0 0 0 0 0 0 0
3 1772 2101 1773 3455 0 0 0 0 0 0 0
3 714 2626 2159 2886 0 0 0 0 0 0 0
3 1782 2822 2781 3003 0 0 0 0 0 0 0
3 2870 2986 2989 3168 0 0 0 0 0 0 0
3 2101 2622 3486 3696 0 0 0 0 0 0 0
3 1875 2350 2356 2800 0 0 0 0 0 0 0
3 1815 2295 2294 2628 0 0 0 0 0 0 0
3 2297 2298 2331 2755 0 0 0 0 0 0 0
3 2859 3444 3323 3654 0 0 0 0 0 0 0
3 2065 2451 2530 2968 0 0 0 0 0 0 0
3 2450 2530 2531 2809 0 0 0 0 0 0 0
3 770 794 793 3914 1 141 0 0 0 0 0 0
3 2064 2067 2072 2806 0 0 0 0 0 0 0
3 2064 2647 2066 3323 0 0 0 0 0 0 0
3 2144 3030 3220 3537 0 0 0 0 0 0 0
3 2051 2671 3376 3919 0 0 0 0 0 0 0
3 1184 1265 1267 3489 1 135 0 0 0 0 0 0
3 1341 2528 3207 3838 0 0 0 0 0 0 0
3 1178 1262 1185 3952 1 135 0 0 0 0 0 0
3 2372 2709 3030 3376 0 0 0 0 0 0 0
3 920 959 958 3883 1 139 0 0 0 0 0 0
3 581 956 957 2158 1 139 0 0 0 0 0 0
3 1136 1185 1184 3555 1 135 0 0 0 0 0 0
3 2626 3599 3126 3898 0 0 0 0 0 0 0
3 1873 2704 2374 2705 0 0 0 0 0 0 0
3 720 746 745 3874 1 141 0 0 0 0 0 0
3 2704 3537 2709 3538 0 0 0 0 0 0 0
3 722 744 743 3532 1 141 0 0 0 0 0 0
3 2158 2753 2722 3580 0 0 0 0 0 0 0
3 1013 1707 1717 3581 0 0 0 0 0 0 0
3 579 967 580 3021 1 139 0 0 130 0 0 0
3 1988 3349 2542 3350 0 0 0 0 0 0 0
3 2703 2708 2706 3378 0 0 0 0 0 0 0
3 1368 3344 2513 3507 0 0 0 0 0 0 0
3 2144 3030 2709 3376 0 0 0 0 0 0 0
3 2680 2703 3533 3582 0 0 0 0 0 0 0
3 1937 2300 2140 2481 0 0 0 0 0 0 0
3 25 1029 931 1041 4 137 0 0 0 0 0 0
3 25 1041 948 1678 8 432 0 0 429 0 0 0
3 947 948 975 1687 3 139 432 429 0 0 0 0 0
3 2140 2481 2300 3688 0 0 0 0 0 0 0
3 933 1007 976 3872 0 0 0 0 0 0 0
3 1004 1158 1094 3439 1 135 0 0 0 0 0 0
3 3000 3625 3160 3924 0 0 0 0 0 0 0
3 596 977 2991 2999 0 0 0 0 0 0 0
3 2098 2481 2801 3688 0 0 0 0 0 0 0
3 2555 3045 2609 3064 0 0 0 0 0 0 0
3 25 931 932 1041 5 139 137 0 129 0 0 0 0
3 932 1030 948 1041 2 137 0 0 0 0 0 0
3 1687 1695 1689 3439 1 432 0 0 0 0 0 0
3 1049 1097 1050 1502 9 135 75 0 0 77 0 0 0
3 1050 1501 1502 3519 1 75 0 0 0 0 0 0
3 1097 1224 1222 3730 1 135 0 0 0 0 0 0
3 2550 2994 2605 3136 0 0 0 0 0 0 0
3 2994 2995 3267 3331 0 0 0 0 0 0 0
3 2550 2644 2606 2994 0 0 0 0 0 0 0
3 920 1016 1017 3883 1 137 0 0 0 0 0 0
3 2644 2994 2995 3267 0 0 0 0 0 0 0
3 2558 2644 2646 2768 0 0 0 0 0 0 0
3 2559 3134 2994 3267 0 0 0 0 0 0 0
3 2994 3134 3044 3331 0 0 0 0 0 0 0
3 1071 1651 1138 3864 0 0 0 0 0 0 0
3 2558 2559 2994 3267 0 0 0 0 0 0 0
3 2868 2975 2976 3321 0 0 0 0 0 0 0
3 2975 2977 3335 3415 0 0 0 0 0 0 0
3 28 1019 910 1653 8 450 0 0 447 0 0 0
3 2215 2868 3320 3431 0 0 0 0 0 0 0
3 2432 2772 2774 2867 0 0 0 0 0 0 0
3 2868 3321 2976 3918 0 0 0 0 0 0 0
3 2116 3428 3262 3527 0 0 0 0 0 0 0
3 3322 3426 3415 3427 0 0 0 0 0 0 0
3 2868 2869 3320 3918 0 0 0 0 0 0 0
3 593 1680 944 3395 0 0 0 0 0 0 0
3 594 944 1681 3395 0 0 0 0 0 0 0
3 1685 3626 1693 3684 0 0 0 0 0 0 0
3 3395 3626 3681 3800 0 0 0 0 0 0 0
3 588 3735 3736 3766 0 0 0 0 0 0 0
3 154 228 227 2405 1 147 0 0 0 0 0 0
3 619 3647 3395 3681 0 0 0 0 0 0 0
3 593 3395 619 3647 0 0 0 0 0 0 0
3 619 3624 3647 3681 0 0 0 0 0 0 0
3 2011 2577 2839 2841 0 0 0 0 0 0 0
3 93 151 94 1103 9 147 135 0 0 127 0 0 0
3 1487 2740 3124 3199 0 0 0 0 0 0 0
3 2011 2840 2576 2841 0 0 0 0 0 0 0
3 229 230 266 3295 1 147 0 0 0 0 0 0
3 2011 2576 2577 2841 0 0 0 0 0 0 0
3 1448 3282 3284 3940 0 0 0 0 0 0 0
3 1721 2686 3021 3234 0 0 0 0 0 0 0
3 2626 2838 2886 3597 0 0 0 0 0 0 0
3 2577 2839 2841 3104 0 0 0 0 0 0 0
3 1089 1710 1168 1721 2 414 0 0 0 0 0 0
3 1168 3234 1174 3560 0 0 0 0 0 0 0
3 2380 2980 2979 3325 0 0 0 0 0 0 0
3 1011 1092 1166 1713 0 0 0 0 0 0 0
3 986 1166 1162 2677 1 135 0 0 0 0 0 0
3 986 1162 1034 2677 0 0 0 0 0 0 0
3 1705 1706 1721 2676 1 414 0 0 0 0 0 0
3 3091 3563 3594 3765 0 0 0 0 0 0 0
3 2381 2825 2449 3106 0 0 0 0 0 0 0
3 1185 1262 3942 3952 0 0 0 0 0 0 0
3 2279 2380 2978 2980 0 0 0 0 0 0 0
3 2686 2744 3559 3560 0 0 0 0 0 0 0
3 1262 2744 3560 3928 0 0 0 0 0 0 0
3 2687 2978 3563 3594 0 0 0 0 0 0 0
3 580 956 581 2158 1 139 0 0 130 0 0 0
3 582 628 3895 3935 0 0 0 0 0 0 0
3 2686 2744 2722 3021 0 0 0 0 0 0 0
3 2172 2279 2978 3091 0 0 0 0 0 0 0
3 1715 1743 1744 2857 0 0 0 0 0 0 0
3 1195 1255 1256 2921 1 135 0 0 0 0 0 0
3 1703 1720 1753 3632 0 0 0 0 0 0 0
3 204 3270 2959 3369 0 0 0 0 0 0 0
3 2139 2301 2293 3341 0 0 0 0 0 0 0
3 194 3370 2964 3777 0 0 0 0 0 0 0
3 2478 2490 3346 3542 0 0 0 0 0 0 0
3 576 577 623 2728 1 141 130 0 0 0 0 0
3 1256 1257 1280 2919 1 135 0 0 0 0 0 0
3 792 3346 3255 3494 0 0 0 0 0 0 0
3 2288 2529 2739 2905 0 0 0 0 0 0 0
3 1107 1213 1214 3170 1 135 0 0 0 0 0 0
3 126 1636 194 3370 0 0 0 0 0 0 0
3 1110 1210 1212 3289 1 135 0 0 0 0 0 0
3 2617 3316 3217 3859 0 0 0 0 0 0 0
3 2959 2960 3005 3369 0 0 0 0 0 0 0
3 204 2959 2964 3369 0 0 0 0 0 0 0
3 194 3270 204 3369 0 0 0 0 0 0 0
3 2959 3270 2960 3369 0 0 0 0 0 0 0
3 2626 2886 2838 2918 0 0 0 0 0 0 0
3 2684 2838 2840 3126 0 0 0 0 0 0 0
3 2111 2153 2364 2785 0 0 0 0 0 0 0
3 1115 1205 1204 3476 1 135 0 0 0 0 0 0
3 102 184 103 1151 9 147 135 0 0 127 0 0 0
3 1566 2917 1576 3749 0 0 0 0 0 0 0
3 2004 2008 2005 2111 0 0 0 0 0 0 0
3 1542 2839 3125 3742 0 0 0 0 0 0 0
3 308 3326 309 3336 0 0 0 0 0 0 0
3 2684 3125 2839 3742 0 0 0 0 0 0 0
3 2575 2839 2577 2938 0 0 0 0 0 0 0
3 285 304 303 1985 1 147 0 0 0 0 0 0
3 2317 2339 2338 2341 0 0 0 0 0 0 0
3 284 304 285 2504 1 147 0 0 0 0 0 0
3 1113 3565 3678 3912 0 0 0 0 0 0 0
3 2685 2785 2720 3781 0 0 0 0 0 0 0
3 2002 2786 2787 2935 0 0 0 0 0 0 0
3 179 208 3590 3593 0 0 0 0 0 0 0
3 2685 2917 2785 3781 0 0 0 0 0 0 0
3 1118 1202 2687 3594 0 0 0 0 0 0 0
3 2455 2954 2472 3730 0 0 0 0 0 0 0
3 2334 2451 2454 2954 0 0 0 0 0 0 0
3 1251 1252 1290 3106 1 135 0 0 0 0 0 0
3 1119 3593 3591 3594 0 0 0 0 0 0 0
3 2335 2819 2751 3943 0 0 0 0 0 0 0
3 822 823 869 3961 1 141 0 0 0 0 0 0
3 1200 1252 1202 3592 1 135 0 0 0 0 0 0
3 2914 3255 3346 3494 0 0 0 0 0 0 0
3 1181 1182 1266 2044 1 135 0 0 0 0 0 0
3 2335 2604 3513 3943 0 0 0 0 0 0 0
3 654 655 697 3722 1 141 0 0 0 0 0 0
3 622 697 655 3722 1 141 0 0 0 0 0 0
3 2335 2751 2604 3943 0 0 0 0 0 0 0
3 2334 2337 2451 3094 0 0 0 0 0 0 0
3 2336 3513 2629 3827 0 0 0 0 0 0 0
3 1913 1914 2592 2790 0 0 0 0 0 0 0
3 2127 2790 2591 3585 0 0 0 0 0 0 0
3 1186 1191 1264 3636 1 135 0 0 0 0 0 0
3 2160 2162 2163 3941 0 0 0 0 0 0 0
3 2060 2144 2708 3376 0 0 0 0 0 0 0
3 1986 1988 1987 3385 0 0 0 0 0 0 0
3 1247 1294 1296 3630 1 135 0 0 0 0 0 0
3 1987 3385 3501 3658 0 0 0 0 0 0 0
3 2514 3344 2515 3345 0 0 0 0 0 0 0
3 787 3043 3055 3291 0 0 0 0 0 0 0
3 1247 1248 1294 2394 1 135 0 0 0 0 0 0
3 103 1115 1151 3476 1 135 0 0 0 0 0 0
3 1322 1358 1364 3194 1 135 0 0 0 0 0 0
3 1987 1993 1989 1994 0 0 0 0 0 0 0
3 2230 2827 2567 3672 0 0 0 0 0 0 0
3 303 304 350 1984 1 147 0 0 0 0 0 0
3 1358 1377 1376 3851 1 135 0 0 0 0 0 0
3 303 350 352 2366 1 147 0 0 0 0 0 0
3 583 958 959 3925 1 139 0 0 0 0 0 0
3 2230 2568 2567 2827 0 0 0 0 0 0 0
3 2039 2233 2280 2568 0 0 0 0 0 0 0
3 1986 1987 1994 2223 0 0 0 0 0 0 0
3 1986 2827 2223 3076 0 0 0 0 0 0 0
3 1265 1282 1267 3831 1 135 0 0 0 0 0 0
3 581 2158 3843 3942 0 0 0 0 0 0 0
3 1265 1309 1341 3838 1 135 0 0 0 0 0 0
3 2351 3069 2589 3073 0 0 0 0 0 0 0
3 1329 1352 1351 3929 1 135 0 0 0 0 0 0
3 859 868 879 3230 1 141 0 0 0 0 0 0
3 1352 1387 1362 3666 1 135 0 0 0 0 0 0
3 1352 1362 1372 3417 1 135 0 0 0 0 0 0
3 867 879 868 3230 1 141 0 0 0 0 0 0
3 2195 2431 2434 2760 0 0 0 0 0 0 0
3 1811 1972 1812 2119 0 0 0 0 0 0 0
3 1871 1913 1873 2127 0 0 0 0 0 0 0
3 1357 1377 1358 3851 1 135 0 0 0 0 0 0
3 1323 1324 1357 3311 1 135 0 0 0 0 0 0
3 852 889 891 2547 1 141 0 0 0 0 0 0
3 2371 2670 3453 3663 0 0 0 0 0 0 0
3 2371 3453 2670 3614 0 0 0 0 0 0 0
3 852 853 889 2547 1 141 0 0 0 0 0 0
3 2377 3446 2378 3566 0 0 0 0 0 0 0
3 106 195 1118 3782 0 0 0 0 0 0 0
3 2670 3403 2674 3614 0 0 0 0 0 0 0
3 1398 1403 1399 2398 1 135 0 0 0 0 0 0
3 1382 1395 1394 3416 1 135 0 0 0 0 0 0
3 2670 3403 3452 3662 0 0 0 0 0 0 0
3 1366 1381 2521 3096 0 0 0 0 0 0 0
3 671 3177 2539 3356 0 0 0 0 0 0 0
3 1175 3156 2691 3603 0 0 0 0 0 0 0
3 1349 1961 3096 3584 0 0 0 0 0 0 0
3 1988 1999 1989 2000 0 0 0 0 0 0 0
3 2690 2691 3156 3603 0 0 0 0 0 0 0
3 3603 3798 3800 3828 0 0 0 0 0 0 0
3 2688 3603 2690 3828 0 0 0 0 0 0 0
3 1273 3549 3156 3603 0 0 0 0 0 0 0
3 2690 3603 3156 3800 0 0 0 0 0 0 0
3 2486 2487 2492 3888 0 0 0 0 0 0 0
3 2486 2757 2487 3888 0 0 0 0 0 0 0
3 2296 2897 2298 3793 0 0 0 0 0 0 0
3 1793 2842 2843 2988 0 0 0 0 0 0 0
3 225 2475 3157 3164 0 0 0 0 0 0 0
3 9 200 92 449 9 147 1 0 0 5 9 0 0
3 1767 1791 1790 1793 0 0 0 0 0 0 0
3 2028 2549 2607 2608 0 0 0 0 0 0 0
3 2607 2683 2608 3064 0 0 0 0 0 0 0
3 2609 3255 3447 3832 0 0 0 0 0 0 0
3 2137 2479 2138 2620 0 0 0 0 0 0 0
3 3062 3132 3063 3854 0 0 0 0 0 0 0
3 2404 3255 2609 3832 0 0 0 0 0 0 0
3 2914 3061 3063 3255 0 0 0 0 0 0 0
3 2306 2309 2307 3871 0 0 0 0 0 0 0
3 2138 2304 2142 2305 0 0 0 0 0 0 0
3 1129 1443 2901 2903 0 0 0 0 0 0 0
3 1189 1260 1190 2912 1 135 0 0 0 0 0 0
3 2310 2552 2990 3018 0 0 0 0 0 0 0
3 1442 1451 1450 2940 1 1 0 0 0 0 0 0
3 1065 1066 1127 1441 3 135 1 29 0 0 0 0 0
3 2118 3018 2850 3221 0 0 0 0 0 0 0
3 2310 2850 2552 3018 0 0 0 0 0 0 0
3 2311 2476 3257 3367 0 0 0 0 0 0 0
3 2304 2312 2307 2313 0 0 0 0 0 0 0
3 1066 1441 1442 2904 1 1 0 0 0 0 0 0
3 2646 3042 3039 3043 0 0 0 0 0 0 0
3 1768 3235 2478 3936 0 0 0 0 0 0 0
3 2139 2141 2140 2301 0 0 0 0 0 0 0
3 2139 2293 2988 3341 0 0 0 0 0 0 0
3 1066 1067 1128 1442 3 135 1 29 0 0 0 0 0
3 1412 3241 1422 3245 0 0 0 0 0 0 0
3 599 600 657 1422 3 141 1 17 0 0 0 0 0
3 657 695 707 3246 1 141 0 0 0 0 0 0
3 2137 3341 2988 3498 0 0 0 0 0 0 0
3 600 1411 659 3409 0 0 0 0 0 0 0
3 1411 1466 3216 3731 0 0 0 0 0 0 0
3 2104 2843 2292 3082 0 0 0 0 0 0 0
3 659 660 694 3189 1 141 0 0 0 0 0 0
3 659 694 695 3409 1 141 0 0 0 0 0 0
3 1768 1771 1770 2375 0 0 0 0 0 0 0
3 2140 2301 2299 2842 0 0 0 0 0 0 0
3 1937 2299 2234 2842 0 0 0 0 0 0 0
3 1550 2934 2574 3149 0 0 0 0 0 0 0
3 1424 3035 3337 3340 0 0 0 0 0 0 0
3 1411 1422 1466 3731 1 1 0 0 0 0 0 0
3 329 356 3322 3328 0 0 0 0 0 0 0
3 129 2707 1415 2894 0 0 0 0 0 0 0
3 1463 1464 1466 3719 1 1 0 0 0 0 0 0
3 1476 1490 1494 2818 1 1 0 0 0 0 0 0
3 2005 2009 2010 2364 0 0 0 0 0 0 0
3 1476 1494 1483 2818 1 1 0 0 0 0 0 0
3 769 798 795 3725 1 141 0 0 0 0 0 0
3 1457 1467 1483 3806 1 1 0 0 0 0 0 0
3 2787 2935 3148 3149 0 0 0 0 0 0 0
3 2935 2936 2937 3276 0 0 0 0 0 0 0
3 2420 2432 2867 3120 0 0 0 0 0 0 0
3 1467 1468 1476 3620 1 1 0 0 0 0 0 0
3 2122 3531 3573 3859 0 0 0 0 0 0 0
3 2936 2937 3276 3546 0 0 0 0 0 0 0
3 1494 2818 2816 2821 0 0 0 0 0 0 0
3 2004 2008 2786 2789 0 0 0 0 0 0 0
3 2935 2936 3148 3149 0 0 0 0 0 0 0
3 2935 3148 2936 3276 0 0 0 0 0 0 0
3 857 3147 3154 3803 0 0 0 0 0 0 0
3 795 798 838 3725 1 141 0 0 0 0 0 0
3 1946 1949 1948 2455 0 0 0 0 0 0 0
3 1502 1536 1503 2463 1 75 0 0 0 0 0 0
3 2003 2937 2936 2939 0 0 0 0 0 0 0
3 1049 1097 1502 1503 8 75 0 0 0 0 0 0
3 1049 1096 1097 1503 1 135 0 0 0 0 0 0
3 3022 3465 3043 3522 0 0 0 0 0 0 0
3 2005 2111 2364 2785 0 0 0 0 0 0 0
3 2719 3462 2720 3781 0 0 0 0 0 0 0
3 2685 3442 2971 3742 0 0 0 0 0 0 0
3 823 824 2649 3319 0 0 0 0 0 0 0
3 639 711 710 3031 1 141 0 0 0 0 0 0
3 1857 2010 2006 2572 0 0 0 0 0 0 0
3 636 1525 2503 3155 0 0 0 0 0 0 0
3 3191 3426 3421 3430 0 0 0 0 0 0 0
3 640 710 709 3032 1 141 0 0 0 0 0 0
3 47 164 1516 2909 0 0 0 0 0 0 0
3 2215 3428 3430 3431 0 0 0 0 0 0 0
3 164 222 221 2911 1 147 0 0 0 0 0 0
3 46 1518 149 3512 0 0 0 0 0 0 0
3 1547 1548 1569 3661 1 75 0 0 0 0 0 0
3 3191 3426 3322 3427 0 0 0 0 0 0 0
3 3422 3847 3427 3848 0 0 0 0 0 0 0
3 2868 3415 3322 3426 0 0 0 0 0 0 0
3 3701 3850 3757 3853 0 0 0 0 0 0 0
3 1529 1534 1536 3629 1 75 0 0 0 0 0 0
3 2211 3701 3419 3757 0 0 0 0 0 0 0
3 52 1512 192 3545 0 0 0 0 0 0 0
3 1511 1545 1552 3738 1 75 0 0 0 0 0 0
3 3191 3430 3421 3756 0 0 0 0 0 0 0
3 244 245 257 3140 1 147 0 0 0 0 0 0
3 2201 2247 2665 3849 0 0 0 0 0 0 0
3 136 1519 3108 3706 0 0 0 0 0 0 0
3 255 2203 2247 2665 0 0 0 0 0 0 0
3 269 3849 319 3915 0 0 0 0 0 0 0
3 269 2665 319 3849 0 0 0 0 0 0 0
3 255 2247 319 2665 0 0 0 0 0 0 0
3 514 1602 1588 3751 1 311 0 0 0 0 0 0
3 140 458 3144 3354 0 0 0 0 0 0 0
3 1584 1585 1601 3144 1 311 0 0 0 0 0 0
3 269 2631 2665 3849 0 0 0 0 0 0 0
3 1851 1852 2578 3268 0 0 0 0 0 0 0
3 460 1600 1587 1603 4 311 0 0 0 0 0 0
3 2702 3398 3267 3875 0 0 0 0 0 0 0
3 1853 3474 2700 3815 0 0 0 0 0 0 0
3 1853 3273 3399 3779 0 0 0 0 0 0 0
3 1853 2700 3057 3815 0 0 0 0 0 0 0
3 460 462 1599 1603 0 0 0 0 0 0 0
3 114 462 1596 1603 8 311 0 0 0 0 0 0
3 1853 3057 1855 3273 0 0 0 0 0 0 0
3 198 237 3249 3348 0 0 0 0 0 0 0
3 68 1584 459 1600 0 0 0 0 0 0 0
3 428 454 453 1944 1 145 0 0 0 0 0 0
3 143 3365 3353 3962 0 0 0 0 0 0 0
3 3 1626 131 1896 0 0 0 0 0 0 0
3 141 455 2231 2232 0 0 0 0 0 0 0
3 61 62 121 1614 1 147 133 0 0 0 0 0
3 61 121 120 1614 5 147 287 0 280 0 0 0 0
3 237 292 3249 3642 0 0 0 0 0 0 0
3 2646 3055 3043 3291 0 0 0 0 0 0 0
3 3 1616 1626 1896 1 287 0 0 0 0 0 0
3 62 63 131 454 3 147 145 133 0 0 0 0 0
3 292 3810 3642 3876 0 0 0 0 0 0 0
3 1838 3249 3236 3717 0 0 0 0 0 0 0
3 238 3236 3249 3717 0 0 0 0 0 0 0
3 292 326 3249 3810 0 0 0 0 0 0 0
3 225 3164 3157 3616 0 0 0 0 0 0 0
3 326 1840 3249 3810 0 0 0 0 0 0 0
3 90 160 159 2782 1 147 0 0 0 0 0 0
3 138 158 199 2461 1 147 0 0 0 0 0 0
3 2517 3881 3574 3922 0 0 0 0 0 0 0
3 155 1609 2651 3157 0 0 0 0 0 0 0
3 2334 2955 2335 3094 0 0 0 0 0 0 0
3 1966 2146 2336 2337 0 0 0 0 0 0 0
3 1946 2453 1948 2745 0 0 0 0 0 0 0
3 1946 1948 2453 2455 0 0 0 0 0 0 0
3 13 469 444 1632 0 0 0 0 0 0 0
3 480 1630 1632 1645 4 263 0 0 0 0 0 0
3 2453 3054 2745 3727 0 0 0 0 0 0 0
3 445 481 469 1634 1 145 0 0 0 0 0 0
3 532 1643 559 3264 0 0 0 0 0 0 0
3 446 559 482 3264 0 0 0 0 0 0 0
3 509 3004 1642 3761 0 0 0 0 0 0 0
3 1639 1640 1650 3760 1 263 0 0 0 0 0 0
3 509 1642 1640 3761 0 0 0 0 0 0 0
3 507 529 1639 1640 4 263 0 0 0 0 0 0
3 2453 3520 3222 3866 0 0 0 0 0 0 0
3 1946 2453 2745 3727 0 0 0 0 0 0 0
3 2996 2997 3508 3535 0 0 0 0 0 0 0
3 3819 3881 3822 3948 0 0 0 0 0 0 0
3 924 969 1660 3862 0 0 0 0 0 0 0
3 2166 2397 2399 2996 0 0 0 0 0 0 0
3 924 1660 941 1670 4 450 0 0 0 0 0 0
3 1995 2160 3248 3941 0 0 0 0 0 0 0
3 2397 2398 2399 2562 0 0 0 0 0 0 0
3 2383 2399 2385 3674 0 0 0 0 0 0 0
3 2102 2219 2134 2801 0 0 0 0 0 0 0
3 38 992 1138 1651 1 135 0 0 0 0 0 0
3 3130 3451 3225 3483 0 0 0 0 0 0 0
3 25 932 948 1041 1 139 0 0 429 0 0 0
3 932 975 948 1030 1 139 0 0 0 0 0 0
3 2311 3367 3162 3368 0 0 0 0 0 0 0
3 948 1041 1030 1694 0 0 0 0 0 0 0
3 2746 2885 2886 3155 0 0 0 0 0 0 0
3 2320 2906 2889 2908 0 0 0 0 0 0 0
3 2747 2889 2890 3639 0 0 0 0 0 0 0
3 1082 1686 1095 2429 0 0 0 0 0 0 0
3 595 2428 3624 3681 0 0 0 0 0 0 0
3 2746 2983 3155 3639 0 0 0 0 0 0 0
3 2180 2746 2341 2750 0 0 0 0 0 0 0
3 947 1683 1695 3872 1 432 0 0 0 0 0 0
3 2474 3625 2985 3924 0 0 0 0 0 0 0
3 2720 3458 2750 3781 0 0 0 0 0 0 0
3 3549 3655 3627 3800 0 0 0 0 0 0 0
3 597 642 643 3924 1 141 0 0 0 0 0 0
3 2685 2720 2750 3781 0 0 0 0 0 0 0
3 2153 2340 2365 2685 0 0 0 0 0 0 0
3 1682 1686 1696 2428 1 432 0 0 0 0 0 0
3 977 2999 1683 3872 0 0 0 0 0 0 0
3 595 977 596 2999 1 139 0 0 130 0 0 0
3 2340 2838 2685 2971 0 0 0 0 0 0 0
3 595 945 946 1682 5 139 432 0 429 0 0 0 0
3 2750 3458 2890 3640 0 0 0 0 0 0 0
3 946 1696 1683 2999 1 432 0 0 0 0 0 0
3 2012 2573 2572 2767 0 0 0 0 0 0 0
3 2544 2550 2605 2733 0 0 0 0 0 0 0
3 2544 2733 2605 3927 0 0 0 0 0 0 0
3 2554 2555 3045 3049 0 0 0 0 0 0 0
3 2686 2744 3021 3559 0 0 0 0 0 0 0
3 2523 2587 2525 2590 0 0 0 0 0 0 0
3 2078 2883 2882 3857 0 0 0 0 0 0 0
3 1750 1886 2034 2652 0 0 0 0 0 0 0
3 719 747 2948 3469 0 0 0 0 0 0 0
3 1085 1164 1086 1702 9 135 414 0 0 408 0 0 0
3 2948 3074 3509 3874 0 0 0 0 0 0 0
3 2346 2995 2550 3359 0 0 0 0 0 0 0
3 1172 1990 3617 3905 0 0 0 0 0 0 0
3 720 2949 2948 3874 0 0 0 0 0 0 0
3 1744 3617 3905 3906 0 0 0 0 0 0 0
3 2007 2012 2348 3523 0 0 0 0 0 0 0
3 1990 2731 2861 3579 0 0 0 0 0 0 0
3 2024 2732 2344 2733 0 0 0 0 0 0 0
3 2076 3638 3375 3722 0 0 0 0 0 0 0
3 23 1010 915 1711 0 0 0 0 0 0 0
3 2076 3452 3638 3722 0 0 0 0 0 0 0
3 2706 3772 3375 3774 0 0 0 0 0 0 0
3 1456 3644 2076 3662 0 0 0 0 0 0 0
3 747 3208 2948 3469 0 0 0 0 0 0 0
3 1193 1256 1197 3634 1 135 0 0 0 0 0 0
3 2675 3375 3638 3774 0 0 0 0 0 0 0
3 1011 1012 1032 1701 1 137 0 0 0 0 0 0
3 577 950 1703 1718 4 414 0 0 0 0 0 0
3 2703 2709 2708 3539 0 0 0 0 0 0 0
3 1657 1663 3648 3677 0 0 0 0 0 0 0
3 915 1010 1012 1711 1 137 0 0 0 0 0 0
3 2058 2076 3375 3722 0 0 0 0 0 0 0
3 2058 3375 3378 3772 0 0 0 0 0 0 0
3 1012 1032 1701 1716 0 0 0 0 0 0 0
3 3068 3562 3325 3656 0 0 0 0 0 0 0
3 2381 3325 3562 3563 0 0 0 0 0 0 0
3 2381 2824 3562 3668 0 0 0 0 0 0 0
3 1982 1985 2534 3068 0 0 0 0 0 0 0
3 2875 3440 3562 3867 0 0 0 0 0 0 0
3 2501 3068 2875 3440 0 0 0 0 0 0 0
3 129 156 251 2892 1 147 0 0 0 0 0 0
3 129 251 252 3214 1 147 0 0 0 0 0 0
3 1985 2501 2534 3068 0 0 0 0 0 0 0
3 2761 3833 2893 3945 0 0 0 0 0 0 0
3 2673 2674 3347 3614 0 0 0 0 0 0 0
3 2673 3347 3408 3614 0 0 0 0 0 0 0
3 1922 2371 2121 2673 0 0 0 0 0 0 0
3 1920 1922 3172 3614 0 0 0 0 0 0 0
3 2326 2741 2739 2902 0 0 0 0 0 0 0
3 1920 2371 1922 3614 0 0 0 0 0 0 0
3 150 233 151 3707 1 147 0 0 0 0 0 0
3 1103 1187 1131 2710 1 135 0 0 0 0 0 0
3 2657 2710 2658 3739 0 0 0 0 0 0 0
3 3172 3408 3347 3614 0 0 0 0 0 0 0
3 1130 1131 1187 3739 1 135 0 0 0 0 0 0
3 1920 3453 2371 3614 0 0 0 0 0 0 0
3 3055 3745 3056 3795 0 0 0 0 0 0 0
3 2605 3045 3064 3137 0 0 0 0 0 0 0
3 141 142 241 2231 1 147 0 0 0 0 0 0
3 1945 2277 2368 3022 0 0 0 0 0 0 0
3 59 2459 472 3755 0 0 0 0 0 0 0
3 2550 2995 2994 3136 0 0 0 0 0 0 0
3 2702 3267 3823 3875 0 0 0 0 0 0 0
3 2556 3045 3044 3133 0 0 0 0 0 0 0
3 3134 3267 3398 3875 0 0 0 0 0 0 0
3 141 241 248 2203 1 147 0 0 0 0 0 0
3 2287 2613 2821 3776 0 0 0 0 0 0 0
3 1487 2740 3199 3776 0 0 0 0 0 0 0
3 115 145 116 1593 9 147 311 0 0 304 0 0 0
3 118 1602 1590 2244 1 311 0 0 0 0 0 0
3 58 449 472 2459 1 145 0 0 0 0 0 0
3 1489 2821 2815 3776 0 0 0 0 0 0 0
3 1487 1489 2740 3776 0 0 0 0 0 0 0
3 127 1647 1635 3143 1 263 0 0 0 0 0 0
3 1489 1493 2821 3776 0 0 0 0 0 0 0
3 3015 3480 3128 3570 0 0 0 0 0 0 0
3 2570 3015 2820 3127 0 0 0 0 0 0 0
3 2820 3479 3204 3480 0 0 0 0 0 0 0
3 146 3228 147 3547 0 0 0 0 0 0 0
3 2417 3480 2822 3583 0 0 0 0 0 0 0
3 2482 3003 2780 3302 0 0 0 0 0 0 0
3 1637 3390 1646 3817 0 0 0 0 0 0 0
3 2540 2833 2780 3678 0 0 0 0 0 0 0
3 2696 2781 3630 3930 0 0 0 0 0 0 0
3 2535 2780 2540 2833 0 0 0 0 0 0 0
3 280 308 307 3917 1 147 0 0 0 0 0 0
3 2540 3476 3678 3931 0 0 0 0 0 0 0
3 2028 2081 2376 2499 0 0 0 0 0 0 0
3 2549 2555 2605 2606 0 0 0 0 0 0 0
3 281 306 284 3300 1 147 0 0 0 0 0 0
3 2645 3039 2646 3042 0 0 0 0 0 0 0
3 1204 1942 1247 3931 0 0 0 0 0 0 0
3 307 345 346 3841 1 147 0 0 0 0 0 0
3 1547 1569 1561 3899 1 75 0 0 0 0 0 0
3 1791 2035 2034 2184 0 0 0 0 0 0 0
3 2235 2395 2797 3668 0 0 0 0 0 0 0
3 47 1516 1517 2909 1 75 0 0 0 0 0 0
3 133 3109 1100 3226 0 0 0 0 0 0 0
3 1546 1547 1561 3932 1 75 0 0 0 0 0 0
3 2205 2449 2797 2799 0 0 0 0 0 0 0
3 2104 2292 2234 2366 0 0 0 0 0 0 0
3 1516 1547 1517 2909 1 75 0 0 0 0 0 0
3 2634 2911 3361 3364 0 0 0 0 0 0 0
3 1982 2106 2234 3066 0 0 0 0 0 0 0
3 133 181 234 3226 1 147 0 0 0 0 0 0
3 3325 3656 3562 3762 0 0 0 0 0 0 0
3 2279 2380 2409 2978 0 0 0 0 0 0 0
3 1495 1518 1546 3609 1 75 0 0 0 0 0 0
3 162 222 164 2911 1 147 0 0 0 0 0 0
3 58 472 59 2459 1 145 0 0 133 0 0 0
3 161 2458 200 2459 0 0 0 0 0 0 0
3 1100 1219 1122 3363 1 135 0 0 0 0 0 0
3 1417 1459 1425 3889 1 1 0 0 0 0 0 0
3 1464 2580 2769 3719 0 0 0 0 0 0 0
3 84 85 170 1425 3 147 1 5 0 0 0 0 0
3 2772 2773 2779 3246 0 0 0 0 0 0 0
3 2772 2779 2774 3114 0 0 0 0 0 0 0
3 1425 1459 1462 2707 1 1 0 0 0 0 0 0
3 3415 3421 3422 3427 0 0 0 0 0 0 0
3 1468 3529 3528 3620 0 0 0 0 0 0 0
3 256 325 324 3844 1 147 0 0 0 0 0 0
3 110 181 1122 3790 0 0 0 0 0 0 0
3 2977 3242 3335 3423 0 0 0 0 0 0 0
3 1756 2969 2039 2970 0 0 0 0 0 0 0
3 1234 1276 1254 2637 1 135 0 0 0 0 0 0
3 2777 2975 3242 3414 0 0 0 0 0 0 0
3 2975 3335 3322 3415 0 0 0 0 0 0 0
3 286 301 287 3516 1 147 0 0 0 0 0 0
3 805 829 830 3463 1 141 0 0 0 0 0 0
3 3165 3530 3247 3613 0 0 0 0 0 0 0
3 1987 3477 2829 3658 0 0 0 0 0 0 0
3 1988 3350 3384 3505 0 0 0 0 0 0 0
3 1119 1120 1200 3591 1 135 0 0 0 0 0 0
3 1988 3505 3384 3564 0 0 0 0 0 0 0
3 3384 3564 3743 3744 0 0 0 0 0 0 0
3 1289 1328 1290 3274 1 135 0 0 0 0 0 0
3 2967 3443 3829 3946 0 0 0 0 0 0 0
3 2539 2543 2542 3385 0 0 0 0 0 0 0
3 1987 3248 1993 3510 0 0 0 0 0 0 0
3 1986 1987 2829 3385 0 0 0 0 0 0 0
3 353 362 354 3541 1 147 0 0 0 0 0 0
3 888 901 896 3816 1 141 0 0 0 0 0 0
3 1845 1847 2367 3166 0 0 0 0 0 0 0
3 896 901 907 3908 1 141 0 0 0 0 0 0
3 302 354 351 2150 1 147 0 0 0 0 0 0
3 1356 2382 2384 2693 0 0 0 0 0 0 0
3 299 353 354 2171 1 147 0 0 0 0 0 0
3 2018 2421 2762 2895 0 0 0 0 0 0 0
3 1424 1465 1468 3035 1 1 0 0 0 0 0 0
3 2291 2615 2613 3596 0 0 0 0 0 0 0
3 1415 1425 1462 2707 1 1 0 0 0 0 0 0
3 2829 3564 3385 3658 0 0 0 0 0 0 0
3 1987 3075 3477 3510 0 0 0 0 0 0 0
3 97 1107 169 3170 0 0 0 0 0 0 0
3 1954 1956 2000 2514 0 0 0 0 0 0 0
3 1265 3838 3489 3942 0 0 0 0 0 0 0
3 1316 1387 3316 3554 0 0 0 0 0 0 0
3 274 275 312 3212 1 147 0 0 0 0 0 0
3 795 838 839 3670 1 141 0 0 0 0 0 0
3 2001 2542 2543 3385 0 0 0 0 0 0 0
3 324 331 340 2255 1 147 0 0 0 0 0 0
3 2646 2701 3043 3055 0 0 0 0 0 0 0
3 1479 2816 3232 3890 0 0 0 0 0 0 0
3 662 3492 1426 3557 0 0 0 0 0 0 0
3 256 324 275 3213 1 147 0 0 0 0 0 0
3 2353 2606 2645 3038 0 0 0 0 0 0 0
3 2646 3040 2768 3291 0 0 0 0 0 0 0
3 2558 2994 2644 3267 0 0 0 0 0 0 0
3 2646 2701 3022 3043 0 0 0 0 0 0 0
3 241 261 255 2247 1 147 0 0 0 0 0 0
3 140 187 239 3813 1 147 0 0 0 0 0 0
3 2276 2353 2645 3041 0 0 0 0 0 0 0
3 2320 2321 2339 2982 0 0 0 0 0 0 0
3 1996 3176 2033 3766 0 0 0 0 0 0 0
3 2888 3098 2891 3910 0 0 0 0 0 0 0
3 261 360 319 2249 1 147 0 0 0 0 0 0
3 2321 2339 2888 2891 0 0 0 0 0 0 0
3 2316 2323 2320 2889 0 0 0 0 0 0 0
3 2319 2531 2596 3180 0 0 0 0 0 0 0
3 369 391 392 3689 1 147 0 0 0 0 0 0
3 2609 3255 3063 3447 0 0 0 0 0 0 0
3 2593 2743 2891 3097 0 0 0 0 0 0 0
3 390 412 391 3933 1 147 0 0 0 0 0 0
3 1021 1036 1022 3862 1 137 0 0 0 0 0 0
3 391 412 411 3933 1 147 0 0 0 0 0 0
3 2220 2488 2487 2489 0 0 0 0 0 0 0
3 2139 2140 2282 2842 0 0 0 0 0 0 0
3 760 761 800 3893 1 141 0 0 0 0 0 0
3 1660 2031 1672 3862 0 0 0 0 0 0 0
3 429 430 455 538 3 145 143 132 0 0 0 0 0
3 2134 2140 2136 2141 0 0 0 0 0 0 0
3 430 456 455 2209 1 145 0 0 0 0 0 0
3 1770 2354 2375 2376 0 0 0 0 0 0 0
3 63 454 455 2232 1 145 0 0 0 0 0 0
3 1770 2375 2354 3936 0 0 0 0 0 0 0
3 2478 2491 2490 3235 0 0 0 0 0 0 0
3 553 2957 2286 2958 0 0 0 0 0 0 0
3 78 79 137 450 3 147 145 133 0 0 0 0 0
3 1882 1932 1929 2654 0 0 0 0 0 0 0
3 1895 2294 2355 2915 0 0 0 0 0 0 0
3 2050 2551 2121 2673 0 0 0 0 0 0 0
3 971 1659 1996 3766 0 0 0 0 0 0 0
3 471 481 482 3264 1 145 0 0 0 0 0 0
3 123 189 124 1641 9 147 263 0 0 256 0 0 0
3 1808 1871 1868 2124 0 0 0 0 0 0 0
3 1659 1672 2031 3200 0 0 0 0 0 0 0
3 2332 3295 3296 3297 0 0 0 0 0 0 0
3 8 57 79 423 11 147 75 145 101 0 133 97 0 0
3 423 448 486 2957 0 0 0 0 0 0 0
3 204 2965 2959 3001 0 0 0 0 0 0 0
3 2406 3295 3090 3297 0 0 0 0 0 0 0
3 56 148 57 1507 9 147 75 0 0 101 0 0 0
3 2324 3673 3297 3785 0 0 0 0 0 0 0
3 2406 3090 3170 3297 0 0 0 0 0 0 0
3 1641 1643 1648 2286 1 263 0 0 0 0 0 0
3 1800 3196 3197 3680 0 0 0 0 0 0 0
3 1649 2958 2961 2962 0 0 0 0 0 0 0
3 2214 3262 2215 3320 0 0 0 0 0 0 0
3 1812 2296 1972 2298 0 0 0 0 0 0 0
3 2211 2212 3419 3893 0 0 0 0 0 0 0
3 16 521 1608 2447 1 287 283 0 0 0 0 0
3 2461 3158 3159 3240 0 0 0 0 0 0 0
3 2865 2895 2974 3773 0 0 0 0 0 0 0
3 561 2458 1418 2944 0 0 0 0 0 0 0
3 3080 3768 3712 3963 0 0 0 0 0 0 0
3 2212 3421 3415 3426 0 0 0 0 0 0 0
3 435 436 461 1589 1 145 132 0 0 0 0 0
3 17 435 485 1587 9 143 311 0 0 307 0 0 0
3 816 821 842 2490 1 141 0 0 0 0 0 0
3 3305 3710 3712 3768 0 0 0 0 0 0 0
3 792 842 849 3542 1 141 0 0 0 0 0 0
3 2881 2896 2899 2977 0 0 0 0 0 0 0
3 2354 3550 3936 3964 0 0 0 0 0 0 0
3 898 3550 3551 3964 0 0 0 0 0 0 0
3 3104 3105 3379 3840 0 0 0 0 0 0 0
3 2354 3551 3550 3964 0 0 0 0 0 0 0
3 886 3550 898 3964 0 0 0 0 0 0 0
3 447 450 482 2286 1 145 0 0 0 0 0 0
3 552 2962 2958 3383 0 0 0 0 0 0 0
3 478 3228 550 3377 0 0 0 0 0 0 0
3 496 3028 612 3152 0 0 0 0 0 0 0
3 874 2354 2403 3964 0 0 0 0 0 0 0
3 874 2403 3936 3964 0 0 0 0 0 0 0
3 874 892 2354 3964 0 0 0 0 0 0 0
3 2959 2960 2962 3004 0 0 0 0 0 0 0
3 482 559 2286 3264 0 0 0 0 0 0 0
3 845 874 892 2354 1 141 0 0 0 0 0 0
3 2584 2924 3533 3771 0 0 0 0 0 0 0
3 2522 2953 2952 3894 0 0 0 0 0 0 0
3 2586 2587 2832 3095 0 0 0 0 0 0 0
3 3110 3111 3711 3712 0 0 0 0 0 0 0
3 2522 2583 2584 3533 0 0 0 0 0 0 0
3 563 630 631 1520 1 141 0 0 0 0 0 0
3 3014 3710 3305 3768 0 0 0 0 0 0 0
3 2518 2949 2584 3874 0 0 0 0 0 0 0
3 2964 3005 2966 3402 0 0 0 0 0 0 0
3 2517 2520 2519 2528 0 0 0 0 0 0 0
3 2518 2520 2523 2953 0 0 0 0 0 0 0
3 531 1649 2962 3383 0 0 0 0 0 0 0
3 19 562 1505 3471 1 75 89 0 0 0 0 0
3 680 2972 2981 3470 0 0 0 0 0 0 0
3 1650 3370 3760 3761 0 0 0 0 0 0 0
3 55 190 1508 3706 0 0 0 0 0 0 0
3 2520 2952 2522 2953 0 0 0 0 0 0 0
3 41 1615 166 2651 0 0 0 0 0 0 0
3 489 3158 1617 3240 0 0 0 0 0 0 0
3 226 269 2631 2665 0 0 0 0 0 0 0
3 843 2548 844 3500 0 0 0 0 0 0 0
3 1385 3691 2512 3855 0 0 0 0 0 0 0
3 681 2505 3502 3767 0 0 0 0 0 0 0
3 1404 3691 3855 3885 0 0 0 0 0 0 0
3 656 681 696 2505 1 141 0 0 0 0 0 0
3 1348 1367 1383 3504 1 135 0 0 0 0 0 0
3 2518 2519 2520 2953 0 0 0 0 0 0 0
3 2587 3095 2588 3096 0 0 0 0 0 0 0
3 2877 3619 3418 3873 0 0 0 0 0 0 0
3 2523 2584 2585 3074 0 0 0 0 0 0 0
3 2242 3751 3152 3963 0 0 0 0 0 0 0
3 2296 2898 2662 3763 0 0 0 0 0 0 0
3 583 664 629 3935 1 141 0 0 0 0 0 0
3 2242 2244 2243 3768 0 0 0 0 0 0 0
3 3138 3914 3923 3948 0 0 0 0 0 0 0
3 2294 2915 2628 3670 0 0 0 0 0 0 0
3 2897 3793 3763 3893 0 0 0 0 0 0 0
3 496 3152 3751 3963 0 0 0 0 0 0 0
3 2214 2493 2255 2869 0 0 0 0 0 0 0
3 631 1521 1520 3651 0 0 0 0 0 0 0
3 1522 1523 1543 3103 1 75 0 0 0 0 0 0
3 2116 2211 2215 3430 0 0 0 0 0 0 0
3 413 419 3221 3671 0 0 0 0 0 0 0
3 260 318 261 3083 1 147 0 0 0 0 0 0
3 497 1594 2242 3306 0 0 0 0 0 0 0
3 334 376 360 3758 1 147 0 0 0 0 0 0
3 239 260 240 3962 1 147 0 0 0 0 0 0
3 496 497 555 3751 1 143 131 0 0 0 0 0
3 294 327 383 3079 1 147 0 0 0 0 0 0
3 1588 1602 1592 3752 1 311 0 0 0 0 0 0
3 246 320 260 3965 1 147 0 0 0 0 0 0
3 1773 2259 1903 2462 0 0 0 0 0 0 0
3 2115 2256 2207 2259 0 0 0 0 0 0 0
3 2914 3346 3255 3542 0 0 0 0 0 0 0
3 749 807 750 3795 1 141 0 0 0 0 0 0
3 703 761 760 3700 1 141 0 0 0 0 0 0
3 1154 3200 3171 3862 0 0 0 0 0 0 0
3 334 387 416 3070 1 147 0 0 0 0 0 0
3 817 820 818 3888 1 141 0 0 0 0 0 0
3 2114 2989 2118 3488 0 0 0 0 0 0 0
3 2167 2226 2225 2392 0 0 0 0 0 0 0
3 3017 3577 3138 3784 0 0 0 0 0 0 0
3 1953 2997 3017 3885 0 0 0 0 0 0 0
3 760 800 817 3893 1 141 0 0 0 0 0 0
3 834 858 861 3892 1 141 0 0 0 0 0 0
3 361 417 399 3428 1 147 0 0 0 0 0 0
3 632 717 3060 3734 0 0 0 0 0 0 0
3 2397 3202 2562 3508 0 0 0 0 0 0 0
3 2242 3768 2243 3963 0 0 0 0 0 0 0
3 803 804 831 3098 1 141 0 0 0 0 0 0
3 712 713 753 2885 1 141 0 0 0 0 0 0
3 2148 2652 2732 2736 0 0 0 0 0 0 0
3 1953 3202 3691 3784 0 0 0 0 0 0 0
3 621 708 724 2467 1 141 0 0 0 0 0 0
3 1562 1583 1563 3836 1 75 0 0 0 0 0 0
3 1953 3508 2997 3885 0 0 0 0 0 0 0
3 2154 2155 2979 2980 0 0 0 0 0 0 0
3 2875 3440 3068 3562 0 0 0 0 0 0 0
3 3068 3562 3440 3668 0 0 0 0 0 0 0
3 2687 3563 3562 3909 0 0 0 0 0 0 0
3 2211 2296 2213 3763 0 0 0 0 0 0 0
3 1778 2482 2480 3300 0 0 0 0 0 0 0
3 2206 2381 3325 3562 0 0 0 0 0 0 0
3 405 410 422 2302 1 147 0 0 0 0 0 0
3 1022 1666 1154 3862 0 0 0 0 0 0 0
3 2249 3847 2251 3852 0 0 0 0 0 0 0
3 1023 3171 2031 3862 0 0 0 0 0 0 0
3 818 820 821 3888 1 141 0 0 0 0 0 0
3 392 410 395 3387 1 147 0 0 0 0 0 0
3 903 2328 2329 2330 0 0 0 0 0 0 0
3 2155 3067 2979 3325 0 0 0 0 0 0 0
3 3029 3071 3079 3080 0 0 0 0 0 0 0
3 391 411 392 2133 1 147 0 0 0 0 0 0
3 2381 2978 2687 3106 0 0 0 0 0 0 0
3 390 413 412 3488 1 147 0 0 0 0 0 0
3 800 834 833 2898 1 141 0 0 0 0 0 0
3 2875 3867 3562 3909 0 0 0 0 0 0 0
3 2320 2906 2908 3052 0 0 0 0 0 0 0
3 389 3429 3428 3756 0 0 0 0 0 0 0
3 117 118 1590 2244 1 311 304 0 0 0 0 0
3 340 379 403 2258 1 147 0 0 0 0 0 0
3 857 861 858 3803 1 141 0 0 0 0 0 0
3 373 379 388 3487 1 147 0 0 0 0 0 0
3 2323 2597 2598 2748 0 0 0 0 0 0 0
3 2320 3052 2322 3515 0 0 0 0 0 0 0
3 2112 2152 2113 2182 0 0 0 0 0 0 0
3 2055 3190 3664 3720 0 0 0 0 0 0 0
3 2056 2122 3360 3664 0 0 0 0 0 0 0
3 2869 3844 3900 3918 0 0 0 0 0 0 0
3 821 872 871 3534 1 141 0 0 0 0 0 0
3 1870 2122 2056 3190 0 0 0 0 0 0 0
3 2051 2053 2052 3030 0 0 0 0 0 0 0
3 820 873 872 2758 1 141 0 0 0 0 0 0
3 820 872 821 2486 1 141 0 0 0 0 0 0
3 3024 3077 3071 3705 0 0 0 0 0 0 0
3 2052 3030 2709 3537 0 0 0 0 0 0 0
3 2052 3635 3190 3720 0 0 0 0 0 0 0
3 732 734 735 2846 1 141 0 0 0 0 0 0
3 384 401 418 3162 1 147 0 0 0 0 0 0
3 817 833 820 3793 1 141 0 0 0 0 0 0
3 416 419 421 3671 1 147 0 0 0 0 0 0
3 871 872 877 3534 1 141 0 0 0 0 0 0
3 2046 2049 2048 2055 0 0 0 0 0 0 0
3 2707 2893 2892 3214 0 0 0 0 0 0 0
3 1867 2049 1870 2056 0 0 0 0 0 0 0
3 1323 1357 1358 3311 1 135 0 0 0 0 0 0
3 303 1984 350 2366 0 0 0 0 0 0 0
3 614 3112 634 3966 0 0 0 0 0 0 0
3 2056 3190 2122 3664 0 0 0 0 0 0 0
3 2270 2359 2998 3724 0 0 0 0 0 0 0
3 1874 3190 3571 3573 0 0 0 0 0 0 0
3 1293 1325 1324 2497 1 135 0 0 0 0 0 0
3 850 890 855 3913 1 141 0 0 0 0 0 0
3 1874 2712 2704 3571 0 0 0 0 0 0 0
3 1907 1909 1908 3666 0 0 0 0 0 0 0
3 1960 2679 1961 2681 0 0 0 0 0 0 0
3 855 890 885 3536 1 141 0 0 0 0 0 0
3 308 309 344 3336 1 147 0 0 0 0 0 0
3 1353 1361 3441 3946 0 0 0 0 0 0 0
3 1245 1296 3493 3630 0 0 0 0 0 0 0
3 1961 2588 2586 3095 0 0 0 0 0 0 0
3 821 2486 872 3534 0 0 0 0 0 0 0
3 1355 1380 2494 2566 0 0 0 0 0 0 0
3 2681 3571 2704 3584 0 0 0 0 0 0 0
3 1874 2704 2681 3571 0 0 0 0 0 0 0
3 1874 2591 2681 2704 0 0 0 0 0 0 0
3 2127 2591 2705 3585 0 0 0 0 0 0 0
3 2565 3601 3600 3868 0 0 0 0 0 0 0
3 1908 2679 1960 2681 0 0 0 0 0 0 0
3 1714 1715 1718 1743 1 414 0 0 0 0 0 0
3 2705 3533 2927 3771 0 0 0 0 0 0 0
3 1961 2681 2588 3584 0 0 0 0 0 0 0
3 2586 2587 2590 2832 0 0 0 0 0 0 0
3 1820 1943 2297 2298 0 0 0 0 0 0 0
3 908 914 915 1010 5 139 137 0 129 0 0 0 0
3 1907 1908 1910 2679 0 0 0 0 0 0 0
3 2360 3073 2790 3882 0 0 0 0 0 0 0
3 2589 3069 2837 3887 0 0 0 0 0 0 0
3 914 1009 1010 1700 1 137 0 0 0 0 0 0
3 2628 3670 2915 3694 0 0 0 0 0 0 0
3 2294 2297 3147 3154 0 0 0 0 0 0 0
3 2294 3147 2915 3670 0 0 0 0 0 0 0
3 916 1707 954 1717 4 414 0 0 0 0 0 0
3 23 908 1010 1716 2 414 411 0 0 0 0 0
3 915 1012 916 1711 1 137 0 0 129 0 0 0
3 2294 3670 2628 3803 0 0 0 0 0 0 0
3 2294 2295 3154 3803 0 0 0 0 0 0 0
3 2360 2800 3230 3314 0 0 0 0 0 0 0
3 1870 1871 1873 2063 0 0 0 0 0 0 0
3 929 930 972 1028 3 139 137 129 0 0 0 0 0
3 26 972 930 1677 1 139 0 0 0 0 0 0
3 1761 1797 1798 2195 0 0 0 0 0 0 0
3 812 2647 3319 3514 0 0 0 0 0 0 0
3 2431 2775 2432 2776 0 0 0 0 0 0 0
3 2193 2207 2214 2493 0 0 0 0 0 0 0
3 988 1136 1015 1146 2 135 0 0 0 0 0 0
3 988 1146 1015 2754 0 0 0 0 0 0 0
3 920 1017 968 3883 0 0 0 0 0 0 0
3 1773 2259 3151 3486 0 0 0 0 0 0 0
3 989 1136 1147 3861 1 135 0 0 0 0 0 0
3 920 968 959 3883 1 139 0 0 0 0 0 0
3 919 920 958 3883 1 139 129 0 0 0 0 0
3 2760 3213 2761 3945 0 0 0 0 0 0 0
3 932 933 975 1030 3 139 137 129 0 0 0 0 0
3 21 978 911 1506 9 139 75 0 0 85 0 0 0
3 21 597 3160 3953 0 130 0 0 0 0 0
3 3087 3598 3522 3795 0 0 0 0 0 0 0
3 1003 1004 1030 1158 3 137 135 128 0 0 0 0 0
3 2761 2893 2763 3215 0 0 0 0 0 0 0
3 1004 1007 1030 3439 1 137 0 0 0 0 0 0
3 1004 1094 1005 3439 1 135 0 0 128 0 0 0
3 101 173 174 3565 1 147 0 0 0 0 0 0
3 2716 2817 3280 3890 0 0 0 0 0 0 0
3 2761 3215 2844 3945 0 0 0 0 0 0 0
3 100 173 101 1098 9 147 135 0 0 127 0 0 0
3 1808 1871 2123 2126 0 0 0 0 0 0 0
3 2431 2760 2493 2869 0 0 0 0 0 0 0
3 2760 2869 3478 3844 0 0 0 0 0 0 0
3 2493 2760 3211 3844 0 0 0 0 0 0 0
3 102 174 184 3678 1 147 0 0 0 0 0 0
3 1867 2529 2122 2617 0 0 0 0 0 0 0
3 2288 2739 2738 2940 0 0 0 0 0 0 0
3 34 1228 1085 1698 9 135 414 0 0 408 0 0 0
3 1803 2287 2821 2942 0 0 0 0 0 0 0
3 1803 2287 2613 2821 0 0 0 0 0 0 0
3 2613 2713 2815 3615 0 0 0 0 0 0 0
3 2613 3596 2615 3615 0 0 0 0 0 0 0
3 2291 2333 2616 2619 0 0 0 0 0 0 0
3 2614 2660 2656 3561 0 0 0 0 0 0 0
3 1163 1172 1164 3617 1 135 0 0 0 0 0 0
3 983 1031 1228 1698 0 0 0 0 0 0 0
3 33 1032 1042 1701 8 414 0 0 408 0 0 0
3 1799 2290 1805 2325 0 0 0 0 0 0 0
3 1032 1699 1698 1701 4 414 0 0 0 0 0 0
3 34 1042 1228 1698 3 135 414 408 0 0 0 0 0
3 2287 2288 2613 2740 0 0 0 0 0 0 0
3 1803 2613 2815 2821 0 0 0 0 0 0 0
3 1068 1130 1129 2901 1 135 0 0 0 0 0 0
3 2738 2940 2739 3940 0 0 0 0 0 0 0
3 1188 1235 2741 3739 0 0 0 0 0 0 0
3 2291 2619 2738 2739 0 0 0 0 0 0 0
3 1845 2743 3166 3910 0 0 0 0 0 0 0
3 229 266 267 3295 1 147 0 0 0 0 0 0
3 2536 2560 2594 2726 0 0 0 0 0 0 0
3 1216 1237 1235 3785 1 135 0 0 0 0 0 0
3 2656 2660 2658 3707 0 0 0 0 0 0 0
3 2536 2796 2726 3266 0 0 0 0 0 0 0
3 2575 2917 2839 2938 0 0 0 0 0 0 0
3 2593 2726 3097 3944 0 0 0 0 0 0 0
3 1953 2996 2997 3508 0 0 0 0 0 0 0
3 2383 2399 2563 2666 0 0 0 0 0 0 0
3 1956 2001 2000 2514 0 0 0 0 0 0 0
3 797 2358 2998 3753 0 0 0 0 0 0 0
3 1439 3721 3637 3869 0 0 0 0 0 0 0
3 1437 1454 1438 3645 1 1 0 0 0 0 0 0
3 1016 3861 2426 3883 0 0 0 0 0 0 0
3 1993 3075 3510 3526 0 0 0 0 0 0 0
3 989 1015 1136 3861 0 0 0 0 0 0 0
3 957 3555 1015 3861 0 0 0 0 0 0 0
3 2163 2167 2410 2764 0 0 0 0 0 0 0
3 1953 1956 2161 2397 0 0 0 0 0 0 0
3 1999 2400 2397 3507 0 0 0 0 0 0 0
3 1953 2161 1956 2162 0 0 0 0 0 0 0
3 1132 1163 1227 3905 1 135 0 0 0 0 0 0
3 1085 1698 1093 1702 2 414 0 0 0 0 0 0
3 1954 2397 3202 3507 0 0 0 0 0 0 0
3 2340 2886 2838 2971 0 0 0 0 0 0 0
3 2197 2332 2324 3090 0 0 0 0 0 0 0
3 920 921 968 1017 3 139 137 129 0 0 0 0 0
3 1093 1164 1702 2857 0 0 0 0 0 0 0
3 1797 2327 2198 2845 0 0 0 0 0 0 0
3 1093 1163 1164 3617 1 135 0 0 0 0 0 0
3 1797 1806 2327 2714 0 0 0 0 0 0 0
3 94 165 95 1104 9 147 135 0 0 127 0 0 0
3 315 2876 3205 3312 0 0 0 0 0 0 0
3 2575 2785 3116 3749 0 0 0 0 0 0 0
3 1798 1903 2014 2259 0 0 0 0 0 0 0
3 230 3295 3556 3561 0 0 0 0 0 0 0
3 1103 1104 1187 2710 1 135 0 0 0 0 0 0
3 2211 3701 3757 3759 0 0 0 0 0 0 0
3 264 2327 265 3089 0 0 0 0 0 0 0
3 112 1100 133 3109 0 0 0 0 0 0 0
3 106 1118 1140 3909 1 135 0 0 0 0 0 0
3 2484 3764 3593 3788 0 0 0 0 0 0 0
3 1121 1198 1199 3589 1 135 0 0 0 0 0 0
3 2211 2848 3701 3759 0 0 0 0 0 0 0
3 1290 3106 3274 3275 0 0 0 0 0 0 0
3 2116 2118 3253 3527 0 0 0 0 0 0 0
3 207 272 234 3362 1 147 0 0 0 0 0 0
3 831 863 862 3266 1 141 0 0 0 0 0 0
3 2211 3700 3419 3701 0 0 0 0 0 0 0
3 1878 1931 1882 2022 0 0 0 0 0 0 0
3 1811 2116 2114 2118 0 0 0 0 0 0 0
3 2597 2600 2598 2748 0 0 0 0 0 0 0
3 2211 2897 3763 3893 0 0 0 0 0 0 0
3 1177 1269 1281 3676 1 135 0 0 0 0 0 0
3 1826 2933 3072 3747 0 0 0 0 0 0 0
3 1206 1246 1269 3676 1 135 0 0 0 0 0 0
3 1844 3072 2933 3604 0 0 0 0 0 0 0
3 2389 3604 2390 3612 0 0 0 0 0 0 0
3 1215 1240 1236 2984 1 135 0 0 0 0 0 0
3 2602 3728 2603 3729 0 0 0 0 0 0 0
3 2913 2963 3361 3780 0 0 0 0 0 0 0
3 1243 1297 3093 3094 0 0 0 0 0 0 0
3 1243 1244 1297 3094 1 135 0 0 0 0 0 0
3 2008 2718 2387 2788 0 0 0 0 0 0 0
3 1826 2635 3606 3747 0 0 0 0 0 0 0
3 2263 2388 2386 2913 0 0 0 0 0 0 0
3 2002 2004 2574 2787 0 0 0 0 0 0 0
3 1052 1109 1053 1499 9 135 75 0 0 77 0 0 0
3 1209 1222 1244 2955 1 135 0 0 0 0 0 0
3 862 878 2536 3266 0 0 0 0 0 0 0
3 1051 1500 1501 3842 1 75 0 0 0 0 0 0
3 1564 1579 1577 2600 1 75 0 0 0 0 0 0
3 1112 2819 3729 3865 0 0 0 0 0 0 0
3 2324 2943 3297 3673 0 0 0 0 0 0 0
3 2943 3170 3297 3673 0 0 0 0 0 0 0
3 1299 1321 1317 3829 1 135 0 0 0 0 0 0
3 1579 1583 1580 3457 1 75 0 0 0 0 0 0
3 1564 1577 1565 2601 1 75 0 0 0 0 0 0
3 1923 3669 2943 3673 0 0 0 0 0 0 0
3 1342 1347 1386 3743 1 135 0 0 0 0 0 0
3 2406 2407 3090 3312 0 0 0 0 0 0 0
3 592 593 618 3828 1 141 130 0 0 0 0 0
3 1305 3088 1306 3184 0 0 0 0 0 0 0
3 724 740 725 3397 1 141 0 0 0 0 0 0
3 1773 1903 1775 2462 0 0 0 0 0 0 0
3 1772 2417 2361 2822 0 0 0 0 0 0 0
3 620 724 725 3396 1 141 0 0 0 0 0 0
3 737 1825 738 3514 0 0 0 0 0 0 0
3 1297 1321 1299 3093 1 135 0 0 0 0 0 0
3 1915 1917 2361 2820 0 0 0 0 0 0 0
3 2698 3179 3274 3275 0 0 0 0 0 0 0
3 1923 3286 2943 3669 0 0 0 0 0 0 0
3 1354 3441 1374 3796 0 0 0 0 0 0 0
3 2069 2649 2648 3319 0 0 0 0 0 0 0
3 2625 2878 3259 3827 0 0 0 0 0 0 0
3 1772 1774 1773 2101 0 0 0 0 0 0 0
3 831 862 832 3097 1 141 0 0 0 0 0 0
3 2875 3562 3656 3782 0 0 0 0 0 0 0
3 1353 1388 1361 3946 1 135 0 0 0 0 0 0
3 1830 2814 2984 2987 0 0 0 0 0 0 0
3 2196 2407 2699 3090 0 0 0 0 0 0 0
3 1825 3564 1902 3699 0 0 0 0 0 0 0
3 1272 1342 1278 3863 1 135 0 0 0 0 0 0
3 2378 2379 2828 3394 0 0 0 0 0 0 0
3 1685 2430 1697 3626 0 0 0 0 0 0 0
3 591 592 617 3697 1 141 130 0 0 0 0 0
3 1226 1343 1307 3549 1 135 0 0 0 0 0 0
3 1986 2223 2827 2830 0 0 0 0 0 0 0
3 592 618 617 3697 1 141 0 0 0 0 0 0
3 2072 2806 2655 3514 0 0 0 0 0 0 0
3 750 3522 806 3598 0 0 0 0 0 0 0
3 2064 2377 2067 2806 0 0 0 0 0 0 0
3 2072 2073 2655 2806 0 0 0 0 0 0 0
3 2115 2256 2259 3487 0 0 0 0 0 0 0
3 2116 2215 2207 3262 0 0 0 0 0 0 0
3 823 893 869 2649 1 141 0 0 0 0 0 0
3 129 2707 2892 3214 0 0 0 0 0 0 0
3 3427 3848 3847 3849 0 0 0 0 0 0 0
3 2211 2848 2897 3893 0 0 0 0 0 0 0
3 1328 1388 1353 3332 1 135 0 0 0 0 0 0
3 804 3265 3098 3870 0 0 0 0 0 0 0
3 2119 2897 2211 3254 0 0 0 0 0 0 0
3 789 845 846 2352 1 141 0 0 0 0 0 0
3 807 3055 819 3522 0 0 0 0 0 0 0
3 1383 1403 1393 2400 1 135 0 0 0 0 0 0
3 2211 2848 3700 3701 0 0 0 0 0 0 0
3 1973 2118 2114 2989 0 0 0 0 0 0 0
3 1810 1973 1941 2117 0 0 0 0 0 0 0
3 1974 2552 2308 2850 0 0 0 0 0 0 0
3 793 794 841 3693 1 141 0 0 0 0 0 0
3 840 841 856 3425 1 141 0 0 0 0 0 0
3 1392 1394 1402 3873 1 135 0 0 0 0 0 0
3 2329 3201 2851 3231 0 0 0 0 0 0 0
3 2114 3168 2989 3488 0 0 0 0 0 0 0
3 808 828 809 3506 1 141 0 0 0 0 0 0
3 2989 3018 3488 3933 0 0 0 0 0 0 0
3 793 841 840 3891 1 141 0 0 0 0 0 0
3 1371 1401 1402 3619 1 135 0 0 0 0 0 0
3 86 87 156 1423 3 147 1 5 0 0 0 0 0
3 2240 2385 2697 2946 0 0 0 0 0 0 0
3 88 1414 1421 2582 1 1 0 0 0 0 0 0
3 2038 2526 2564 3908 0 0 0 0 0 0 0
3 1755 1758 1883 1884 0 0 0 0 0 0 0
3 1734 2038 2084 2678 0 0 0 0 0 0 0
3 1736 1764 1766 2079 0 0 0 0 0 0 0
3 2073 2568 2230 2827 0 0 0 0 0 0 0
3 87 88 157 1414 3 147 1 5 0 0 0 0 0
3 157 2580 1414 2582 0 0 0 0 0 0 0
3 1959 2222 2283 2413 0 0 0 0 0 0 0
3 601 660 659 3035 1 141 0 0 0 0 0 0
3 2222 2413 2538 2664 0 0 0 0 0 0 0
3 2667 2872 2804 3812 0 0 0 0 0 0 0
3 2061 2781 3493 3630 0 0 0 0 0 0 0
3 2667 3812 2668 3851 0 0 0 0 0 0 0
3 1782 2570 2781 3015 0 0 0 0 0 0 0
3 768 3317 3342 3543 0 0 0 0 0 0 0
3 819 3043 3465 3522 0 0 0 0 0 0 0
3 601 602 660 1424 3 141 1 17 0 0 0 0 0
3 601 659 1411 3035 0 0 0 0 0 0 0
3 2667 2668 2669 3851 0 0 0 0 0 0 0
3 2211 2897 2848 3254 0 0 0 0 0 0 0
3 231 2659 264 3951 0 0 0 0 0 0 0
3 265 2327 2659 2845 0 0 0 0 0 0 0
3 3701 3850 3853 3934 0 0 0 0 0 0 0
3 584 3920 959 3921 0 0 0 0 0 0 0
3 3296 3297 3673 3785 0 0 0 0 0 0 0
3 163 3707 3595 3951 0 0 0 0 0 0 0
3 2476 2848 2850 3254 0 0 0 0 0 0 0
3 3421 3848 3757 3850 0 0 0 0 0 0 0
3 1415 1462 1461 3877 1 1 0 0 0 0 0 0
3 3077 3757 3758 3853 0 0 0 0 0 0 0
3 1948 1949 2146 2318 0 0 0 0 0 0 0
3 2463 2472 3519 3520 0 0 0 0 0 0 0
3 1461 1472 1464 2769 1 1 0 0 0 0 0 0
3 85 86 129 1415 3 147 1 5 0 0 0 0 0
3 959 2438 3921 3925 0 0 0 0 0 0 0
3 2469 2860 2470 2862 0 0 0 0 0 0 0
3 2454 2455 2472 3520 0 0 0 0 0 0 0
3 87 1414 157 2580 0 0 0 0 0 0 0
3 1423 1461 2769 2894 0 0 0 0 0 0 0
3 1414 1423 1464 2580 1 1 0 0 0 0 0 0
3 2493 2869 2760 3844 0 0 0 0 0 0 0
3 2455 3842 3278 3865 0 0 0 0 0 0 0
3 1415 1461 1423 2894 1 1 0 0 0 0 0 0
3 1423 1461 1464 2769 1 1 0 0 0 0 0 0
3 88 157 1414 2582 0 0 0 0 0 0 0
3 2454 2862 2472 2954 0 0 0 0 0 0 0
3 1464 1472 1466 3719 1 1 0 0 0 0 0 0
3 2771 2774 2772 2779 0 0 0 0 0 0 0
3 2454 2472 2455 2954 0 0 0 0 0 0 0
3 3255 3494 3447 3967 0 0 0 0 0 0 0
3 730 736 3447 3967 0 0 0 0 0 0 0
3 781 3449 3481 3494 0 0 0 0 0 0 0
3 781 3481 3449 3966 0 0 0 0 0 0 0
3 1048 1096 1503 3830 0 0 0 0 0 0 0
3 1096 1160 1223 3830 1 135 0 0 0 0 0 0
3 3061 3449 3447 3494 0 0 0 0 0 0 0
3 1053 1498 1499 3608 1 75 0 0 0 0 0 0
3 1555 1564 1565 2601 1 75 0 0 0 0 0 0
3 1053 1105 1054 1498 9 135 75 0 0 77 0 0 0
3 129 156 2892 2894 0 0 0 0 0 0 0
3 781 3494 792 3967 0 0 0 0 0 0 0
3 1901 3187 2443 3622 0 0 0 0 0 0 0
3 781 3449 3494 3967 0 0 0 0 0 0 0
3 2779 3241 3244 3245 0 0 0 0 0 0 0
3 2581 3241 2612 3244 0 0 0 0 0 0 0
3 1517 1546 3512 3932 0 0 0 0 0 0 0
3 2581 2610 2778 3244 0 0 0 0 0 0 0
3 584 2437 1901 3921 0 0 0 0 0 0 0
3 2389 3604 3661 3899 0 0 0 0 0 0 0
3 149 234 162 3364 1 147 0 0 0 0 0 0
3 162 234 222 3364 1 147 0 0 0 0 0 0
3 47 164 48 1516 9 147 75 0 0 101 0 0 0
3 694 2880 2772 3189 0 0 0 0 0 0 0
3 710 711 755 3052 1 141 0 0 0 0 0 0
3 571 1530 1528 3031 1 75 0 0 0 0 0 0
3 1535 1536 1553 3222 1 75 0 0 0 0 0 0
3 2771 2776 2777 2778 0 0 0 0 0 0 0
3 2775 2868 2866 2975 0 0 0 0 0 0 0
3 2627 2776 2777 3903 0 0 0 0 0 0 0
3 2580 2582 2627 2778 0 0 0 0 0 0 0
3 1529 1536 1531 3033 1 75 0 0 0 0 0 0
3 2772 2779 3114 3246 0 0 0 0 0 0 0
3 709 3036 3032 3053 0 0 0 0 0 0 0
3 50 175 51 1513 9 147 75 0 0 101 0 0 0
3 2777 2779 2778 3414 0 0 0 0 0 0 0
3 2344 2652 2345 2732 0 0 0 0 0 0 0
3 2148 2150 2186 2187 0 0 0 0 0 0 0
3 2184 2188 3541 3950 0 0 0 0 0 0 0
3 276 2718 2717 2794 0 0 0 0 0 0 0
3 753 803 754 2888 1 141 0 0 0 0 0 0
3 2104 2234 2292 2843 0 0 0 0 0 0 0
3 1149 1222 1209 2955 1 135 0 0 0 0 0 0
3 636 713 637 3155 1 141 0 0 0 0 0 0
3 1792 2234 2104 2843 0 0 0 0 0 0 0
3 2293 2843 2842 2988 0 0 0 0 0 0 0
3 2340 2838 2886 2918 0 0 0 0 0 0 0
3 192 1512 2936 3545 0 0 0 0 0 0 0
3 1566 1576 1567 3749 1 75 0 0 0 0 0 0
3 2104 3065 2188 3950 0 0 0 0 0 0 0
3 2139 2293 2842 2988 0 0 0 0 0 0 0
3 145 1591 1593 3718 0 0 0 0 0 0 0
3 177 1839 293 3014 0 0 0 0 0 0 0
3 116 145 177 1591 1 147 0 0 0 0 0 0
3 2617 2643 3316 3859 0 0 0 0 0 0 0
3 2193 2431 2195 2493 0 0 0 0 0 0 0
3 500 3010 517 3716 0 0 0 0 0 0 0
3 1901 3187 3622 3921 0 0 0 0 0 0 0
3 1805 2190 1912 2252 0 0 0 0 0 0 0
3 2287 2942 3279 3776 0 0 0 0 0 0 0
3 519 556 1589 3006 0 0 0 0 0 0 0
3 461 462 1603 3006 0 0 0 0 0 0 0
3 2291 2333 2615 2616 0 0 0 0 0 0 0
3 1803 1804 2435 2716 0 0 0 0 0 0 0
3 490 647 491 3243 1 141 0 0 131 0 0 0
3 62 453 454 1944 1 145 0 0 0 0 0 0
3 647 3243 3423 3787 0 0 0 0 0 0 0
3 1797 2496 2195 2715 0 0 0 0 0 0 0
3 558 1621 1626 1944 0 0 0 0 0 0 0
3 2332 3295 2711 3296 0 0 0 0 0 0 0
3 241 2203 2231 2246 0 0 0 0 0 0 0
3 429 455 454 2232 1 145 0 0 0 0 0 0
3 538 542 2210 2232 0 0 0 0 0 0 0
3 453 525 1621 1628 4 287 0 0 0 0 0 0
3 2288 2905 2739 2940 0 0 0 0 0 0 0
3 131 141 248 2232 1 147 0 0 0 0 0 0
3 1616 1620 1626 2202 1 287 0 0 0 0 0 0
3 2056 2529 2905 3081 0 0 0 0 0 0 0
3 2273 2324 2326 3785 0 0 0 0 0 0 0
3 490 523 522 1618 5 143 287 0 283 0 0 0 0
3 705 3318 3423 3916 0 0 0 0 0 0 0
3 2898 3763 3793 3893 0 0 0 0 0 0 0
3 1876 2355 2297 2800 0 0 0 0 0 0 0
3 493 2210 2201 2251 0 0 0 0 0 0 0
3 2516 3676 3680 3683 0 0 0 0 0 0 0
3 3420 3622 3820 3921 0 0 0 0 0 0 0
3 3420 3820 3821 3921 0 0 0 0 0 0 0
3 490 523 1618 1898 0 0 0 0 0 0 0
3 1152 1206 1177 3676 1 135 0 0 0 0 0 0
3 522 1618 1624 3411 1 287 0 0 0 0 0 0
3 1098 3570 3565 3912 0 0 0 0 0 0 0
3 1152 1177 3648 3676 0 0 0 0 0 0 0
3 1114 1206 1152 3196 1 135 0 0 0 0 0 0
3 1098 3565 1113 3912 0 0 0 0 0 0 0
3 1615 1627 1897 1898 0 0 0 0 0 0 0
3 489 646 490 3741 1 141 0 0 131 0 0 0
3 491 542 1620 2202 0 0 0 0 0 0 0
3 523 542 524 1620 9 143 287 0 0 283 0 0 0
3 1114 3196 1662 3198 0 0 0 0 0 0 0
3 3197 3677 3568 3680 0 0 0 0 0 0 0
3 2807 3100 2808 3443 0 0 0 0 0 0 0
3 2742 2970 2967 3946 0 0 0 0 0 0 0
3 3565 3570 3587 3912 0 0 0 0 0 0 0
3 2807 2808 2967 3443 0 0 0 0 0 0 0
3 2145 2808 2337 3093 0 0 0 0 0 0 0
3 2780 3678 3565 3912 0 0 0 0 0 0 0
3 2145 3827 2742 3829 0 0 0 0 0 0 0
3 2616 3283 3282 3284 0 0 0 0 0 0 0
3 1187 1235 3739 3907 0 0 0 0 0 0 0
3 531 1649 1642 2962 1 263 0 0 0 0 0 0
3 2616 2619 2657 3739 0 0 0 0 0 0 0
3 992 993 1035 1044 3 137 135 128 0 0 0 0 0
3 2657 2711 2710 3907 0 0 0 0 0 0 0
3 2326 2902 3081 3218 0 0 0 0 0 0 0
3 1235 2902 2741 3804 0 0 0 0 0 0 0
3 622 2059 2058 3722 0 0 0 0 0 0 0
3 936 937 970 1667 3 139 450 447 0 0 0 0 0
3 622 655 2059 3722 0 0 0 0 0 0 0
3 698 3638 3452 3722 0 0 0 0 0 0 0
3 585 937 1656 1901 0 0 0 0 0 0 0
3 584 3821 664 3920 0 0 0 0 0 0 0
3 609 2076 1432 3722 0 0 0 0 0 0 0
3 2076 3452 2671 3638 0 0 0 0 0 0 0
3 1073 1662 1661 3198 1 450 0 0 0 0 0 0
3 2058 3375 3638 3722 0 0 0 0 0 0 0
3 1072 1671 1655 2443 1 450 0 0 0 0 0 0
3 1075 1658 1674 3648 1 450 0 0 0 0 0 0
3 1274 3187 3188 3622 0 0 0 0 0 0 0
3 1183 2443 2436 3187 0 0 0 0 0 0 0
3 697 3638 698 3722 0 0 0 0 0 0 0
3 1137 1655 2436 2443 0 0 0 0 0 0 0
3 609 654 2076 3722 0 0 0 0 0 0 0
3 1986 2827 3076 3685 0 0 0 0 0 0 0
3 1986 1988 3505 3685 0 0 0 0 0 0 0
3 1986 2223 1994 3076 0 0 0 0 0 0 0
3 1937 2282 2140 2842 0 0 0 0 0 0 0
3 1766 1770 1771 2376 0 0 0 0 0 0 0
3 2375 2914 2403 3542 0 0 0 0 0 0 0
3 1095 1225 1161 2429 1 135 0 0 0 0 0 0
3 1095 1229 1225 2427 1 135 0 0 0 0 0 0
3 2474 3160 3625 3924 0 0 0 0 0 0 0
3 2306 2914 2478 3346 0 0 0 0 0 0 0
3 1770 1963 2561 3550 0 0 0 0 0 0 0
3 1082 1161 1688 2429 0 0 0 0 0 0 0
3 1081 1095 1082 1686 9 135 432 0 0 426 0 0 0
3 1823 2036 2199 3229 0 0 0 0 0 0 0
3 1768 2565 3235 3868 0 0 0 0 0 0 0
3 1082 1161 1083 1688 9 135 432 0 0 426 0 0 0
3 2564 3229 2565 3540 0 0 0 0 0 0 0
3 1167 1709 1708 3233 0 0 0 0 0 0 0
3 2565 3540 3601 3868 0 0 0 0 0 0 0
3 1086 1124 1087 1708 9 135 414 0 0 408 0 0 0
3 1845 2743 2884 3166 0 0 0 0 0 0 0
3 1883 1968 1969 2145 0 0 0 0 0 0 0
3 1124 1255 1195 2731 1 135 0 0 0 0 0 0
3 950 966 1714 1743 0 0 0 0 0 0 0
3 1060 1165 1123 1978 1 135 0 0 0 0 0 0
3 1086 1124 1708 2861 0 0 0 0 0 0 0
3 1164 1702 2857 2861 0 0 0 0 0 0 0
3 1174 3234 3233 3968 0 0 0 0 0 0 0
3 1945 3020 2276 3022 0 0 0 0 0 0 0
3 2183 2749 2720 2856 0 0 0 0 0 0 0
3 2013 2367 2368 3467 0 0 0 0 0 0 0
3 1986 2830 2827 3567 0 0 0 0 0 0 0
3 3564 3699 3566 3744 0 0 0 0 0 0 0
3 1124 2731 1195 3233 0 0 0 0 0 0 0
3 1703 1718 1708 3632 1 414 0 0 0 0 0 0
3 1031 1698 1699 1744 0 0 0 0 0 0 0
3 1164 1172 1196 1990 1 135 0 0 0 0 0 0
3 3697 3698 3699 3801 0 0 0 0 0 0 0
3 3323 3698 3699 3954 0 0 0 0 0 0 0
3 2378 3567 2830 3569 0 0 0 0 0 0 0
3 2064 2806 3514 3699 0 0 0 0 0 0 0
3 2222 2655 2223 3075 0 0 0 0 0 0 0
3 2064 3699 3514 3954 0 0 0 0 0 0 0
3 1953 2161 2166 2397 0 0 0 0 0 0 0
3 1988 2542 2001 3385 0 0 0 0 0 0 0
3 577 1743 1718 3579 0 0 0 0 0 0 0
3 949 950 966 1714 3 139 414 411 0 0 0 0 0
3 1999 2229 2400 3076 0 0 0 0 0 0 0
3 1955 2164 2165 3138 0 0 0 0 0 0 0
3 2225 2399 2385 2666 0 0 0 0 0 0 0
3 1163 1172 3617 3905 0 0 0 0 0 0 0
3 94 165 1104 2656 0 0 0 0 0 0 0
3 93 151 1103 3277 0 0 0 0 0 0 0
3 2164 2165 3138 3914 0 0 0 0 0 0 0
3 2160 2410 2412 2725 0 0 0 0 0 0 0
3 94 1103 151 2656 0 0 0 0 0 0 0
3 2225 2229 2385 2399 0 0 0 0 0 0 0
3 63 131 454 2232 0 0 0 0 0 0 0
3 64 456 142 2231 0 0 0 0 0 0 0
3 1986 2829 2223 2830 0 0 0 0 0 0 0
3 128 131 248 1896 1 147 0 0 0 0 0 0
3 3 131 128 1896 1 147 0 0 0 0 0 0
3 1937 2140 1940 2481 0 0 0 0 0 0 0
3 66 143 457 3354 0 0 0 0 0 0 0
3 431 457 456 3353 1 145 0 0 0 0 0 0
3 64 141 455 2231 0 0 0 0 0 0 0
3 2765 3536 2802 3913 0 0 0 0 0 0 0
3 496 3751 554 3969 0 0 0 0 0 0 0
3 1999 2161 2000 2397 0 0 0 0 0 0 0
3 1865 1880 2446 2851 0 0 0 0 0 0 0
3 2091 2445 2444 2802 0 0 0 0 0 0 0
3 536 2447 2087 3240 0 0 0 0 0 0 0
3 4 43 138 1606 3 147 287 280 0 0 0 0 0
3 501 615 502 3482 1 141 0 0 131 0 0 0
3 262 263 317 3237 1 147 0 0 0 0 0 0
3 236 263 262 3355 1 147 0 0 0 0 0 0
3 504 674 505 3460 1 141 0 0 131 0 0 0
3 504 505 549 3374 1 143 131 0 0 0 0 0
3 2964 3373 3402 3404 0 0 0 0 0 0 0
3 127 1637 1647 3143 1 263 0 0 0 0 0 0
3 215 3302 3565 3586 0 0 0 0 0 0 0
3 476 547 477 3228 0 0 0 0 0 0 0
3 442 3377 550 3382 0 0 0 0 0 0 0
3 132 196 235 3390 1 147 0 0 0 0 0 0
3 147 235 236 3355 1 147 0 0 0 0 0 0
3 215 3565 3302 3667 0 0 0 0 0 0 0
3 503 547 540 3548 1 143 0 0 0 0 0 0
3 2603 2752 2604 3608 0 0 0 0 0 0 0
3 465 476 477 3228 1 145 0 0 0 0 0 0
3 2148 2349 2736 2737 0 0 0 0 0 0 0
3 2751 2819 3278 3729 0 0 0 0 0 0 0
3 2604 2751 3607 3943 0 0 0 0 0 0 0
3 2604 3607 2751 3608 0 0 0 0 0 0 0
3 51 192 1512 2936 0 0 0 0 0 0 0
3 1921 2916 2125 2998 0 0 0 0 0 0 0
3 1512 1551 1513 2936 1 75 0 0 0 0 0 0
3 192 213 245 3276 1 147 0 0 0 0 0 0
3 1921 2127 2373 3753 0 0 0 0 0 0 0
3 1512 1551 2936 2939 0 0 0 0 0 0 0
3 156 2770 2892 2894 0 0 0 0 0 0 0
3 218 277 283 3792 1 147 0 0 0 0 0 0
3 1913 2591 2127 2790 0 0 0 0 0 0 0
3 153 165 230 3556 1 147 0 0 0 0 0 0
3 97 154 1108 3170 0 0 0 0 0 0 0
3 2125 2359 2358 2998 0 0 0 0 0 0 0
3 538 2210 2209 2232 0 0 0 0 0 0 0
3 2209 2210 2231 2232 0 0 0 0 0 0 0
3 131 1896 1944 2232 0 0 0 0 0 0 0
3 2397 2563 2399 2996 0 0 0 0 0 0 0
3 278 2415 2414 3583 0 0 0 0 0 0 0
3 227 228 268 2405 1 147 0 0 0 0 0 0
3 2168 3138 3017 3139 0 0 0 0 0 0 0
3 2164 3139 2766 3693 0 0 0 0 0 0 0
3 251 2892 3313 3833 0 0 0 0 0 0 0
3 2176 2667 2281 2872 0 0 0 0 0 0 0
3 2162 2163 2164 2764 0 0 0 0 0 0 0
3 1856 2576 2701 3056 0 0 0 0 0 0 0
3 110 180 181 3790 1 147 0 0 0 0 0 0
3 133 149 3109 3226 0 0 0 0 0 0 0
3 1198 1219 1233 2641 1 135 0 0 0 0 0 0
3 1198 1233 1254 2641 1 135 0 0 0 0 0 0
3 1856 2646 2768 3291 0 0 0 0 0 0 0
3 274 312 297 3970 1 147 0 0 0 0 0 0
3 1915 3466 2408 3485 0 0 0 0 0 0 0
3 1460 1481 1480 3615 1 1 0 0 0 0 0 0
3 1856 3055 2646 3291 0 0 0 0 0 0 0
3 1459 1460 1480 2817 1 1 0 0 0 0 0 0
3 129 170 2707 3214 0 0 0 0 0 0 0
3 256 271 325 3478 1 147 0 0 0 0 0 0
3 271 313 325 3918 1 147 0 0 0 0 0 0
3 352 2299 2292 2366 0 0 0 0 0 0 0
3 1242 1304 1298 3012 1 135 0 0 0 0 0 0
3 2780 3678 3912 3930 0 0 0 0 0 0 0
3 2702 3269 3398 3875 0 0 0 0 0 0 0
3 854 887 886 3936 1 141 0 0 0 0 0 0
3 899 906 900 3605 1 141 0 0 0 0 0 0
3 882 902 2083 3857 0 0 0 0 0 0 0
3 877 905 887 3600 1 141 0 0 0 0 0 0
3 1853 2702 3269 3398 0 0 0 0 0 0 0
3 872 876 877 3789 1 141 0 0 0 0 0 0
3 1856 2701 2646 3055 0 0 0 0 0 0 0
3 2702 3273 2768 3398 0 0 0 0 0 0 0
3 2023 2261 2254 2873 0 0 0 0 0 0 0
3 2694 3193 3002 3311 0 0 0 0 0 0 0
3 345 370 369 3835 1 147 0 0 0 0 0 0
3 834 3884 2898 3892 0 0 0 0 0 0 0
3 2502 2533 2534 3440 0 0 0 0 0 0 0
3 1980 2533 2502 2535 0 0 0 0 0 0 0
3 337 340 403 2495 1 147 0 0 0 0 0 0
3 376 3070 3756 3758 0 0 0 0 0 0 0
3 312 324 340 3211 1 147 0 0 0 0 0 0
3 2142 3161 2302 3327 0 0 0 0 0 0 0
3 1942 3476 2540 3931 0 0 0 0 0 0 0
3 2048 2055 2056 2905 0 0 0 0 0 0 0
3 842 3346 2490 3542 0 0 0 0 0 0 0
3 327 384 383 3368 1 147 0 0 0 0 0 0
3 327 330 384 3483 1 147 0 0 0 0 0 0
3 387 418 3257 3367 0 0 0 0 0 0 0
3 615 3050 672 3482 0 0 0 0 0 0 0
3 1442 2904 1451 2905 0 0 0 0 0 0 0
3 342 2737 2736 3475 0 0 0 0 0 0 0
3 2739 2903 2905 2912 0 0 0 0 0 0 0
3 2055 2056 2905 3664 0 0 0 0 0 0 0
3 1451 3124 2905 3209 0 0 0 0 0 0 0
3 2739 2905 2903 2940 0 0 0 0 0 0 0
3 469 1632 1634 1648 4 263 0 0 0 0 0 0
3 2739 2912 2905 3081 0 0 0 0 0 0 0
3 1870 1874 1872 2122 0 0 0 0 0 0 0
3 2047 2048 2288 3199 0 0 0 0 0 0 0
3 2866 2867 2879 2881 0 0 0 0 0 0 0
3 364 2148 2732 2736 0 0 0 0 0 0 0
3 2379 2811 3086 3446 0 0 0 0 0 0 0
3 2377 3566 3444 3799 0 0 0 0 0 0 0
3 2378 2379 3394 3446 0 0 0 0 0 0 0
3 3184 3444 3445 3798 0 0 0 0 0 0 0
3 2316 2322 2320 2323 0 0 0 0 0 0 0
3 2451 3085 2968 3086 0 0 0 0 0 0 0
3 2337 3085 2451 3094 0 0 0 0 0 0 0
3 316 335 326 3389 1 147 0 0 0 0 0 0
3 3239 3548 3641 3642 0 0 0 0 0 0 0
3 517 3010 1597 3716 0 0 0 0 0 0 0
3 445 533 560 1634 1 143 0 0 0 0 0 0
3 446 482 481 3264 1 145 0 0 0 0 0 0
3 2451 2454 2954 3088 0 0 0 0 0 0 0
3 2127 3753 3585 3826 0 0 0 0 0 0 0
3 2373 2706 2675 3774 0 0 0 0 0 0 0
3 1058 1059 1132 1430 3 135 1 29 0 0 0 0 0
3 1006 1058 1227 3578 0 0 0 0 0 0 0
3 2052 2712 3190 3635 0 0 0 0 0 0 0
3 2053 2372 2374 2709 0 0 0 0 0 0 0
3 980 1006 1227 3578 0 0 0 0 0 0 0
3 1165 1193 1197 3634 1 135 0 0 0 0 0 0
3 1990 2857 3617 3905 0 0 0 0 0 0 0
3 2727 2928 2930 3839 0 0 0 0 0 0 0
3 577 2727 2729 3579 0 0 0 0 0 0 0
3 2373 2374 2675 2706 0 0 0 0 0 0 0
3 622 623 697 2058 1 141 0 0 0 0 0 0
3 2669 3002 3194 3311 0 0 0 0 0 0 0
3 1735 1740 1742 2034 0 0 0 0 0 0 0
3 342 2736 372 3475 0 0 0 0 0 0 0
3 578 625 624 3839 1 141 0 0 0 0 0 0
3 1256 2921 1977 3634 0 0 0 0 0 0 0
3 575 1979 1976 2059 0 0 0 0 0 0 0
3 2060 2085 2076 3722 0 0 0 0 0 0 0
3 1197 1256 1255 1977 1 135 0 0 0 0 0 0
3 1718 1743 2857 2861 0 0 0 0 0 0 0
3 1793 2139 2842 2988 0 0 0 0 0 0 0
3 1682 2428 1696 2999 0 0 0 0 0 0 0
3 2559 3309 3398 3399 0 0 0 0 0 0 0
3 596 3432 3000 3924 0 0 0 0 0 0 0
3 1094 1809 1171 3438 0 0 0 0 0 0 0
3 1048 1503 1504 2465 1 75 0 0 0 0 0 0
3 2667 2669 3002 3194 0 0 0 0 0 0 0
3 975 1687 1030 3872 0 0 0 0 0 0 0
3 573 1529 1531 3033 1 75 0 0 0 0 0 0
3 1780 1783 2061 2781 0 0 0 0 0 0 0
3 2235 2396 2394 2695 0 0 0 0 0 0 0
3 2887 3870 3098 3910 0 0 0 0 0 0 0
3 2043 2694 2695 3002 0 0 0 0 0 0 0
3 1964 2094 2137 2479 0 0 0 0 0 0 0
3 611 732 612 3028 1 141 0 0 0 0 0 0
3 1937 1938 1983 2480 0 0 0 0 0 0 0
3 1780 2781 2780 3003 0 0 0 0 0 0 0
3 2098 3688 2801 3835 0 0 0 0 0 0 0
3 319 382 359 3915 1 147 0 0 0 0 0 0
3 493 543 538 2209 1 143 0 0 0 0 0 0
3 685 686 3292 3298 0 0 0 0 0 0 0
3 193 201 204 2961 1 147 0 0 0 0 0 0
3 1636 1642 1649 2960 1 263 0 0 0 0 0 0
3 190 242 201 2965 1 147 0 0 0 0 0 0
3 675 685 676 3779 1 141 0 0 0 0 0 0
3 2694 2695 3002 3193 0 0 0 0 0 0 0
3 2993 3150 3646 3708 0 0 0 0 0 0 0
3 675 676 3732 3779 0 0 0 0 0 0 0
3 204 242 259 2965 1 147 0 0 0 0 0 0
3 295 3373 3372 3733 0 0 0 0 0 0 0
3 677 684 678 3272 1 141 0 0 0 0 0 0
3 2041 2043 2042 2045 0 0 0 0 0 0 0
3 2569 2667 3002 3194 0 0 0 0 0 0 0
3 1941 2101 2103 2870 0 0 0 0 0 0 0
3 2558 2606 2644 2994 0 0 0 0 0 0 0
3 2553 2558 2606 3038 0 0 0 0 0 0 0
3 2556 2557 2558 3046 0 0 0 0 0 0 0
3 2276 2278 2277 2644 0 0 0 0 0 0 0
3 1542 1570 1543 2839 1 75 0 0 0 0 0 0
3 716 749 750 3060 1 141 0 0 0 0 0 0
3 1855 2768 2702 3273 0 0 0 0 0 0 0
3 566 635 1524 3125 0 0 0 0 0 0 0
3 2702 2768 3267 3398 0 0 0 0 0 0 0
3 2558 2645 2606 3038 0 0 0 0 0 0 0
3 2572 2646 2644 2702 0 0 0 0 0 0 0
3 1856 2572 2646 2701 0 0 0 0 0 0 0
3 1523 1542 1543 3125 1 75 0 0 0 0 0 0
3 2558 2644 2768 3267 0 0 0 0 0 0 0
3 2975 3242 3333 3335 0 0 0 0 0 0 0
3 649 703 663 3850 1 141 0 0 0 0 0 0
3 2773 3241 3245 3731 0 0 0 0 0 0 0
3 2774 2977 2879 3916 0 0 0 0 0 0 0
3 2773 2778 2779 3241 0 0 0 0 0 0 0
3 495 611 612 3028 1 141 0 0 0 0 0 0
3 2610 2778 2779 3414 0 0 0 0 0 0 0
3 611 663 733 3934 1 141 0 0 0 0 0 0
3 732 733 734 2846 1 141 0 0 0 0 0 0
3 3333 3334 3335 3530 0 0 0 0 0 0 0
3 611 733 732 3027 1 141 0 0 0 0 0 0
3 2214 2866 2762 2868 0 0 0 0 0 0 0
3 499 500 517 3716 1 143 131 0 0 0 0 0
3 752 805 804 2887 1 141 0 0 0 0 0 0
3 3306 3714 3713 3716 0 0 0 0 0 0 0
3 500 3715 3010 3716 0 0 0 0 0 0 0
3 3306 3710 3713 3714 0 0 0 0 0 0 0
3 3105 3651 3379 3840 0 0 0 0 0 0 0
3 1571 1581 1576 3116 1 75 0 0 0 0 0 0
3 3010 3716 3715 3718 0 0 0 0 0 0 0
3 1839 3713 3714 3715 0 0 0 0 0 0 0
3 684 3057 3272 3273 0 0 0 0 0 0 0
3 861 2755 2759 3884 0 0 0 0 0 0 0
3 330 400 401 3224 1 147 0 0 0 0 0 0
3 861 3154 2755 3884 0 0 0 0 0 0 0
3 861 2755 883 2759 0 0 0 0 0 0 0
3 873 883 2756 2759 0 0 0 0 0 0 0
3 772 792 781 3494 1 141 0 0 0 0 0 0
3 385 386 400 3119 1 147 0 0 0 0 0 0
3 833 861 2759 3884 0 0 0 0 0 0 0
3 873 2756 2757 2759 0 0 0 0 0 0 0
3 3563 3764 3762 3765 0 0 0 0 0 0 0
3 3020 3465 3022 3467 0 0 0 0 0 0 0
3 2424 2608 3117 3137 0 0 0 0 0 0 0
3 730 781 792 3967 1 141 0 0 0 0 0 0
3 614 781 3449 3966 0 0 0 0 0 0 0
3 887 905 897 3868 1 141 0 0 0 0 0 0
3 2572 2702 2644 2767 0 0 0 0 0 0 0
3 890 891 894 2721 1 141 0 0 0 0 0 0
3 682 3481 3111 3495 0 0 0 0 0 0 0
3 748 3057 3058 3745 0 0 0 0 0 0 0
3 613 3111 682 3966 0 0 0 0 0 0 0
3 614 1837 3112 3966 0 0 0 0 0 0 0
3 1837 3449 3481 3966 0 0 0 0 0 0 0
3 889 895 891 2526 1 141 0 0 0 0 0 0
3 895 898 897 3540 1 141 0 0 0 0 0 0
3 304 349 350 1984 1 147 0 0 0 0 0 0
3 300 303 352 2735 1 147 0 0 0 0 0 0
3 2391 2574 2787 3748 0 0 0 0 0 0 0
3 22 1433 1430 3938 1 1 0 0 0 0 0 0
3 2576 3522 3056 3795 0 0 0 0 0 0 0
3 2576 2701 3056 3522 0 0 0 0 0 0 0
3 2701 3055 3056 3522 0 0 0 0 0 0 0
3 2576 3087 3522 3795 0 0 0 0 0 0 0
3 1430 1992 3578 3938 0 0 0 0 0 0 0
3 30 912 935 1006 11 139 137 1 129 0 21 25 0 0
3 749 786 3055 3745 0 0 0 0 0 0 0
3 2576 3087 2701 3522 0 0 0 0 0 0 0
3 2918 3087 3464 3467 0 0 0 0 0 0 0
3 1031 1093 1698 1744 0 0 0 0 0 0 0
3 786 3058 3055 3745 0 0 0 0 0 0 0
3 2003 2574 2934 2935 0 0 0 0 0 0 0
3 2768 3273 3292 3298 0 0 0 0 0 0 0
3 748 3057 778 3058 0 0 0 0 0 0 0
3 2576 3060 3087 3795 0 0 0 0 0 0 0
3 3056 3059 3060 3745 0 0 0 0 0 0 0
3 2626 2838 3126 3599 0 0 0 0 0 0 0
3 2450 2452 2809 3324 0 0 0 0 0 0 0
3 778 787 3058 3291 0 0 0 0 0 0 0
3 1946 2453 3727 3866 0 0 0 0 0 0 0
3 2455 3278 3842 3866 0 0 0 0 0 0 0
3 787 3055 3058 3291 0 0 0 0 0 0 0
3 2336 3093 2337 3094 0 0 0 0 0 0 0
3 1949 2451 2530 2809 0 0 0 0 0 0 0
3 3030 3645 3636 3721 0 0 0 0 0 0 0
3 2051 3376 3030 3919 0 0 0 0 0 0 0
3 3030 3220 3636 3645 0 0 0 0 0 0 0
3 1956 1995 2001 3690 0 0 0 0 0 0 0
3 1986 1989 1988 1999 0 0 0 0 0 0 0
3 1988 2000 3344 3504 0 0 0 0 0 0 0
3 2160 2410 2226 2412 0 0 0 0 0 0 0
3 2030 2031 3171 3200 0 0 0 0 0 0 0
3 1954 2513 2000 3507 0 0 0 0 0 0 0
3 2229 3076 2230 3672 0 0 0 0 0 0 0
3 1987 3385 2001 3501 0 0 0 0 0 0 0
3 996 1024 1022 3171 1 137 0 0 0 0 0 0
3 1988 1999 3504 3685 0 0 0 0 0 0 0
3 2001 3385 2543 3501 0 0 0 0 0 0 0
3 1907 2460 1909 3417 0 0 0 0 0 0 0
3 1907 2586 2874 3167 0 0 0 0 0 0 0
3 1288 1332 1310 3582 1 135 0 0 0 0 0 0
3 23 1010 1711 1716 8 414 0 0 0 0 0 0
3 578 2727 1753 3839 0 0 0 0 0 0 0
3 1872 2122 3573 3859 0 0 0 0 0 0 0
3 2589 2591 2592 2790 0 0 0 0 0 0 0
3 1907 2586 3167 3929 0 0 0 0 0 0 0
3 1907 3417 1909 3666 0 0 0 0 0 0 0
3 916 965 954 1707 1 139 0 0 0 0 0 0
3 1961 2586 2679 3929 0 0 0 0 0 0 0
3 1038 3182 1676 3649 0 0 0 0 0 0 0
3 1961 2586 2588 2679 0 0 0 0 0 0 0
3 238 1840 293 3717 0 0 0 0 0 0 0
3 2583 3533 2705 3771 0 0 0 0 0 0 0
3 1908 3666 2643 3860 0 0 0 0 0 0 0
3 2051 3468 2671 3919 0 0 0 0 0 0 0
3 145 3236 3717 3718 0 0 0 0 0 0 0
3 725 739 726 3323 1 141 0 0 0 0 0 0
3 972 1028 1677 3649 0 0 0 0 0 0 0
3 1873 2127 2591 2705 0 0 0 0 0 0 0
3 2127 2790 3585 3753 0 0 0 0 0 0 0
3 2371 2373 2675 3663 0 0 0 0 0 0 0
3 972 1679 974 3649 0 0 0 0 0 0 0
3 698 3452 3638 3663 0 0 0 0 0 0 0
3 1027 3183 3175 3649 0 0 0 0 0 0 0
3 990 1017 1016 2426 1 137 0 0 0 0 0 0
3 2371 2670 2673 3614 0 0 0 0 0 0 0
3 1870 2712 1874 3190 0 0 0 0 0 0 0
3 1901 3197 3420 3622 0 0 0 0 0 0 0
3 584 970 1901 2437 0 0 0 0 0 0 0
3 989 1016 1015 3861 1 137 0 0 0 0 0 0
3 584 1901 3420 3921 0 0 0 0 0 0 0
3 585 3420 1901 3568 0 0 0 0 0 0 0
3 970 1667 1901 2437 0 0 0 0 0 0 0
3 937 1671 1656 1901 1 450 0 0 0 0 0 0
3 3427 3847 3787 3849 0 0 0 0 0 0 0
3 1591 3717 3714 3718 0 0 0 0 0 0 0
3 933 975 1030 3872 0 0 0 0 0 0 0
3 977 2991 2999 3872 0 0 0 0 0 0 0
3 3366 3808 3848 3853 0 0 0 0 0 0 0
3 1056 1101 2633 3609 0 0 0 0 0 0 0
3 1056 1099 1057 1495 9 135 75 0 0 77 0 0 0
3 3419 3422 3421 3850 0 0 0 0 0 0 0
3 3322 3335 3334 3427 0 0 0 0 0 0 0
3 112 1057 1100 3109 1 135 0 0 0 0 0 0
3 2977 3415 3318 3423 0 0 0 0 0 0 0
3 1099 1101 1219 2633 1 135 0 0 0 0 0 0
3 111 1100 1122 3363 1 135 0 0 0 0 0 0
3 3191 3322 3426 3431 0 0 0 0 0 0 0
3 177 293 1839 3717 0 0 0 0 0 0 0
3 2424 2546 2544 3499 0 0 0 0 0 0 0
3 1279 2925 2920 2932 0 0 0 0 0 0 0
3 2545 2843 3082 3497 0 0 0 0 0 0 0
3 2037 2547 2411 3825 0 0 0 0 0 0 0
3 1057 1099 1100 3109 1 135 0 0 0 0 0 0
3 2137 2988 2546 3498 0 0 0 0 0 0 0
3 1952 2084 2079 2882 0 0 0 0 0 0 0
3 2276 2646 2277 3022 0 0 0 0 0 0 0
3 1270 2920 1279 2925 0 0 0 0 0 0 0
3 959 968 3621 3883 0 0 0 0 0 0 0
3 1964 2376 2404 2607 0 0 0 0 0 0 0
3 1964 2607 2404 2620 0 0 0 0 0 0 0
3 1794 2097 1795 2282 0 0 0 0 0 0 0
3 3062 3261 3132 3450 0 0 0 0 0 0 0
3 1080 1081 1685 2430 1 432 426 0 0 0 0 0
3 1272 1278 1273 3603 1 135 0 0 0 0 0 0
3 3062 3132 3261 3330 0 0 0 0 0 0 0
3 1081 1159 1095 2430 1 135 0 0 0 0 0 0
3 2609 3063 3064 3132 0 0 0 0 0 0 0
3 2683 3064 3062 3119 0 0 0 0 0 0 0
3 2499 2555 2549 2606 0 0 0 0 0 0 0
3 2549 2608 2605 3064 0 0 0 0 0 0 0
3 3062 3119 3064 3330 0 0 0 0 0 0 0
3 2608 3064 3117 3137 0 0 0 0 0 0 0
3 1065 1441 1127 3869 0 0 0 0 0 0 0
3 1126 1127 1192 3937 1 135 0 0 0 0 0 0
3 2486 2489 2488 3534 0 0 0 0 0 0 0
3 2486 2492 3524 3888 0 0 0 0 0 0 0
3 2307 2309 3524 3871 0 0 0 0 0 0 0
3 2094 2096 2097 2136 0 0 0 0 0 0 0
3 3025 3153 3152 3712 0 0 0 0 0 0 0
3 613 3111 3110 3153 0 0 0 0 0 0 0
3 1150 1170 1155 2016 1 135 0 0 0 0 0 0
3 1693 3392 3156 3393 0 0 0 0 0 0 0
3 1256 2920 1270 2921 0 0 0 0 0 0 0
3 1272 1308 1337 3692 1 135 0 0 0 0 0 0
3 1141 1181 1150 2017 1 135 0 0 0 0 0 0
3 589 960 1998 2032 0 0 0 0 0 0 0
3 926 961 960 1997 1 139 0 0 0 0 0 0
3 682 731 3025 3153 0 0 0 0 0 0 0
3 666 667 3152 3153 0 0 0 0 0 0 0
3 1976 1979 1978 2085 0 0 0 0 0 0 0
3 1125 1193 1165 3618 1 135 0 0 0 0 0 0
3 575 655 610 2059 1 141 0 0 0 0 0 0
3 613 682 3111 3153 0 0 0 0 0 0 0
3 2305 2306 2312 3061 0 0 0 0 0 0 0
3 2609 3045 3051 3132 0 0 0 0 0 0 0
3 575 1976 622 2059 0 0 0 0 0 0 0
3 576 623 622 2728 1 141 0 0 0 0 0 0
3 3044 3051 3132 3652 0 0 0 0 0 0 0
3 2621 2683 3119 3327 0 0 0 0 0 0 0
3 1432 1436 1456 2076 1 1 0 0 0 0 0 0
3 1300 3286 3285 3669 0 0 0 0 0 0 0
3 2683 3063 3062 3064 0 0 0 0 0 0 0
3 2404 2607 2609 3063 0 0 0 0 0 0 0
3 1448 1484 1458 3303 1 1 0 0 0 0 0 0
3 1443 1450 1449 2940 1 1 0 0 0 0 0 0
3 2621 3224 3062 3225 0 0 0 0 0 0 0
3 1127 1441 2904 3869 0 0 0 0 0 0 0
3 3061 3063 3447 3854 0 0 0 0 0 0 0
3 1481 1484 1488 3596 1 1 0 0 0 0 0 0
3 1188 1261 1189 2902 1 135 0 0 0 0 0 0
3 3061 3062 3450 3451 0 0 0 0 0 0 0
3 1259 1260 1285 3360 1 135 0 0 0 0 0 0
3 1442 2903 2905 2940 0 0 0 0 0 0 0
3 1190 1260 1259 2912 1 135 0 0 0 0 0 0
3 1236 1240 1302 2984 1 135 0 0 0 0 0 0
3 3084 3750 3590 3790 0 0 0 0 0 0 0
3 1053 1105 1498 3608 0 0 0 0 0 0 0
3 2921 2929 2922 2930 0 0 0 0 0 0 0
3 1499 1555 1500 3729 1 75 0 0 0 0 0 0
3 2389 3612 2391 3661 0 0 0 0 0 0 0
3 1105 1215 1217 3611 1 135 0 0 0 0 0 0
3 1217 1236 1234 2987 1 135 0 0 0 0 0 0
3 2718 2793 2794 2795 0 0 0 0 0 0 0
3 2008 2786 2789 3792 0 0 0 0 0 0 0
3 2370 2793 2737 2794 0 0 0 0 0 0 0
3 2008 2789 3523 3792 0 0 0 0 0 0 0
3 1198 1254 1199 3588 1 135 0 0 0 0 0 0
3 2007 2789 2012 3523 0 0 0 0 0 0 0
3 1118 1119 1202 3594 1 135 0 0 0 0 0 0
3 1199 1254 1253 3588 1 135 0 0 0 0 0 0
3 2345 2692 2348 3475 0 0 0 0 0 0 0
3 2264 2370 2737 3517 0 0 0 0 0 0 0
3 1252 1253 1289 2812 1 135 0 0 0 0 0 0
3 2137 2621 2142 3327 0 0 0 0 0 0 0
3 2137 3327 2142 3341 0 0 0 0 0 0 0
3 2137 2142 2139 3341 0 0 0 0 0 0 0
3 971 3210 1659 3766 0 0 0 0 0 0 0
3 1682 1697 1686 2428 1 432 0 0 0 0 0 0
3 1972 1974 1973 2362 0 0 0 0 0 0 0
3 1662 3196 1673 3198 0 0 0 0 0 0 0
3 2306 2312 3494 3871 0 0 0 0 0 0 0
3 2310 3221 3018 3490 0 0 0 0 0 0 0
3 290 291 299 2155 1 147 0 0 0 0 0 0
3 291 300 299 3067 1 147 0 0 0 0 0 0
3 290 299 302 2150 1 147 0 0 0 0 0 0
3 208 3750 3590 3788 0 0 0 0 0 0 0
3 303 1985 1984 2366 0 0 0 0 0 0 0
3 2094 2138 2137 2479 0 0 0 0 0 0 0
3 1794 2842 2234 2843 0 0 0 0 0 0 0
3 1601 3354 3144 3752 0 0 0 0 0 0 0
3 3354 3752 3813 3939 0 0 0 0 0 0 0
3 3144 3354 3145 3969 0 0 0 0 0 0 0
3 1256 2919 2920 2921 0 0 0 0 0 0 0
3 724 3250 741 3397 0 0 0 0 0 0 0
3 738 739 2647 3954 0 0 0 0 0 0 0
3 1243 1297 1299 3093 1 135 0 0 0 0 0 0
3 1767 1793 1790 1964 0 0 0 0 0 0 0
3 2424 2608 2546 3118 0 0 0 0 0 0 0
3 2424 2544 2546 2608 0 0 0 0 0 0 0
3 2483 3516 3764 3788 0 0 0 0 0 0 0
3 2424 2544 2605 3927 0 0 0 0 0 0 0
3 2544 2605 2549 2608 0 0 0 0 0 0 0
3 2184 3659 3082 3950 0 0 0 0 0 0 0
3 2264 2692 2349 2737 0 0 0 0 0 0 0
3 2499 2549 2555 2609 0 0 0 0 0 0 0
3 2539 2542 2543 3195 0 0 0 0 0 0 0
3 1898 2200 2632 3243 0 0 0 0 0 0 0
3 1344 1386 1370 3569 1 135 0 0 0 0 0 0
3 1347 1384 1386 3695 1 135 0 0 0 0 0 0
3 1342 1386 1344 3799 1 135 0 0 0 0 0 0
3 523 1620 1627 1898 1 287 0 0 0 0 0 0
3 1627 1896 1898 2202 0 0 0 0 0 0 0
3 1616 1896 1627 2202 0 0 0 0 0 0 0
3 1170 1272 1175 2691 1 135 0 0 0 0 0 0
3 1391 3503 3394 3567 0 0 0 0 0 0 0
3 1615 1898 1897 2651 0 0 0 0 0 0 0
3 1897 1898 2632 2651 0 0 0 0 0 0 0
3 491 1898 2200 2202 0 0 0 0 0 0 0
3 1359 1375 1374 3794 1 135 0 0 0 0 0 0
3 1320 1365 1359 3525 1 135 0 0 0 0 0 0
3 1896 2200 2202 2203 0 0 0 0 0 0 0
3 1290 3274 1327 3275 0 0 0 0 0 0 0
3 1299 3827 3093 3829 0 0 0 0 0 0 0
3 1890 3017 2997 3885 0 0 0 0 0 0 0
3 822 870 843 2538 1 141 0 0 0 0 0 0
3 2831 2832 3092 3416 0 0 0 0 0 0 0
3 1325 1326 1355 3178 1 135 0 0 0 0 0 0
3 299 300 353 2171 1 147 0 0 0 0 0 0
3 2831 2835 3017 3577 0 0 0 0 0 0 0
3 2831 3575 3017 3885 0 0 0 0 0 0 0
3 2224 2227 2225 2229 0 0 0 0 0 0 0
3 1393 1403 1397 3672 1 135 0 0 0 0 0 0
3 2593 3097 3436 3944 0 0 0 0 0 0 0
3 737 3477 1825 3514 0 0 0 0 0 0 0
3 1955 2165 3767 3923 0 0 0 0 0 0 0
3 784 3180 2648 3324 0 0 0 0 0 0 0
3 1994 2229 1999 3076 0 0 0 0 0 0 0
3 785 847 848 2163 1 141 0 0 0 0 0 0
3 85 129 170 2707 1 147 0 0 0 0 0 0
3 224 2770 2627 3313 0 0 0 0 0 0 0
3 86 1423 156 2894 0 0 0 0 0 0 0
3 2166 2174 2343 2442 0 0 0 0 0 0 0
3 2411 2724 2765 3913 0 0 0 0 0 0 0
3 2410 2411 2723 2724 0 0 0 0 0 0 0
3 81 82 163 1427 3 147 1 5 0 0 0 0 0
3 80 81 150 1428 3 147 1 5 0 0 0 0 0
3 146 3141 465 3547 0 0 0 0 0 0 0
3 3023 3141 3131 3391 0 0 0 0 0 0 0
3 3141 3228 3547 3548 0 0 0 0 0 0 0
3 1123 1165 1197 1978 1 135 0 0 0 0 0 0
3 1365 1370 3394 3446 0 0 0 0 0 0 0
3 1060 1123 1433 1978 0 0 0 0 0 0 0
3 1060 1435 1165 1978 0 0 0 0 0 0 0
3 3131 3141 3348 3548 0 0 0 0 0 0 0
3 3376 3644 3645 3919 0 0 0 0 0 0 0
3 609 655 654 3722 1 141 0 0 0 0 0 0
3 623 723 697 2058 1 141 0 0 0 0 0 0
3 465 3141 3228 3547 0 0 0 0 0 0 0
3 1059 1060 1123 1433 3 135 1 29 0 0 0 0 0
3 1375 3394 3503 3794 0 0 0 0 0 0 0
3 1976 1977 1979 1991 0 0 0 0 0 0 0
3 1365 3446 3394 3525 0 0 0 0 0 0 0
3 1193 1194 1257 2143 1 135 0 0 0 0 0 0
3 540 547 3141 3548 0 0 0 0 0 0 0
3 1168 1710 1709 3234 0 0 0 0 0 0 0
3 1123 1433 1978 1979 0 0 0 0 0 0 0
3 2720 2856 3458 3462 0 0 0 0 0 0 0
3 2152 2179 2338 2341 0 0 0 0 0 0 0
3 2181 2315 2316 2598 0 0 0 0 0 0 0
3 1469 1482 1971 3901 0 0 0 0 0 0 0
3 651 652 700 3172 1 141 0 0 0 0 0 0
3 701 762 702 3101 1 141 0 0 0 0 0 0
3 1457 1482 1469 3901 1 1 0 0 0 0 0 0
3 1968 2337 2808 2968 0 0 0 0 0 0 0
3 650 701 702 3557 1 141 0 0 0 0 0 0
3 1841 2856 1844 3457 0 0 0 0 0 0 0
3 2179 2367 2338 3910 0 0 0 0 0 0 0
3 1602 2242 2244 2245 0 0 0 0 0 0 0
3 1469 1482 1475 1971 1 1 0 0 0 0 0 0
3 2242 2243 2245 3751 0 0 0 0 0 0 0
3 762 798 769 2271 1 141 0 0 0 0 0 0
3 572 640 641 3032 1 141 0 0 0 0 0 0
3 572 641 1531 3032 0 0 0 0 0 0 0
3 2472 2954 2862 3730 0 0 0 0 0 0 0
3 1594 2244 2242 3306 0 0 0 0 0 0 0
3 571 1528 639 3031 0 0 0 0 0 0 0
3 134 2244 2243 2245 0 0 0 0 0 0 0
3 1594 1602 2242 2244 0 0 0 0 0 0 0
3 2242 3306 2244 3710 0 0 0 0 0 0 0
3 134 2243 2244 3768 0 0 0 0 0 0 0
3 47 162 2911 3512 0 0 0 0 0 0 0
3 1097 1224 2473 3830 0 0 0 0 0 0 0
3 1543 1559 1544 3104 1 75 0 0 0 0 0 0
3 117 134 2244 3014 0 0 0 0 0 0 0
3 1473 2672 2051 3468 0 0 0 0 0 0 0
3 630 680 683 3470 1 141 0 0 0 0 0 0
3 3060 3599 3087 3795 0 0 0 0 0 0 0
3 2701 3087 3467 3522 0 0 0 0 0 0 0
3 2577 3104 2841 3379 0 0 0 0 0 0 0
3 191 244 243 3708 1 147 0 0 0 0 0 0
3 1223 2473 1224 3830 0 0 0 0 0 0 0
3 207 288 272 3750 1 147 0 0 0 0 0 0
3 830 863 831 3265 1 141 0 0 0 0 0 0
3 1554 3842 3728 3866 0 0 0 0 0 0 0
3 2058 2929 2928 3378 0 0 0 0 0 0 0
3 1580 1582 1581 3462 1 75 0 0 0 0 0 0
3 753 2888 754 2982 0 0 0 0 0 0 0
3 2927 2928 2929 3378 0 0 0 0 0 0 0
3 711 712 754 2982 1 141 0 0 0 0 0 0
3 2373 2706 3774 3826 0 0 0 0 0 0 0
3 17 435 1587 1589 8 311 0 0 0 0 0 0
3 2703 2708 2929 3539 0 0 0 0 0 0 0
3 3079 3483 3368 3712 0 0 0 0 0 0 0
3 3025 3152 3029 3712 0 0 0 0 0 0 0
3 3029 3083 3080 3814 0 0 0 0 0 0 0
3 2242 3712 3710 3768 0 0 0 0 0 0 0
3 2242 3152 3712 3963 0 0 0 0 0 0 0
3 3080 3712 3152 3963 0 0 0 0 0 0 0
3 3050 3450 3051 3653 0 0 0 0 0 0 0
3 1160 2985 1223 3830 0 0 0 0 0 0 0
3 3028 3080 3029 3152 0 0 0 0 0 0 0
3 498 1595 1594 3306 0 0 0 0 0 0 0
3 1503 2463 2465 3830 0 0 0 0 0 0 0
3 682 781 3481 3495 0 0 0 0 0 0 0
3 3079 3712 3080 3768 0 0 0 0 0 0 0
3 2466 2473 2985 3830 0 0 0 0 0 0 0
3 2061 3192 3193 3493 0 0 0 0 0 0 0
3 145 3019 3236 3718 0 0 0 0 0 0 0
3 2381 2823 2449 2825 0 0 0 0 0 0 0
3 2206 2235 2797 3668 0 0 0 0 0 0 0
3 2979 3067 3066 3325 0 0 0 0 0 0 0
3 451 1613 1622 1625 4 287 0 0 0 0 0 0
3 60 452 120 1613 0 0 0 0 0 0 0
3 2502 2834 2533 3440 0 0 0 0 0 0 0
3 59 2931 139 3755 0 0 0 0 0 0 0
3 59 451 2931 3755 0 0 0 0 0 0 0
3 1620 1627 1898 2202 0 0 0 0 0 0 0
3 490 646 647 3741 1 141 0 0 0 0 0 0
3 2532 3440 3299 3668 0 0 0 0 0 0 0
3 491 1620 523 1898 0 0 0 0 0 0 0
3 2395 2823 2797 3668 0 0 0 0 0 0 0
3 2235 2532 2395 3668 0 0 0 0 0 0 0
3 1934 2532 2206 2534 0 0 0 0 0 0 0
3 1728 2241 2041 2285 0 0 0 0 0 0 0
3 2386 2391 2387 2788 0 0 0 0 0 0 0
3 2007 2692 2370 2793 0 0 0 0 0 0 0
3 2719 2856 2720 3462 0 0 0 0 0 0 0
3 2390 3461 2719 3612 0 0 0 0 0 0 0
3 490 491 523 1898 1 143 131 0 0 0 0 0
3 2005 2012 2007 2789 0 0 0 0 0 0 0
3 1835 1841 2749 2856 0 0 0 0 0 0 0
3 1844 3461 2390 3604 0 0 0 0 0 0 0
3 27 922 923 1020 5 139 137 0 129 0 0 0 0
3 2780 3587 2781 3930 0 0 0 0 0 0 0
3 2036 2765 2802 3229 0 0 0 0 0 0 0
3 2465 2466 2474 3830 0 0 0 0 0 0 0
3 1018 1138 1651 2441 0 0 0 0 0 0 0
3 991 992 1018 1138 3 137 135 128 0 0 0 0 0
3 28 968 921 1019 1 139 0 0 0 0 0 0
3 910 1019 922 1020 4 137 0 0 0 0 0 0
3 2382 2385 2384 2947 0 0 0 0 0 0 0
3 1937 1983 1981 1984 0 0 0 0 0 0 0
3 991 1144 1138 2441 1 135 0 0 0 0 0 0
3 1783 3008 3192 3493 0 0 0 0 0 0 0
3 910 1019 1020 1653 0 0 0 0 0 0 0
3 2023 2872 2571 2873 0 0 0 0 0 0 0
3 37 993 1044 1654 9 135 450 0 0 444 0 0 0
3 37 1036 1654 1666 8 450 0 0 0 0 0 0
3 1782 2781 2822 3015 0 0 0 0 0 0 0
3 1778 3841 2826 3917 0 0 0 0 0 0 0
3 1782 2826 2822 3003 0 0 0 0 0 0 0
3 38 1044 992 1651 3 135 450 444 0 0 0 0 0
3 1071 1655 1651 3864 1 450 0 0 0 0 0 0
3 1206 1207 1246 1800 1 135 0 0 0 0 0 0
3 2831 3092 3434 3575 0 0 0 0 0 0 0
3 1148 1207 1800 3622 0 0 0 0 0 0 0
3 2835 3434 3433 3822 0 0 0 0 0 0 0
3 1246 3660 2509 3680 0 0 0 0 0 0 0
3 939 1657 1674 3210 1 450 0 0 0 0 0 0
3 2515 3736 3572 3737 0 0 0 0 0 0 0
3 1657 1663 1674 3648 1 450 0 0 0 0 0 0
3 1074 1152 1663 3196 0 0 0 0 0 0 0
3 1657 1673 1663 3677 1 450 0 0 0 0 0 0
3 1072 1661 1671 2443 1 450 0 0 0 0 0 0
3 3138 3577 3783 3784 0 0 0 0 0 0 0
3 3017 3577 3784 3855 0 0 0 0 0 0 0
3 587 938 1657 3568 0 0 0 0 0 0 0
3 586 938 587 3568 1 139 0 0 130 0 0 0
3 21 597 978 3628 1 139 130 0 0 0 0 0
3 1839 3715 3714 3717 0 0 0 0 0 0 0
3 1656 3197 1673 3568 0 0 0 0 0 0 0
3 3574 3577 3576 3686 0 0 0 0 0 0 0
3 1152 1663 3196 3648 0 0 0 0 0 0 0
3 2507 2511 2512 3577 0 0 0 0 0 0 0
3 2507 3577 2512 3783 0 0 0 0 0 0 0
3 593 3393 1680 3395 0 0 0 0 0 0 0
3 2507 3819 3574 3822 0 0 0 0 0 0 0
3 1838 3715 1839 3717 0 0 0 0 0 0 0
3 1940 2481 2140 2801 0 0 0 0 0 0 0
3 2721 3229 2802 3913 0 0 0 0 0 0 0
3 1974 2552 2850 3018 0 0 0 0 0 0 0
3 946 947 977 1683 3 139 432 429 0 0 0 0 0
3 596 3000 597 3924 0 0 0 130 0 0 0
3 183 3019 3023 3236 0 0 0 0 0 0 0
3 2037 2564 2526 3229 0 0 0 0 0 0 0
3 2411 2765 3229 3913 0 0 0 0 0 0 0
3 1943 2298 2117 2630 0 0 0 0 0 0 0
3 145 3236 238 3717 0 0 0 0 0 0 0
3 2444 2445 3122 3186 0 0 0 0 0 0 0
3 2290 2739 2529 3081 0 0 0 0 0 0 0
3 2046 2055 2048 2905 0 0 0 0 0 0 0
3 1087 1167 1088 1709 9 135 414 0 0 408 0 0 0
3 1168 1721 1710 3234 0 0 0 0 0 0 0
3 1753 3233 3579 3632 0 0 0 0 0 0 0
3 3242 3530 3423 3613 0 0 0 0 0 0 0
3 1088 1168 1089 1710 9 135 414 0 0 408 0 0 0
3 1753 3234 3021 3559 0 0 0 0 0 0 0
3 3164 3244 3165 3247 0 0 0 0 0 0 0
3 2610 3333 3247 3616 0 0 0 0 0 0 0
3 3165 3247 3530 3616 0 0 0 0 0 0 0
3 1031 1698 1032 1699 0 0 0 0 0 0 0
3 1010 1031 1032 1699 1 137 0 0 0 0 0 0
3 1032 1699 1701 1716 4 414 0 0 0 0 0 0
3 2632 3530 3616 3741 0 0 0 0 0 0 0
3 22 1979 1433 3938 0 0 0 0 0 0 0
3 3165 3530 3613 3741 0 0 0 0 0 0 0
3 1698 1702 1699 1744 1 414 0 0 0 0 0 0
3 1085 1228 1093 1698 1 135 0 0 0 0 0 0
3 2515 3345 3344 3682 0 0 0 0 0 0 0
3 1009 1031 1699 1744 0 0 0 0 0 0 0
3 1699 1715 1700 1744 1 414 0 0 0 0 0 0
3 145 3019 183 3236 0 0 0 0 0 0 0
3 2539 3177 2543 3385 0 0 0 0 0 0 0
3 1988 3344 2542 3349 0 0 0 0 0 0 0
3 576 964 966 1743 1 139 0 0 0 0 0 0
3 578 579 1753 3021 0 130 0 0 0 0 0
3 2145 2337 2336 3093 0 0 0 0 0 0 0
3 2335 2604 2336 3513 0 0 0 0 0 0 0
3 1780 2061 2696 2781 0 0 0 0 0 0 0
3 92 1418 449 2458 1 1 0 0 0 0 0 0
3 2822 3003 3586 3587 0 0 0 0 0 0 0
3 424 534 425 3959 1 143 0 0 132 0 0 0
3 138 1879 139 2931 0 0 0 0 0 0 0
3 2355 3314 2359 3484 0 0 0 0 0 0 0
3 1838 3131 3249 3641 0 0 0 0 0 0 0
3 82 83 152 1419 3 147 1 5 0 0 0 0 0
3 2123 2126 2125 2359 0 0 0 0 0 0 0
3 1417 1419 1460 3280 1 1 0 0 0 0 0 0
3 2586 2591 2588 2679 0 0 0 0 0 0 0
3 1838 3249 1840 3810 0 0 0 0 0 0 0
3 2355 2360 2359 3314 0 0 0 0 0 0 0
3 2358 2359 2360 2401 0 0 0 0 0 0 0
3 2358 2360 2790 3882 0 0 0 0 0 0 0
3 2350 2360 3230 3882 0 0 0 0 0 0 0
3 1779 1940 2098 2481 0 0 0 0 0 0 0
3 142 240 241 2246 1 147 0 0 0 0 0 0
3 138 161 139 2456 1 147 0 0 0 0 0 0
3 90 91 160 1416 3 147 1 5 0 0 0 0 0
3 1773 3151 2462 3206 0 0 0 0 0 0 0
3 2198 2462 2495 3205 0 0 0 0 0 0 0
3 1413 1416 2457 2944 0 0 0 0 0 0 0
3 2217 2221 2362 2487 0 0 0 0 0 0 0
3 1773 2259 2462 3151 0 0 0 0 0 0 0
3 1922 2121 2551 2673 0 0 0 0 0 0 0
3 487 488 2087 2457 0 131 0 0 0 0 0
3 590 1998 961 2017 0 0 0 0 0 0 0
3 2389 3308 2910 3661 0 0 0 0 0 0 0
3 2388 2909 2634 3932 0 0 0 0 0 0 0
3 2635 3747 3072 3809 0 0 0 0 0 0 0
3 2634 3609 2635 3809 0 0 0 0 0 0 0
3 2238 2636 2634 2913 0 0 0 0 0 0 0
3 1830 2638 2239 2814 0 0 0 0 0 0 0
3 1518 3115 3512 3609 0 0 0 0 0 0 0
3 109 180 110 1121 9 147 135 0 0 127 0 0 0
3 2386 2387 2717 2718 0 0 0 0 0 0 0
3 2633 2635 2634 3609 0 0 0 0 0 0 0
3 1970 2595 2151 2596 0 0 0 0 0 0 0
3 2068 2069 2072 2650 0 0 0 0 0 0 0
3 590 671 2539 3356 0 0 0 0 0 0 0
3 2538 2560 2650 3961 0 0 0 0 0 0 0
3 2323 2747 2889 2890 0 0 0 0 0 0 0
3 180 207 181 3790 1 147 0 0 0 0 0 0
3 180 208 207 3790 1 147 0 0 0 0 0 0
3 2008 2370 2107 2387 0 0 0 0 0 0 0
3 126 1650 1636 3370 1 263 0 0 0 0 0 0
3 2345 2736 2692 3475 0 0 0 0 0 0 0
3 2918 3464 3087 3598 0 0 0 0 0 0 0
3 1745 1746 1849 1945 0 0 0 0 0 0 0
3 2340 2746 2886 2971 0 0 0 0 0 0 0
3 1998 2044 2015 3343 0 0 0 0 0 0 0
3 100 1098 1111 3315 1 135 0 0 0 0 0 0
3 1232 3127 3129 3493 0 0 0 0 0 0 0
3 1220 1232 1242 3128 1 135 0 0 0 0 0 0
3 280 3586 3326 3917 0 0 0 0 0 0 0
3 173 3315 216 3586 0 0 0 0 0 0 0
3 2925 3559 3897 3928 0 0 0 0 0 0 0
3 2522 3582 3533 3894 0 0 0 0 0 0 0
3 2953 3896 3880 3897 0 0 0 0 0 0 0
3 2744 3631 3559 3897 0 0 0 0 0 0 0
3 2932 2953 3894 3911 0 0 0 0 0 0 0
3 2522 2588 2583 3533 0 0 0 0 0 0 0
3 2924 3769 2926 3771 0 0 0 0 0 0 0
3 3880 3911 3897 3928 0 0 0 0 0 0 0
3 3880 3897 3896 3928 0 0 0 0 0 0 0
3 74 75 132 467 3 147 145 133 0 0 0 0 0
3 2744 3896 3631 3897 0 0 0 0 0 0 0
3 466 478 467 3258 1 145 0 0 0 0 0 0
3 501 548 3009 3131 0 0 0 0 0 0 0
3 1838 3131 3009 3236 0 0 0 0 0 0 0
3 39 1646 132 1850 0 0 0 0 0 0 0
3 1772 1773 1775 2462 0 0 0 0 0 0 0
3 3386 3775 3817 3818 0 0 0 0 0 0 0
3 3256 3381 3386 3817 0 0 0 0 0 0 0
3 1923 3285 2945 3669 0 0 0 0 0 0 0
3 1923 2945 3286 3669 0 0 0 0 0 0 0
3 2260 2822 2820 3015 0 0 0 0 0 0 0
3 226 329 254 3334 1 147 0 0 0 0 0 0
3 1923 3219 2618 3285 0 0 0 0 0 0 0
3 313 339 325 3918 1 147 0 0 0 0 0 0
3 694 767 766 2880 1 141 0 0 0 0 0 0
3 2200 2631 3243 3787 0 0 0 0 0 0 0
3 2405 2407 2406 2416 0 0 0 0 0 0 0
3 837 2898 2900 3892 0 0 0 0 0 0 0
3 2432 2433 2771 3216 0 0 0 0 0 0 0
3 1923 2618 2945 3285 0 0 0 0 0 0 0
3 1459 1479 1462 3890 1 1 0 0 0 0 0 0
3 1909 2618 2643 3316 0 0 0 0 0 0 0
3 1803 1806 1804 2713 0 0 0 0 0 0 0
3 2254 3287 2945 3553 0 0 0 0 0 0 0
3 2254 2945 2460 3553 0 0 0 0 0 0 0
3 1798 2198 2196 2462 0 0 0 0 0 0 0
3 2015 3343 2044 3703 0 0 0 0 0 0 0
3 1208 1245 1221 3930 1 135 0 0 0 0 0 0
3 2388 2634 2635 3809 0 0 0 0 0 0 0
3 280 307 281 3917 1 147 0 0 0 0 0 0
3 1844 2390 3072 3604 0 0 0 0 0 0 0
3 2323 2889 2747 2908 0 0 0 0 0 0 0
3 1826 2642 1827 2752 0 0 0 0 0 0 0
3 747 771 808 3947 1 141 0 0 0 0 0 0
3 368 369 392 2141 1 147 0 0 0 0 0 0
3 304 306 349 3518 1 147 0 0 0 0 0 0
3 851 892 2082 2352 0 0 0 0 0 0 0
3 1947 2335 2602 2604 0 0 0 0 0 0 0
3 2719 3116 3462 3781 0 0 0 0 0 0 0
3 1883 2742 2623 2970 0 0 0 0 0 0 0
3 373 403 379 2258 1 147 0 0 0 0 0 0
3 879 2855 904 3146 0 0 0 0 0 0 0
3 2411 3825 2724 3913 0 0 0 0 0 0 0
3 492 2201 2200 3787 0 0 0 0 0 0 0
3 589 2032 1998 3343 0 0 0 0 0 0 0
3 734 818 735 3288 1 141 0 0 0 0 0 0
3 2698 3107 2798 3275 0 0 0 0 0 0 0
3 2249 3848 3808 3915 0 0 0 0 0 0 0
3 493 649 663 3847 1 141 0 0 0 0 0 0
3 2027 2278 2077 2500 0 0 0 0 0 0 0
3 2276 3042 3022 3465 0 0 0 0 0 0 0
3 396 409 408 3341 1 147 0 0 0 0 0 0
3 854 886 874 3936 1 141 0 0 0 0 0 0
3 874 886 892 3964 1 141 0 0 0 0 0 0
3 365 366 396 2301 1 147 0 0 0 0 0 0
3 2077 2276 2078 3041 0 0 0 0 0 0 0
3 376 416 389 3070 1 147 0 0 0 0 0 0
3 2153 2719 2720 2785 0 0 0 0 0 0 0
3 733 760 734 3700 1 141 0 0 0 0 0 0
3 334 416 376 3070 1 147 0 0 0 0 0 0
3 3070 3071 3077 3758 0 0 0 0 0 0 0
3 495 554 537 3969 1 143 0 0 0 0 0 0
3 387 419 416 3257 1 147 0 0 0 0 0 0
3 2026 2344 2346 2550 0 0 0 0 0 0 0
3 732 2846 735 3704 0 0 0 0 0 0 0
3 383 384 387 3368 1 147 0 0 0 0 0 0
3 2096 2489 2477 2491 0 0 0 0 0 0 0
3 2882 3856 2884 3858 0 0 0 0 0 0 0
3 64 455 456 2231 1 145 0 0 0 0 0 0
3 65 142 456 3365 0 0 0 0 0 0 0
3 1886 2345 2344 2652 0 0 0 0 0 0 0
3 1317 3259 3946 3957 0 0 0 0 0 0 0
3 430 431 456 543 3 145 143 132 0 0 0 0 0
3 494 3353 3962 3971 0 0 0 0 0 0 0
3 1388 3946 3332 3957 0 0 0 0 0 0 0
3 3271 3274 3332 3957 0 0 0 0 0 0 0
3 78 450 137 2286 0 0 0 0 0 0 0
3 469 481 470 1648 1 145 0 0 0 0 0 0
3 481 1634 560 3264 0 0 0 0 0 0 0
3 446 481 560 3264 0 0 0 0 0 0 0
3 499 517 516 1595 5 143 311 0 307 0 0 0 0
3 1289 1328 3274 3957 0 0 0 0 0 0 0
3 1314 3259 1317 3957 0 0 0 0 0 0 0
3 499 517 1595 3716 0 0 0 0 0 0 0
3 1289 3271 1314 3957 0 0 0 0 0 0 0
3 3140 3380 3545 3546 0 0 0 0 0 0 0
3 541 551 550 3382 1 143 0 0 0 0 0 0
3 2519 2953 2949 3895 0 0 0 0 0 0 0
3 526 1631 551 3382 0 0 0 0 0 0 0
3 479 480 1630 1631 0 0 0 0 0 0 0
3 2519 3838 3880 3942 0 0 0 0 0 0 0
3 2517 2519 2951 3935 0 0 0 0 0 0 0
3 1280 1288 1310 2923 1 135 0 0 0 0 0 0
3 2949 3895 2953 3896 0 0 0 0 0 0 0
3 950 1714 1718 1743 1 414 0 0 0 0 0 0
3 1559 2938 2939 3104 0 0 0 0 0 0 0
3 2519 2528 2520 2952 0 0 0 0 0 0 0
3 2680 2681 2704 3584 0 0 0 0 0 0 0
3 602 1424 1410 3337 1 1 0 0 0 0 0 0
3 2924 2927 3533 3771 0 0 0 0 0 0 0
3 2518 2584 2949 2953 0 0 0 0 0 0 0
3 2920 2921 2922 2930 0 0 0 0 0 0 0
3 2583 3826 3585 3949 0 0 0 0 0 0 0
3 573 642 1529 3037 0 0 0 0 0 0 0
3 3160 3924 3629 3953 0 0 0 0 0 0 0
3 574 1529 642 3953 0 0 0 0 0 0 0
3 1504 1534 1532 3629 1 75 0 0 0 0 0 0
3 2522 2584 2523 2953 0 0 0 0 0 0 0
3 1928 2350 3069 3073 0 0 0 0 0 0 0
3 1927 1928 2350 3069 0 0 0 0 0 0 0
3 2556 3046 3047 3048 0 0 0 0 0 0 0
3 1474 1491 1485 2672 1 1 0 0 0 0 0 0
3 2435 2816 2716 3232 0 0 0 0 0 0 0
3 1907 3666 1908 3929 0 0 0 0 0 0 0
3 1874 1960 1908 3573 0 0 0 0 0 0 0
3 698 765 699 3663 1 141 0 0 0 0 0 0
3 717 3059 3734 3834 0 0 0 0 0 0 0
3 3102 3174 3173 3408 0 0 0 0 0 0 0
3 606 607 652 1408 3 141 1 17 0 0 0 0 0
3 701 2074 3101 3102 0 0 0 0 0 0 0
3 632 3113 3103 3734 0 0 0 0 0 0 0
3 2125 2128 2127 2790 0 0 0 0 0 0 0
3 1525 1526 1540 3846 1 75 0 0 0 0 0 0
3 2591 2680 2681 2704 0 0 0 0 0 0 0
3 1871 2125 2126 2128 0 0 0 0 0 0 0
3 1971 3408 3347 3805 0 0 0 0 0 0 0
3 769 3725 795 3960 0 0 0 0 0 0 0
3 1457 3492 3806 3902 0 0 0 0 0 0 0
3 2684 2841 3103 3126 0 0 0 0 0 0 0
3 2574 2785 2575 3749 0 0 0 0 0 0 0
3 2002 2937 2006 3791 0 0 0 0 0 0 0
3 2152 2338 2367 2918 0 0 0 0 0 0 0
3 2007 2793 2008 3523 0 0 0 0 0 0 0
3 1317 1321 1361 3829 1 135 0 0 0 0 0 0
3 2786 2787 2935 3148 0 0 0 0 0 0 0
3 1251 2825 3106 3275 0 0 0 0 0 0 0
3 1240 1299 1302 2984 1 135 0 0 0 0 0 0
3 2002 2786 2004 2787 0 0 0 0 0 0 0
3 2173 3231 3201 3410 0 0 0 0 0 0 0
3 2012 3523 2789 3791 0 0 0 0 0 0 0
3 3138 3783 3577 3822 0 0 0 0 0 0 0
3 2667 3194 3723 3812 0 0 0 0 0 0 0
3 1392 1402 1401 3873 1 135 0 0 0 0 0 0
3 395 2301 2141 3387 0 0 0 0 0 0 0
3 1893 3017 2835 3139 0 0 0 0 0 0 0
3 1893 2835 2836 3139 0 0 0 0 0 0 0
3 2831 3575 3434 3577 0 0 0 0 0 0 0
3 3017 3855 3784 3885 0 0 0 0 0 0 0
3 3002 3193 3194 3311 0 0 0 0 0 0 0
3 2835 3138 3577 3822 0 0 0 0 0 0 0
3 1115 1116 1205 3473 1 135 0 0 0 0 0 0
3 1294 1324 1323 2393 1 135 0 0 0 0 0 0
3 2525 2835 2831 3434 0 0 0 0 0 0 0
3 1953 1955 1954 3784 0 0 0 0 0 0 0
3 2835 3017 3138 3139 0 0 0 0 0 0 0
3 221 2911 2792 3263 0 0 0 0 0 0 0
3 955 1700 1715 1744 0 0 0 0 0 0 0
3 2496 3211 3212 3970 0 0 0 0 0 0 0
3 2198 2495 2496 3970 0 0 0 0 0 0 0
3 3169 3263 3308 3435 0 0 0 0 0 0 0
3 1010 1700 1699 1716 4 414 0 0 0 0 0 0
3 2049 2052 2053 3190 0 0 0 0 0 0 0
3 2257 2259 2258 2495 0 0 0 0 0 0 0
3 2014 2207 2257 2259 0 0 0 0 0 0 0
3 2198 2876 2845 3089 0 0 0 0 0 0 0
3 168 219 3169 3263 0 0 0 0 0 0 0
3 164 2909 2911 3263 0 0 0 0 0 0 0
3 1927 3185 3069 3506 0 0 0 0 0 0 0
3 2517 2523 2525 2950 0 0 0 0 0 0 0
3 2525 3433 2950 3437 0 0 0 0 0 0 0
3 24 955 914 1700 1 139 0 0 0 0 0 0
3 576 966 577 1743 1 139 0 0 130 0 0 0
3 1086 1702 1164 2861 0 0 0 0 0 0 0
3 2589 3585 3886 3949 0 0 0 0 0 0 0
3 955 1009 1744 3906 0 0 0 0 0 0 0
3 929 1027 1028 3649 1 137 0 0 0 0 0 0
3 2350 3811 3069 3882 0 0 0 0 0 0 0
3 2162 2165 2163 3941 0 0 0 0 0 0 0
3 592 2020 963 3183 0 0 0 0 0 0 0
3 926 927 961 1997 1 139 129 0 0 0 0 0
3 2533 3440 2834 3473 0 0 0 0 0 0 0
3 2501 2875 2834 3440 0 0 0 0 0 0 0
3 2501 2534 3068 3440 0 0 0 0 0 0 0
3 989 990 1016 1147 3 137 135 128 0 0 0 0 0
3 2824 3562 3668 3867 0 0 0 0 0 0 0
3 2533 3299 3440 3473 0 0 0 0 0 0 0
3 2780 3667 3565 3678 0 0 0 0 0 0 0
3 2323 2745 2908 3521 0 0 0 0 0 0 0
3 1537 2745 3054 3727 0 0 0 0 0 0 0
3 2389 3661 2909 3899 0 0 0 0 0 0 0
3 2386 2788 2718 2791 0 0 0 0 0 0 0
3 2792 2910 2911 2913 0 0 0 0 0 0 0
3 2238 2635 2634 2636 0 0 0 0 0 0 0
3 2006 2937 3633 3791 0 0 0 0 0 0 0
3 2003 2939 2577 3380 0 0 0 0 0 0 0
3 28 922 910 1019 1 139 0 0 447 0 0 0
3 1655 2437 2436 2443 0 0 0 0 0 0 0
3 1996 2031 2030 3176 0 0 0 0 0 0 0
3 3380 3651 3738 3840 0 0 0 0 0 0 0
3 2003 2575 2011 2577 0 0 0 0 0 0 0
3 1399 2383 2398 2562 0 0 0 0 0 0 0
3 1038 1675 1039 1676 0 0 0 0 0 0 0
3 2567 2827 2828 3503 0 0 0 0 0 0 0
3 36 1043 1001 1675 3 135 432 426 0 0 0 0 0
3 1001 1039 1038 1675 1 137 0 0 0 0 0 0
3 1029 1041 1678 1692 0 0 0 0 0 0 0
3 1986 3076 1999 3685 0 0 0 0 0 0 0
3 1994 2224 2223 3075 0 0 0 0 0 0 0
3 2072 2655 2650 3754 0 0 0 0 0 0 0
3 2071 2379 2807 2828 0 0 0 0 0 0 0
3 2222 2224 2664 3075 0 0 0 0 0 0 0
3 111 133 112 1100 9 147 135 0 0 127 0 0 0
3 2067 2073 2378 2828 0 0 0 0 0 0 0
3 818 3524 821 3958 0 0 0 0 0 0 0
3 735 3288 818 3958 0 0 0 0 0 0 0
3 1518 3512 1546 3609 0 0 0 0 0 0 0
3 1122 1219 2641 3363 0 0 0 0 0 0 0
3 1048 1160 1096 3830 1 135 0 0 0 0 0 0
3 816 3871 3704 3958 0 0 0 0 0 0 0
3 3288 3871 3524 3958 0 0 0 0 0 0 0
3 597 3924 3160 3953 0 0 0 0 0 0 0
3 3069 3073 3882 3887 0 0 0 0 0 0 0
3 1503 1534 1504 2465 1 75 0 0 0 0 0 0
3 21 3160 1532 3953 0 0 0 0 0 0 0
3 596 597 643 3924 1 141 130 0 0 0 0 0
3 1696 2429 1809 2999 0 0 0 0 0 0 0
3 1442 1450 1443 2940 1 1 0 0 0 0 0 0
3 1406 2562 3202 3508 0 0 0 0 0 0 0
3 1066 1127 1441 2904 0 0 0 0 0 0 0
3 1124 1164 1196 2861 1 135 0 0 0 0 0 0
3 2764 2766 3425 3693 0 0 0 0 0 0 0
3 2766 3185 3425 3891 0 0 0 0 0 0 0
3 1124 1167 1708 3233 0 0 0 0 0 0 0
3 1087 1124 1167 1708 1 135 0 0 0 0 0 0
3 2319 2450 3180 3511 0 0 0 0 0 0 0
3 1054 1102 1497 3611 0 0 0 0 0 0 0
3 2835 3139 3138 3947 0 0 0 0 0 0 0
3 2752 2987 3607 3611 0 0 0 0 0 0 0
3 3138 3139 3914 3947 0 0 0 0 0 0 0
3 1927 2173 3185 3410 0 0 0 0 0 0 0
3 2764 2766 2852 3425 0 0 0 0 0 0 0
3 2836 3506 3185 3891 0 0 0 0 0 0 0
3 2698 3179 2970 3332 0 0 0 0 0 0 0
3 1289 1314 1328 3957 1 135 0 0 0 0 0 0
3 1253 1276 1289 2813 1 135 0 0 0 0 0 0
3 2623 2742 3259 3946 0 0 0 0 0 0 0
3 1118 3594 2687 3909 0 0 0 0 0 0 0
3 2743 3265 3166 3910 0 0 0 0 0 0 0
3 1970 2070 2147 2595 0 0 0 0 0 0 0
3 577 1753 2727 3579 0 0 0 0 0 0 0
3 1174 1195 1270 3968 1 135 0 0 0 0 0 0
3 578 1753 1704 3021 0 0 0 0 0 0 0
3 1174 1270 1271 3968 1 135 0 0 0 0 0 0
3 1195 1256 1270 2921 1 135 0 0 0 0 0 0
3 2969 2970 3179 3441 0 0 0 0 0 0 0
3 1845 2367 2179 3910 0 0 0 0 0 0 0
3 1752 2264 2187 2483 0 0 0 0 0 0 0
3 3549 3798 3602 3802 0 0 0 0 0 0 0
3 1311 3184 2864 3802 0 0 0 0 0 0 0
3 1883 2967 2742 2970 0 0 0 0 0 0 0
3 2039 2568 2969 3013 0 0 0 0 0 0 0
3 1681 1685 1697 3626 1 432 0 0 0 0 0 0
3 1278 1311 1343 3802 1 135 0 0 0 0 0 0
3 1159 1273 1226 3549 1 135 0 0 0 0 0 0
3 1307 1343 1311 3802 1 135 0 0 0 0 0 0
3 591 617 616 3356 1 141 0 0 0 0 0 0
3 1360 1372 1362 3304 1 135 0 0 0 0 0 0
3 867 880 879 3230 1 141 0 0 0 0 0 0
3 1318 1360 1362 3553 1 135 0 0 0 0 0 0
3 2847 3701 2848 3759 0 0 0 0 0 0 0
3 362 398 394 3659 1 147 0 0 0 0 0 0
3 1353 1374 1354 3441 1 135 0 0 0 0 0 0
3 2847 3701 3853 3934 0 0 0 0 0 0 0
3 3705 3853 3814 3934 0 0 0 0 0 0 0
3 3366 3814 3705 3853 0 0 0 0 0 0 0
3 205 291 290 3762 1 147 0 0 0 0 0 0
3 3071 3705 3077 3853 0 0 0 0 0 0 0
3 3071 3366 3705 3853 0 0 0 0 0 0 0
3 1380 1396 1397 2567 1 135 0 0 0 0 0 0
3 1845 2179 2743 3910 0 0 0 0 0 0 0
3 2453 2468 3222 3520 0 0 0 0 0 0 0
3 2455 3519 2472 3520 0 0 0 0 0 0 0
3 1393 1397 1396 3672 1 135 0 0 0 0 0 0
3 1379 1380 1397 2567 1 135 0 0 0 0 0 0
3 2463 3222 2468 3520 0 0 0 0 0 0 0
3 2453 2745 3034 3251 0 0 0 0 0 0 0
3 2463 2468 2472 3520 0 0 0 0 0 0 0
3 2468 3036 3250 3251 0 0 0 0 0 0 0
3 2453 2468 3033 3222 0 0 0 0 0 0 0
3 2580 2581 2582 2778 0 0 0 0 0 0 0
3 159 160 223 2782 1 147 0 0 0 0 0 0
3 1413 1416 1420 2782 1 1 0 0 0 0 0 0
3 703 704 3419 3850 0 0 0 0 0 0 0
3 1999 2392 2397 2400 0 0 0 0 0 0 0
3 759 3318 2899 3419 0 0 0 0 0 0 0
3 692 768 693 3543 1 141 0 0 0 0 0 0
3 662 702 692 3557 1 141 0 0 0 0 0 0
3 692 702 769 3544 1 141 0 0 0 0 0 0
3 2463 2464 2466 2468 0 0 0 0 0 0 0
3 1478 1479 1490 3232 1 1 0 0 0 0 0 0
3 2060 2143 3618 3634 0 0 0 0 0 0 0
3 1468 1477 1476 3528 1 1 0 0 0 0 0 0
3 1478 3232 3163 3877 0 0 0 0 0 0 0
3 1977 2729 2730 2921 0 0 0 0 0 0 0
3 1429 1446 1456 2075 1 1 0 0 0 0 0 0
3 1064 1065 1126 1439 3 135 1 29 0 0 0 0 0
3 2703 2923 3538 3539 0 0 0 0 0 0 0
3 1976 1978 2060 2085 0 0 0 0 0 0 0
3 577 2727 624 2728 0 0 0 0 0 0 0
3 1976 2060 2059 2085 0 0 0 0 0 0 0
3 1953 3202 2397 3508 0 0 0 0 0 0 0
3 1126 1191 1135 3721 1 135 0 0 0 0 0 0
3 654 1436 2076 3662 0 0 0 0 0 0 0
3 2060 2075 2086 3618 0 0 0 0 0 0 0
3 2727 2729 2921 2929 0 0 0 0 0 0 0
3 493 2251 3847 3852 0 0 0 0 0 0 0
3 783 3753 3826 3845 0 0 0 0 0 0 0
3 653 698 699 3452 1 141 0 0 0 0 0 0
3 1134 2143 2075 3645 0 0 0 0 0 0 0
3 1435 1978 2085 2086 0 0 0 0 0 0 0
3 1976 2060 1978 2730 0 0 0 0 0 0 0
3 2290 2619 2739 2741 0 0 0 0 0 0 0
3 1470 2672 1473 3468 0 0 0 0 0 0 0
3 2227 2240 2385 2697 0 0 0 0 0 0 0
3 1790 1793 1791 2545 0 0 0 0 0 0 0
3 2212 2899 2896 2977 0 0 0 0 0 0 0
3 1934 1980 2062 2540 0 0 0 0 0 0 0
3 21 978 1506 3628 0 0 0 0 0 0 0
3 2223 2655 2829 3075 0 0 0 0 0 0 0
3 2037 2413 2411 2547 0 0 0 0 0 0 0
3 596 2999 2991 3000 0 0 0 0 0 0 0
3 2448 2497 2498 3496 0 0 0 0 0 0 0
3 2199 2565 2564 3229 0 0 0 0 0 0 0
3 1785 2571 2023 2872 0 0 0 0 0 0 0
3 2306 2477 2309 2478 0 0 0 0 0 0 0
3 3574 3821 3686 3922 0 0 0 0 0 0 0
3 2517 3207 3838 3922 0 0 0 0 0 0 0
3 3574 3822 3819 3881 0 0 0 0 0 0 0
3 1845 3166 2367 3910 0 0 0 0 0 0 0
3 1526 1539 1540 3639 1 75 0 0 0 0 0 0
3 3433 3822 3574 3881 0 0 0 0 0 0 0
3 2707 3215 3214 3889 0 0 0 0 0 0 0
3 568 1526 1525 3155 1 75 0 0 0 0 0 0
3 570 2906 1528 2907 0 0 0 0 0 0 0
3 1211 1243 1240 3513 1 135 0 0 0 0 0 0
3 1299 1317 1302 3827 1 135 0 0 0 0 0 0
3 711 754 755 3052 1 141 0 0 0 0 0 0
3 1560 1565 1575 3727 1 75 0 0 0 0 0 0
3 1528 1530 1537 2369 1 75 0 0 0 0 0 0
3 2466 2473 2470 2985 0 0 0 0 0 0 0
3 1537 1560 1575 3727 1 75 0 0 0 0 0 0
3 2659 2714 3280 3281 0 0 0 0 0 0 0
3 2250 3083 3366 3814 0 0 0 0 0 0 0
3 2604 3607 2987 3943 0 0 0 0 0 0 0
3 1538 1574 1539 2747 1 75 0 0 0 0 0 0
3 162 3364 2911 3512 0 0 0 0 0 0 0
3 2707 2763 3215 3890 0 0 0 0 0 0 0
3 2713 2716 2817 3280 0 0 0 0 0 0 0
3 2713 2844 2716 3280 0 0 0 0 0 0 0
3 2536 2594 2560 3961 0 0 0 0 0 0 0
3 1546 3809 3609 3932 0 0 0 0 0 0 0
3 149 3109 3364 3512 0 0 0 0 0 0 0
3 1536 2463 3033 3629 0 0 0 0 0 0 0
3 2536 2726 2594 3944 0 0 0 0 0 0 0
3 1848 2147 2560 2594 0 0 0 0 0 0 0
3 2452 3397 3324 3879 0 0 0 0 0 0 0
3 2108 2111 2109 2156 0 0 0 0 0 0 0
3 709 756 741 3036 1 141 0 0 0 0 0 0
3 709 710 756 3053 1 141 0 0 0 0 0 0
3 17 520 436 1589 3 143 311 307 0 0 0 0 0
3 2069 2072 2650 3319 0 0 0 0 0 0 0
3 1847 2883 3020 3166 0 0 0 0 0 0 0
3 1945 2276 2089 2277 0 0 0 0 0 0 0
3 2593 3436 2594 3944 0 0 0 0 0 0 0
3 518 546 557 3010 1 143 0 0 0 0 0 0
3 548 557 3023 3391 0 0 0 0 0 0 0
3 519 1589 1603 3006 1 311 0 0 0 0 0 0
3 955 1009 1700 1744 0 0 0 0 0 0 0
3 1093 1702 1698 1744 0 0 0 0 0 0 0
3 1009 1031 1744 3617 0 0 0 0 0 0 0
3 1206 3196 1800 3680 0 0 0 0 0 0 0
3 1008 3905 3617 3906 0 0 0 0 0 0 0
3 1009 3617 1744 3906 0 0 0 0 0 0 0
3 494 3814 2250 3852 0 0 0 0 0 0 0
3 1702 1715 1744 2857 0 0 0 0 0 0 0
3 1009 1699 1700 1744 0 0 0 0 0 0 0
3 981 1031 1009 3617 1 137 0 0 0 0 0 0
3 1072 1148 1073 1661 9 135 450 0 0 444 0 0 0
3 3083 3962 3965 3971 0 0 0 0 0 0 0
3 1073 1114 1074 1662 9 135 450 0 0 444 0 0 0
3 1923 2273 2324 2325 0 0 0 0 0 0 0
3 1074 1663 1662 3196 1 450 0 0 0 0 0 0
3 1114 1800 1206 3196 0 0 0 0 0 0 0
3 1114 1148 1207 1800 1 135 0 0 0 0 0 0
3 1073 1661 1148 1800 0 0 0 0 0 0 0
3 1073 1800 1114 3198 0 0 0 0 0 0 0
3 594 944 945 1681 5 139 432 0 429 0 0 0 0
3 1909 2945 2618 3285 0 0 0 0 0 0 0
3 1923 2273 3219 3669 0 0 0 0 0 0 0
3 1315 3219 3285 3316 0 0 0 0 0 0 0
3 1275 3218 2273 3219 0 0 0 0 0 0 0
3 963 973 974 3183 1 139 0 0 0 0 0 0
3 2273 3218 2325 3219 0 0 0 0 0 0 0
3 2618 3285 3219 3316 0 0 0 0 0 0 0
3 2123 2268 2269 2270 0 0 0 0 0 0 0
3 593 943 944 1680 5 139 432 0 429 0 0 0 0
3 592 974 593 3393 1 139 0 0 130 0 0 0
3 1675 3181 1691 3182 0 0 0 0 0 0 0
3 2214 2869 2255 3900 0 0 0 0 0 0 0
3 2255 2869 2493 3844 0 0 0 0 0 0 0
3 2776 2976 2777 3903 0 0 0 0 0 0 0
3 2975 3333 3322 3335 0 0 0 0 0 0 0
3 2663 2895 2900 3773 0 0 0 0 0 0 0
3 2868 3320 3321 3918 0 0 0 0 0 0 0
3 40 1627 1616 1896 1 287 0 0 0 0 0 0
3 2363 2801 3689 3835 0 0 0 0 0 0 0
3 2213 2296 2662 3763 0 0 0 0 0 0 0
3 597 976 978 2991 1 139 0 0 0 0 0 0
3 261 2249 2250 3366 0 0 0 0 0 0 0
3 1618 2651 1624 3411 0 0 0 0 0 0 0
3 1924 2407 2196 3090 0 0 0 0 0 0 0
3 2355 2356 2360 2800 0 0 0 0 0 0 0
3 1083 1161 1158 1809 1 135 0 0 0 0 0 0
3 2098 2801 2363 3835 0 0 0 0 0 0 0
3 2635 2642 3606 3746 0 0 0 0 0 0 0
3 2635 2642 3746 3786 0 0 0 0 0 0 0
3 2603 2604 2751 3608 0 0 0 0 0 0 0
3 1088 1709 1168 1710 2 414 0 0 0 0 0 0
3 3353 3354 3962 3969 0 0 0 0 0 0 0
3 1167 1168 1709 3234 0 0 0 0 0 0 0
3 1830 2170 2157 2624 0 0 0 0 0 0 0
3 1830 2629 1834 2987 0 0 0 0 0 0 0
3 1826 2635 2642 3606 0 0 0 0 0 0 0
3 2089 2277 2275 2368 0 0 0 0 0 0 0
3 908 1700 1010 1716 2 414 0 0 0 0 0 0
3 24 949 955 1700 3 139 414 411 0 0 0 0 0
3 914 955 1009 1700 0 0 0 0 0 0 0
3 261 3083 2250 3962 0 0 0 0 0 0 0
3 2337 2808 2968 3100 0 0 0 0 0 0 0
3 1883 2808 2742 2967 0 0 0 0 0 0 0
3 949 955 1700 1715 8 414 0 0 0 0 0 0
3 2156 2720 2719 2856 0 0 0 0 0 0 0
3 2860 2864 2863 3445 0 0 0 0 0 0 0
3 955 966 964 3906 1 139 0 0 0 0 0 0
3 1946 2334 2455 3278 0 0 0 0 0 0 0
3 62 131 121 1619 1 147 0 0 0 0 0 0
3 2066 2531 2530 2809 0 0 0 0 0 0 0
3 3 121 131 1619 3 147 287 280 0 0 0 0 0
3 3 1619 131 1626 2 287 0 0 0 0 0 0
3 165 3556 2656 3561 0 0 0 0 0 0 0
3 2064 2067 2066 2072 0 0 0 0 0 0 0
3 1106 1107 1214 3296 1 135 0 0 0 0 0 0
3 2071 2807 2379 2968 0 0 0 0 0 0 0
3 95 153 1106 3556 0 0 0 0 0 0 0
3 2069 2650 2649 3319 0 0 0 0 0 0 0
3 2065 2071 2379 2968 0 0 0 0 0 0 0
3 193 1638 1641 2961 0 0 0 0 0 0 0
3 1252 2812 3107 3592 0 0 0 0 0 0 0
3 2264 2483 3227 3516 0 0 0 0 0 0 0
3 2370 2717 2794 3517 0 0 0 0 0 0 0
3 79 137 450 2957 0 0 0 0 0 0 0
3 2623 3271 2698 3332 0 0 0 0 0 0 0
3 2625 3259 2742 3827 0 0 0 0 0 0 0
3 2742 2967 3829 3946 0 0 0 0 0 0 0
3 78 471 450 2286 1 145 0 0 0 0 0 0
3 77 78 189 471 3 147 145 133 0 0 0 0 0
3 2145 2625 2742 3827 0 0 0 0 0 0 0
3 2335 2336 3094 3513 0 0 0 0 0 0 0
3 2316 2318 2319 2322 0 0 0 0 0 0 0
3 65 66 143 457 3 147 145 133 0 0 0 0 0
3 2026 2344 2275 2346 0 0 0 0 0 0 0
3 1844 2156 2390 2856 0 0 0 0 0 0 0
3 2024 2344 2026 2550 0 0 0 0 0 0 0
3 2883 3020 3166 3463 0 0 0 0 0 0 0
3 1156 2474 3160 3625 0 0 0 0 0 0 0
3 1156 3625 3160 3628 0 0 0 0 0 0 0
3 1047 1509 1156 3160 0 0 0 0 0 0 0
3 2474 3629 3160 3924 0 0 0 0 0 0 0
3 3354 3939 3962 3969 0 0 0 0 0 0 0
3 1047 1504 1509 3160 1 75 0 0 0 0 0 0
3 597 3160 3000 3628 0 0 0 0 0 0 0
3 21 3160 597 3628 0 0 0 130 0 0 0
3 424 449 561 3959 0 0 0 0 0 0 0
3 21 1509 1532 3160 1 75 0 0 0 0 0 0
3 1869 1914 1913 2128 0 0 0 0 0 0 0
3 329 3328 3322 3334 0 0 0 0 0 0 0
3 1870 2053 2712 3190 0 0 0 0 0 0 0
3 424 561 535 3959 1 143 0 0 0 0 0 0
3 1119 1200 1202 3594 1 135 0 0 0 0 0 0
3 2050 2673 2672 3406 0 0 0 0 0 0 0
3 195 3765 1118 3782 0 0 0 0 0 0 0
3 109 179 180 3590 1 147 0 0 0 0 0 0
3 2137 2546 3118 3498 0 0 0 0 0 0 0
3 2608 3117 2683 3118 0 0 0 0 0 0 0
3 107 195 178 3765 1 147 0 0 0 0 0 0
3 2607 2620 2683 3063 0 0 0 0 0 0 0
3 2766 3693 3139 3891 0 0 0 0 0 0 0
3 2384 2666 2563 2668 0 0 0 0 0 0 0
3 1202 3106 2687 3592 0 0 0 0 0 0 0
3 2668 2804 2997 3535 0 0 0 0 0 0 0
3 2384 2669 2668 3851 0 0 0 0 0 0 0
3 2343 2666 2668 2996 0 0 0 0 0 0 0
3 2563 2668 2666 2996 0 0 0 0 0 0 0
3 108 179 109 1120 9 147 135 0 0 127 0 0 0
3 108 178 179 3593 1 147 0 0 0 0 0 0
3 2005 2364 2011 2575 0 0 0 0 0 0 0
3 2364 2684 2575 2917 0 0 0 0 0 0 0
3 136 191 243 3708 1 147 0 0 0 0 0 0
3 1510 1545 1511 3738 1 75 0 0 0 0 0 0
3 53 135 191 1510 1 147 0 0 0 0 0 0
3 54 1519 1510 3108 1 75 0 0 0 0 0 0
3 2386 2788 2791 3308 0 0 0 0 0 0 0
3 2002 2003 2006 2937 0 0 0 0 0 0 0
3 2003 2934 2575 2938 0 0 0 0 0 0 0
3 2104 2979 3065 3066 0 0 0 0 0 0 0
3 146 147 236 3547 1 147 0 0 0 0 0 0
3 2540 2780 2696 3931 0 0 0 0 0 0 0
3 1232 1245 1303 3493 1 135 0 0 0 0 0 0
3 2235 2394 2532 2540 0 0 0 0 0 0 0
3 1247 2394 1294 3630 0 0 0 0 0 0 0
3 2532 2534 2533 3440 0 0 0 0 0 0 0
3 2395 2532 3299 3668 0 0 0 0 0 0 0
3 1208 1247 1245 3931 1 135 0 0 0 0 0 0
3 3185 3506 3410 3891 0 0 0 0 0 0 0
3 1561 1569 1562 3604 1 75 0 0 0 0 0 0
3 207 208 288 3750 1 147 0 0 0 0 0 0
3 2533 2833 2540 3476 0 0 0 0 0 0 0
3 2501 2502 2534 3440 0 0 0 0 0 0 0
3 1942 2532 2394 2540 0 0 0 0 0 0 0
3 2494 2566 3013 3178 0 0 0 0 0 0 0
3 404 2148 2736 2737 0 0 0 0 0 0 0
3 311 341 342 2737 1 147 0 0 0 0 0 0
3 829 864 830 3463 1 141 0 0 0 0 0 0
3 1937 1983 1984 2480 0 0 0 0 0 0 0
3 829 3463 3464 3465 0 0 0 0 0 0 0
3 2482 2780 2535 3301 0 0 0 0 0 0 0
3 296 301 341 3517 1 147 0 0 0 0 0 0
3 254 329 3333 3334 0 0 0 0 0 0 0
3 2291 2616 2615 3303 0 0 0 0 0 0 0
3 1276 1314 1289 3271 1 135 0 0 0 0 0 0
3 334 383 387 3024 1 147 0 0 0 0 0 0
3 313 381 339 3320 1 147 0 0 0 0 0 0
3 704 705 759 3318 1 141 0 0 0 0 0 0
3 313 357 381 3321 1 147 0 0 0 0 0 0
3 1882 1930 1928 1932 0 0 0 0 0 0 0
3 388 417 413 3527 1 147 0 0 0 0 0 0
3 2267 3352 3102 3408 0 0 0 0 0 0 0
3 379 380 388 2256 1 147 0 0 0 0 0 0
3 834 837 858 3892 1 141 0 0 0 0 0 0
3 761 801 800 2899 1 141 0 0 0 0 0 0
3 1867 2122 1872 2617 0 0 0 0 0 0 0
3 2739 2903 2901 2940 0 0 0 0 0 0 0
3 331 380 379 2256 1 147 0 0 0 0 0 0
3 800 801 834 2898 1 141 0 0 0 0 0 0
3 833 834 861 3884 1 141 0 0 0 0 0 0
3 239 3354 3813 3939 0 0 0 0 0 0 0
3 1807 2287 2288 2613 0 0 0 0 0 0 0
3 1131 2658 2710 3739 0 0 0 0 0 0 0
3 2056 2912 2905 3664 0 0 0 0 0 0 0
3 2739 2940 2901 3940 0 0 0 0 0 0 0
3 2433 2761 2776 2893 0 0 0 0 0 0 0
3 2774 2975 2977 3242 0 0 0 0 0 0 0
3 125 194 1636 3270 0 0 0 0 0 0 0
3 57 79 423 1507 8 75 0 0 0 0 0 0
3 2771 2772 2773 2779 0 0 0 0 0 0 0
3 2433 2893 2776 2894 0 0 0 0 0 0 0
3 2433 2440 2763 3163 0 0 0 0 0 0 0
3 2610 3247 3333 3414 0 0 0 0 0 0 0
3 2432 2772 3120 3413 0 0 0 0 0 0 0
3 448 450 553 2957 0 0 0 0 0 0 0
3 2433 2776 2769 2894 0 0 0 0 0 0 0
3 2854 3120 3339 3413 0 0 0 0 0 0 0
3 2771 2778 2773 3719 0 0 0 0 0 0 0
3 2064 3323 3699 3954 0 0 0 0 0 0 0
3 2066 2531 2809 3324 0 0 0 0 0 0 0
3 11 423 448 486 11 145 75 143 97 0 132 93 0 0
3 2064 3323 3444 3699 0 0 0 0 0 0 0
3 2065 2071 2067 2379 0 0 0 0 0 0 0
3 2066 2810 3323 3324 0 0 0 0 0 0 0
3 1452 2046 3209 3869 0 0 0 0 0 0 0
3 2063 2121 2120 2371 0 0 0 0 0 0 0
3 1452 3209 2046 3643 0 0 0 0 0 0 0
3 430 543 456 2209 0 0 0 0 0 0 0
3 2046 2052 2055 3637 0 0 0 0 0 0 0
3 2046 2047 2050 3643 0 0 0 0 0 0 0
3 2453 2454 2468 3520 0 0 0 0 0 0 0
3 1946 2601 2602 3728 0 0 0 0 0 0 0
3 1946 2602 2335 3278 0 0 0 0 0 0 0
3 2322 2745 2369 2908 0 0 0 0 0 0 0
3 2064 2065 2377 2810 0 0 0 0 0 0 0
3 2450 2531 3180 3324 0 0 0 0 0 0 0
3 489 522 1617 3411 0 0 0 0 0 0 0
3 2319 2450 2531 3180 0 0 0 0 0 0 0
3 523 1627 1618 1898 1 287 0 0 0 0 0 0
3 707 3114 3245 3246 0 0 0 0 0 0 0
3 2087 2456 2457 3159 0 0 0 0 0 0 0
3 1609 2651 3157 3158 0 0 0 0 0 0 0
3 254 3333 2610 3616 0 0 0 0 0 0 0
3 2319 2321 2320 3515 0 0 0 0 0 0 0
3 709 756 3036 3053 0 0 0 0 0 0 0
3 425 534 484 3702 1 143 0 0 0 0 0 0
3 15 426 484 1612 9 143 287 0 0 283 0 0 0
3 1537 2369 2745 3521 0 0 0 0 0 0 0
3 1843 2598 2601 2602 0 0 0 0 0 0 0
3 3109 3115 3226 3364 0 0 0 0 0 0 0
3 2636 3362 3226 3364 0 0 0 0 0 0 0
3 2266 2268 2267 3102 0 0 0 0 0 0 0
3 1895 2191 2194 2915 0 0 0 0 0 0 0
3 2287 2942 2941 3279 0 0 0 0 0 0 0
3 2551 3279 2941 3901 0 0 0 0 0 0 0
3 2942 3279 3776 3807 0 0 0 0 0 0 0
3 709 3032 3036 3037 0 0 0 0 0 0 0
3 573 1529 3033 3037 0 0 0 0 0 0 0
3 2779 3242 3247 3414 0 0 0 0 0 0 0
3 2464 2471 2467 3432 0 0 0 0 0 0 0
3 1529 3033 3037 3629 0 0 0 0 0 0 0
3 1270 2921 2920 3968 0 0 0 0 0 0 0
3 642 3037 2464 3629 0 0 0 0 0 0 0
3 643 708 2467 3037 0 0 0 0 0 0 0
3 643 2464 2467 3432 0 0 0 0 0 0 0
3 602 660 1424 3340 0 0 0 0 0 0 0
3 694 3189 2772 3409 0 0 0 0 0 0 0
3 1410 1467 1426 3492 1 1 0 0 0 0 0 0
3 659 1411 3035 3409 0 0 0 0 0 0 0
3 573 642 574 1529 9 141 75 0 0 89 0 0 0
3 572 641 573 1531 9 141 75 0 0 89 0 0 0
3 3121 3338 3339 3340 0 0 0 0 0 0 0
3 3337 3339 3338 3340 0 0 0 0 0 0 0
3 2274 3338 3543 3544 0 0 0 0 0 0 0
3 3078 3491 3338 3544 0 0 0 0 0 0 0
3 2274 2854 3121 3338 0 0 0 0 0 0 0
3 2663 2974 2895 3773 0 0 0 0 0 0 0
3 1945 2078 2276 3020 0 0 0 0 0 0 0
3 1455 1470 1473 3468 1 1 0 0 0 0 0 0
3 1255 1977 1256 2921 0 0 0 0 0 0 0
3 2081 2353 2352 3740 0 0 0 0 0 0 0
3 1257 1263 1288 3203 1 135 0 0 0 0 0 0
3 2353 3038 2645 3041 0 0 0 0 0 0 0
3 1194 1263 1257 2143 1 135 0 0 0 0 0 0
3 2035 2188 2184 3082 0 0 0 0 0 0 0
3 1738 2084 1952 2882 0 0 0 0 0 0 0
3 2078 2882 2082 3857 0 0 0 0 0 0 0
3 564 1521 631 3734 0 0 0 0 0 0 0
3 564 1522 1521 3734 1 75 0 0 0 0 0 0
3 1522 1543 1544 3103 1 75 0 0 0 0 0 0
3 2576 3056 3060 3795 0 0 0 0 0 0 0
3 401 422 418 2303 1 147 0 0 0 0 0 0
3 123 1644 471 1648 2 263 0 0 0 0 0 0
3 735 818 816 3958 1 141 0 0 0 0 0 0
3 731 732 735 3704 1 141 0 0 0 0 0 0
3 2298 3793 2759 3884 0 0 0 0 0 0 0
3 735 816 772 3704 1 141 0 0 0 0 0 0
3 2037 2038 2526 2564 0 0 0 0 0 0 0
3 473 1586 1585 3144 0 0 0 0 0 0 0
3 2164 2766 2764 3693 0 0 0 0 0 0 0
3 850 2724 3825 3913 0 0 0 0 0 0 0
3 2384 2668 2563 3851 0 0 0 0 0 0 0
3 1635 3370 3143 3778 0 0 0 0 0 0 0
3 3143 3777 3733 3778 0 0 0 0 0 0 0
3 790 844 847 2725 1 141 0 0 0 0 0 0
3 202 3143 3733 3818 0 0 0 0 0 0 0
3 431 537 3145 3353 0 0 0 0 0 0 0
3 813 822 843 3754 1 141 0 0 0 0 0 0
3 196 3390 3143 3818 0 0 0 0 0 0 0
3 813 814 822 3754 1 141 0 0 0 0 0 0
3 196 3143 202 3818 0 0 0 0 0 0 0
3 1034 2677 2357 3581 0 0 0 0 0 0 0
3 1162 2677 1178 2754 0 0 0 0 0 0 0
3 1015 1146 2753 2754 0 0 0 0 0 0 0
3 791 813 843 3500 1 141 0 0 0 0 0 0
3 1378 1379 1398 3674 1 135 0 0 0 0 0 0
3 843 853 844 2548 1 141 0 0 0 0 0 0
3 1015 2753 1146 3555 0 0 0 0 0 0 0
3 1014 2753 2357 2754 0 0 0 0 0 0 0
3 1205 1249 2395 3299 0 0 0 0 0 0 0
3 2779 3247 3242 3412 0 0 0 0 0 0 0
3 1354 1374 1380 3796 1 135 0 0 0 0 0 0
3 1363 1371 1373 3552 1 135 0 0 0 0 0 0
3 905 3600 3601 3868 0 0 0 0 0 0 0
3 1392 3575 3873 3885 0 0 0 0 0 0 0
3 774 790 3248 3510 0 0 0 0 0 0 0
3 988 1015 1014 2754 1 137 0 0 0 0 0 0
3 1179 1268 2030 3176 0 0 0 0 0 0 0
3 889 2526 891 2547 0 0 0 0 0 0 0
3 1373 1402 1395 3418 1 135 0 0 0 0 0 0
3 987 1146 988 2754 1 135 0 0 128 0 0 0
3 808 840 828 3506 1 141 0 0 0 0 0 0
3 1177 2033 3176 3648 0 0 0 0 0 0 0
3 1738 1951 1849 2882 0 0 0 0 0 0 0
3 66 457 458 3354 1 145 0 0 0 0 0 0
3 1381 3095 2521 3096 0 0 0 0 0 0 0
3 793 840 808 3891 1 141 0 0 0 0 0 0
3 401 3161 2303 3162 0 0 0 0 0 0 0
3 2104 2105 2188 2979 0 0 0 0 0 0 0
3 2105 2106 2206 2979 0 0 0 0 0 0 0
3 1885 2039 2132 2280 0 0 0 0 0 0 0
3 827 828 867 3811 1 141 0 0 0 0 0 0
3 432 545 433 3145 1 143 0 0 132 0 0 0
3 2040 2807 2808 2967 0 0 0 0 0 0 0
3 1883 1968 1884 1969 0 0 0 0 0 0 0
3 2104 2979 2188 3065 0 0 0 0 0 0 0
3 1748 2105 2186 2188 0 0 0 0 0 0 0
3 1885 2147 2132 2560 0 0 0 0 0 0 0
3 1177 1281 2033 3679 0 0 0 0 0 0 0
3 1351 1372 1382 3167 1 135 0 0 0 0 0 0
3 2573 3823 2767 3824 0 0 0 0 0 0 0
3 609 1432 655 3722 0 0 0 0 0 0 0
3 1315 1316 1387 3316 1 135 0 0 0 0 0 0
3 863 882 878 3858 1 141 0 0 0 0 0 0
3 1857 2573 2006 2578 0 0 0 0 0 0 0
3 1855 1857 2576 2700 0 0 0 0 0 0 0
3 846 881 865 3041 1 141 0 0 0 0 0 0
3 1326 1354 3178 3179 0 0 0 0 0 0 0
3 1202 1252 1251 3106 1 135 0 0 0 0 0 0
3 2006 2937 2578 3633 0 0 0 0 0 0 0
3 352 2366 2292 3065 0 0 0 0 0 0 0
3 2010 2277 2347 2572 0 0 0 0 0 0 0
3 863 864 882 3856 1 141 0 0 0 0 0 0
3 372 2732 2734 2736 0 0 0 0 0 0 0
3 2002 3791 2789 3955 0 0 0 0 0 0 0
3 845 851 846 2352 1 141 0 0 0 0 0 0
3 2002 2789 2786 3955 0 0 0 0 0 0 0
3 2006 2012 3791 3824 0 0 0 0 0 0 0
3 2350 2800 2853 3230 0 0 0 0 0 0 0
3 850 891 890 3913 1 141 0 0 0 0 0 0
3 354 362 364 3541 1 147 0 0 0 0 0 0
3 2351 2589 2592 3073 0 0 0 0 0 0 0
3 1859 1861 1863 1880 0 0 0 0 0 0 0
3 1914 2351 2592 3073 0 0 0 0 0 0 0
3 1774 2021 1864 2100 0 0 0 0 0 0 0
3 1290 1327 1291 3275 1 135 0 0 0 0 0 0
3 1291 1326 1292 3142 1 135 0 0 0 0 0 0
3 2536 2678 2796 3816 0 0 0 0 0 0 0
3 1326 3142 1327 3179 0 0 0 0 0 0 0
3 882 902 901 2083 1 141 0 0 0 0 0 0
3 1875 1927 1928 2350 0 0 0 0 0 0 0
3 349 368 366 2300 1 147 0 0 0 0 0 0
3 2298 2897 2757 3793 0 0 0 0 0 0 0
3 1818 1881 1876 1943 0 0 0 0 0 0 0
3 2297 2328 2331 3146 0 0 0 0 0 0 0
3 1927 2350 2853 3811 0 0 0 0 0 0 0
3 2355 2915 3147 3484 0 0 0 0 0 0 0
3 981 1093 1031 3617 0 0 0 0 0 0 0
3 2216 2762 2866 2895 0 0 0 0 0 0 0
3 912 913 964 3906 1 139 129 0 0 0 0 0
3 2294 2355 2915 3147 0 0 0 0 0 0 0
3 2381 2978 3325 3563 0 0 0 0 0 0 0
3 2171 2188 2979 3065 0 0 0 0 0 0 0
3 2206 2380 2979 3325 0 0 0 0 0 0 0
3 587 938 939 1657 5 139 450 0 447 0 0 0 0
3 3091 3593 3764 3765 0 0 0 0 0 0 0
3 2264 3516 3227 3517 0 0 0 0 0 0 0
3 2149 2154 2187 3516 0 0 0 0 0 0 0
3 2154 3762 2980 3764 0 0 0 0 0 0 0
3 1755 1756 2131 2623 0 0 0 0 0 0 0
3 838 3147 857 3670 0 0 0 0 0 0 0
3 917 956 965 2357 1 139 0 0 0 0 0 0
3 1737 1749 1740 1962 0 0 0 0 0 0 0
3 2376 2499 2404 2607 0 0 0 0 0 0 0
3 1750 2186 2088 2187 0 0 0 0 0 0 0
3 592 3183 974 3393 0 0 0 0 0 0 0
3 972 974 973 3649 1 139 0 0 0 0 0 0
3 593 943 1680 3393 0 0 0 0 0 0 0
3 23 908 915 1010 1 139 411 0 0 0 0 0
3 2502 2833 2533 2834 0 0 0 0 0 0 0
3 908 914 1010 1700 0 0 0 0 0 0 0
3 1012 1033 1013 1717 1 137 0 0 0 0 0 0
3 2027 2078 2077 2276 0 0 0 0 0 0 0
3 915 916 954 1711 1 139 129 0 0 0 0 0
3 1009 1031 1010 1699 1 137 0 0 0 0 0 0
3 2150 2154 2155 2979 0 0 0 0 0 0 0
3 979 1007 1005 2992 1 137 0 0 0 0 0 0
3 2505 2508 2507 2510 0 0 0 0 0 0 0
3 1993 2412 2664 3526 0 0 0 0 0 0 0
3 2410 2411 2412 2723 0 0 0 0 0 0 0
3 1085 1093 1164 1702 1 135 0 0 0 0 0 0
3 610 1432 1431 2059 1 1 0 0 0 0 0 0
3 575 964 576 3938 1 139 0 0 130 0 0 0
3 1031 1093 1744 3617 0 0 0 0 0 0 0
3 2222 2664 2538 3500 0 0 0 0 0 0 0
3 1770 2080 1963 3550 0 0 0 0 0 0 0
3 2536 2538 2560 2678 0 0 0 0 0 0 0
3 1824 2240 2227 2283 0 0 0 0 0 0 0
3 1681 1693 1685 3626 1 432 0 0 0 0 0 0
3 1273 1278 1343 3549 1 135 0 0 0 0 0 0
3 1157 1170 1175 2691 1 135 0 0 0 0 0 0
3 2045 2669 2285 2694 0 0 0 0 0 0 0
3 179 209 208 3593 1 147 0 0 0 0 0 0
3 2448 2498 2946 3496 0 0 0 0 0 0 0
3 208 3590 3593 3788 0 0 0 0 0 0 0
3 178 210 209 3765 1 147 0 0 0 0 0 0
3 178 209 179 3593 1 147 0 0 0 0 0 0
3 301 302 2149 3516 0 0 0 0 0 0 0
3 1988 2000 2542 3344 0 0 0 0 0 0 0
3 106 1140 182 3909 0 0 0 0 0 0 0
3 2655 2806 3477 3514 0 0 0 0 0 0 0
3 178 195 210 3765 1 147 0 0 0 0 0 0
3 108 179 1120 3593 0 0 0 0 0 0 0
3 3444 3799 3566 3801 0 0 0 0 0 0 0
3 1954 2000 2397 3507 0 0 0 0 0 0 0
3 1105 1109 1215 3607 1 135 0 0 0 0 0 0
3 1555 1556 1564 2603 1 75 0 0 0 0 0 0
3 1986 3505 3567 3685 0 0 0 0 0 0 0
3 1825 3514 2806 3699 0 0 0 0 0 0 0
3 2222 2650 2655 3754 0 0 0 0 0 0 0
3 1988 3350 2542 3384 0 0 0 0 0 0 0
3 1109 2819 3607 3729 0 0 0 0 0 0 0
3 1262 1271 1284 3928 1 135 0 0 0 0 0 0
3 2589 2837 3509 3887 0 0 0 0 0 0 0
3 2790 3585 3845 3886 0 0 0 0 0 0 0
3 1270 1279 1271 2925 1 135 0 0 0 0 0 0
3 2217 2630 2488 3223 0 0 0 0 0 0 0
3 107 1118 195 3765 0 0 0 0 0 0 0
3 537 554 545 3969 1 143 0 0 0 0 0 0
3 537 545 3145 3969 0 0 0 0 0 0 0
3 1325 2871 3178 3496 0 0 0 0 0 0 0
3 286 290 302 2154 1 147 0 0 0 0 0 0
3 2055 3190 2056 3664 0 0 0 0 0 0 0
3 1292 1326 1325 2871 1 135 0 0 0 0 0 0
3 431 3145 457 3353 0 0 0 0 0 0 0
3 1981 1984 1982 2366 0 0 0 0 0 0 0
3 2350 3073 2360 3882 0 0 0 0 0 0 0
3 286 290 2154 3764 0 0 0 0 0 0 0
3 3337 3491 3338 3492 0 0 0 0 0 0 0
3 1351 1352 1372 3929 1 135 0 0 0 0 0 0
3 1186 1264 1263 3220 1 135 0 0 0 0 0 0
3 700 764 763 1919 1 141 0 0 0 0 0 0
3 2854 3338 3078 3620 0 0 0 0 0 0 0
3 745 810 811 3509 1 141 0 0 0 0 0 0
3 1479 1494 1490 2816 1 1 0 0 0 0 0 0
3 290 2150 302 2154 0 0 0 0 0 0 0
3 810 827 826 3886 1 141 0 0 0 0 0 0
3 1409 1469 1471 3347 1 1 0 0 0 0 0 0
3 3078 3557 3352 3902 0 0 0 0 0 0 0
3 2266 2941 3078 3352 0 0 0 0 0 0 0
3 2716 2844 3215 3280 0 0 0 0 0 0 0
3 1355 1379 1356 2494 1 135 0 0 0 0 0 0
3 2439 3806 2941 3807 0 0 0 0 0 0 0
3 1325 1355 1356 3496 1 135 0 0 0 0 0 0
3 1324 2693 1357 3311 0 0 0 0 0 0 0
3 83 1419 1417 3280 1 1 0 0 0 0 0 0
3 2439 2941 2942 3807 0 0 0 0 0 0 0
3 84 1417 1425 3889 1 1 0 0 0 0 0 0
3 2268 2269 2270 2271 0 0 0 0 0 0 0
3 2269 2270 2271 2272 0 0 0 0 0 0 0
3 83 84 167 1417 3 147 1 5 0 0 0 0 0
3 2448 2946 3013 3178 0 0 0 0 0 0 0
3 1262 3560 1271 3928 0 0 0 0 0 0 0
3 2154 2483 2187 3516 0 0 0 0 0 0 0
3 1173 1271 1262 3560 1 135 0 0 0 0 0 0
3 1168 1173 2686 3560 0 0 0 0 0 0 0
3 3234 3560 3559 3968 0 0 0 0 0 0 0
3 1168 1174 1173 3560 1 135 0 0 0 0 0 0
3 1174 3560 3234 3968 0 0 0 0 0 0 0
3 3078 3492 3557 3902 0 0 0 0 0 0 0
3 2125 2126 2128 2359 0 0 0 0 0 0 0
3 1123 1132 1433 1992 0 0 0 0 0 0 0
3 1165 1978 1435 2086 0 0 0 0 0 0 0
3 2435 2439 2818 3528 0 0 0 0 0 0 0
3 3338 3491 3340 3543 0 0 0 0 0 0 0
3 2440 3163 2854 3528 0 0 0 0 0 0 0
3 160 2457 2475 2782 0 0 0 0 0 0 0
3 90 1416 160 2782 0 0 0 0 0 0 0
3 645 3165 2783 3245 0 0 0 0 0 0 0
3 249 2610 250 2611 0 0 0 0 0 0 0
3 302 2150 2149 2154 0 0 0 0 0 0 0
3 1459 2707 3889 3890 0 0 0 0 0 0 0
3 1330 3316 1387 3666 0 0 0 0 0 0 0
3 325 3844 3478 3918 0 0 0 0 0 0 0
3 1476 1477 1490 3528 1 1 0 0 0 0 0 0
3 1482 1483 1493 3807 1 1 0 0 0 0 0 0
3 1467 1476 1483 3806 1 1 0 0 0 0 0 0
3 1457 1483 1482 3901 1 1 0 0 0 0 0 0
3 2375 2620 2404 2914 0 0 0 0 0 0 0
3 2375 2478 2914 3542 0 0 0 0 0 0 0
3 1770 3550 3868 3936 0 0 0 0 0 0 0
3 2726 2796 2884 3266 0 0 0 0 0 0 0
3 2148 2149 2150 2187 0 0 0 0 0 0 0
3 471 482 2286 3264 0 0 0 0 0 0 0
3 2024 3082 2184 3659 0 0 0 0 0 0 0
3 448 553 486 2957 1 143 0 0 0 0 0 0
3 2081 2499 2353 3740 0 0 0 0 0 0 0
3 2634 2911 2913 3361 0 0 0 0 0 0 0
3 2080 2082 2083 3551 0 0 0 0 0 0 0
3 1099 1219 1100 2633 1 135 0 0 0 0 0 0
3 45 1518 1495 3109 1 75 0 0 0 0 0 0
3 1940 2218 2098 2801 0 0 0 0 0 0 0
3 2084 2882 2796 3858 0 0 0 0 0 0 0
3 2546 2608 2683 3118 0 0 0 0 0 0 0
3 1097 2473 2463 3830 0 0 0 0 0 0 0
3 2609 3063 3132 3854 0 0 0 0 0 0 0
3 3061 3449 3450 3854 0 0 0 0 0 0 0
3 1538 1575 1574 2748 1 75 0 0 0 0 0 0
3 2499 2555 2553 3832 0 0 0 0 0 0 0
3 1500 1554 1501 3842 1 75 0 0 0 0 0 0
3 1553 1554 1560 3866 1 75 0 0 0 0 0 0
3 1217 1234 2638 2987 0 0 0 0 0 0 0
3 2404 3063 2609 3255 0 0 0 0 0 0 0
3 2314 2848 2846 3288 0 0 0 0 0 0 0
3 2306 2307 2312 3871 0 0 0 0 0 0 0
3 2847 3853 3705 3934 0 0 0 0 0 0 0
3 2476 3070 3077 3759 0 0 0 0 0 0 0
3 2307 2682 2314 3288 0 0 0 0 0 0 0
3 2307 3288 3704 3871 0 0 0 0 0 0 0
3 2476 2847 2848 3759 0 0 0 0 0 0 0
3 293 1840 328 3709 0 0 0 0 0 0 0
3 2476 3070 3024 3077 0 0 0 0 0 0 0
3 134 294 246 3768 1 147 0 0 0 0 0 0
3 496 3152 497 3751 0 0 0 131 0 0 0
3 3026 3111 3481 3495 0 0 0 0 0 0 0
3 1590 1602 1594 2244 1 311 0 0 0 0 0 0
3 114 462 144 1596 0 0 0 0 0 0 0
3 3305 3710 3711 3712 0 0 0 0 0 0 0
3 3111 3112 3711 3966 0 0 0 0 0 0 0
3 117 134 118 2244 1 147 0 0 304 0 0 0
3 3062 3224 3130 3225 0 0 0 0 0 0 0
3 946 1683 977 2999 0 0 0 0 0 0 0
3 1839 3710 3112 3711 0 0 0 0 0 0 0
3 3305 3711 3483 3712 0 0 0 0 0 0 0
3 1618 1898 2651 3411 0 0 0 0 0 0 0
3 1447 2612 3241 3252 0 0 0 0 0 0 0
3 1609 1610 1624 3158 1 287 0 0 0 0 0 0
3 155 166 226 2651 1 147 0 0 0 0 0 0
3 1837 3451 1839 3711 0 0 0 0 0 0 0
3 155 158 1609 3157 0 0 0 0 0 0 0
3 42 1609 158 1610 2 287 0 0 0 0 0 0
3 1609 1624 1615 2651 1 287 0 0 0 0 0 0
3 1837 3481 3711 3966 0 0 0 0 0 0 0
3 1413 2784 2782 3252 0 0 0 0 0 0 0
3 3061 3481 3449 3494 0 0 0 0 0 0 0
3 2306 3061 2914 3494 0 0 0 0 0 0 0
3 3022 3467 3465 3522 0 0 0 0 0 0 0
3 2006 2572 2012 2573 0 0 0 0 0 0 0
3 2557 2559 2558 2768 0 0 0 0 0 0 0
3 2719 3462 3116 3612 0 0 0 0 0 0 0
3 991 1017 1144 2441 0 0 0 0 0 0 0
3 37 1078 1036 1666 2 450 444 0 0 0 0 0
3 2375 2478 3542 3936 0 0 0 0 0 0 0
3 1020 1036 1021 1670 1 137 0 0 0 0 0 0
3 995 996 1022 1154 3 137 135 128 0 0 0 0 0
3 2137 2546 2683 3118 0 0 0 0 0 0 0
3 2305 2621 3061 3225 0 0 0 0 0 0 0
3 3447 3494 3449 3967 0 0 0 0 0 0 0
3 1422 3245 3241 3731 0 0 0 0 0 0 0
3 993 1036 1035 1654 1 137 0 0 0 0 0 0
3 2609 3447 3063 3854 0 0 0 0 0 0 0
3 2914 3061 3255 3494 0 0 0 0 0 0 0
3 963 2020 973 3183 0 0 0 0 0 0 0
3 2097 2134 2136 2219 0 0 0 0 0 0 0
3 591 2020 592 2690 0 0 0 130 0 0 0
3 2137 2620 2138 2621 0 0 0 0 0 0 0
3 2620 2914 3061 3063 0 0 0 0 0 0 0
3 2404 2914 3063 3255 0 0 0 0 0 0 0
3 599 1412 1422 3245 1 1 0 0 0 0 0 0
3 1039 1675 1043 1692 4 432 0 0 0 0 0 0
3 2500 2549 2605 2606 0 0 0 0 0 0 0
3 2137 2546 2607 2683 0 0 0 0 0 0 0
3 1726 1771 1769 1795 0 0 0 0 0 0 0
3 645 3165 3245 3412 0 0 0 0 0 0 0
3 1002 1690 1040 1692 0 0 0 0 0 0 0
3 1708 1718 2861 3632 0 0 0 0 0 0 0
3 577 966 950 1743 1 139 0 0 0 0 0 0
3 1735 1748 2034 2035 0 0 0 0 0 0 0
3 1008 3617 1009 3906 0 0 0 0 0 0 0
3 2024 2025 2544 2550 0 0 0 0 0 0 0
3 949 1714 966 1715 2 414 0 0 0 0 0 0
3 949 966 955 1715 1 139 0 0 0 0 0 0
3 2773 3245 3246 3409 0 0 0 0 0 0 0
3 2404 2607 2499 2609 0 0 0 0 0 0 0
3 2404 2620 2607 3063 0 0 0 0 0 0 0
3 2328 2329 2331 2855 0 0 0 0 0 0 0
3 2098 2218 2100 2363 0 0 0 0 0 0 0
3 134 246 187 2245 1 147 0 0 0 0 0 0
3 1972 2487 2630 2757 0 0 0 0 0 0 0
3 139 1879 2456 2459 0 0 0 0 0 0 0
3 2351 2653 2837 3069 0 0 0 0 0 0 0
3 645 3245 707 3412 0 0 0 0 0 0 0
3 138 1610 158 2461 0 0 0 0 0 0 0
3 138 199 161 2456 1 147 0 0 0 0 0 0
3 561 2458 2087 3959 0 0 0 0 0 0 0
3 42 158 43 1610 9 147 287 0 0 280 0 0 0
3 2176 2804 2667 2872 0 0 0 0 0 0 0
3 200 2458 449 2459 0 0 0 0 0 0 0
3 91 1416 1418 2457 1 1 0 0 0 0 0 0
3 91 92 161 1418 3 147 1 5 0 0 0 0 0
3 1907 1910 1909 2460 0 0 0 0 0 0 0
3 49 1514 1515 3435 1 75 0 0 0 0 0 0
3 1880 1943 2221 2446 0 0 0 0 0 0 0
3 164 221 168 3263 1 147 0 0 0 0 0 0
3 1514 1549 1515 3435 1 75 0 0 0 0 0 0
3 3464 3465 3467 3522 0 0 0 0 0 0 0
3 218 219 277 2786 1 147 0 0 0 0 0 0
3 49 1515 168 3435 0 0 0 0 0 0 0
3 2164 3138 3139 3914 0 0 0 0 0 0 0
3 1927 3506 3069 3811 0 0 0 0 0 0 0
3 1927 3410 3185 3506 0 0 0 0 0 0 0
3 49 168 171 3435 1 147 0 0 0 0 0 0
3 1927 2853 3231 3811 0 0 0 0 0 0 0
3 2518 2523 2950 3074 0 0 0 0 0 0 0
3 2836 3437 3208 3947 0 0 0 0 0 0 0
3 2351 2590 2589 2837 0 0 0 0 0 0 0
3 2174 2764 2766 2852 0 0 0 0 0 0 0
3 146 237 185 3547 1 147 0 0 0 0 0 0
3 213 218 283 3955 1 147 0 0 0 0 0 0
3 2831 3017 3575 3577 0 0 0 0 0 0 0
3 2377 2379 2378 3446 0 0 0 0 0 0 0
3 218 3148 2786 3955 0 0 0 0 0 0 0
3 1553 1560 3222 3866 0 0 0 0 0 0 0
3 2664 3500 3075 3526 0 0 0 0 0 0 0
3 277 310 283 3792 1 147 0 0 0 0 0 0
3 305 310 348 3523 1 147 0 0 0 0 0 0
3 805 806 829 3464 1 141 0 0 0 0 0 0
3 2384 2385 2666 2947 0 0 0 0 0 0 0
3 2684 2840 2841 3126 0 0 0 0 0 0 0
3 2393 3193 2694 3311 0 0 0 0 0 0 0
3 1221 3129 3570 3912 0 0 0 0 0 0 0
3 215 280 281 3302 1 147 0 0 0 0 0 0
3 2229 2697 2385 3674 0 0 0 0 0 0 0
3 1740 1741 1742 1745 0 0 0 0 0 0 0
3 1118 1119 3594 3765 0 0 0 0 0 0 0
3 1232 1304 1242 3127 1 135 0 0 0 0 0 0
3 2498 2693 2947 3496 0 0 0 0 0 0 0
3 307 308 345 3336 1 147 0 0 0 0 0 0
3 2416 3206 2699 3312 0 0 0 0 0 0 0
3 599 657 644 3245 1 141 0 0 0 0 0 0
3 3015 3480 3570 3587 0 0 0 0 0 0 0
3 1773 2101 1776 2622 0 0 0 0 0 0 0
3 2098 2103 2099 2826 0 0 0 0 0 0 0
3 2870 2986 3168 3696 0 0 0 0 0 0 0
3 2419 3315 3204 3480 0 0 0 0 0 0 0
3 371 3486 373 3487 0 0 0 0 0 0 0
3 390 391 2986 3933 0 0 0 0 0 0 0
3 371 388 390 3168 1 147 0 0 0 0 0 0
3 2248 2254 2261 3011 0 0 0 0 0 0 0
3 2822 3315 3480 3587 0 0 0 0 0 0 0
3 2163 2764 3424 3693 0 0 0 0 0 0 0
3 886 887 897 3868 1 141 0 0 0 0 0 0
3 779 780 785 3941 1 141 0 0 0 0 0 0
3 392 395 2141 3387 0 0 0 0 0 0 0
3 2570 3012 3008 3127 0 0 0 0 0 0 0
3 1915 3012 2820 3466 0 0 0 0 0 0 0
3 2820 3128 3015 3480 0 0 0 0 0 0 0
3 386 420 408 3118 1 147 0 0 0 0 0 0
3 2375 3542 2403 3936 0 0 0 0 0 0 0
3 2078 3020 2883 3329 0 0 0 0 0 0 0
3 316 3642 3238 3876 0 0 0 0 0 0 0
3 2338 2888 2891 3910 0 0 0 0 0 0 0
3 1950 2007 2275 2692 0 0 0 0 0 0 0
3 1945 2883 2078 3020 0 0 0 0 0 0 0
3 2367 3870 2887 3910 0 0 0 0 0 0 0
3 2726 2884 2743 3266 0 0 0 0 0 0 0
3 1827 1828 1829 1832 0 0 0 0 0 0 0
3 2276 2645 2646 3042 0 0 0 0 0 0 0
3 2179 2338 2891 3910 0 0 0 0 0 0 0
3 2743 3098 3265 3910 0 0 0 0 0 0 0
3 1751 1950 2107 2108 0 0 0 0 0 0 0
3 2195 2257 2493 2496 0 0 0 0 0 0 0
3 1971 2673 3347 3408 0 0 0 0 0 0 0
3 2266 3102 2267 3352 0 0 0 0 0 0 0
3 81 150 1428 3707 0 0 0 0 0 0 0
3 139 161 200 2459 1 147 0 0 0 0 0 0
3 451 3702 1622 3755 0 0 0 0 0 0 0
3 143 3353 457 3354 0 0 0 0 0 0 0
3 1922 3102 3173 3408 0 0 0 0 0 0 0
3 701 3102 3101 3174 0 0 0 0 0 0 0
3 701 2074 3102 3173 0 0 0 0 0 0 0
3 1780 2057 2482 2696 0 0 0 0 0 0 0
3 2324 3297 2661 3785 0 0 0 0 0 0 0
3 2332 3090 3295 3297 0 0 0 0 0 0 0
3 67 1584 140 3144 0 0 0 0 0 0 0
3 66 140 143 3354 1 147 0 0 0 0 0 0
3 539 1588 544 3144 0 0 0 0 0 0 0
3 151 233 2656 3707 0 0 0 0 0 0 0
3 2087 2458 2459 3959 0 0 0 0 0 0 0
3 487 645 488 2783 1 141 0 0 131 0 0 0
3 150 151 3277 3707 0 0 0 0 0 0 0
3 160 199 223 2475 1 147 0 0 0 0 0 0
3 2332 3090 3089 3295 0 0 0 0 0 0 0
3 493 2246 2210 2251 0 0 0 0 0 0 0
3 261 319 2247 2249 0 0 0 0 0 0 0
3 2706 3532 3378 3772 0 0 0 0 0 0 0
3 2201 2665 2631 3849 0 0 0 0 0 0 0
3 2728 2730 2729 2929 0 0 0 0 0 0 0
3 253 1897 1896 2665 0 0 0 0 0 0 0
3 241 2203 2246 2247 0 0 0 0 0 0 0
3 579 580 626 3631 1 141 130 0 0 0 0 0
3 2201 2210 2203 2247 0 0 0 0 0 0 0
3 1454 1455 1473 3644 1 1 0 0 0 0 0 0
3 605 1409 651 3174 0 0 0 0 0 0 0
3 603 661 1410 3491 0 0 0 0 0 0 0
3 319 2247 2249 3849 0 0 0 0 0 0 0
3 2201 2247 2203 2665 0 0 0 0 0 0 0
3 2941 3807 3806 3901 0 0 0 0 0 0 0
3 606 1408 652 3172 0 0 0 0 0 0 0
3 2866 2896 2881 2977 0 0 0 0 0 0 0
3 226 253 269 2665 1 147 0 0 0 0 0 0
3 1409 1440 1469 3805 1 1 0 0 0 0 0 0
3 652 3172 1408 3403 0 0 0 0 0 0 0
3 319 3849 2249 3915 0 0 0 0 0 0 0
3 2631 3427 3787 3849 0 0 0 0 0 0 0
3 605 606 651 1409 3 141 1 17 0 0 0 0 0
3 269 3328 2631 3849 0 0 0 0 0 0 0
3 3422 3787 3427 3847 0 0 0 0 0 0 0
3 2249 2251 3847 3849 0 0 0 0 0 0 0
3 1482 1483 3807 3901 0 0 0 0 0 0 0
3 699 764 700 1920 1 141 0 0 0 0 0 0
3 1440 1457 1469 3805 1 1 0 0 0 0 0 0
3 650 651 701 3174 1 141 0 0 0 0 0 0
3 2554 3047 3051 3133 0 0 0 0 0 0 0
3 3135 3237 3309 3460 0 0 0 0 0 0 0
3 881 902 882 3857 1 141 0 0 0 0 0 0
3 775 789 776 2553 1 141 0 0 0 0 0 0
3 1855 2768 3273 3291 0 0 0 0 0 0 0
3 1316 1362 1387 3554 1 135 0 0 0 0 0 0
3 268 3206 2416 3312 0 0 0 0 0 0 0
3 355 377 3134 3309 0 0 0 0 0 0 0
3 1299 3093 1321 3829 0 0 0 0 0 0 0
3 2559 3267 2768 3398 0 0 0 0 0 0 0
3 822 869 870 3961 1 141 0 0 0 0 0 0
3 1852 2702 3268 3269 0 0 0 0 0 0 0
3 1955 3017 3138 3784 0 0 0 0 0 0 0
3 2508 2509 2510 2515 0 0 0 0 0 0 0
3 1955 2165 1956 3767 0 0 0 0 0 0 0
3 582 3843 583 3926 0 0 0 130 0 0 0
3 2660 3707 3561 3951 0 0 0 0 0 0 0
3 1309 1331 1341 3838 1 135 0 0 0 0 0 0
3 580 2158 2744 3021 0 0 0 0 0 0 0
3 1271 1279 1284 3928 1 135 0 0 0 0 0 0
3 1955 3138 2165 3923 0 0 0 0 0 0 0
3 1335 3207 3576 3686 0 0 0 0 0 0 0
3 1284 1331 1309 3880 1 135 0 0 0 0 0 0
3 3207 3574 3576 3686 0 0 0 0 0 0 0
3 1779 2098 2480 2481 0 0 0 0 0 0 0
3 1018 1651 1035 1652 0 0 0 0 0 0 0
3 993 1035 1044 1654 0 0 0 0 0 0 0
3 2835 2836 3139 3947 0 0 0 0 0 0 0
3 3783 3819 3822 3923 0 0 0 0 0 0 0
3 1019 1652 1020 1653 0 0 0 0 0 0 0
3 27 910 1020 1669 2 450 447 0 0 0 0 0
3 2507 2511 3577 3686 0 0 0 0 0 0 0
3 2835 3947 3138 3948 0 0 0 0 0 0 0
3 968 1019 1653 3621 0 0 0 0 0 0 0
3 3433 3822 3881 3948 0 0 0 0 0 0 0
3 3207 3574 3434 3576 0 0 0 0 0 0 0
3 28 968 1019 1653 0 0 0 0 0 0 0
3 980 1227 1163 3905 1 135 0 0 0 0 0 0
3 2511 2512 3577 3855 0 0 0 0 0 0 0
3 981 982 1031 1093 3 137 135 128 0 0 0 0 0
3 935 1430 1006 3578 1 1 0 0 0 0 0 0
3 3433 3434 3574 3822 0 0 0 0 0 0 0
3 2619 2741 2657 3739 0 0 0 0 0 0 0
3 33 984 1011 1092 2 135 0 0 0 408 0 0
3 2173 2175 2445 2851 0 0 0 0 0 0 0
3 1091 1166 1092 1713 9 135 414 0 0 408 0 0 0
3 2384 2947 2669 3311 0 0 0 0 0 0 0
3 2041 2396 2235 2695 0 0 0 0 0 0 0
3 2343 2668 2666 2669 0 0 0 0 0 0 0
3 1074 1114 1152 3196 1 135 0 0 0 0 0 0
3 1073 1114 1662 3198 0 0 0 0 0 0 0
3 1074 1662 1114 3196 0 0 0 0 0 0 0
3 1891 2174 2177 2343 0 0 0 0 0 0 0
3 1130 2901 1444 3284 0 0 0 0 0 0 0
3 1443 1449 1444 3940 1 1 0 0 0 0 0 0
3 2324 2332 2661 3297 0 0 0 0 0 0 0
3 1444 1449 1448 3940 1 1 0 0 0 0 0 0
3 2288 2290 2291 2739 0 0 0 0 0 0 0
3 2287 2821 2942 3776 0 0 0 0 0 0 0
3 1450 2738 2940 3124 0 0 0 0 0 0 0
3 1068 1129 1443 2901 0 0 0 0 0 0 0
3 1187 1216 1235 3907 1 135 0 0 0 0 0 0
3 884 885 3123 3201 0 0 0 0 0 0 0
3 2526 2721 3229 3540 0 0 0 0 0 0 0
3 2091 2173 2445 2852 0 0 0 0 0 0 0
3 163 231 233 3951 1 147 0 0 0 0 0 0
3 2571 3007 2873 3552 0 0 0 0 0 0 0
3 1892 2668 2804 2997 0 0 0 0 0 0 0
3 1874 2681 1960 3571 0 0 0 0 0 0 0
3 1907 2679 2586 3929 0 0 0 0 0 0 0
3 2635 2639 2642 3786 0 0 0 0 0 0 0
3 2634 3609 3809 3932 0 0 0 0 0 0 0
3 233 3561 2656 3707 0 0 0 0 0 0 0
3 2660 3595 3707 3951 0 0 0 0 0 0 0
3 2583 2705 3585 3826 0 0 0 0 0 0 0
3 2703 3538 2709 3539 0 0 0 0 0 0 0
3 1313 1322 1364 3723 1 135 0 0 0 0 0 0
3 1221 1245 1232 3930 1 135 0 0 0 0 0 0
3 1313 1364 1363 3723 1 135 0 0 0 0 0 0
3 840 856 866 3410 1 141 0 0 0 0 0 0
3 1364 1376 1371 3812 1 135 0 0 0 0 0 0
3 2712 3571 3190 3635 0 0 0 0 0 0 0
3 844 852 847 2723 1 141 0 0 0 0 0 0
3 1873 1908 1874 2591 0 0 0 0 0 0 0
3 1404 1407 3691 3885 0 0 0 0 0 0 0
3 2371 2373 2372 2675 0 0 0 0 0 0 0
3 2053 2374 2063 2712 0 0 0 0 0 0 0
3 2053 2372 2709 3030 0 0 0 0 0 0 0
3 1907 1908 2679 3929 0 0 0 0 0 0 0
3 252 256 275 3213 1 147 0 0 0 0 0 0
3 220 252 275 3945 1 147 0 0 0 0 0 0
3 2307 3288 2314 3704 0 0 0 0 0 0 0
3 694 2880 3189 3342 0 0 0 0 0 0 0
3 1459 1480 1479 2817 1 1 0 0 0 0 0 0
3 220 275 274 3281 1 147 0 0 0 0 0 0
3 2101 2826 2103 3336 0 0 0 0 0 0 0
3 3003 3302 3586 3587 0 0 0 0 0 0 0
3 2103 2363 2986 3835 0 0 0 0 0 0 0
3 19 1507 511 2956 0 0 0 131 0 0 0
3 2114 2870 2989 3168 0 0 0 0 0 0 0
3 56 148 1507 2956 0 0 0 0 0 0 0
3 511 2956 1507 2957 0 0 0 0 0 0 0
3 190 2956 1508 3706 0 0 0 0 0 0 0
3 2310 3257 3221 3490 0 0 0 0 0 0 0
3 52 135 53 1511 9 147 75 0 0 101 0 0 0
3 55 190 56 1508 9 147 75 0 0 101 0 0 0
3 2135 2310 2308 2552 0 0 0 0 0 0 0
3 163 1427 3595 3707 0 0 0 0 0 0 0
3 2102 2218 2219 2801 0 0 0 0 0 0 0
3 2363 2801 2990 3689 0 0 0 0 0 0 0
3 1530 1535 1537 3054 1 75 0 0 0 0 0 0
3 2217 2446 2630 3223 0 0 0 0 0 0 0
3 2239 2637 2813 2814 0 0 0 0 0 0 0
3 2464 2985 2471 3432 0 0 0 0 0 0 0
3 2453 2455 3520 3866 0 0 0 0 0 0 0
3 518 1604 1597 3010 1 311 0 0 0 0 0 0
3 500 546 518 3010 1 143 0 0 0 0 0 0
3 2072 2650 3319 3754 0 0 0 0 0 0 0
3 2809 2811 2810 2863 0 0 0 0 0 0 0
3 634 682 781 3966 1 141 0 0 0 0 0 0
3 518 1598 1604 3010 1 311 0 0 0 0 0 0
3 2827 3672 3076 3685 0 0 0 0 0 0 0
3 2064 3444 2377 3699 0 0 0 0 0 0 0
3 1606 1607 1610 1879 1 287 0 0 0 0 0 0
3 4 138 139 2931 1 147 0 0 0 0 0 0
3 2827 3394 2828 3503 0 0 0 0 0 0 0
3 2807 2828 3525 3794 0 0 0 0 0 0 0
3 2379 2968 2807 3100 0 0 0 0 0 0 0
3 119 1613 1606 2931 1 287 0 0 0 0 0 0
3 2379 2811 2968 3086 0 0 0 0 0 0 0
3 2811 3184 3444 3445 0 0 0 0 0 0 0
3 3356 3697 3744 3863 0 0 0 0 0 0 0
3 43 138 1606 1610 8 287 0 0 0 0 0 0
3 43 158 138 1610 1 147 0 0 0 0 0 0
3 2379 3100 2807 3525 0 0 0 0 0 0 0
3 2373 3663 3665 3774 0 0 0 0 0 0 0
3 453 1611 1614 1625 4 287 0 0 0 0 0 0
3 62 1614 453 1628 0 0 0 0 0 0 0
3 62 1619 1628 1944 0 0 0 0 0 0 0
3 2050 2372 2672 2673 0 0 0 0 0 0 0
3 2046 2050 2051 2672 0 0 0 0 0 0 0
3 698 3638 765 3663 0 0 0 0 0 0 0
3 1301 3285 3219 3669 0 0 0 0 0 0 0
3 2076 2671 3452 3662 0 0 0 0 0 0 0
3 1189 2902 1261 2912 0 0 0 0 0 0 0
3 2144 3537 3220 3539 0 0 0 0 0 0 0
3 428 429 454 558 3 145 143 132 0 0 0 0 0
3 428 525 558 1621 1 143 0 0 0 0 0 0
3 453 1611 525 1628 4 287 0 0 0 0 0 0
3 1875 2350 1930 2356 0 0 0 0 0 0 0
3 62 1628 453 1944 0 0 0 0 0 0 0
3 2289 2423 2941 2942 0 0 0 0 0 0 0
3 2790 3882 3073 3886 0 0 0 0 0 0 0
3 1927 1929 1928 3069 0 0 0 0 0 0 0
3 2521 2522 2952 3894 0 0 0 0 0 0 0
3 2514 2541 3502 3690 0 0 0 0 0 0 0
3 992 1044 1035 1651 0 0 0 0 0 0 0
3 1986 1999 1988 3685 0 0 0 0 0 0 0
3 2506 3783 2512 3784 0 0 0 0 0 0 0
3 1035 1652 1651 1654 4 450 0 0 0 0 0 0
3 2512 3784 3577 3855 0 0 0 0 0 0 0
3 1955 3138 3783 3784 0 0 0 0 0 0 0
3 1954 2506 2512 3784 0 0 0 0 0 0 0
3 1138 2441 1144 3864 0 0 0 0 0 0 0
3 992 1035 1018 1651 1 137 0 0 0 0 0 0
3 937 970 1667 1901 0 0 0 0 0 0 0
3 936 2437 968 3621 0 0 0 0 0 0 0
3 2505 2506 3502 3767 0 0 0 0 0 0 0
3 585 938 586 3568 1 139 0 0 130 0 0 0
3 2858 3396 3624 3655 0 0 0 0 0 0 0
3 2858 3397 3396 3654 0 0 0 0 0 0 0
3 621 2858 724 3396 0 0 0 0 0 0 0
3 1656 1671 1661 1901 1 450 0 0 0 0 0 0
3 1656 1901 1661 3197 0 0 0 0 0 0 0
3 585 1656 938 3568 0 0 0 0 0 0 0
3 618 3647 3396 3654 0 0 0 0 0 0 0
3 618 3396 725 3654 0 0 0 0 0 0 0
3 2345 2732 2652 2736 0 0 0 0 0 0 0
3 2477 2489 2478 2491 0 0 0 0 0 0 0
3 2024 2184 2034 2344 0 0 0 0 0 0 0
3 1079 1157 1080 1684 9 135 432 0 0 426 0 0 0
3 2353 2499 2500 2606 0 0 0 0 0 0 0
3 1679 1691 1693 3392 1 432 0 0 0 0 0 0
3 2572 2573 2702 2767 0 0 0 0 0 0 0
3 2012 2767 2348 3358 0 0 0 0 0 0 0
3 2273 3673 2324 3785 0 0 0 0 0 0 0
3 2344 2346 2550 2733 0 0 0 0 0 0 0
3 928 1027 973 2020 0 0 0 0 0 0 0
3 2897 3793 3290 3888 0 0 0 0 0 0 0
3 1080 1685 1693 3684 1 432 0 0 0 0 0 0
3 1095 1226 2427 2430 0 0 0 0 0 0 0
3 2307 2310 2314 2850 0 0 0 0 0 0 0
3 2488 3223 2758 3789 0 0 0 0 0 0 0
3 1915 3466 2820 3479 0 0 0 0 0 0 0
3 1679 3392 3183 3649 0 0 0 0 0 0 0
3 1038 1142 1675 3182 0 0 0 0 0 0 0
3 1867 1868 1870 2049 0 0 0 0 0 0 0
3 2273 2324 2325 2326 0 0 0 0 0 0 0
3 1003 1158 1030 1689 0 0 0 0 0 0 0
3 1687 1695 3439 3872 0 0 0 0 0 0 0
3 1094 1158 1809 3439 0 0 0 0 0 0 0
3 1158 1689 1809 3439 0 0 0 0 0 0 0
3 1083 1158 1084 1689 9 135 432 0 0 426 0 0 0
3 1923 2324 2273 3673 0 0 0 0 0 0 0
3 1923 1924 2324 2943 0 0 0 0 0 0 0
3 1909 2460 2945 3554 0 0 0 0 0 0 0
3 1040 1041 1692 1694 0 0 0 0 0 0 0
3 2255 2493 2257 3211 0 0 0 0 0 0 0
3 2248 2254 3011 3287 0 0 0 0 0 0 0
3 2248 3286 2945 3287 0 0 0 0 0 0 0
3 1041 1678 1692 1694 4 432 0 0 0 0 0 0
3 1030 1689 1687 1694 4 432 0 0 0 0 0 0
3 1857 2005 2006 2010 0 0 0 0 0 0 0
3 1003 1030 1040 1694 1 137 0 0 0 0 0 0
3 2013 2368 2701 3467 0 0 0 0 0 0 0
3 2391 2785 2574 3749 0 0 0 0 0 0 0
3 2367 3020 2368 3467 0 0 0 0 0 0 0
3 1012 1711 1716 1717 4 414 0 0 0 0 0 0
3 23 915 954 1711 9 139 414 0 0 411 0 0 0
3 1923 2273 3669 3673 0 0 0 0 0 0 0
3 953 954 965 1707 3 139 414 411 0 0 0 0 0
3 916 1711 1012 1717 0 0 0 0 0 0 0
3 916 1013 965 1707 0 0 0 0 0 0 0
3 2003 2579 2937 3380 0 0 0 0 0 0 0
3 333 377 3405 3875 0 0 0 0 0 0 0
3 41 166 155 2651 1 147 0 0 0 0 0 0
3 2719 3116 2785 3749 0 0 0 0 0 0 0
3 341 351 404 2148 1 147 0 0 0 0 0 0
3 2002 2935 2003 2937 0 0 0 0 0 0 0
3 2365 2684 2685 2838 0 0 0 0 0 0 0
3 2078 3329 2883 3857 0 0 0 0 0 0 0
3 1890 2168 1892 2997 0 0 0 0 0 0 0
3 2836 3891 3139 3947 0 0 0 0 0 0 0
3 2507 3686 3574 3821 0 0 0 0 0 0 0
3 202 298 263 2054 1 147 0 0 0 0 0 0
3 547 550 3228 3374 0 0 0 0 0 0 0
3 208 3590 3750 3790 0 0 0 0 0 0 0
3 2835 3433 3947 3948 0 0 0 0 0 0 0
3 1237 3785 2273 3804 0 0 0 0 0 0 0
3 2381 2823 2824 3668 0 0 0 0 0 0 0
3 1199 2485 1253 3592 0 0 0 0 0 0 0
3 179 208 180 3590 1 147 0 0 0 0 0 0
3 219 221 276 2791 1 147 0 0 0 0 0 0
3 171 219 218 3169 1 147 0 0 0 0 0 0
3 1581 3462 3116 3781 0 0 0 0 0 0 0
3 2835 3138 3017 3577 0 0 0 0 0 0 0
3 2273 3785 2326 3804 0 0 0 0 0 0 0
3 171 218 175 3148 1 147 0 0 0 0 0 0
3 1516 1548 1547 2909 1 75 0 0 0 0 0 0
3 1561 3899 3809 3932 0 0 0 0 0 0 0
3 263 3237 3239 3904 0 0 0 0 0 0 0
3 262 316 292 3642 1 147 0 0 0 0 0 0
3 1591 1605 1597 3718 1 311 0 0 0 0 0 0
3 262 263 3239 3355 0 0 0 0 0 0 0
3 237 262 292 3642 1 147 0 0 0 0 0 0
3 3017 3575 3577 3855 0 0 0 0 0 0 0
3 262 3355 3239 3642 0 0 0 0 0 0 0
3 1953 3784 3691 3885 0 0 0 0 0 0 0
3 2517 2951 3433 3881 0 0 0 0 0 0 0
3 262 3547 3355 3642 0 0 0 0 0 0 0
3 502 615 672 3482 1 141 0 0 0 0 0 0
3 2517 3922 3838 3935 0 0 0 0 0 0 0
3 2520 2528 2521 2952 0 0 0 0 0 0 0
3 2517 3433 2525 3434 0 0 0 0 0 0 0
3 776 789 788 3038 1 141 0 0 0 0 0 0
3 305 348 347 3358 1 147 0 0 0 0 0 0
3 819 865 829 3465 1 141 0 0 0 0 0 0
3 3145 3354 3353 3969 0 0 0 0 0 0 0
3 895 896 898 3908 1 141 0 0 0 0 0 0
3 300 352 353 3065 1 147 0 0 0 0 0 0
3 1339 2511 1346 2512 0 0 0 0 0 0 0
3 386 409 400 3327 1 147 0 0 0 0 0 0
3 2517 2950 2525 3433 0 0 0 0 0 0 0
3 2519 2949 2951 3895 0 0 0 0 0 0 0
3 1803 2821 2435 2942 0 0 0 0 0 0 0
3 892 907 902 3551 1 141 0 0 0 0 0 0
3 2713 2714 2844 3280 0 0 0 0 0 0 0
3 1895 2356 2126 2359 0 0 0 0 0 0 0
3 2691 3156 3392 3393 0 0 0 0 0 0 0
3 2761 2893 3215 3945 0 0 0 0 0 0 0
3 2222 3075 2664 3500 0 0 0 0 0 0 0
3 369 392 2141 3689 0 0 0 0 0 0 0
3 892 898 907 3551 1 141 0 0 0 0 0 0
3 815 874 845 3740 1 141 0 0 0 0 0 0
3 331 379 2255 2256 0 0 0 0 0 0 0
3 361 399 381 3431 1 147 0 0 0 0 0 0
3 762 798 2271 3724 0 0 0 0 0 0 0
3 2716 3215 2763 3890 0 0 0 0 0 0 0
3 413 417 421 3253 1 147 0 0 0 0 0 0
3 2881 2896 2895 2900 0 0 0 0 0 0 0
3 350 366 2299 2300 0 0 0 0 0 0 0
3 898 907 3551 3908 0 0 0 0 0 0 0
3 886 898 892 3964 1 141 0 0 0 0 0 0
3 365 396 397 2293 1 147 0 0 0 0 0 0
3 2433 2763 2893 3877 0 0 0 0 0 0 0
3 2893 3833 3214 3945 0 0 0 0 0 0 0
3 397 408 407 3498 1 147 0 0 0 0 0 0
3 789 2352 846 3038 0 0 0 0 0 0 0
3 2488 3534 2491 3600 0 0 0 0 0 0 0
3 407 408 420 2424 1 147 0 0 0 0 0 0
3 2417 2820 2822 3480 0 0 0 0 0 0 0
3 1772 2416 1916 2417 0 0 0 0 0 0 0
3 347 378 3331 3359 0 0 0 0 0 0 0
3 1773 3454 3455 3486 0 0 0 0 0 0 0
3 65 143 142 3365 1 147 0 0 0 0 0 0
3 545 3144 3145 3969 0 0 0 0 0 0 0
3 2250 3962 3083 3971 0 0 0 0 0 0 0
3 431 537 432 3145 1 143 0 0 132 0 0 0
3 66 67 140 458 3 147 145 133 0 0 0 0 0
3 140 239 143 3354 1 147 0 0 0 0 0 0
3 2688 2691 2690 3603 0 0 0 0 0 0 0
3 1772 3454 2414 3455 0 0 0 0 0 0 0
3 426 1612 451 3702 0 0 0 0 0 0 0
3 2417 2822 3326 3583 0 0 0 0 0 0 0
3 1879 2087 2459 3755 0 0 0 0 0 0 0
3 425 534 3702 3959 0 0 0 0 0 0 0
3 60 451 452 1613 1 145 0 0 0 0 0 0
3 59 139 2459 3755 0 0 0 0 0 0 0
3 426 452 451 1625 1 145 0 0 0 0 0 0
3 542 2202 2210 2232 0 0 0 0 0 0 0
3 142 240 2246 3365 0 0 0 0 0 0 0
3 2696 3930 3630 3931 0 0 0 0 0 0 0
3 1772 2417 2822 3326 0 0 0 0 0 0 0
3 524 558 1621 1626 8 287 0 0 0 0 0 0
3 428 558 454 1944 0 0 0 0 0 0 0
3 2261 2570 2820 3012 0 0 0 0 0 0 0
3 3566 3569 3743 3799 0 0 0 0 0 0 0
3 430 538 543 2209 1 143 0 0 0 0 0 0
3 429 558 538 2232 1 143 0 0 0 0 0 0
3 1825 3699 1902 3954 0 0 0 0 0 0 0
3 2064 2072 2647 3514 0 0 0 0 0 0 0
3 3156 3626 3393 3800 0 0 0 0 0 0 0
3 559 1643 2286 3264 0 0 0 0 0 0 0
3 2957 2961 2958 3001 0 0 0 0 0 0 0
3 1953 1954 2397 3202 0 0 0 0 0 0 0
3 1642 1649 2960 2962 0 0 0 0 0 0 0
3 509 2962 1642 3004 0 0 0 0 0 0 0
3 1784 2569 2667 3002 0 0 0 0 0 0 0
3 1890 2803 2654 2877 0 0 0 0 0 0 0
3 1993 2224 1994 3075 0 0 0 0 0 0 0
3 580 581 627 3896 1 141 130 0 0 0 0 0
3 1893 2653 1929 2836 0 0 0 0 0 0 0
3 2667 2804 2668 3812 0 0 0 0 0 0 0
3 2563 2668 2996 3535 0 0 0 0 0 0 0
3 2307 3524 3288 3871 0 0 0 0 0 0 0
3 1890 2168 2997 3017 0 0 0 0 0 0 0
3 388 413 3488 3527 0 0 0 0 0 0 0
3 327 3305 328 3483 0 0 0 0 0 0 0
3 239 246 260 3965 1 147 0 0 0 0 0 0
3 360 3366 3758 3808 0 0 0 0 0 0 0
3 663 703 733 3934 1 141 0 0 0 0 0 0
3 492 649 493 3847 1 141 0 0 131 0 0 0
3 327 384 3368 3483 0 0 0 0 0 0 0
3 495 611 3028 3814 0 0 0 0 0 0 0
3 2496 3211 2715 3212 0 0 0 0 0 0 0
3 493 663 494 3852 1 141 0 0 131 0 0 0
3 494 663 611 3852 1 141 0 0 0 0 0 0
3 2200 2201 2631 3787 0 0 0 0 0 0 0
3 2192 2422 2420 2423 0 0 0 0 0 0 0
3 1973 2118 2989 3018 0 0 0 0 0 0 0
3 2201 2210 2247 2251 0 0 0 0 0 0 0
3 361 389 3428 3756 0 0 0 0 0 0 0
3 142 143 240 3365 1 147 0 0 0 0 0 0
3 1863 1878 1882 2022 0 0 0 0 0 0 0
3 1803 2716 2435 2816 0 0 0 0 0 0 0
3 2711 3293 3296 3556 0 0 0 0 0 0 0
3 2416 2462 2699 3206 0 0 0 0 0 0 0
3 511 680 630 3471 1 141 0 0 0 0 0 0
3 242 243 259 2993 1 147 0 0 0 0 0 0
3 510 680 511 2972 1 141 0 0 131 0 0 0
3 2325 2617 2618 3219 0 0 0 0 0 0 0
3 2190 2325 2529 2617 0 0 0 0 0 0 0
3 580 627 626 3631 1 141 0 0 0 0 0 0
3 1815 1820 2295 2296 0 0 0 0 0 0 0
3 2835 3822 3433 3948 0 0 0 0 0 0 0
3 1331 1334 1350 2952 1 135 0 0 0 0 0 0
3 581 3896 2744 3942 0 0 0 0 0 0 0
3 2924 3631 2926 3769 0 0 0 0 0 0 0
3 1279 1310 1334 2932 1 135 0 0 0 0 0 0
3 625 626 722 2926 1 141 0 0 0 0 0 0
3 1325 1356 2693 3496 0 0 0 0 0 0 0
3 1284 1334 1331 3911 1 135 0 0 0 0 0 0
3 626 721 722 3769 1 141 0 0 0 0 0 0
3 627 720 721 2949 1 141 0 0 0 0 0 0
3 626 627 721 3769 1 141 0 0 0 0 0 0
3 1349 1382 1381 3095 1 135 0 0 0 0 0 0
3 1329 1961 1960 3929 0 0 0 0 0 0 0
3 3434 3577 3574 3822 0 0 0 0 0 0 0
3 958 3843 3861 3925 0 0 0 0 0 0 0
3 2583 3074 2584 3874 0 0 0 0 0 0 0
3 1953 2168 1955 3017 0 0 0 0 0 0 0
3 2585 2586 2587 2590 0 0 0 0 0 0 0
3 1907 2351 1932 2586 0 0 0 0 0 0 0
3 3318 3415 3419 3422 0 0 0 0 0 0 0
3 1893 3139 2836 3185 0 0 0 0 0 0 0
3 2835 3577 3434 3822 0 0 0 0 0 0 0
3 387 418 419 3257 1 147 0 0 0 0 0 0
3 734 760 817 3290 1 141 0 0 0 0 0 0
3 2024 2550 2544 2733 0 0 0 0 0 0 0
3 671 2543 2539 3177 0 0 0 0 0 0 0
3 1370 3569 1386 3695 0 0 0 0 0 0 0
3 2335 3675 2955 3865 0 0 0 0 0 0 0
3 738 812 814 3514 1 141 0 0 0 0 0 0
3 779 785 794 3941 1 141 0 0 0 0 0 0
3 1354 1380 1355 2566 1 135 0 0 0 0 0 0
3 1396 3794 3503 3796 0 0 0 0 0 0 0
3 1359 1365 1375 3525 1 135 0 0 0 0 0 0
3 962 2015 2020 2689 0 0 0 0 0 0 0
3 3566 3744 3699 3801 0 0 0 0 0 0 0
3 2337 3093 2808 3100 0 0 0 0 0 0 0
3 2038 3816 2527 3908 0 0 0 0 0 0 0
3 1954 2512 2506 2513 0 0 0 0 0 0 0
3 737 814 813 3477 1 141 0 0 0 0 0 0
3 2698 3271 3107 3274 0 0 0 0 0 0 0
3 2384 2666 2669 2947 0 0 0 0 0 0 0
3 830 3463 864 3856 0 0 0 0 0 0 0
3 902 907 2083 3551 0 0 0 0 0 0 0
3 2450 2809 2531 3324 0 0 0 0 0 0 0
3 2807 2968 2808 3100 0 0 0 0 0 0 0
3 1834 1836 1835 1843 0 0 0 0 0 0 0
3 2317 2319 2318 2596 0 0 0 0 0 0 0
3 854 871 3235 3542 0 0 0 0 0 0 0
3 352 363 353 3950 1 147 0 0 0 0 0 0
3 2933 3072 3747 3899 0 0 0 0 0 0 0
3 2933 3604 3072 3899 0 0 0 0 0 0 0
3 322 323 332 3268 1 147 0 0 0 0 0 0
3 2353 2553 3038 3740 0 0 0 0 0 0 0
3 2335 2751 2819 3278 0 0 0 0 0 0 0
3 1212 1241 1239 3485 1 135 0 0 0 0 0 0
3 2131 2805 2967 2970 0 0 0 0 0 0 0
3 856 884 866 3201 1 141 0 0 0 0 0 0
3 2354 2375 2376 2403 0 0 0 0 0 0 0
3 497 3152 2242 3751 0 0 0 0 0 0 0
3 2607 2609 3063 3064 0 0 0 0 0 0 0
3 1892 2166 2343 2996 0 0 0 0 0 0 0
3 878 901 888 3816 1 141 0 0 0 0 0 0
3 2078 2079 2082 2882 0 0 0 0 0 0 0
3 3062 3064 3063 3132 0 0 0 0 0 0 0
3 1964 2137 2607 2620 0 0 0 0 0 0 0
3 1036 1670 1666 3862 0 0 0 0 0 0 0
3 1768 2095 2375 2478 0 0 0 0 0 0 0
3 37 1036 993 1654 0 0 0 0 0 0 0
3 910 1653 1020 1669 2 450 0 0 0 0 0 0
3 1769 1795 1771 2092 0 0 0 0 0 0 0
3 1892 2343 2668 2996 0 0 0 0 0 0 0
3 2134 2140 2141 2801 0 0 0 0 0 0 0
3 1550 2574 2934 3749 0 0 0 0 0 0 0
3 1651 1655 1652 2441 1 450 0 0 0 0 0 0
3 992 1018 1138 1651 0 0 0 0 0 0 0
3 1857 2576 2013 2701 0 0 0 0 0 0 0
3 985 1011 1092 1166 8 135 0 0 0 0 0 0
3 984 985 1011 1092 3 137 135 128 0 0 0 0 0
3 33 1092 1011 1713 2 414 408 0 0 0 0 0
3 328 3130 3483 3709 0 0 0 0 0 0 0
3 1011 1713 1033 1717 0 0 0 0 0 0 0
3 1012 1716 1701 1717 4 414 0 0 0 0 0 0
3 2939 3545 3380 3546 0 0 0 0 0 0 0
3 3059 3815 3470 3834 0 0 0 0 0 0 0
3 2577 3059 2700 3379 0 0 0 0 0 0 0
3 1062 1063 1134 1437 3 135 1 29 0 0 0 0 0
3 1063 1134 1437 3645 0 0 0 0 0 0 0
3 3380 3470 3646 3651 0 0 0 0 0 0 0
3 2684 2841 2839 3103 0 0 0 0 0 0 0
3 3130 3451 3483 3709 0 0 0 0 0 0 0
3 96 1107 1106 3296 1 135 0 0 0 0 0 0
3 3059 3651 3105 3734 0 0 0 0 0 0 0
3 2841 3059 3105 3734 0 0 0 0 0 0 0
3 2069 2594 2649 2650 0 0 0 0 0 0 0
3 1050 1149 1501 3519 0 0 0 0 0 0 0
3 1531 1536 1535 3034 1 75 0 0 0 0 0 0
3 2069 2070 2531 2595 0 0 0 0 0 0 0
3 384 3162 3368 3483 0 0 0 0 0 0 0
3 2065 2379 2811 2968 0 0 0 0 0 0 0
3 109 1120 179 3590 0 0 0 0 0 0 0
3 1199 3589 3588 3591 0 0 0 0 0 0 0
3 1756 1957 2039 2130 0 0 0 0 0 0 0
3 1121 1122 1198 3589 1 135 0 0 0 0 0 0
3 1233 2637 1254 2641 0 0 0 0 0 0 0
3 2068 2560 2594 2650 0 0 0 0 0 0 0
3 2594 2649 2650 3961 0 0 0 0 0 0 0
3 1051 1112 1500 3842 0 0 0 0 0 0 0
3 1554 1555 1565 3728 1 75 0 0 0 0 0 0
3 2617 3217 3360 3859 0 0 0 0 0 0 0
3 1211 3607 2819 3943 0 0 0 0 0 0 0
3 2922 2928 2926 2930 0 0 0 0 0 0 0
3 2919 3203 2922 3539 0 0 0 0 0 0 0
3 2076 2671 2708 3375 0 0 0 0 0 0 0
3 206 289 291 3656 1 147 0 0 0 0 0 0
3 2060 2919 2143 3634 0 0 0 0 0 0 0
3 285 303 289 1985 1 147 0 0 0 0 0 0
3 186 2834 211 2875 0 0 0 0 0 0 0
3 1976 2058 2060 2730 0 0 0 0 0 0 0
3 1204 1205 1248 1942 1 135 0 0 0 0 0 0
3 281 307 3300 3917 0 0 0 0 0 0 0
3 1339 2509 2512 2513 0 0 0 0 0 0 0
3 1976 2728 2058 2730 0 0 0 0 0 0 0
3 1327 1353 1354 3179 1 135 0 0 0 0 0 0
3 2727 2928 2929 2930 0 0 0 0 0 0 0
3 869 878 870 2536 1 141 0 0 0 0 0 0
3 2143 2919 2144 3539 0 0 0 0 0 0 0
3 1322 3193 1323 3311 0 0 0 0 0 0 0
3 2058 3378 2928 3772 0 0 0 0 0 0 0
3 3325 3562 3563 3762 0 0 0 0 0 0 0
3 1360 1363 1373 3304 1 135 0 0 0 0 0 0
3 2130 2798 2799 2969 0 0 0 0 0 0 0
3 330 3130 3224 3483 0 0 0 0 0 0 0
3 1699 1702 1715 1744 1 414 0 0 0 0 0 0
3 1731 2235 2205 2797 0 0 0 0 0 0 0
3 1738 2796 2084 2882 0 0 0 0 0 0 0
3 2449 2798 3106 3275 0 0 0 0 0 0 0
3 980 981 1008 1163 3 137 135 128 0 0 0 0 0
3 2812 3107 3271 3274 0 0 0 0 0 0 0
3 1059 1132 1430 1433 8 1 0 0 0 0 0 0
3 575 1992 1979 3938 0 0 0 0 0 0 0
3 1953 2996 2168 2997 0 0 0 0 0 0 0
3 1941 2363 2102 2870 0 0 0 0 0 0 0
3 575 935 964 3938 1 139 0 0 0 0 0 0
3 913 955 964 3906 1 139 0 0 0 0 0 0
3 912 1006 1008 3578 1 137 0 0 0 0 0 0
3 2393 2396 2693 2694 0 0 0 0 0 0 0
3 604 650 662 3557 1 141 0 0 0 0 0 0
3 1471 1971 2674 3347 0 0 0 0 0 0 0
3 2384 2666 2668 2669 0 0 0 0 0 0 0
3 2410 2442 2411 2765 0 0 0 0 0 0 0
3 2227 2229 2230 2697 0 0 0 0 0 0 0
3 1260 1275 1285 3217 1 135 0 0 0 0 0 0
3 232 274 2845 3281 0 0 0 0 0 0 0
3 2505 3819 3783 3923 0 0 0 0 0 0 0
3 2661 3297 3296 3785 0 0 0 0 0 0 0
3 1956 2514 2506 3690 0 0 0 0 0 0 0
3 1096 1224 1097 3830 1 135 0 0 0 0 0 0
3 1047 2474 1504 3160 0 0 0 0 0 0 0
3 21 1509 3160 3628 0 0 0 0 0 0 0
3 1047 1156 2474 3160 0 0 0 0 0 0 0
3 1046 1506 1143 3628 0 0 0 0 0 0 0
3 2693 2694 2947 3311 0 0 0 0 0 0 0
3 1112 3729 3842 3865 0 0 0 0 0 0 0
3 1215 1236 1217 2987 1 135 0 0 0 0 0 0
3 2498 2693 2694 2947 0 0 0 0 0 0 0
3 2770 2776 2893 2894 0 0 0 0 0 0 0
3 157 2580 2627 2770 0 0 0 0 0 0 0
3 2769 2776 2770 2894 0 0 0 0 0 0 0
3 506 1639 527 3310 0 0 0 0 0 0 0
3 2054 3775 3459 3904 0 0 0 0 0 0 0
3 3256 3775 3310 3817 0 0 0 0 0 0 0
3 527 1639 1647 3310 1 263 0 0 0 0 0 0
3 890 2721 3186 3913 0 0 0 0 0 0 0
3 2769 2771 2770 2776 0 0 0 0 0 0 0
3 3228 3355 3547 3548 0 0 0 0 0 0 0
3 547 3228 3141 3548 0 0 0 0 0 0 0
3 251 2892 2770 3313 0 0 0 0 0 0 0
3 1180 1183 2436 3187 0 0 0 0 0 0 0
3 1017 1018 1019 2441 1 137 0 0 0 0 0 0
3 1018 1035 1019 1652 1 137 0 0 0 0 0 0
3 224 251 2770 3313 0 0 0 0 0 0 0
3 111 181 133 3226 1 147 0 0 0 0 0 0
3 156 2580 157 2770 0 0 0 0 0 0 0
3 1753 2930 2921 3968 0 0 0 0 0 0 0
3 2780 3565 3587 3912 0 0 0 0 0 0 0
3 2634 3512 3609 3932 0 0 0 0 0 0 0
3 2924 2926 2927 3771 0 0 0 0 0 0 0
3 2920 2922 2923 2925 0 0 0 0 0 0 0
3 2924 2925 2930 3631 0 0 0 0 0 0 0
3 1753 3559 2930 3968 0 0 0 0 0 0 0
3 2925 3559 2930 3631 0 0 0 0 0 0 0
3 2071 2808 2807 2968 0 0 0 0 0 0 0
3 2064 2806 2072 3514 0 0 0 0 0 0 0
3 53 191 54 1510 9 147 75 0 0 101 0 0 0
3 2069 2595 2531 2648 0 0 0 0 0 0 0
3 1739 1885 1755 2131 0 0 0 0 0 0 0
3 2536 2560 2726 2796 0 0 0 0 0 0 0
3 2067 2378 2379 2828 0 0 0 0 0 0 0
3 2655 2829 3075 3477 0 0 0 0 0 0 0
3 2222 2538 2413 2678 0 0 0 0 0 0 0
3 144 1596 462 3016 0 0 0 0 0 0 0
3 2230 2567 2568 2697 0 0 0 0 0 0 0
3 69 113 460 1599 0 0 0 0 0 0 0
3 1848 2594 2560 2726 0 0 0 0 0 0 0
3 462 1596 1603 3016 0 0 0 0 0 0 0
3 475 3016 557 3023 0 0 0 0 0 0 0
3 115 1593 1596 3019 1 311 0 0 0 0 0 0
3 69 144 114 462 1 147 0 0 0 0 0 0
3 1964 2404 2375 2620 0 0 0 0 0 0 0
3 2140 2801 2481 3688 0 0 0 0 0 0 0
3 462 475 463 3016 1 145 0 0 0 0 0 0
3 1593 1604 1596 3019 1 311 0 0 0 0 0 0
3 557 3009 1598 3010 0 0 0 0 0 0 0
3 185 3236 3023 3348 0 0 0 0 0 0 0
3 1596 1604 1598 3016 1 311 0 0 0 0 0 0
3 2293 2843 2988 3497 0 0 0 0 0 0 0
3 1937 1981 2234 2299 0 0 0 0 0 0 0
3 2140 2141 2801 3688 0 0 0 0 0 0 0
3 688 729 3049 3050 0 0 0 0 0 0 0
3 2136 2141 2139 3387 0 0 0 0 0 0 0
3 2307 2309 2492 3524 0 0 0 0 0 0 0
3 503 540 3131 3548 0 0 0 0 0 0 0
3 289 3067 291 3656 0 0 0 0 0 0 0
3 1250 1251 1291 2825 1 135 0 0 0 0 0 0
3 2305 3161 2621 3224 0 0 0 0 0 0 0
3 2135 2138 2136 2308 0 0 0 0 0 0 0
3 238 326 293 1840 1 147 0 0 0 0 0 0
3 2134 2135 2552 2990 0 0 0 0 0 0 0
3 1605 3714 3716 3718 0 0 0 0 0 0 0
3 2102 2989 2363 2990 0 0 0 0 0 0 0
3 1738 2882 1849 2884 0 0 0 0 0 0 0
3 2850 3254 3221 3257 0 0 0 0 0 0 0
3 777 788 787 3040 1 141 0 0 0 0 0 0
3 2966 2973 2981 3004 0 0 0 0 0 0 0
3 2536 2678 2560 2796 0 0 0 0 0 0 0
3 393 414 3136 3927 0 0 0 0 0 0 0
3 2494 2568 2567 2697 0 0 0 0 0 0 0
3 2796 2884 3266 3858 0 0 0 0 0 0 0
3 2084 2796 3816 3858 0 0 0 0 0 0 0
3 329 356 381 3322 1 147 0 0 0 0 0 0
3 2087 2457 2458 2944 0 0 0 0 0 0 0
3 3062 3119 3130 3224 0 0 0 0 0 0 0
3 730 792 736 3967 1 141 0 0 0 0 0 0
3 375 386 385 3119 1 147 0 0 0 0 0 0
3 2593 2594 2726 3944 0 0 0 0 0 0 0
3 736 3255 3447 3967 0 0 0 0 0 0 0
3 375 3119 385 3261 0 0 0 0 0 0 0
3 1635 3143 1647 3778 0 0 0 0 0 0 0
3 1848 2593 2151 2594 0 0 0 0 0 0 0
3 503 504 547 3456 1 143 131 0 0 0 0 0
3 2064 2377 2806 3699 0 0 0 0 0 0 0
3 584 665 664 3821 1 141 0 0 0 0 0 0
3 1267 1277 1274 3188 1 135 0 0 0 0 0 0
3 1207 1274 1338 3660 1 135 0 0 0 0 0 0
3 2669 2694 3002 3311 0 0 0 0 0 0 0
3 583 584 664 3920 1 141 130 0 0 0 0 0
3 2448 3013 2799 3178 0 0 0 0 0 0 0
3 718 747 3469 3948 0 0 0 0 0 0 0
3 2837 3208 3509 3887 0 0 0 0 0 0 0
3 3489 3831 3726 3926 0 0 0 0 0 0 0
3 2166 2167 2225 2392 0 0 0 0 0 0 0
3 1429 1456 1437 2075 1 1 0 0 0 0 0 0
3 577 1703 1753 3579 0 0 0 0 0 0 0
3 623 624 723 2928 1 141 0 0 0 0 0 0
3 624 2926 2928 3839 0 0 0 0 0 0 0
3 624 722 723 2928 1 141 0 0 0 0 0 0
3 721 745 744 3874 1 141 0 0 0 0 0 0
3 2073 2132 2233 2280 0 0 0 0 0 0 0
3 1949 2530 2450 2809 0 0 0 0 0 0 0
3 2445 3201 3123 3536 0 0 0 0 0 0 0
3 1827 2239 1830 2642 0 0 0 0 0 0 0
3 2334 2451 2954 3094 0 0 0 0 0 0 0
3 681 690 780 3690 1 141 0 0 0 0 0 0
3 1367 3344 1368 3507 0 0 0 0 0 0 0
3 2379 3086 2968 3100 0 0 0 0 0 0 0
3 1987 3501 3248 3510 0 0 0 0 0 0 0
3 2129 2697 2568 3013 0 0 0 0 0 0 0
3 2747 2889 2907 2908 0 0 0 0 0 0 0
3 1989 1995 1993 3248 0 0 0 0 0 0 0
3 2047 3279 2551 3407 0 0 0 0 0 0 0
3 2046 2052 2049 2055 0 0 0 0 0 0 0
3 2046 2672 2051 3637 0 0 0 0 0 0 0
3 2525 2831 2590 2832 0 0 0 0 0 0 0
3 1893 2835 2653 2836 0 0 0 0 0 0 0
3 788 846 819 3039 1 141 0 0 0 0 0 0
3 3017 3575 3855 3885 0 0 0 0 0 0 0
3 2831 3873 3575 3885 0 0 0 0 0 0 0
3 2981 3470 3474 3815 0 0 0 0 0 0 0
3 367 372 394 2734 1 147 0 0 0 0 0 0
3 3015 3570 3129 3587 0 0 0 0 0 0 0
3 1297 1305 1320 3085 1 135 0 0 0 0 0 0
3 1305 1312 1320 3086 1 135 0 0 0 0 0 0
3 738 739 812 2647 1 141 0 0 0 0 0 0
3 1870 2053 2063 2712 0 0 0 0 0 0 0
3 1377 1378 1399 2383 1 135 0 0 0 0 0 0
3 1918 2254 2248 2945 0 0 0 0 0 0 0
3 346 368 349 2300 1 147 0 0 0 0 0 0
3 1772 2361 2101 2826 0 0 0 0 0 0 0
3 349 366 350 2300 1 147 0 0 0 0 0 0
3 1931 2254 2460 2873 0 0 0 0 0 0 0
3 2253 2460 2254 2945 0 0 0 0 0 0 0
3 2419 3204 3479 3480 0 0 0 0 0 0 0
3 2248 3011 3012 3287 0 0 0 0 0 0 0
3 1778 2482 3300 3917 0 0 0 0 0 0 0
3 2196 2462 2198 2699 0 0 0 0 0 0 0
3 2257 2496 2495 3211 0 0 0 0 0 0 0
3 1935 1937 2234 2282 0 0 0 0 0 0 0
3 928 963 962 2020 1 139 0 0 0 0 0 0
3 1337 1347 1342 3863 1 135 0 0 0 0 0 0
3 1336 1347 1337 3350 1 135 0 0 0 0 0 0
3 1772 2414 2417 3326 0 0 0 0 0 0 0
3 1181 1266 1308 2015 1 135 0 0 0 0 0 0
3 1895 2194 2019 2294 0 0 0 0 0 0 0
3 994 1036 1078 1139 8 135 0 0 0 0 0 0
3 2238 2263 2262 2913 0 0 0 0 0 0 0
3 1022 1024 1023 3171 1 137 0 0 0 0 0 0
3 1558 1561 3747 3809 0 0 0 0 0 0 0
3 1828 1833 1832 2109 0 0 0 0 0 0 0
3 1011 1033 1012 1717 1 137 0 0 0 0 0 0
3 1010 1012 1711 1716 0 0 0 0 0 0 0
3 1558 3610 3606 3747 0 0 0 0 0 0 0
3 1519 3472 3108 3706 0 0 0 0 0 0 0
3 1561 2933 3747 3899 0 0 0 0 0 0 0
3 630 680 3470 3471 0 0 0 0 0 0 0
3 1439 1453 1452 3637 1 1 0 0 0 0 0 0
3 2065 2810 2809 2811 0 0 0 0 0 0 0
3 1362 3553 3417 3554 0 0 0 0 0 0 0
3 2369 3034 2745 3251 0 0 0 0 0 0 0
3 1967 1970 2151 2317 0 0 0 0 0 0 0
3 2595 2596 3180 3436 0 0 0 0 0 0 0
3 193 2961 204 3270 0 0 0 0 0 0 0
3 2837 3506 3208 3887 0 0 0 0 0 0 0
3 1000 1038 1037 3182 1 137 0 0 0 0 0 0
3 3108 3472 3646 3708 0 0 0 0 0 0 0
3 36 1001 1142 1675 1 135 0 0 0 0 0 0
3 2451 2968 2811 3086 0 0 0 0 0 0 0
3 1848 2593 2726 2743 0 0 0 0 0 0 0
3 1968 1970 2070 2147 0 0 0 0 0 0 0
3 1079 1157 1684 3181 0 0 0 0 0 0 0
3 2335 2819 3675 3865 0 0 0 0 0 0 0
3 2379 3086 3100 3525 0 0 0 0 0 0 0
3 830 864 863 3856 1 141 0 0 0 0 0 0
3 1052 1109 1499 3729 0 0 0 0 0 0 0
3 2337 2968 2451 3085 0 0 0 0 0 0 0
3 1051 1501 1149 3842 0 0 0 0 0 0 0
3 1499 3608 1555 3729 0 0 0 0 0 0 0
3 1275 1315 3217 3219 0 0 0 0 0 0 0
3 2065 2377 2810 2811 0 0 0 0 0 0 0
3 230 264 266 3295 1 147 0 0 0 0 0 0
3 2337 2968 3085 3100 0 0 0 0 0 0 0
3 592 3697 2690 3828 0 0 0 0 0 0 0
3 2080 2081 2354 2376 0 0 0 0 0 0 0
3 2041 2241 2498 2947 0 0 0 0 0 0 0
3 630 3650 3470 3651 0 0 0 0 0 0 0
3 2139 3341 2142 3387 0 0 0 0 0 0 0
3 2376 2403 2404 2499 0 0 0 0 0 0 0
3 1266 1336 1337 3703 1 135 0 0 0 0 0 0
3 2028 2549 2499 2607 0 0 0 0 0 0 0
3 1150 2015 1170 2016 0 0 0 0 0 0 0
3 1170 1181 1308 2015 1 135 0 0 0 0 0 0
3 2184 3082 2188 3950 0 0 0 0 0 0 0
3 1145 1182 2029 2030 0 0 0 0 0 0 0
3 1266 1337 1308 3703 1 135 0 0 0 0 0 0
3 2979 3065 3066 3067 0 0 0 0 0 0 0
3 1384 3567 3505 3685 0 0 0 0 0 0 0
3 2411 2547 2413 2723 0 0 0 0 0 0 0
3 1136 1184 1147 3861 1 135 0 0 0 0 0 0
3 3555 3843 3726 3861 0 0 0 0 0 0 0
3 957 3843 3555 3861 0 0 0 0 0 0 0
3 1310 1332 1366 3894 1 135 0 0 0 0 0 0
3 919 3861 1016 3883 0 0 0 0 0 0 0
3 2426 3861 3726 3925 0 0 0 0 0 0 0
3 1519 1533 3108 3472 0 0 0 0 0 0 0
3 1508 3472 1519 3706 0 0 0 0 0 0 0
3 2047 3199 3407 3643 0 0 0 0 0 0 0
3 1349 1381 1366 3096 1 135 0 0 0 0 0 0
3 1533 3646 3472 3650 0 0 0 0 0 0 0
3 1381 1382 1394 3095 1 135 0 0 0 0 0 0
3 1371 3418 3552 3619 0 0 0 0 0 0 0
3 1334 1366 1350 3894 1 135 0 0 0 0 0 0
3 2956 2972 3471 3472 0 0 0 0 0 0 0
3 1508 2956 3472 3706 0 0 0 0 0 0 0
3 1345 1350 1381 2521 1 135 0 0 0 0 0 0
3 1345 1405 1389 2524 1 135 0 0 0 0 0 0
3 1310 1366 1334 3894 1 135 0 0 0 0 0 0
3 1063 1437 1438 3645 1 1 0 0 0 0 0 0
3 1429 1435 1446 2086 1 1 0 0 0 0 0 0
3 1505 3472 3471 3650 0 0 0 0 0 0 0
3 697 2058 3638 3722 0 0 0 0 0 0 0
3 2375 2404 2403 2914 0 0 0 0 0 0 0
3 2353 2553 2606 3038 0 0 0 0 0 0 0
3 1062 1134 1429 1437 8 1 0 0 0 0 0 0
3 1134 1429 1437 2075 0 0 0 0 0 0 0
3 2873 3304 3007 3553 0 0 0 0 0 0 0
3 1480 1489 1494 2821 1 1 0 0 0 0 0 0
3 2403 2499 3740 3832 0 0 0 0 0 0 0
3 297 312 337 3970 1 147 0 0 0 0 0 0
3 1259 1285 1287 3360 1 135 0 0 0 0 0 0
3 2333 2616 2619 2657 0 0 0 0 0 0 0
3 2184 2652 2344 2732 0 0 0 0 0 0 0
3 2499 2553 3740 3832 0 0 0 0 0 0 0
3 2081 2353 2499 2500 0 0 0 0 0 0 0
3 152 3294 3280 3595 0 0 0 0 0 0 0
3 2424 3499 2544 3927 0 0 0 0 0 0 0
3 1450 1487 1488 3124 1 1 0 0 0 0 0 0
3 1994 2161 1999 2392 0 0 0 0 0 0 0
3 2392 2397 2398 2399 0 0 0 0 0 0 0
3 1520 1521 1545 3651 1 75 0 0 0 0 0 0
3 2412 2413 2548 2723 0 0 0 0 0 0 0
3 135 244 191 3708 1 147 0 0 0 0 0 0
3 2411 2413 2412 2723 0 0 0 0 0 0 0
3 52 1511 1512 3545 1 75 0 0 0 0 0 0
3 1498 1557 1556 3608 1 75 0 0 0 0 0 0
3 1240 1243 1299 3513 1 135 0 0 0 0 0 0
3 1571 1572 1581 3781 1 75 0 0 0 0 0 0
3 1573 1579 1580 3457 1 75 0 0 0 0 0 0
3 1539 1573 1540 3640 1 75 0 0 0 0 0 0
3 2889 2906 2982 2983 0 0 0 0 0 0 0
3 2222 2283 2413 2664 0 0 0 0 0 0 0
3 1574 1575 1577 2748 1 75 0 0 0 0 0 0
3 1827 2635 2639 2642 0 0 0 0 0 0 0
3 2623 3259 3271 3332 0 0 0 0 0 0 0
3 1497 1558 1557 3610 1 75 0 0 0 0 0 0
3 824 2648 3180 3436 0 0 0 0 0 0 0
3 713 714 752 2886 1 141 0 0 0 0 0 0
3 1540 1573 1572 3458 1 75 0 0 0 0 0 0
3 1993 2412 2226 2664 0 0 0 0 0 0 0
3 1993 3248 2160 3526 0 0 0 0 0 0 0
3 3072 3809 3747 3899 0 0 0 0 0 0 0
3 846 851 881 3041 1 141 0 0 0 0 0 0
3 2170 2813 2624 2814 0 0 0 0 0 0 0
3 2388 2389 2909 3899 0 0 0 0 0 0 0
3 1751 1759 1846 2113 0 0 0 0 0 0 0
3 114 1599 462 1603 2 311 0 0 0 0 0 0
3 562 3471 630 3650 0 0 0 0 0 0 0
3 460 1599 1600 1603 4 311 0 0 0 0 0 0
3 2634 2913 2636 3361 0 0 0 0 0 0 0
3 69 462 114 1599 0 0 0 0 0 0 0
3 69 114 113 1599 5 147 311 0 304 0 0 0 0
3 1827 2388 2635 3072 0 0 0 0 0 0 0
3 453 1614 1611 1628 4 287 0 0 0 0 0 0
3 1547 2909 3661 3899 0 0 0 0 0 0 0
3 562 1505 3471 3650 0 0 0 0 0 0 0
3 427 525 453 1611 0 0 0 0 0 0 0
3 1561 3604 2933 3899 0 0 0 0 0 0 0
3 1636 2960 1638 3270 0 0 0 0 0 0 0
3 124 193 125 1638 9 147 263 0 0 256 0 0 0
3 2993 3646 3472 3708 0 0 0 0 0 0 0
3 124 189 193 1641 1 147 0 0 0 0 0 0
3 1547 3899 1561 3932 0 0 0 0 0 0 0
3 2893 3214 3215 3945 0 0 0 0 0 0 0
3 2707 2894 2893 3877 0 0 0 0 0 0 0
3 2774 3242 2977 3916 0 0 0 0 0 0 0
3 2866 2881 2879 2977 0 0 0 0 0 0 0
3 38 1138 1071 1651 9 135 450 0 0 444 0 0 0
3 2432 2771 2433 2776 0 0 0 0 0 0 0
3 2580 2778 2771 3719 0 0 0 0 0 0 0
3 2865 2880 2895 3773 0 0 0 0 0 0 0
3 1079 1142 1157 3181 1 135 0 0 0 0 0 0
3 1079 1675 1142 3181 0 0 0 0 0 0 0
3 1676 3182 1691 3649 0 0 0 0 0 0 0
3 1142 1155 1157 3181 1 135 0 0 0 0 0 0
3 2627 3313 2776 3903 0 0 0 0 0 0 0
3 1079 1691 1675 3181 1 432 0 0 0 0 0 0
3 1026 1037 1027 3175 1 137 0 0 0 0 0 0
3 1155 1170 1157 2691 1 135 0 0 0 0 0 0
3 2580 2770 2771 2778 0 0 0 0 0 0 0
3 936 1668 2437 3621 0 0 0 0 0 0 0
3 936 1653 1668 3621 1 450 0 0 0 0 0 0
3 79 450 423 2957 1 145 0 0 0 0 0 0
3 320 3080 3071 3083 0 0 0 0 0 0 0
3 1545 3650 3651 3738 0 0 0 0 0 0 0
3 384 3367 387 3368 0 0 0 0 0 0 0
3 968 1017 3621 3883 0 0 0 0 0 0 0
3 494 611 495 3814 1 141 0 0 131 0 0 0
3 968 1017 1019 3621 0 0 0 0 0 0 0
3 2055 3636 3720 3937 0 0 0 0 0 0 0
3 334 3024 387 3070 0 0 0 0 0 0 0
3 383 3024 3071 3368 0 0 0 0 0 0 0
3 2052 3636 2055 3721 0 0 0 0 0 0 0
3 1873 2704 1874 2712 0 0 0 0 0 0 0
3 2046 3637 2055 3869 0 0 0 0 0 0 0
3 901 902 907 2083 1 141 0 0 0 0 0 0
3 1356 1379 1378 2382 1 135 0 0 0 0 0 0
3 3489 3726 3555 3843 0 0 0 0 0 0 0
3 1830 2625 2629 2984 0 0 0 0 0 0 0
3 363 365 397 2293 1 147 0 0 0 0 0 0
3 864 881 882 3857 1 141 0 0 0 0 0 0
3 845 892 851 2352 1 141 0 0 0 0 0 0
3 1583 3457 2599 3836 0 0 0 0 0 0 0
3 353 363 362 3950 1 147 0 0 0 0 0 0
3 1830 1831 1836 2157 0 0 0 0 0 0 0
3 1520 1545 3650 3651 0 0 0 0 0 0 0
3 362 363 398 3659 1 147 0 0 0 0 0 0
3 1579 2597 2600 3457 0 0 0 0 0 0 0
3 1555 2603 3728 3729 0 0 0 0 0 0 0
3 851 892 902 2082 1 141 0 0 0 0 0 0
3 2180 2749 2597 2890 0 0 0 0 0 0 0
3 863 3856 882 3858 0 0 0 0 0 0 0
3 426 451 1612 1625 0 0 0 0 0 0 0
3 426 484 1612 3702 0 0 0 0 0 0 0
3 2625 2629 2984 3827 0 0 0 0 0 0 0
3 1114 1800 3196 3198 0 0 0 0 0 0 0
3 1800 3197 3196 3198 0 0 0 0 0 0 0
3 3420 3568 3572 3680 0 0 0 0 0 0 0
3 3197 3568 3420 3680 0 0 0 0 0 0 0
3 434 474 473 1586 1 145 0 0 0 0 0 0
3 544 1588 1586 3144 0 0 0 0 0 0 0
3 434 473 544 1586 0 0 0 0 0 0 0
3 67 140 458 3144 0 0 0 0 0 0 0
3 67 459 1584 3144 0 0 0 0 0 0 0
3 2688 2690 3697 3828 0 0 0 0 0 0 0
3 6 68 113 1584 9 147 311 0 0 304 0 0 0
3 2688 3602 3603 3828 0 0 0 0 0 0 0
3 68 459 460 1600 1 145 0 0 0 0 0 0
3 1800 3197 3660 3680 0 0 0 0 0 0 0
3 474 1585 1587 1600 4 311 0 0 0 0 0 0
3 459 473 474 1585 1 145 0 0 0 0 0 0
3 2688 3697 2689 3863 0 0 0 0 0 0 0
3 3648 3677 3676 3736 0 0 0 0 0 0 0
3 433 544 473 3144 0 0 0 0 0 0 0
3 1673 3197 3196 3677 0 0 0 0 0 0 0
3 1272 2688 3602 3603 0 0 0 0 0 0 0
3 1806 2291 2333 2615 0 0 0 0 0 0 0
3 1803 2815 2713 2816 0 0 0 0 0 0 0
3 513 539 514 1588 9 143 311 0 0 307 0 0 0
3 2191 2915 2272 2974 0 0 0 0 0 0 0
3 2194 2663 2915 2974 0 0 0 0 0 0 0
3 514 1588 539 3751 0 0 0 0 0 0 0
3 2270 2915 3484 3725 0 0 0 0 0 0 0
3 2259 3151 3486 3487 0 0 0 0 0 0 0
3 1972 2682 2492 3888 0 0 0 0 0 0 0
3 1973 2114 2870 2989 0 0 0 0 0 0 0
3 2207 2256 2257 2259 0 0 0 0 0 0 0
3 2408 3289 3170 3485 0 0 0 0 0 0 0
3 514 539 555 3751 1 143 0 0 0 0 0 0
3 1762 1763 1802 1819 0 0 0 0 0 0 0
3 2211 3419 2212 3421 0 0 0 0 0 0 0
3 1802 1887 1869 2126 0 0 0 0 0 0 0
3 2270 3484 2359 3724 0 0 0 0 0 0 0
3 2125 2358 2128 2790 0 0 0 0 0 0 0
3 2074 2916 3102 3173 0 0 0 0 0 0 0
3 719 2948 2951 3469 0 0 0 0 0 0 0
3 627 628 720 2949 1 141 0 0 0 0 0 0
3 664 665 691 3819 1 141 0 0 0 0 0 0
3 1148 1274 1207 3622 1 135 0 0 0 0 0 0
3 584 585 665 3687 1 141 130 0 0 0 0 0
3 63 455 141 2232 0 0 0 0 0 0 0
3 2032 3343 2539 3351 0 0 0 0 0 0 0
3 2201 2202 2203 2210 0 0 0 0 0 0 0
3 492 542 2202 2210 0 0 0 0 0 0 0
3 1281 1340 1336 3351 1 135 0 0 0 0 0 0
3 1312 1365 3086 3446 0 0 0 0 0 0 0
3 587 3210 588 3736 0 0 0 130 0 0 0
3 2015 2689 2688 2691 0 0 0 0 0 0 0
3 455 2209 2231 2232 0 0 0 0 0 0 0
3 1896 2203 2202 2232 0 0 0 0 0 0 0
3 586 587 668 3572 1 141 130 0 0 0 0 0
3 656 668 681 2505 1 141 0 0 0 0 0 0
3 2544 2546 2545 3499 0 0 0 0 0 0 0
3 2444 3122 2445 3223 0 0 0 0 0 0 0
3 1332 1349 1366 3096 1 135 0 0 0 0 0 0
3 1332 1333 1349 3584 1 135 0 0 0 0 0 0
3 2346 2347 2550 2995 0 0 0 0 0 0 0
3 1395 1402 3416 3418 0 0 0 0 0 0 0
3 2007 2692 2793 3475 0 0 0 0 0 0 0
3 1836 2625 2145 2629 0 0 0 0 0 0 0
3 1350 1366 1381 2521 1 135 0 0 0 0 0 0
3 880 2855 3230 3231 0 0 0 0 0 0 0
3 722 743 723 3532 1 141 0 0 0 0 0 0
3 2345 2734 2732 2736 0 0 0 0 0 0 0
3 204 2959 2961 3001 0 0 0 0 0 0 0
3 1751 1833 1831 2113 0 0 0 0 0 0 0
3 1636 2960 3270 3369 0 0 0 0 0 0 0
3 2966 2981 3402 3558 0 0 0 0 0 0 0
3 629 718 719 2951 1 141 0 0 0 0 0 0
3 2015 2688 2689 3692 0 0 0 0 0 0 0
3 194 1636 3369 3370 0 0 0 0 0 0 0
3 2160 3248 2725 3526 0 0 0 0 0 0 0
3 3370 3778 3760 3797 0 0 0 0 0 0 0
3 1312 1344 1365 3446 1 135 0 0 0 0 0 0
3 3373 3400 3402 3404 0 0 0 0 0 0 0
3 617 618 726 3698 1 141 0 0 0 0 0 0
3 2964 3369 3005 3370 0 0 0 0 0 0 0
3 3733 3778 3777 3797 0 0 0 0 0 0 0
3 691 770 771 3923 1 141 0 0 0 0 0 0
3 3372 3373 3401 3733 0 0 0 0 0 0 0
3 770 793 771 3914 1 141 0 0 0 0 0 0
3 1308 1337 3692 3703 0 0 0 0 0 0 0
3 1402 3418 3619 3873 0 0 0 0 0 0 0
3 1399 2383 2562 2563 0 0 0 0 0 0 0
3 1397 1403 1398 3672 1 135 0 0 0 0 0 0
3 1379 1397 1398 3674 1 135 0 0 0 0 0 0
3 844 2548 852 2723 0 0 0 0 0 0 0
3 1013 1717 1033 3581 0 0 0 0 0 0 0
3 1713 1717 1719 3581 1 414 0 0 0 0 0 0
3 1175 2691 2688 3603 0 0 0 0 0 0 0
3 1707 1719 1717 3581 1 414 0 0 0 0 0 0
3 1033 1713 1166 3581 0 0 0 0 0 0 0
3 814 823 822 3319 1 141 0 0 0 0 0 0
3 1318 1319 1360 3553 1 135 0 0 0 0 0 0
3 880 884 903 2329 1 141 0 0 0 0 0 0
3 2357 2677 3580 3581 0 0 0 0 0 0 0
3 2114 3487 3168 3527 0 0 0 0 0 0 0
3 1707 3580 1719 3581 0 0 0 0 0 0 0
3 1204 1247 1208 3931 1 135 0 0 0 0 0 0
3 1392 1405 1394 3092 1 135 0 0 0 0 0 0
3 2577 2939 3104 3840 0 0 0 0 0 0 0
3 309 343 344 3455 1 147 0 0 0 0 0 0
3 2840 3060 2841 3113 0 0 0 0 0 0 0
3 894 897 905 3601 1 141 0 0 0 0 0 0
3 1284 3880 1309 3942 0 0 0 0 0 0 0
3 350 366 365 2299 1 147 0 0 0 0 0 0
3 2576 3060 2840 3087 0 0 0 0 0 0 0
3 886 897 898 3550 1 141 0 0 0 0 0 0
3 933 1030 1007 3872 1 137 0 0 0 0 0 0
3 2346 2348 2767 3358 0 0 0 0 0 0 0
3 1868 2048 2047 2049 0 0 0 0 0 0 0
3 1924 2197 2324 3090 0 0 0 0 0 0 0
3 2093 2219 2096 2220 0 0 0 0 0 0 0
3 1772 2414 2416 2417 0 0 0 0 0 0 0
3 2945 3285 3286 3669 0 0 0 0 0 0 0
3 2945 3287 3285 3554 0 0 0 0 0 0 0
3 1931 1932 2022 2874 0 0 0 0 0 0 0
3 1915 2407 1916 2943 0 0 0 0 0 0 0
3 1693 3626 3156 3684 0 0 0 0 0 0 0
3 1685 2430 3626 3684 0 0 0 0 0 0 0
3 1159 3156 2430 3684 0 0 0 0 0 0 0
3 3156 3181 3392 3684 0 0 0 0 0 0 0
3 1693 3156 3392 3684 0 0 0 0 0 0 0
3 1077 1154 1672 3200 0 0 0 0 0 0 0
3 996 1154 1145 3171 1 135 0 0 0 0 0 0
3 1024 1025 1997 2029 0 0 0 0 0 0 0
3 1024 2029 1997 3171 0 0 0 0 0 0 0
3 1998 2032 2044 3343 0 0 0 0 0 0 0
3 1157 3181 3156 3684 0 0 0 0 0 0 0
3 1157 3156 1159 3684 0 0 0 0 0 0 0
3 3489 3838 3926 3942 0 0 0 0 0 0 0
3 2235 2395 2497 2797 0 0 0 0 0 0 0
3 2659 3280 2714 3837 0 0 0 0 0 0 0
3 2193 2421 2431 2762 0 0 0 0 0 0 0
3 770 779 794 2165 1 141 0 0 0 0 0 0
3 1802 1808 2123 2126 0 0 0 0 0 0 0
3 27 1020 1664 1669 8 450 0 0 0 0 0 0
3 923 924 941 1664 1 139 129 0 0 0 0 0
3 2613 2740 2815 3776 0 0 0 0 0 0 0
3 2122 2617 3360 3859 0 0 0 0 0 0 0
3 2519 3926 3838 3942 0 0 0 0 0 0 0
3 1019 1035 1020 1652 1 137 0 0 0 0 0 0
3 1020 1653 1652 1669 4 450 0 0 0 0 0 0
3 923 1021 924 1664 1 137 0 0 129 0 0 0
3 1020 1035 1036 1654 1 137 0 0 0 0 0 0
3 1020 1669 1654 1670 4 450 0 0 0 0 0 0
3 1262 2158 3942 3952 0 0 0 0 0 0 0
3 2915 3260 3670 3725 0 0 0 0 0 0 0
3 97 154 98 1108 9 147 135 0 0 127 0 0 0
3 96 169 97 1107 9 147 135 0 0 127 0 0 0
3 2359 2401 2998 3724 0 0 0 0 0 0 0
3 2270 3724 2271 3725 0 0 0 0 0 0 0
3 1909 2618 2253 2643 0 0 0 0 0 0 0
3 192 3276 245 3546 0 0 0 0 0 0 0
3 135 3545 192 3546 0 0 0 0 0 0 0
3 1129 1130 1188 2901 1 135 0 0 0 0 0 0
3 2937 3546 3140 3633 0 0 0 0 0 0 0
3 2937 3276 3633 3791 0 0 0 0 0 0 0
3 2939 3380 3545 3840 0 0 0 0 0 0 0
3 2013 2701 2576 3087 0 0 0 0 0 0 0
3 1185 3942 3489 3952 0 0 0 0 0 0 0
3 2002 2935 3276 3955 0 0 0 0 0 0 0
3 2453 3222 3054 3866 0 0 0 0 0 0 0
3 99 172 188 2419 1 147 0 0 0 0 0 0
3 172 227 217 2419 1 147 0 0 0 0 0 0
3 154 227 172 2418 1 147 0 0 0 0 0 0
3 172 217 188 2419 1 147 0 0 0 0 0 0
3 1839 3112 3713 3715 0 0 0 0 0 0 0
3 1948 2452 2453 2454 0 0 0 0 0 0 0
3 2848 3700 3290 3893 0 0 0 0 0 0 0
3 280 3302 3586 3917 0 0 0 0 0 0 0
3 188 217 216 3315 1 147 0 0 0 0 0 0
3 1210 1220 1242 3128 1 135 0 0 0 0 0 0
3 217 227 278 2415 1 147 0 0 0 0 0 0
3 1205 3473 1942 3476 0 0 0 0 0 0 0
3 830 3265 3463 3856 0 0 0 0 0 0 0
3 1140 1201 1203 3867 1 135 0 0 0 0 0 0
3 3253 3257 3254 3759 0 0 0 0 0 0 0
3 2476 3024 3257 3367 0 0 0 0 0 0 0
3 1140 3867 2875 3909 0 0 0 0 0 0 0
3 2846 3288 2848 3290 0 0 0 0 0 0 0
3 186 1116 2834 2875 0 0 0 0 0 0 0
3 105 1116 186 2875 0 0 0 0 0 0 0
3 3029 3071 3083 3705 0 0 0 0 0 0 0
3 105 182 1140 2875 0 0 0 0 0 0 0
3 3814 3853 3852 3934 0 0 0 0 0 0 0
3 499 1595 3306 3716 0 0 0 0 0 0 0
3 2849 3027 3025 3704 0 0 0 0 0 0 0
3 3071 3366 3083 3705 0 0 0 0 0 0 0
3 1203 1249 1205 3299 1 135 0 0 0 0 0 0
3 1116 1203 1205 3473 1 135 0 0 0 0 0 0
3 1483 3806 2818 3807 0 0 0 0 0 0 0
3 1237 1275 1261 3218 1 135 0 0 0 0 0 0
3 2846 2847 3027 3934 0 0 0 0 0 0 0
3 1449 1488 1484 2738 1 1 0 0 0 0 0 0
3 2613 2815 2821 3776 0 0 0 0 0 0 0
3 2847 2849 3027 3705 0 0 0 0 0 0 0
3 2116 3253 3254 3759 0 0 0 0 0 0 0
3 3133 3134 3135 3448 0 0 0 0 0 0 0
3 1580 1583 1582 3461 1 75 0 0 0 0 0 0
3 1390 1392 1404 3575 1 135 0 0 0 0 0 0
3 1371 1376 1401 3619 1 135 0 0 0 0 0 0
3 3130 3388 3261 3451 0 0 0 0 0 0 0
3 828 840 866 3410 1 141 0 0 0 0 0 0
3 1381 3092 2521 3095 0 0 0 0 0 0 0
3 1341 1345 1389 3207 1 135 0 0 0 0 0 0
3 2512 3783 3577 3784 0 0 0 0 0 0 0
3 3062 3130 3119 3261 0 0 0 0 0 0 0
3 628 719 720 2951 1 141 0 0 0 0 0 0
3 719 746 720 2948 1 141 0 0 0 0 0 0
3 3050 3371 3482 3653 0 0 0 0 0 0 0
3 1431 1432 1446 2085 1 1 0 0 0 0 0 0
3 2609 3051 3049 3854 0 0 0 0 0 0 0
3 1432 2076 1446 2085 0 0 0 0 0 0 0
3 2683 3117 3064 3119 0 0 0 0 0 0 0
3 1135 3645 1438 3721 0 0 0 0 0 0 0
3 1473 1474 1485 2672 1 1 0 0 0 0 0 0
3 3064 3119 3117 3330 0 0 0 0 0 0 0
3 3049 3051 3050 3854 0 0 0 0 0 0 0
3 2013 2701 3087 3467 0 0 0 0 0 0 0
3 3166 3265 3870 3910 0 0 0 0 0 0 0
3 701 763 762 2074 1 141 0 0 0 0 0 0
3 1886 2349 2345 2652 0 0 0 0 0 0 0
3 1469 1971 3805 3901 0 0 0 0 0 0 0
3 2367 2918 3464 3467 0 0 0 0 0 0 0
3 697 723 742 3772 1 141 0 0 0 0 0 0
3 2959 3005 2964 3369 0 0 0 0 0 0 0
3 698 742 765 3638 1 141 0 0 0 0 0 0
3 1063 1064 1135 1438 3 135 1 29 0 0 0 0 0
3 2958 2961 2959 3001 0 0 0 0 0 0 0
3 2051 3030 2052 3721 0 0 0 0 0 0 0
3 1649 2958 2286 2961 0 0 0 0 0 0 0
3 53 135 1510 1511 8 75 0 0 0 0 0 0
3 348 372 2734 3475 0 0 0 0 0 0 0
3 768 795 3260 3960 0 0 0 0 0 0 0
3 135 192 245 3546 1 147 0 0 0 0 0 0
3 135 191 1510 3708 0 0 0 0 0 0 0
3 135 1510 1511 3738 0 0 0 0 0 0 0
3 1649 2958 2962 3383 0 0 0 0 0 0 0
3 51 1513 175 2936 0 0 0 0 0 0 0
3 553 2958 2286 3383 0 0 0 0 0 0 0
3 1649 2286 2958 3383 0 0 0 0 0 0 0
3 510 2958 552 2962 0 0 0 0 0 0 0
3 562 1520 1505 3650 1 75 0 0 0 0 0 0
3 562 630 563 1520 9 141 75 0 0 89 0 0 0
3 1520 1545 1533 3650 1 75 0 0 0 0 0 0
3 511 2957 553 2958 0 0 0 0 0 0 0
3 2956 2958 2973 3001 0 0 0 0 0 0 0
3 2445 3186 2802 3536 0 0 0 0 0 0 0
3 2133 2136 2135 3387 0 0 0 0 0 0 0
3 2097 2140 2134 2801 0 0 0 0 0 0 0
3 3051 3132 3652 3653 0 0 0 0 0 0 0
3 2621 3119 3062 3224 0 0 0 0 0 0 0
3 3026 3481 3061 3495 0 0 0 0 0 0 0
3 469 480 1632 1645 0 0 0 0 0 0 0
3 444 469 480 1632 1 145 0 0 0 0 0 0
3 469 470 1645 1648 0 0 0 0 0 0 0
3 13 444 483 1632 9 143 263 0 0 259 0 0 0
3 468 469 470 1645 1 145 0 0 0 0 0 0
3 2620 3062 2683 3063 0 0 0 0 0 0 0
3 2285 2669 2666 2947 0 0 0 0 0 0 0
3 2359 3314 2401 3484 0 0 0 0 0 0 0
3 2800 3146 3230 3314 0 0 0 0 0 0 0
3 1280 2923 2920 3203 0 0 0 0 0 0 0
3 1257 3203 2919 3539 0 0 0 0 0 0 0
3 1263 3538 3203 3539 0 0 0 0 0 0 0
3 51 192 52 1512 9 147 75 0 0 101 0 0 0
3 107 178 108 1119 9 147 135 0 0 127 0 0 0
3 106 195 107 1118 9 147 135 0 0 127 0 0 0
3 1257 1263 3203 3539 0 0 0 0 0 0 0
3 2923 3203 3538 3539 0 0 0 0 0 0 0
3 1263 1288 3203 3538 0 0 0 0 0 0 0
3 1280 1288 2923 3203 0 0 0 0 0 0 0
3 1155 2016 2691 3175 0 0 0 0 0 0 0
3 1026 2020 2016 3175 0 0 0 0 0 0 0
3 1000 3175 1155 3182 0 0 0 0 0 0 0
3 1000 1037 3175 3182 0 0 0 0 0 0 0
3 1837 3112 1839 3715 0 0 0 0 0 0 0
3 999 2016 1155 3175 0 0 0 0 0 0 0
3 361 389 417 3428 1 147 0 0 0 0 0 0
3 703 760 733 3700 1 141 0 0 0 0 0 0
3 320 383 334 3071 1 147 0 0 0 0 0 0
3 361 382 389 3756 1 147 0 0 0 0 0 0
3 501 1837 1838 3715 0 0 0 0 0 0 0
3 800 833 817 3793 1 141 0 0 0 0 0 0
3 2826 3326 3336 3455 0 0 0 0 0 0 0
3 3221 3257 3253 3671 0 0 0 0 0 0 0
3 2781 3129 3493 3930 0 0 0 0 0 0 0
3 2439 2818 3806 3807 0 0 0 0 0 0 0
3 435 461 474 1587 1 145 0 0 0 0 0 0
3 1772 2822 2361 2826 0 0 0 0 0 0 0
3 459 474 460 1600 1 145 0 0 0 0 0 0
3 2826 3841 3336 3917 0 0 0 0 0 0 0
3 459 1585 474 1600 0 0 0 0 0 0 0
3 473 474 1585 1586 0 0 0 0 0 0 0
3 2191 2420 2421 2865 0 0 0 0 0 0 0
3 2941 3279 2942 3807 0 0 0 0 0 0 0
3 497 514 555 3751 1 143 0 0 0 0 0 0
3 514 1594 1602 3751 1 311 0 0 0 0 0 0
3 497 498 1594 3306 0 131 0 0 0 0 0
3 1919 1922 2916 3173 0 0 0 0 0 0 0
3 177 3014 1591 3714 0 0 0 0 0 0 0
3 2270 2271 2272 3725 0 0 0 0 0 0 0
3 3080 3965 3963 3971 0 0 0 0 0 0 0
3 1590 1594 1605 2244 1 311 0 0 0 0 0 0
3 1485 3637 2672 3643 0 0 0 0 0 0 0
3 1471 1475 1474 3406 1 1 0 0 0 0 0 0
3 1474 1475 1491 3406 1 1 0 0 0 0 0 0
3 1350 2521 2952 3894 0 0 0 0 0 0 0
3 2266 2271 3101 3544 0 0 0 0 0 0 0
3 2358 2359 2401 2998 0 0 0 0 0 0 0
3 1437 2075 1454 3645 0 0 0 0 0 0 0
3 810 826 811 3886 1 141 0 0 0 0 0 0
3 1803 2713 2716 2816 0 0 0 0 0 0 0
3 2617 2643 2618 3316 0 0 0 0 0 0 0
3 682 772 781 3495 1 141 0 0 0 0 0 0
3 3574 3819 3821 3881 0 0 0 0 0 0 0
3 3686 3821 3831 3922 0 0 0 0 0 0 0
3 2507 3574 3819 3821 0 0 0 0 0 0 0
3 1277 1346 2511 3686 0 0 0 0 0 0 0
3 1346 3576 2511 3686 0 0 0 0 0 0 0
3 500 501 3010 3715 0 131 0 0 0 0 0
3 2436 2443 2437 3187 0 0 0 0 0 0 0
3 1072 1148 1661 2443 0 0 0 0 0 0 0
3 188 3204 2419 3315 0 0 0 0 0 0 0
3 99 2419 188 3204 0 0 0 0 0 0 0
3 2820 3128 3204 3466 0 0 0 0 0 0 0
3 1220 3128 3204 3570 0 0 0 0 0 0 0
3 1061 1435 1429 2086 1 1 0 0 0 0 0 0
3 1482 1493 1492 3279 1 1 0 0 0 0 0 0
3 1475 1482 1492 3279 1 1 0 0 0 0 0 0
3 836 868 859 2402 1 141 0 0 0 0 0 0
3 1111 1220 3204 3570 0 0 0 0 0 0 0
3 1110 2419 3204 3289 0 0 0 0 0 0 0
3 1329 1330 1352 3860 1 135 0 0 0 0 0 0
3 99 1110 2419 3204 0 0 0 0 0 0 0
3 1288 1310 2923 3582 0 0 0 0 0 0 0
3 1329 1351 1333 1961 1 135 0 0 0 0 0 0
3 2846 3290 2848 3700 0 0 0 0 0 0 0
3 1333 1351 1349 1961 1 135 0 0 0 0 0 0
3 1381 1394 1405 3092 1 135 0 0 0 0 0 0
3 1349 1351 1382 1961 1 135 0 0 0 0 0 0
3 796 3260 839 3694 0 0 0 0 0 0 0
3 721 744 722 3770 1 141 0 0 0 0 0 0
3 743 783 765 3774 1 141 0 0 0 0 0 0
3 783 811 825 3845 1 141 0 0 0 0 0 0
3 825 2358 3753 3845 0 0 0 0 0 0 0
3 1258 1287 1286 3573 1 135 0 0 0 0 0 0
3 2116 3253 2118 3254 0 0 0 0 0 0 0
3 501 1838 3009 3715 0 0 0 0 0 0 0
3 760 3290 3700 3893 0 0 0 0 0 0 0
3 818 3288 3290 3888 0 0 0 0 0 0 0
3 870 2536 2538 3961 0 0 0 0 0 0 0
3 2536 2560 2538 3961 0 0 0 0 0 0 0
3 2166 2399 2666 2996 0 0 0 0 0 0 0
3 823 3319 2649 3961 0 0 0 0 0 0 0
3 869 3944 2536 3961 0 0 0 0 0 0 0
3 2614 2659 2660 3951 0 0 0 0 0 0 0
3 2854 3121 3338 3339 0 0 0 0 0 0 0
3 1314 1317 1388 3957 1 135 0 0 0 0 0 0
3 712 2885 2982 2983 0 0 0 0 0 0 0
3 795 3725 3260 3960 0 0 0 0 0 0 0
3 795 839 3260 3670 0 0 0 0 0 0 0
3 2802 3536 3186 3913 0 0 0 0 0 0 0
3 884 900 903 3123 1 141 0 0 0 0 0 0
3 2227 2240 2285 2385 0 0 0 0 0 0 0
3 2338 2885 2339 2888 0 0 0 0 0 0 0
3 1119 3591 1200 3594 0 0 0 0 0 0 0
3 2713 2716 2816 2817 0 0 0 0 0 0 0
3 352 365 363 2292 1 147 0 0 0 0 0 0
3 896 907 898 3908 1 141 0 0 0 0 0 0
3 2339 2982 2885 2983 0 0 0 0 0 0 0
3 2316 2597 2323 2890 0 0 0 0 0 0 0
3 927 928 962 1026 3 139 137 129 0 0 0 0 0
3 998 2016 1026 2017 0 0 0 0 0 0 0
3 145 3717 1591 3718 0 0 0 0 0 0 0
3 927 962 961 2017 1 139 0 0 0 0 0 0
3 1150 1181 1170 2015 1 135 0 0 0 0 0 0
3 487 2783 2457 2784 0 0 0 0 0 0 0
3 927 1025 1026 2017 1 137 0 0 0 0 0 0
3 998 1141 1150 2017 1 135 0 0 0 0 0 0
3 20 2784 487 2944 0 0 0 131 0 0 0
3 2783 2784 3245 3252 0 0 0 0 0 0 0
3 487 645 2783 2784 0 0 0 0 0 0 0
3 20 598 487 2784 1 141 17 0 131 0 0 0
3 980 1008 1006 3578 1 137 0 0 0 0 0 0
3 598 644 2784 3252 0 0 0 0 0 0 0
3 598 1412 644 3252 0 0 0 0 0 0 0
3 1505 2956 3471 3472 0 0 0 0 0 0 0
3 19 511 562 3471 1 141 131 0 89 0 0 0
3 174 214 184 3667 1 147 0 0 0 0 0 0
3 1208 3912 3678 3930 0 0 0 0 0 0 0
3 680 2972 3470 3471 0 0 0 0 0 0 0
3 101 174 102 1113 9 147 135 0 0 127 0 0 0
3 511 2972 680 3471 0 0 0 0 0 0 0
3 1027 3182 1038 3649 0 0 0 0 0 0 0
3 929 973 1027 3649 0 0 0 0 0 0 0
3 3175 3392 3182 3649 0 0 0 0 0 0 0
3 1226 2430 3549 3627 0 0 0 0 0 0 0
3 1113 1208 1221 3912 1 135 0 0 0 0 0 0
3 173 215 174 3565 1 147 0 0 0 0 0 0
3 101 1098 173 3565 0 0 0 0 0 0 0
3 1115 1204 1151 3476 1 135 0 0 0 0 0 0
3 102 1113 174 3678 0 0 0 0 0 0 0
3 1226 2427 2430 3627 0 0 0 0 0 0 0
3 3236 3715 3717 3718 0 0 0 0 0 0 0
3 212 2502 2833 3301 0 0 0 0 0 0 0
3 1080 1159 1081 2430 1 135 0 0 426 0 0 0
3 2786 2788 2791 2795 0 0 0 0 0 0 0
3 273 2717 2791 2792 0 0 0 0 0 0 0
3 1578 1582 1583 3461 1 75 0 0 0 0 0 0
3 1525 1540 1541 3846 1 75 0 0 0 0 0 0
3 641 1531 3032 3033 0 0 0 0 0 0 0
3 2791 3263 2792 3308 0 0 0 0 0 0 0
3 1573 1574 1579 2597 1 75 0 0 0 0 0 0
3 1572 1573 1580 3458 1 75 0 0 0 0 0 0
3 1539 1574 1573 3640 1 75 0 0 0 0 0 0
3 751 805 752 2159 1 141 0 0 0 0 0 0
3 219 2791 276 2795 0 0 0 0 0 0 0
3 221 273 2791 2792 0 0 0 0 0 0 0
3 2084 2796 2678 3816 0 0 0 0 0 0 0
3 2746 3640 3639 3846 0 0 0 0 0 0 0
3 246 3939 2243 3965 0 0 0 0 0 0 0
3 539 554 3751 3969 0 0 0 0 0 0 0
3 1602 3751 2245 3752 0 0 0 0 0 0 0
3 880 2329 904 2855 0 0 0 0 0 0 0
3 2790 3585 3753 3845 0 0 0 0 0 0 0
3 888 2527 2537 3816 0 0 0 0 0 0 0
3 187 246 239 3939 1 147 0 0 0 0 0 0
3 888 2527 889 2537 0 0 0 0 0 0 0
3 1020 1654 1036 1670 0 0 0 0 0 0 0
3 969 2031 1660 3862 0 0 0 0 0 0 0
3 896 2527 3816 3908 0 0 0 0 0 0 0
3 1036 1654 1666 1670 4 450 0 0 0 0 0 0
3 1666 1670 1672 3862 1 450 0 0 0 0 0 0
3 1021 1022 1023 3862 1 137 0 0 0 0 0 0
3 35 1690 1002 1692 2 432 0 0 0 0 0 0
3 1003 1689 1030 1694 0 0 0 0 0 0 0
3 1002 1040 1039 1692 1 137 0 0 0 0 0 0
3 1030 1041 1040 1694 1 137 0 0 0 0 0 0
3 2411 3229 3825 3913 0 0 0 0 0 0 0
3 1039 1040 1041 1692 1 137 0 0 0 0 0 0
3 1968 2071 2070 2530 0 0 0 0 0 0 0
3 613 3110 667 3153 0 0 0 0 0 0 0
3 580 967 2158 3021 0 0 0 0 0 0 0
3 916 954 1711 1717 4 414 0 0 0 0 0 0
3 1837 3481 3451 3711 0 0 0 0 0 0 0
3 916 1012 1013 1717 1 137 0 0 0 0 0 0
3 3025 3111 3026 3495 0 0 0 0 0 0 0
3 2312 3026 3061 3495 0 0 0 0 0 0 0
3 684 3272 3057 3815 0 0 0 0 0 0 0
3 3049 3050 3447 3854 0 0 0 0 0 0 0
3 682 3111 3481 3966 0 0 0 0 0 0 0
3 504 673 674 3460 1 141 0 0 0 0 0 0
3 380 399 417 3262 1 147 0 0 0 0 0 0
3 331 379 340 2255 1 147 0 0 0 0 0 0
3 418 419 3257 3490 0 0 0 0 0 0 0
3 380 417 388 3527 1 147 0 0 0 0 0 0
3 312 3211 2495 3970 0 0 0 0 0 0 0
3 667 3110 3152 3153 0 0 0 0 0 0 0
3 3025 3111 3153 3712 0 0 0 0 0 0 0
3 292 316 326 3876 1 147 0 0 0 0 0 0
3 2242 3152 3110 3712 0 0 0 0 0 0 0
3 497 1594 515 3751 0 0 0 0 0 0 0
3 498 667 613 3110 1 141 0 0 0 0 0 0
3 3110 3710 3112 3713 0 0 0 0 0 0 0
3 1601 3354 3752 3813 0 0 0 0 0 0 0
3 497 498 515 1594 1 143 131 0 0 0 0 0
3 5 187 140 3813 1 147 0 0 0 0 0 0
3 2245 3813 3752 3939 0 0 0 0 0 0 0
3 187 3813 2245 3939 0 0 0 0 0 0 0
3 239 3354 3939 3962 0 0 0 0 0 0 0
3 187 239 3813 3939 0 0 0 0 0 0 0
3 1295 2516 3344 3682 0 0 0 0 0 0 0
3 1920 1921 1922 2371 0 0 0 0 0 0 0
3 1269 3676 2516 3682 0 0 0 0 0 0 0
3 432 433 458 3145 1 145 132 0 0 0 0 0
3 1281 1340 3351 3682 0 0 0 0 0 0 0
3 1336 1340 3349 3351 0 0 0 0 0 0 0
3 1340 3349 3351 3682 0 0 0 0 0 0 0
3 1475 1491 3406 3407 0 0 0 0 0 0 0
3 1956 2162 2160 3941 0 0 0 0 0 0 0
3 433 473 458 3144 1 145 0 0 0 0 0 0
3 432 458 457 3145 1 145 0 0 0 0 0 0
3 1588 3752 3144 3969 0 0 0 0 0 0 0
3 904 2855 2328 3146 0 0 0 0 0 0 0
3 486 553 511 2957 1 143 0 0 0 0 0 0
3 2100 2218 2102 2363 0 0 0 0 0 0 0
3 2831 2877 3416 3873 0 0 0 0 0 0 0
3 1923 2252 2253 2618 0 0 0 0 0 0 0
3 1893 2178 1929 2654 0 0 0 0 0 0 0
3 492 493 538 2210 1 143 131 0 0 0 0 0
3 2247 2251 2249 3849 0 0 0 0 0 0 0
3 1365 3086 3446 3525 0 0 0 0 0 0 0
3 740 741 756 3879 1 141 0 0 0 0 0 0
3 755 784 756 3511 1 141 0 0 0 0 0 0
3 1224 1230 1231 2473 1 135 0 0 0 0 0 0
3 1320 1359 1321 3100 1 135 0 0 0 0 0 0
3 1231 1305 1244 2954 1 135 0 0 0 0 0 0
3 2460 2874 2873 3304 0 0 0 0 0 0 0
3 809 827 810 3887 1 141 0 0 0 0 0 0
3 745 746 810 3509 1 141 0 0 0 0 0 0
3 1174 1271 3560 3968 0 0 0 0 0 0 0
3 301 302 351 2149 1 147 0 0 0 0 0 0
3 364 394 372 2732 1 147 0 0 0 0 0 0
3 309 3326 2414 3455 0 0 0 0 0 0 0
3 362 394 364 2732 1 147 0 0 0 0 0 0
3 2545 3497 3082 3659 0 0 0 0 0 0 0
3 1440 3805 3557 3902 0 0 0 0 0 0 0
3 1426 3557 3492 3902 0 0 0 0 0 0 0
3 2207 2255 2256 3900 0 0 0 0 0 0 0
3 2198 2699 2462 3205 0 0 0 0 0 0 0
3 1426 1440 3557 3902 0 0 0 0 0 0 0
3 1809 2991 3439 3872 0 0 0 0 0 0 0
3 692 702 3544 3557 0 0 0 0 0 0 0
3 29 979 911 2992 1 75 81 0 85 0 0 0
3 1171 2429 1225 3625 0 0 0 0 0 0 0
3 2266 3101 3352 3557 0 0 0 0 0 0 0
3 701 3174 3101 3557 0 0 0 0 0 0 0
3 701 3101 702 3557 0 0 0 0 0 0 0
3 1720 3233 1753 3632 0 0 0 0 0 0 0
3 928 962 1026 2020 0 0 0 0 0 0 0
3 928 973 963 2020 1 139 0 0 0 0 0 0
3 578 1703 951 1720 4 414 0 0 0 0 0 0
3 1027 3175 1037 3182 0 0 0 0 0 0 0
3 1181 1998 2015 2017 0 0 0 0 0 0 0
3 998 1150 2016 2017 0 0 0 0 0 0 0
3 1704 1753 1720 3234 0 0 0 0 0 0 0
3 1753 3233 3234 3968 0 0 0 0 0 0 0
3 1720 1753 3233 3234 0 0 0 0 0 0 0
3 579 1753 3021 3559 0 0 0 0 0 0 0
3 98 1108 154 3289 0 0 0 0 0 0 0
3 578 1753 579 3839 0 0 0 130 0 0 0
3 2346 2733 2734 3359 0 0 0 0 0 0 0
3 107 1119 1118 3765 1 135 0 0 0 0 0 0
3 1337 1342 3692 3863 0 0 0 0 0 0 0
3 107 178 1119 3765 0 0 0 0 0 0 0
3 97 169 154 3170 1 147 0 0 0 0 0 0
3 1347 3350 3743 3863 0 0 0 0 0 0 0
3 1988 3384 3385 3564 0 0 0 0 0 0 0
3 1238 1239 1301 3669 1 135 0 0 0 0 0 0
3 2405 2408 2407 2415 0 0 0 0 0 0 0
3 2688 2689 3692 3863 0 0 0 0 0 0 0
3 2689 3356 3343 3384 0 0 0 0 0 0 0
3 1331 1350 1345 2952 1 135 0 0 0 0 0 0
3 1304 3008 3127 3493 0 0 0 0 0 0 0
3 1475 3406 3279 3407 0 0 0 0 0 0 0
3 2452 2469 2858 3250 0 0 0 0 0 0 0
3 2451 2811 2809 2863 0 0 0 0 0 0 0
3 581 628 627 3896 1 141 0 0 0 0 0 0
3 1282 1335 3686 3838 0 0 0 0 0 0 0
3 3831 3922 3920 3926 0 0 0 0 0 0 0
3 2261 2571 2570 3008 0 0 0 0 0 0 0
3 1184 1267 2425 3726 0 0 0 0 0 0 0
3 1274 1277 1338 3820 1 135 0 0 0 0 0 0
3 1067 1129 1128 2903 1 135 0 0 0 0 0 0
3 3204 3480 3315 3570 0 0 0 0 0 0 0
3 1128 1129 1189 2903 1 135 0 0 0 0 0 0
3 1066 1128 1127 2904 1 135 0 0 0 0 0 0
3 2261 3011 3008 3012 0 0 0 0 0 0 0
3 1128 1189 1190 2903 1 135 0 0 0 0 0 0
3 1451 1452 3209 3869 0 0 0 0 0 0 0
3 1438 1453 1439 3721 1 1 0 0 0 0 0 0
3 1452 1485 1486 3643 1 1 0 0 0 0 0 0
3 1127 1190 1192 2904 1 135 0 0 0 0 0 0
3 1608 3702 2447 3755 0 0 0 0 0 0 0
3 1608 1622 3702 3755 0 0 0 0 0 0 0
3 1190 1192 2904 3664 0 0 0 0 0 0 0
3 1441 1452 1451 3869 1 1 0 0 0 0 0 0
3 1562 1563 3610 3836 0 0 0 0 0 0 0
3 1623 2087 1879 2447 0 0 0 0 0 0 0
3 1112 1149 1209 3865 1 135 0 0 0 0 0 0
3 1563 1583 1579 2599 1 75 0 0 0 0 0 0
3 2447 3755 3702 3959 0 0 0 0 0 0 0
3 1554 1565 1560 3728 1 75 0 0 0 0 0 0
3 1844 3457 3461 3836 0 0 0 0 0 0 0
3 2470 2471 2985 3623 0 0 0 0 0 0 0
3 535 2087 2447 3959 0 0 0 0 0 0 0
3 2321 2596 2891 3099 0 0 0 0 0 0 0
3 1607 2447 1879 3755 0 0 0 0 0 0 0
3 956 965 2357 3580 0 0 0 0 0 0 0
3 953 965 967 3580 1 139 0 0 0 0 0 0
3 1565 1577 1575 3727 1 75 0 0 0 0 0 0
3 1209 1244 1243 2955 1 135 0 0 0 0 0 0
3 1209 1243 1211 3675 1 135 0 0 0 0 0 0
3 592 2690 593 3828 0 0 0 130 0 0 0
3 1266 1281 3351 3679 0 0 0 0 0 0 0
3 593 3800 3647 3828 0 0 0 0 0 0 0
3 1159 1175 1273 3156 1 135 0 0 0 0 0 0
3 1080 1693 1684 3684 1 432 0 0 0 0 0 0
3 943 1679 1680 3393 1 432 0 0 0 0 0 0
3 618 3654 725 3698 0 0 0 0 0 0 0
3 725 3654 3323 3698 0 0 0 0 0 0 0
3 578 1703 1720 1753 0 0 0 0 0 0 0
3 3654 3798 3698 3828 0 0 0 0 0 0 0
3 3445 3798 3655 3802 0 0 0 0 0 0 0
3 2377 3184 3446 3799 0 0 0 0 0 0 0
3 2858 2860 3654 3655 0 0 0 0 0 0 0
3 3602 3801 3798 3828 0 0 0 0 0 0 0
3 1477 3163 1490 3528 0 0 0 0 0 0 0
3 1472 1478 3163 3877 0 0 0 0 0 0 0
3 1704 1721 3021 3234 0 0 0 0 0 0 0
3 1173 1262 2686 3560 0 0 0 0 0 0 0
3 2435 2818 2439 2942 0 0 0 0 0 0 0
3 1955 3767 3783 3923 0 0 0 0 0 0 0
3 2128 2358 2360 2790 0 0 0 0 0 0 0
3 78 189 471 2286 0 0 0 0 0 0 0
3 137 201 193 2961 1 147 0 0 0 0 0 0
3 194 1636 3270 3369 0 0 0 0 0 0 0
3 137 148 201 2957 1 147 0 0 0 0 0 0
3 189 1641 471 2286 0 0 0 0 0 0 0
3 2662 3694 2900 3892 0 0 0 0 0 0 0
3 800 801 2898 2899 0 0 0 0 0 0 0
3 630 631 1520 3651 0 0 0 0 0 0 0
3 1847 3020 2367 3166 0 0 0 0 0 0 0
3 679 683 680 3815 1 141 0 0 0 0 0 0
3 201 242 204 2965 1 147 0 0 0 0 0 0
3 135 3545 3140 3738 0 0 0 0 0 0 0
3 833 3793 2898 3884 0 0 0 0 0 0 0
3 2207 3262 2256 3527 0 0 0 0 0 0 0
3 3144 3752 3354 3969 0 0 0 0 0 0 0
3 366 395 396 2301 1 147 0 0 0 0 0 0
3 2875 3473 3440 3867 0 0 0 0 0 0 0
3 2207 2256 3262 3900 0 0 0 0 0 0 0
3 499 613 634 3112 1 141 0 0 0 0 0 0
3 498 499 516 1595 1 143 131 0 0 0 0 0
3 2019 2294 2194 2628 0 0 0 0 0 0 0
3 386 400 3119 3327 0 0 0 0 0 0 0
3 3062 3261 3119 3330 0 0 0 0 0 0 0
3 444 480 483 1632 0 0 0 0 0 0 0
3 415 3117 3119 3330 0 0 0 0 0 0 0
3 443 483 480 1631 0 0 0 0 0 0 0
3 1448 3282 1484 3303 0 0 0 0 0 0 0
3 1484 3282 2738 3596 0 0 0 0 0 0 0
3 542 558 2202 2232 0 0 0 0 0 0 0
3 524 542 558 1626 1 143 0 0 0 0 0 0
3 558 1944 1626 2202 0 0 0 0 0 0 0
3 2619 2738 2739 3940 0 0 0 0 0 0 0
3 2291 3282 3303 3596 0 0 0 0 0 0 0
3 1023 1997 2031 3171 0 0 0 0 0 0 0
3 1022 1036 1666 3862 0 0 0 0 0 0 0
3 924 1021 1023 3862 1 137 0 0 0 0 0 0
3 940 1660 969 2031 0 0 0 0 0 0 0
3 565 632 633 3113 1 141 0 0 0 0 0 0
3 563 631 564 1521 9 141 75 0 0 89 0 0 0
3 565 633 566 1523 9 141 75 0 0 89 0 0 0
3 1660 1672 1670 3862 1 450 0 0 0 0 0 0
3 960 1996 971 2031 0 0 0 0 0 0 0
3 925 969 1023 2031 0 0 0 0 0 0 0
3 1493 2821 3776 3807 0 0 0 0 0 0 0
3 497 2242 1594 3751 0 0 0 0 0 0 0
3 247 328 327 3305 1 147 0 0 0 0 0 0
3 498 613 499 3110 1 141 0 0 131 0 0 0
3 1022 3171 1023 3862 0 0 0 0 0 0 0
3 1482 1493 3279 3807 0 0 0 0 0 0 0
3 3242 3613 3423 3916 0 0 0 0 0 0 0
3 647 3423 648 3787 0 0 0 0 0 0 0
3 705 3318 3422 3423 0 0 0 0 0 0 0
3 706 3423 3613 3916 0 0 0 0 0 0 0
3 648 3423 3422 3787 0 0 0 0 0 0 0
3 2139 2141 2301 3387 0 0 0 0 0 0 0
3 368 2300 2141 2301 0 0 0 0 0 0 0
3 734 817 818 3290 1 141 0 0 0 0 0 0
3 2915 3147 3484 3670 0 0 0 0 0 0 0
3 365 2293 2299 2301 0 0 0 0 0 0 0
3 137 189 2286 2961 0 0 0 0 0 0 0
3 1658 1665 1672 3200 1 450 0 0 0 0 0 0
3 137 2286 2957 2961 0 0 0 0 0 0 0
3 1172 1992 1990 3905 0 0 0 0 0 0 0
3 980 3578 1227 3905 0 0 0 0 0 0 0
3 964 3905 1743 3938 0 0 0 0 0 0 0
3 3238 3239 3653 3876 0 0 0 0 0 0 0
3 1743 2857 1990 3905 0 0 0 0 0 0 0
3 1744 3617 2857 3905 0 0 0 0 0 0 0
3 980 1008 3578 3905 0 0 0 0 0 0 0
3 344 345 3336 3696 0 0 0 0 0 0 0
3 1237 1238 1275 2273 1 135 0 0 0 0 0 0
3 1191 1258 1264 3636 1 135 0 0 0 0 0 0
3 1133 1712 1169 2676 0 0 0 0 0 0 0
3 458 473 459 3144 1 145 0 0 0 0 0 0
3 1453 1454 1473 3919 1 1 0 0 0 0 0 0
3 765 3665 3663 3774 0 0 0 0 0 0 0
3 623 2058 2728 2928 0 0 0 0 0 0 0
3 1408 1470 1434 3403 1 1 0 0 0 0 0 0
3 743 744 783 3826 1 141 0 0 0 0 0 0
3 1264 1286 1283 3571 1 135 0 0 0 0 0 0
3 1178 2677 2676 2722 0 0 0 0 0 0 0
3 2676 2722 2677 3580 0 0 0 0 0 0 0
3 859 2402 3230 3314 0 0 0 0 0 0 0
3 2676 3021 2722 3580 0 0 0 0 0 0 0
3 1706 2676 1719 3580 0 0 0 0 0 0 0
3 1168 1173 1705 2686 0 0 0 0 0 0 0
3 2705 2927 3532 3771 0 0 0 0 0 0 0
3 1286 1287 1329 3573 1 135 0 0 0 0 0 0
3 1712 1719 2676 2677 0 0 0 0 0 0 0
3 783 825 797 3753 1 141 0 0 0 0 0 0
3 532 559 560 3264 1 143 0 0 0 0 0 0
3 2196 2416 2462 2699 0 0 0 0 0 0 0
3 3030 3220 3537 3636 0 0 0 0 0 0 0
3 610 1431 1979 2059 0 0 0 0 0 0 0
3 532 1648 1643 3264 1 263 0 0 0 0 0 0
3 22 935 575 3938 1 139 21 0 130 0 0 0
3 262 3238 316 3642 0 0 0 0 0 0 0
3 481 1648 1634 3264 0 0 0 0 0 0 0
3 445 560 481 1634 0 0 0 0 0 0 0
3 1451 1486 3124 3209 0 0 0 0 0 0 0
3 1450 1451 1487 3124 1 1 0 0 0 0 0 0
3 699 3453 3452 3663 0 0 0 0 0 0 0
3 1487 1489 1488 2740 1 1 0 0 0 0 0 0
3 1260 1261 1275 3218 1 135 0 0 0 0 0 0
3 1451 1452 1486 3209 1 1 0 0 0 0 0 0
3 471 1648 481 3264 0 0 0 0 0 0 0
3 1127 2904 1192 3937 0 0 0 0 0 0 0
3 433 545 544 3144 1 143 0 0 0 0 0 0
3 363 3497 398 3659 0 0 0 0 0 0 0
3 394 3499 2733 3659 0 0 0 0 0 0 0
3 2844 3281 3212 3945 0 0 0 0 0 0 0
3 2554 2556 3047 3133 0 0 0 0 0 0 0
3 2150 2186 2171 3541 0 0 0 0 0 0 0
3 1459 3280 2817 3890 0 0 0 0 0 0 0
3 170 252 220 3889 1 147 0 0 0 0 0 0
3 251 256 252 3833 1 147 0 0 0 0 0 0
3 2184 3541 3659 3950 0 0 0 0 0 0 0
3 2345 2652 2349 2736 0 0 0 0 0 0 0
3 2608 3064 2683 3117 0 0 0 0 0 0 0
3 331 2255 3844 3900 0 0 0 0 0 0 0
3 762 2271 769 3101 0 0 0 0 0 0 0
3 251 271 256 3313 1 147 0 0 0 0 0 0
3 1468 3337 3035 3529 0 0 0 0 0 0 0
3 569 638 570 1527 9 141 75 0 0 89 0 0 0
3 1424 3035 1468 3337 0 0 0 0 0 0 0
3 1498 1556 1499 3608 1 75 0 0 0 0 0 0
3 637 713 712 3155 1 141 0 0 0 0 0 0
3 433 545 3144 3145 0 0 0 0 0 0 0
3 1236 1302 1276 2878 1 135 0 0 0 0 0 0
3 659 3035 660 3189 0 0 0 0 0 0 0
3 2334 2955 2455 3278 0 0 0 0 0 0 0
3 1557 1562 1563 3610 1 75 0 0 0 0 0 0
3 1919 1921 3665 3753 0 0 0 0 0 0 0
3 902 2083 2082 3551 0 0 0 0 0 0 0
3 1574 1577 1579 2600 1 75 0 0 0 0 0 0
3 659 3035 3189 3409 0 0 0 0 0 0 0
3 2239 2638 2637 2814 0 0 0 0 0 0 0
3 3035 3413 3409 3731 0 0 0 0 0 0 0
3 1411 3035 3409 3731 0 0 0 0 0 0 0
3 3035 3413 3216 3529 0 0 0 0 0 0 0
3 1541 1572 1571 3442 1 75 0 0 0 0 0 0
3 2373 3665 3753 3826 0 0 0 0 0 0 0
3 219 2791 3169 3263 0 0 0 0 0 0 0
3 222 3361 2911 3364 0 0 0 0 0 0 0
3 637 1526 3155 3639 0 0 0 0 0 0 0
3 688 2554 3047 3050 0 0 0 0 0 0 0
3 1572 1580 1581 3462 1 75 0 0 0 0 0 0
3 1949 2334 2336 2337 0 0 0 0 0 0 0
3 568 636 637 3155 1 141 0 0 0 0 0 0
3 672 688 673 3371 1 141 0 0 0 0 0 0
3 1563 1579 1564 2599 1 75 0 0 0 0 0 0
3 3239 3641 3371 3876 0 0 0 0 0 0 0
3 1842 2603 2599 3878 0 0 0 0 0 0 0
3 1099 1495 2633 3109 0 0 0 0 0 0 0
3 408 3341 3118 3498 0 0 0 0 0 0 0
3 503 3371 3239 3641 0 0 0 0 0 0 0
3 5 1601 1592 3813 1 311 0 0 0 0 0 0
3 1489 1492 1493 3776 1 1 0 0 0 0 0 0
3 1592 1601 3752 3813 0 0 0 0 0 0 0
3 2243 3939 3751 3963 0 0 0 0 0 0 0
3 459 1585 1584 3144 0 0 0 0 0 0 0
3 67 458 459 3144 1 145 0 0 0 0 0 0
3 5 140 1601 3813 0 0 0 0 0 0 0
3 502 3371 503 3641 0 0 0 131 0 0 0
3 127 197 196 3143 1 147 0 0 0 0 0 0
3 1646 3390 3381 3817 0 0 0 0 0 0 0
3 1633 1647 1637 3817 1 263 0 0 0 0 0 0
3 503 673 1796 3371 0 0 0 0 0 0 0
3 263 3355 3818 3904 0 0 0 0 0 0 0
3 1 196 132 3390 1 147 0 0 0 0 0 0
3 3371 3641 3482 3876 0 0 0 0 0 0 0
3 1077 1154 1666 1672 8 450 0 0 0 0 0 0
3 672 3050 3371 3482 0 0 0 0 0 0 0
3 673 3047 1796 3371 0 0 0 0 0 0 0
3 1329 3860 1352 3929 0 0 0 0 0 0 0
3 1914 2356 2350 2360 0 0 0 0 0 0 0
3 160 2457 2456 2475 0 0 0 0 0 0 0
3 20 1413 2784 2944 0 0 0 0 0 0 0
3 1077 1672 1665 3200 1 450 0 0 0 0 0 0
3 1117 1153 1179 3200 1 135 0 0 0 0 0 0
3 1117 1179 1154 3200 1 135 0 0 0 0 0 0
3 1076 1658 1117 1665 2 450 0 0 0 0 0 0
3 1117 1665 1658 3200 0 0 0 0 0 0 0
3 2087 2457 2456 2458 0 0 0 0 0 0 0
3 1413 2457 1416 2782 0 0 0 0 0 0 0
3 1032 1698 1042 1701 4 414 0 0 0 0 0 0
3 983 1228 1042 1698 1 135 0 0 0 0 0 0
3 317 336 3238 3448 0 0 0 0 0 0 0
3 983 1042 1032 1698 0 0 0 0 0 0 0
3 74 467 132 3258 0 0 0 0 0 0 0
3 2486 2489 2490 3524 0 0 0 0 0 0 0
3 2098 3688 3835 3841 0 0 0 0 0 0 0
3 146 465 3228 3547 0 0 0 0 0 0 0
3 72 73 146 465 3 147 145 133 0 0 0 0 0
3 2491 3235 2565 3600 0 0 0 0 0 0 0
3 1778 2098 2099 2826 0 0 0 0 0 0 0
3 346 3688 3518 3841 0 0 0 0 0 0 0
3 1641 1649 1643 2286 1 263 0 0 0 0 0 0
3 511 2972 2956 2973 0 0 0 0 0 0 0
3 510 511 553 2958 1 143 131 0 0 0 0 0
3 1955 3783 3138 3923 0 0 0 0 0 0 0
3 97 1108 1107 3170 1 135 0 0 0 0 0 0
3 2329 2445 2446 2851 0 0 0 0 0 0 0
3 154 1108 3170 3289 0 0 0 0 0 0 0
3 96 1106 153 3296 0 0 0 0 0 0 0
3 2406 3090 3295 3312 0 0 0 0 0 0 0
3 2555 2609 3049 3832 0 0 0 0 0 0 0
3 338 3205 3151 3206 0 0 0 0 0 0 0
3 876 883 903 2756 1 141 0 0 0 0 0 0
3 1778 3300 3518 3917 0 0 0 0 0 0 0
3 1214 1238 1237 3673 1 135 0 0 0 0 0 0
3 1301 1315 3219 3285 0 0 0 0 0 0 0
3 240 260 261 3962 1 147 0 0 0 0 0 0
3 142 2231 456 3365 0 0 0 0 0 0 0
3 70 183 144 3016 1 147 0 0 0 0 0 0
3 494 537 543 3353 1 143 0 0 0 0 0 0
3 70 462 463 3016 1 145 0 0 0 0 0 0
3 1638 2960 1649 2961 0 0 0 0 0 0 0
3 507 676 677 3357 1 141 0 0 0 0 0 0
3 475 3006 557 3016 0 0 0 0 0 0 0
3 257 3268 1851 3633 0 0 0 0 0 0 0
3 169 229 228 2406 1 147 0 0 0 0 0 0
3 1104 1216 1187 2710 1 135 0 0 0 0 0 0
3 462 3006 475 3016 0 0 0 0 0 0 0
3 144 3016 183 3019 0 0 0 0 0 0 0
3 336 3044 3238 3448 0 0 0 0 0 0 0
3 2643 3666 3316 3860 0 0 0 0 0 0 0
3 183 3019 3016 3023 0 0 0 0 0 0 0
3 682 731 772 3495 1 141 0 0 0 0 0 0
3 330 401 384 3162 1 147 0 0 0 0 0 0
3 731 735 772 3704 1 141 0 0 0 0 0 0
3 2015 2016 2017 2020 0 0 0 0 0 0 0
3 590 962 2015 2017 0 0 0 0 0 0 0
3 927 1026 962 2017 0 0 0 0 0 0 0
3 334 383 3024 3071 0 0 0 0 0 0 0
3 3029 3080 3079 3712 0 0 0 0 0 0 0
3 613 682 634 3966 1 141 0 0 0 0 0 0
3 1025 2017 1997 2029 0 0 0 0 0 0 0
3 961 1998 1997 2017 0 0 0 0 0 0 0
3 411 3221 419 3490 0 0 0 0 0 0 0
3 1875 1927 2350 2853 0 0 0 0 0 0 0
3 294 3305 3079 3768 0 0 0 0 0 0 0
3 6 67 68 1584 1 147 0 133 0 0 0 0
3 68 460 113 1600 0 0 0 0 0 0 0
3 413 3253 3221 3488 0 0 0 0 0 0 0
3 500 3713 3112 3715 0 0 0 0 0 0 0
3 411 3221 3490 3933 0 0 0 0 0 0 0
3 320 3080 3083 3965 0 0 0 0 0 0 0
3 143 3354 239 3962 0 0 0 0 0 0 0
3 1588 3751 1602 3752 0 0 0 0 0 0 0
3 3939 3965 3962 3969 0 0 0 0 0 0 0
3 3963 3965 3969 3971 0 0 0 0 0 0 0
3 497 3110 2242 3152 0 0 0 0 0 0 0
3 455 2209 456 2231 0 0 0 0 0 0 0
3 248 2203 1896 2232 0 0 0 0 0 0 0
3 494 2209 2246 3353 0 0 0 0 0 0 0
3 2626 3126 3597 3898 0 0 0 0 0 0 0
3 456 2209 3353 3365 0 0 0 0 0 0 0
3 740 756 784 3324 1 141 0 0 0 0 0 0
3 1305 1306 1312 3184 1 135 0 0 0 0 0 0
3 1231 1306 1305 3088 1 135 0 0 0 0 0 0
3 493 2209 2210 2246 0 0 0 0 0 0 0
3 3036 3251 3053 3879 0 0 0 0 0 0 0
3 493 494 2209 2246 0 131 0 0 0 0 0
3 2316 2323 2889 2890 0 0 0 0 0 0 0
3 2015 2689 3343 3703 0 0 0 0 0 0 0
3 593 3647 618 3828 0 0 0 0 0 0 0
3 1312 1365 1320 3086 1 135 0 0 0 0 0 0
3 617 3697 618 3698 0 0 0 0 0 0 0
3 1336 3351 3350 3703 0 0 0 0 0 0 0
3 726 738 727 3954 1 141 0 0 0 0 0 0
3 1311 1344 1312 3184 1 135 0 0 0 0 0 0
3 2539 3351 3343 3384 0 0 0 0 0 0 0
3 2539 3343 3356 3384 0 0 0 0 0 0 0
3 2688 3801 3697 3863 0 0 0 0 0 0 0
3 1272 3692 1342 3863 0 0 0 0 0 0 0
3 1142 3181 1675 3182 0 0 0 0 0 0 0
3 345 369 346 3835 1 147 0 0 0 0 0 0
3 884 885 900 3123 1 141 0 0 0 0 0 0
3 1675 1691 1676 3182 1 432 0 0 0 0 0 0
3 1027 2020 3175 3183 0 0 0 0 0 0 0
3 1142 1155 3181 3182 0 0 0 0 0 0 0
3 3079 3305 3712 3768 0 0 0 0 0 0 0
3 1691 3182 3392 3649 0 0 0 0 0 0 0
3 944 1680 1681 3395 1 432 0 0 0 0 0 0
3 942 974 972 1679 1 139 0 0 0 0 0 0
3 1308 3692 2015 3703 0 0 0 0 0 0 0
3 1182 1268 1281 2033 1 135 0 0 0 0 0 0
3 681 3502 690 3690 0 0 0 0 0 0 0
3 3125 3597 3126 3898 0 0 0 0 0 0 0
3 588 960 589 2032 1 139 0 0 130 0 0 0
3 1771 2092 1795 2095 0 0 0 0 0 0 0
3 591 962 963 2020 1 139 0 0 0 0 0 0
3 590 616 671 3356 1 141 0 0 0 0 0 0
3 1170 1308 1272 2691 1 135 0 0 0 0 0 0
3 589 961 590 1998 1 139 0 0 130 0 0 0
3 2503 3126 3125 3597 0 0 0 0 0 0 0
3 1272 1337 1342 3692 1 135 0 0 0 0 0 0
3 1571 3742 3442 3781 0 0 0 0 0 0 0
3 2685 2750 3442 3781 0 0 0 0 0 0 0
3 990 1144 1017 2426 0 0 0 0 0 0 0
3 1144 2438 2436 2441 0 0 0 0 0 0 0
3 1136 3555 1184 3861 0 0 0 0 0 0 0
3 923 1020 1021 1664 1 137 0 0 0 0 0 0
3 2051 2672 2670 3468 0 0 0 0 0 0 0
3 1020 1021 1664 1670 0 0 0 0 0 0 0
3 1180 2426 2425 2436 0 0 0 0 0 0 0
3 294 327 3079 3305 0 0 0 0 0 0 0
3 2425 2436 2438 3187 0 0 0 0 0 0 0
3 959 3621 2438 3883 0 0 0 0 0 0 0
3 2426 3883 3861 3925 0 0 0 0 0 0 0
3 104 186 1116 2834 0 0 0 0 0 0 0
3 103 1151 184 3476 0 0 0 0 0 0 0
3 174 1113 3565 3678 0 0 0 0 0 0 0
3 456 2209 543 3353 0 0 0 0 0 0 0
3 104 1115 176 2834 0 0 0 0 0 0 0
3 2209 2246 3353 3365 0 0 0 0 0 0 0
3 1122 1219 1198 2641 1 135 0 0 0 0 0 0
3 456 3353 457 3365 0 0 0 0 0 0 0
3 143 457 3353 3365 0 0 0 0 0 0 0
3 240 2246 3365 3962 0 0 0 0 0 0 0
3 110 1121 180 3790 0 0 0 0 0 0 0
3 168 221 219 3263 1 147 0 0 0 0 0 0
3 217 2415 278 3583 0 0 0 0 0 0 0
3 3315 3570 3480 3587 0 0 0 0 0 0 0
3 143 240 3365 3962 0 0 0 0 0 0 0
3 1214 3296 3170 3673 0 0 0 0 0 0 0
3 294 3079 320 3080 0 0 0 0 0 0 0
3 327 3368 3079 3483 0 0 0 0 0 0 0
3 65 457 143 3365 0 0 0 0 0 0 0
3 456 2231 2209 3365 0 0 0 0 0 0 0
3 494 3353 2246 3962 0 0 0 0 0 0 0
3 584 970 585 1901 1 139 0 0 130 0 0 0
3 1800 3197 2443 3622 0 0 0 0 0 0 0
3 66 458 140 3354 0 0 0 0 0 0 0
3 900 906 903 3122 1 141 0 0 0 0 0 0
3 214 215 281 3302 1 147 0 0 0 0 0 0
3 2820 3012 3127 3128 0 0 0 0 0 0 0
3 3353 3969 3962 3971 0 0 0 0 0 0 0
3 184 2833 3476 3678 0 0 0 0 0 0 0
3 306 3300 307 3518 0 0 0 0 0 0 0
3 216 279 280 3326 1 147 0 0 0 0 0 0
3 184 3476 1151 3678 0 0 0 0 0 0 0
3 278 309 2414 3454 0 0 0 0 0 0 0
3 3029 3079 3368 3712 0 0 0 0 0 0 0
3 65 456 457 3365 1 145 0 0 0 0 0 0
3 431 432 457 3145 1 145 132 0 0 0 0 0
3 304 349 1984 3518 0 0 0 0 0 0 0
3 809 828 827 3887 1 141 0 0 0 0 0 0
3 431 456 543 3353 0 0 0 0 0 0 0
3 835 836 859 2401 1 141 0 0 0 0 0 0
3 849 854 2403 3542 0 0 0 0 0 0 0
3 744 745 811 3949 1 141 0 0 0 0 0 0
3 1837 3388 1839 3451 0 0 0 0 0 0 0
3 1287 1330 1329 3860 1 135 0 0 0 0 0 0
3 797 836 799 2998 1 141 0 0 0 0 0 0
3 799 836 835 2401 1 141 0 0 0 0 0 0
3 2354 2403 2376 3740 0 0 0 0 0 0 0
3 854 2403 3542 3936 0 0 0 0 0 0 0
3 1315 1387 1330 3316 1 135 0 0 0 0 0 0
3 2518 2584 3074 3874 0 0 0 0 0 0 0
3 2311 2312 2313 3026 0 0 0 0 0 0 0
3 1392 1401 1404 3885 1 135 0 0 0 0 0 0
3 3188 3820 3821 3831 0 0 0 0 0 0 0
3 629 3881 2951 3935 0 0 0 0 0 0 0
3 564 632 565 1522 9 141 75 0 0 89 0 0 0
3 1192 3531 1258 3720 0 0 0 0 0 0 0
3 2883 3329 3463 3856 0 0 0 0 0 0 0
3 1552 3545 3738 3840 0 0 0 0 0 0 0
3 135 244 3708 3738 0 0 0 0 0 0 0
3 1258 3531 1287 3573 0 0 0 0 0 0 0
3 632 716 633 3113 1 141 0 0 0 0 0 0
3 1217 2638 1218 3746 0 0 0 0 0 0 0
3 1102 1105 1217 3611 1 135 0 0 0 0 0 0
3 1215 2987 3607 3943 0 0 0 0 0 0 0
3 1192 3664 3531 3720 0 0 0 0 0 0 0
3 552 553 559 3383 1 143 0 0 0 0 0 0
3 158 225 2475 3157 0 0 0 0 0 0 0
3 158 3157 2461 3158 0 0 0 0 0 0 0
3 498 499 1595 3306 0 131 0 0 0 0 0
3 177 293 247 3014 1 147 0 0 0 0 0 0
3 499 3112 500 3713 0 0 0 131 0 0 0
3 499 3713 500 3716 0 0 0 131 0 0 0
3 117 177 134 3014 1 147 0 0 0 0 0 0
3 134 177 247 3014 1 147 0 0 0 0 0 0
3 1594 1605 2244 3306 0 0 0 0 0 0 0
3 1605 3710 3306 3714 0 0 0 0 0 0 0
3 898 3550 3540 3908 0 0 0 0 0 0 0
3 199 2456 2461 2475 0 0 0 0 0 0 0
3 328 385 330 3130 1 147 0 0 0 0 0 0
3 2461 3157 2475 3159 0 0 0 0 0 0 0
3 158 2461 1610 3158 0 0 0 0 0 0 0
3 1281 3679 3676 3682 0 0 0 0 0 0 0
3 3676 3682 3679 3735 0 0 0 0 0 0 0
3 70 463 183 3016 0 0 0 0 0 0 0
3 447 559 553 2286 1 143 0 0 0 0 0 0
3 185 3023 464 3141 0 0 0 0 0 0 0
3 1206 1246 3676 3680 0 0 0 0 0 0 0
3 1246 2509 2516 3680 0 0 0 0 0 0 0
3 2956 2973 2965 3001 0 0 0 0 0 0 0
3 183 3016 463 3023 0 0 0 0 0 0 0
3 1295 2509 2513 2516 0 0 0 0 0 0 0
3 1295 3344 1340 3682 0 0 0 0 0 0 0
3 519 1603 1598 3006 1 311 0 0 0 0 0 0
3 509 510 2962 3004 0 131 0 0 0 0 0
3 438 463 475 3391 1 145 0 0 0 0 0 0
3 2032 3679 3351 3735 0 0 0 0 0 0 0
3 1177 2033 1268 3176 0 0 0 0 0 0 0
3 1336 3349 3350 3351 0 0 0 0 0 0 0
3 1269 1295 1340 3682 1 135 0 0 0 0 0 0
3 1156 1176 2474 3625 0 0 0 0 0 0 0
3 1504 1532 3160 3629 0 0 0 0 0 0 0
3 1176 2985 2474 3625 0 0 0 0 0 0 0
3 1160 2474 2985 3830 0 0 0 0 0 0 0
3 1160 2465 2474 3830 0 0 0 0 0 0 0
3 764 765 783 3665 1 141 0 0 0 0 0 0
3 1286 3573 3571 3635 0 0 0 0 0 0 0
3 763 764 797 1919 1 141 0 0 0 0 0 0
3 2670 3453 3403 3614 0 0 0 0 0 0 0
3 2965 2993 2972 3706 0 0 0 0 0 0 0
3 3223 3600 3605 3789 0 0 0 0 0 0 0
3 876 903 906 2330 1 141 0 0 0 0 0 0
3 346 369 368 3688 1 147 0 0 0 0 0 0
3 877 906 905 3605 1 141 0 0 0 0 0 0
3 2985 3625 3432 3924 0 0 0 0 0 0 0
3 2563 2996 3508 3535 0 0 0 0 0 0 0
3 925 1997 960 2031 0 0 0 0 0 0 0
3 2958 2959 2961 2962 0 0 0 0 0 0 0
3 531 1643 1649 3383 1 263 0 0 0 0 0 0
3 201 204 2961 3001 0 0 0 0 0 0 0
3 924 1670 1021 3862 0 0 0 0 0 0 0
3 2286 2958 2957 2961 0 0 0 0 0 0 0
3 3302 3565 3586 3587 0 0 0 0 0 0 0
3 1220 1221 1232 3129 1 135 0 0 0 0 0 0
3 189 193 1641 2961 0 0 0 0 0 0 0
3 124 193 1638 1641 8 263 0 0 0 0 0 0
3 1220 1232 3128 3129 0 0 0 0 0 0 0
3 1481 1488 1489 2740 1 1 0 0 0 0 0 0
3 2763 3163 3232 3877 0 0 0 0 0 0 0
3 2844 3280 3281 3889 0 0 0 0 0 0 0
3 2372 2671 2675 2708 0 0 0 0 0 0 0
3 447 553 450 2286 0 0 0 0 0 0 0
3 137 2286 450 2957 0 0 0 0 0 0 0
3 1275 1301 1315 3219 1 135 0 0 0 0 0 0
3 137 201 2961 3001 0 0 0 0 0 0 0
3 189 1641 2286 2961 0 0 0 0 0 0 0
3 54 1510 191 3708 0 0 0 0 0 0 0
3 1533 3646 3650 3738 0 0 0 0 0 0 0
3 1330 1387 1352 3666 1 135 0 0 0 0 0 0
3 840 3410 3506 3891 0 0 0 0 0 0 0
3 609 654 1436 2076 0 0 0 0 0 0 0
3 1454 3644 1473 3919 0 0 0 0 0 0 0
3 1510 3708 3108 3738 0 0 0 0 0 0 0
3 630 3471 3470 3650 0 0 0 0 0 0 0
3 2727 2928 2728 2929 0 0 0 0 0 0 0
3 1505 1533 3472 3650 0 0 0 0 0 0 0
3 136 3706 3108 3708 0 0 0 0 0 0 0
3 15 525 427 1611 3 143 287 283 0 0 0 0 0
3 1809 2991 3000 3438 0 0 0 0 0 0 0
3 428 453 525 1621 0 0 0 0 0 0 0
3 524 558 525 1621 9 143 287 0 0 283 0 0 0
3 1809 3438 3000 3625 0 0 0 0 0 0 0
3 1704 1720 1710 3234 1 414 0 0 0 0 0 0
3 1708 1709 1720 3233 1 414 0 0 0 0 0 0
3 1171 1809 2429 3625 0 0 0 0 0 0 0
3 1919 2074 2916 2998 0 0 0 0 0 0 0
3 1279 2920 1280 2932 0 0 0 0 0 0 0
3 1809 2991 3438 3439 0 0 0 0 0 0 0
3 146 185 3141 3547 0 0 0 0 0 0 0
3 1171 3438 1809 3625 0 0 0 0 0 0 0
3 1165 1978 3618 3634 0 0 0 0 0 0 0
3 1156 1171 3625 3628 0 0 0 0 0 0 0
3 1143 2992 3438 3628 0 0 0 0 0 0 0
3 1143 3438 1171 3628 0 0 0 0 0 0 0
3 503 672 673 3371 1 141 0 0 0 0 0 0
3 588 670 669 3195 1 141 0 0 0 0 0 0
3 1336 1340 1348 3349 1 135 0 0 0 0 0 0
3 3366 3852 3814 3853 0 0 0 0 0 0 0
3 669 2541 3502 3737 0 0 0 0 0 0 0
3 1999 3076 2400 3685 0 0 0 0 0 0 0
3 3756 3808 3848 3915 0 0 0 0 0 0 0
3 703 3850 3700 3934 0 0 0 0 0 0 0
3 2069 2648 2647 3319 0 0 0 0 0 0 0
3 2926 3769 3770 3771 0 0 0 0 0 0 0
3 2055 3664 2904 3937 0 0 0 0 0 0 0
3 733 3700 2846 3934 0 0 0 0 0 0 0
3 2211 3254 2848 3759 0 0 0 0 0 0 0
3 1263 1283 1288 3538 1 135 0 0 0 0 0 0
3 2670 3468 3403 3662 0 0 0 0 0 0 0
3 742 743 765 3774 1 141 0 0 0 0 0 0
3 2847 3705 3027 3934 0 0 0 0 0 0 0
3 1431 1979 2059 2085 0 0 0 0 0 0 0
3 726 739 738 3954 1 141 0 0 0 0 0 0
3 1977 1979 1991 1992 0 0 0 0 0 0 0
3 1278 1344 1311 3799 1 135 0 0 0 0 0 0
3 22 575 1979 3938 0 130 0 0 0 0 0
3 1431 1978 1433 1979 0 0 0 0 0 0 0
3 1431 1435 1433 1978 1 1 0 0 0 0 0 0
3 934 1007 979 2992 1 137 0 0 0 0 0 0
3 911 1506 978 2992 0 0 0 0 0 0 0
3 22 575 610 1979 1 141 130 0 17 0 0 0
3 1123 1979 1977 1992 0 0 0 0 0 0 0
3 29 911 978 2992 1 139 85 0 0 0 0 0
3 1123 1433 1979 1992 0 0 0 0 0 0 0
3 2688 2690 2689 3697 0 0 0 0 0 0 0
3 1175 2688 1272 3603 0 0 0 0 0 0 0
3 1825 3177 3564 3658 0 0 0 0 0 0 0
3 997 2029 1024 3171 0 0 0 0 0 0 0
3 1002 1003 1040 1690 1 137 128 0 0 0 0 0
3 1430 1433 1992 3938 0 0 0 0 0 0 0
3 1411 3409 1422 3731 0 0 0 0 0 0 0
3 1003 1084 1689 1694 4 432 0 0 0 0 0 0
3 1077 1665 1117 3200 0 0 0 0 0 0 0
3 995 1022 1036 1139 1 137 0 0 0 0 0 0
3 994 995 1036 1139 3 137 135 128 0 0 0 0 0
3 1061 1165 2086 3618 0 0 0 0 0 0 0
3 1077 1139 1078 1666 9 135 450 0 0 444 0 0 0
3 657 3245 1422 3409 0 0 0 0 0 0 0
3 1077 1154 1139 1666 1 135 0 0 0 0 0 0
3 1466 3241 3719 3731 0 0 0 0 0 0 0
3 2773 3245 3409 3731 0 0 0 0 0 0 0
3 998 1026 1025 2017 1 137 0 0 0 0 0 0
3 37 994 1036 1078 2 135 0 0 0 444 0 0
3 1036 1078 1139 1666 0 0 0 0 0 0 0
3 998 1150 999 2016 1 135 0 0 128 0 0 0
3 999 1026 2016 3175 0 0 0 0 0 0 0
3 1170 2016 2015 2691 0 0 0 0 0 0 0
3 1027 3175 3182 3649 0 0 0 0 0 0 0
3 999 1150 1155 2016 1 135 0 0 0 0 0 0
3 2016 2020 2691 3175 0 0 0 0 0 0 0
3 173 188 216 3315 1 147 0 0 0 0 0 0
3 1315 3285 1316 3316 0 0 0 0 0 0 0
3 1155 2016 1170 2691 0 0 0 0 0 0 0
3 1276 1302 1314 2878 1 135 0 0 0 0 0 0
3 1252 1290 3106 3274 0 0 0 0 0 0 0
3 1314 1388 1328 3957 1 135 0 0 0 0 0 0
3 1302 1317 1314 3259 1 135 0 0 0 0 0 0
3 362 2732 364 3541 0 0 0 0 0 0 0
3 1470 1474 2672 2674 0 0 0 0 0 0 0
3 825 826 836 2358 1 141 0 0 0 0 0 0
3 1173 1174 1271 3560 1 135 0 0 0 0 0 0
3 1168 2686 3234 3560 0 0 0 0 0 0 0
3 3082 3659 3497 3950 0 0 0 0 0 0 0
3 2037 2527 2537 2547 0 0 0 0 0 0 0
3 353 362 3541 3950 0 0 0 0 0 0 0
3 364 2732 2148 3541 0 0 0 0 0 0 0
3 2148 2186 2150 3541 0 0 0 0 0 0 0
3 607 653 652 3403 1 141 0 0 0 0 0 0
3 354 2148 2150 3541 0 0 0 0 0 0 0
3 2373 2675 3663 3774 0 0 0 0 0 0 0
3 608 1436 654 3662 0 0 0 0 0 0 0
3 607 652 1408 3403 0 0 0 0 0 0 0
3 353 3541 2171 3950 0 0 0 0 0 0 0
3 2671 3644 3376 3919 0 0 0 0 0 0 0
3 652 653 699 3453 1 141 0 0 0 0 0 0
3 2444 3601 3186 3605 0 0 0 0 0 0 0
3 899 3186 3601 3605 0 0 0 0 0 0 0
3 1065 1127 1126 3869 1 135 0 0 0 0 0 0
3 1963 2084 2038 3908 0 0 0 0 0 0 0
3 2198 3090 2699 3312 0 0 0 0 0 0 0
3 1438 1454 1453 3919 1 1 0 0 0 0 0 0
3 1485 2672 1491 3643 0 0 0 0 0 0 0
3 1470 1474 1473 2672 1 1 0 0 0 0 0 0
3 900 906 3122 3605 0 0 0 0 0 0 0
3 651 3174 1409 3347 0 0 0 0 0 0 0
3 1434 1455 1436 3662 1 1 0 0 0 0 0 0
3 652 699 700 3453 1 141 0 0 0 0 0 0
3 653 3403 1434 3452 0 0 0 0 0 0 0
3 651 700 701 3174 1 141 0 0 0 0 0 0
3 1409 3347 3174 3805 0 0 0 0 0 0 0
3 1470 1471 1474 2674 1 1 0 0 0 0 0 0
3 900 3122 3186 3605 0 0 0 0 0 0 0
3 261 2250 2246 3962 0 0 0 0 0 0 0
3 566 633 635 3125 1 141 0 0 0 0 0 0
3 494 2246 2250 3962 0 0 0 0 0 0 0
3 633 715 635 3898 1 141 0 0 0 0 0 0
3 479 551 1631 3382 0 0 0 0 0 0 0
3 14 551 526 1631 9 143 263 0 0 259 0 0 0
3 443 479 551 1631 0 0 0 0 0 0 0
3 14 483 443 1631 3 143 263 259 0 0 0 0 0
3 736 3049 3447 3832 0 0 0 0 0 0 0
3 464 3141 3023 3391 0 0 0 0 0 0 0
3 185 3348 3141 3547 0 0 0 0 0 0 0
3 3131 3236 3249 3348 0 0 0 0 0 0 0
3 540 3131 3141 3391 0 0 0 0 0 0 0
3 1165 3618 1193 3634 0 0 0 0 0 0 0
3 3348 3548 3547 3642 0 0 0 0 0 0 0
3 73 74 147 466 3 147 145 133 0 0 0 0 0
3 2633 3109 3115 3363 0 0 0 0 0 0 0
3 111 3226 1100 3363 0 0 0 0 0 0 0
3 1193 1194 2143 3618 0 0 0 0 0 0 0
3 181 3362 3226 3363 0 0 0 0 0 0 0
3 1100 3226 3109 3363 0 0 0 0 0 0 0
3 70 71 183 463 3 147 145 133 0 0 0 0 0
3 111 181 3226 3363 0 0 0 0 0 0 0
3 41 155 1609 2651 0 0 0 0 0 0 0
3 41 1609 1615 2651 1 287 0 0 0 0 0 0
3 40 166 41 1615 9 147 287 0 0 280 0 0 0
3 149 3109 3226 3364 0 0 0 0 0 0 0
3 166 253 226 1897 1 147 0 0 0 0 0 0
3 40 1615 1627 1897 1 287 0 0 0 0 0 0
3 72 146 185 3141 1 147 0 0 0 0 0 0
3 439 548 540 3391 1 143 0 0 0 0 0 0
3 2636 3226 3362 3363 0 0 0 0 0 0 0
3 71 183 463 3023 0 0 0 0 0 0 0
3 438 464 463 3391 1 145 0 0 0 0 0 0
3 72 185 464 3141 0 0 0 0 0 0 0
3 149 3226 234 3364 0 0 0 0 0 0 0
3 73 146 465 3228 0 0 0 0 0 0 0
3 73 147 146 3228 1 147 0 0 0 0 0 0
3 183 3023 185 3236 0 0 0 0 0 0 0
3 465 477 466 3228 1 145 0 0 0 0 0 0
3 185 237 198 3348 1 147 0 0 0 0 0 0
3 201 2965 204 3001 0 0 0 0 0 0 0
3 2959 2965 2973 3001 0 0 0 0 0 0 0
3 439 540 476 3391 0 0 0 0 0 0 0
3 185 3023 3141 3348 0 0 0 0 0 0 0
3 440 477 476 547 1 145 0 0 0 0 0 0
3 476 540 547 3141 0 0 0 0 0 0 0
3 260 320 318 3083 1 147 0 0 0 0 0 0
3 240 261 2246 3962 0 0 0 0 0 0 0
3 494 543 2209 3353 0 0 0 0 0 0 0
3 2958 2959 2962 2973 0 0 0 0 0 0 0
3 589 671 670 2539 1 141 0 0 0 0 0 0
3 1429 2086 2075 3618 0 0 0 0 0 0 0
3 668 3502 3572 3737 0 0 0 0 0 0 0
3 1649 2961 2960 2962 0 0 0 0 0 0 0
3 1336 1348 1347 3350 1 135 0 0 0 0 0 0
3 148 2956 201 2957 0 0 0 0 0 0 0
3 201 2957 2956 3001 0 0 0 0 0 0 0
3 137 2957 201 3001 0 0 0 0 0 0 0
3 1596 1604 3016 3019 0 0 0 0 0 0 0
3 518 557 1598 3010 0 0 0 0 0 0 0
3 1185 1309 1265 3942 1 135 0 0 0 0 0 0
3 614 781 730 3449 1 141 0 0 0 0 0 0
3 500 614 501 1837 1 141 0 0 131 0 0 0
3 1184 1185 3489 3555 0 0 0 0 0 0 0
3 614 634 781 3966 1 141 0 0 0 0 0 0
3 500 634 614 3112 1 141 0 0 0 0 0 0
3 2425 2426 3726 3925 0 0 0 0 0 0 0
3 1147 1184 2426 3861 0 0 0 0 0 0 0
3 682 3111 3025 3495 0 0 0 0 0 0 0
3 3489 3726 3843 3926 0 0 0 0 0 0 0
3 3489 3843 3555 3952 0 0 0 0 0 0 0
3 1184 2425 2426 3726 0 0 0 0 0 0 0
3 707 3245 3114 3412 0 0 0 0 0 0 0
3 660 3035 1424 3340 0 0 0 0 0 0 0
3 2158 2753 3843 3952 0 0 0 0 0 0 0
3 581 3843 582 3942 0 0 0 130 0 0 0
3 583 3843 958 3925 0 0 0 0 0 0 0
3 583 3843 3726 3926 0 0 0 0 0 0 0
3 1420 2782 2612 3252 0 0 0 0 0 0 0
3 706 757 758 3114 1 141 0 0 0 0 0 0
3 331 339 380 3900 1 147 0 0 0 0 0 0
3 581 2158 957 3843 0 0 0 0 0 0 0
3 1623 2461 2456 3240 0 0 0 0 0 0 0
3 736 815 775 3832 1 141 0 0 0 0 0 0
3 386 415 420 3117 1 147 0 0 0 0 0 0
3 414 420 415 3137 1 147 0 0 0 0 0 0
3 402 414 415 3137 1 147 0 0 0 0 0 0
3 1879 2087 2456 2459 0 0 0 0 0 0 0
3 374 3044 3136 3137 0 0 0 0 0 0 0
3 1279 1334 1284 3911 1 135 0 0 0 0 0 0
3 1879 2447 2087 3755 0 0 0 0 0 0 0
3 2584 2949 3769 3874 0 0 0 0 0 0 0
3 2058 2060 2076 3722 0 0 0 0 0 0 0
3 1283 1333 1332 3584 1 135 0 0 0 0 0 0
3 1283 1332 1288 3538 1 135 0 0 0 0 0 0
3 2060 2143 2075 3618 0 0 0 0 0 0 0
3 2831 3434 2835 3577 0 0 0 0 0 0 0
3 2517 2528 2519 3838 0 0 0 0 0 0 0
3 1610 1879 1623 2461 0 0 0 0 0 0 0
3 138 1879 1610 2461 0 0 0 0 0 0 0
3 1607 1879 2931 3755 0 0 0 0 0 0 0
3 2539 2542 3384 3385 0 0 0 0 0 0 0
3 2000 2513 3344 3507 0 0 0 0 0 0 0
3 2001 2514 2541 3345 0 0 0 0 0 0 0
3 1825 2829 3477 3658 0 0 0 0 0 0 0
3 2226 2227 2228 2284 0 0 0 0 0 0 0
3 690 2541 2543 3501 0 0 0 0 0 0 0
3 934 976 1007 2992 0 0 0 0 0 0 0
3 2000 2513 2514 3344 0 0 0 0 0 0 0
3 31 1005 1045 2992 1 135 128 0 77 0 0 0
3 833 2759 3793 3884 0 0 0 0 0 0 0
3 2444 3186 3122 3605 0 0 0 0 0 0 0
3 1005 1143 1045 2992 1 135 0 0 0 0 0 0
3 1768 2375 1770 3936 0 0 0 0 0 0 0
3 2135 2310 2552 2990 0 0 0 0 0 0 0
3 2098 2100 2103 2363 0 0 0 0 0 0 0
3 1063 1135 1134 3645 1 135 0 0 0 0 0 0
3 1064 1135 1438 3721 0 0 0 0 0 0 0
3 1134 1135 1186 3645 1 135 0 0 0 0 0 0
3 1972 2117 2298 2630 0 0 0 0 0 0 0
3 3131 3249 3641 3642 0 0 0 0 0 0 0
3 1135 1191 1186 3721 1 135 0 0 0 0 0 0
3 3482 3641 3810 3876 0 0 0 0 0 0 0
3 1838 3131 3236 3249 0 0 0 0 0 0 0
3 292 3249 3642 3810 0 0 0 0 0 0 0
3 1436 1455 1456 3662 1 1 0 0 0 0 0 0
3 1263 1264 1283 3537 1 135 0 0 0 0 0 0
3 1432 2076 2085 3722 0 0 0 0 0 0 0
3 1434 1470 1455 3468 1 1 0 0 0 0 0 0
3 503 3239 3548 3641 0 0 0 0 0 0 0
3 1809 3000 2429 3625 0 0 0 0 0 0 0
3 194 204 259 2964 1 147 0 0 0 0 0 0
3 194 3369 2964 3370 0 0 0 0 0 0 0
3 204 2964 2959 2965 0 0 0 0 0 0 0
3 341 404 342 2737 1 147 0 0 0 0 0 0
3 1317 1361 1388 3946 1 135 0 0 0 0 0 0
3 1473 2672 1485 3637 0 0 0 0 0 0 0
3 2427 2429 3000 3625 0 0 0 0 0 0 0
3 342 404 372 2736 1 147 0 0 0 0 0 0
3 1250 2824 2687 2825 0 0 0 0 0 0 0
3 2428 3000 2999 3432 0 0 0 0 0 0 0
3 2050 3406 2672 3407 0 0 0 0 0 0 0
3 298 317 3237 3448 0 0 0 0 0 0 0
3 3962 3969 3965 3971 0 0 0 0 0 0 0
3 3000 3625 3438 3628 0 0 0 0 0 0 0
3 596 2991 597 3000 0 0 0 130 0 0 0
3 686 2557 777 3292 0 0 0 0 0 0 0
3 3050 3482 3450 3653 0 0 0 0 0 0 0
3 597 3000 3160 3924 0 0 0 0 0 0 0
3 3000 3432 3625 3924 0 0 0 0 0 0 0
3 569 638 1527 3639 0 0 0 0 0 0 0
3 568 637 569 1526 9 141 75 0 0 89 0 0 0
3 2991 3000 3438 3628 0 0 0 0 0 0 0
3 1504 2474 2465 3629 0 0 0 0 0 0 0
3 239 3962 3939 3965 0 0 0 0 0 0 0
3 2427 2429 2428 3000 0 0 0 0 0 0 0
3 569 1527 1526 3639 1 75 0 0 0 0 0 0
3 1526 1527 1539 3639 1 75 0 0 0 0 0 0
3 495 3969 3353 3971 0 0 0 0 0 0 0
3 1171 3438 3625 3628 0 0 0 0 0 0 0
3 596 2999 3000 3432 0 0 0 0 0 0 0
3 695 757 707 3246 1 141 0 0 0 0 0 0
3 882 3856 3857 3858 0 0 0 0 0 0 0
3 2967 2970 3441 3946 0 0 0 0 0 0 0
3 3228 3374 3355 3456 0 0 0 0 0 0 0
3 2148 2149 2349 2737 0 0 0 0 0 0 0
3 1796 3135 3048 3460 0 0 0 0 0 0 0
3 317 355 336 3448 1 147 0 0 0 0 0 0
3 863 3266 3265 3856 0 0 0 0 0 0 0
3 2054 3732 3459 3956 0 0 0 0 0 0 0
3 2882 3857 3856 3858 0 0 0 0 0 0 0
3 2338 2367 2887 3910 0 0 0 0 0 0 0
3 2335 3513 3094 3675 0 0 0 0 0 0 0
3 1211 1243 3513 3675 0 0 0 0 0 0 0
3 1211 3675 3513 3943 0 0 0 0 0 0 0
3 1022 1036 1139 1666 0 0 0 0 0 0 0
3 995 1022 1139 1154 8 135 0 0 0 0 0 0
3 1021 1670 1036 3862 0 0 0 0 0 0 0
3 692 768 3543 3544 0 0 0 0 0 0 0
3 2854 3529 3337 3620 0 0 0 0 0 0 0
3 1154 1666 1672 3862 0 0 0 0 0 0 0
3 2046 2055 2905 3869 0 0 0 0 0 0 0
3 1452 1453 1485 3637 1 1 0 0 0 0 0 0
3 768 3543 3544 3960 0 0 0 0 0 0 0
3 2051 3721 3637 3919 0 0 0 0 0 0 0
3 2266 3101 3102 3352 0 0 0 0 0 0 0
3 2854 3528 3529 3620 0 0 0 0 0 0 0
3 2316 2318 2317 2319 0 0 0 0 0 0 0
3 1954 1955 1956 2506 0 0 0 0 0 0 0
3 2370 2717 2718 2794 0 0 0 0 0 0 0
3 1826 2635 1827 2642 0 0 0 0 0 0 0
3 1566 2575 2917 3749 0 0 0 0 0 0 0
3 2008 3523 2793 3792 0 0 0 0 0 0 0
3 3113 3126 3599 3898 0 0 0 0 0 0 0
3 1267 3188 3726 3831 0 0 0 0 0 0 0
3 469 1645 1632 1648 4 263 0 0 0 0 0 0
3 583 3920 3726 3925 0 0 0 0 0 0 0
3 76 1629 468 1645 0 0 0 0 0 0 0
3 76 468 470 1645 1 145 0 0 0 0 0 0
3 468 480 469 1645 1 145 0 0 0 0 0 0
3 957 2753 3555 3843 0 0 0 0 0 0 0
3 1184 3555 3489 3726 0 0 0 0 0 0 0
3 1144 2426 1180 2436 0 0 0 0 0 0 0
3 165 3293 2656 3556 0 0 0 0 0 0 0
3 476 3141 547 3228 0 0 0 0 0 0 0
3 526 551 541 3382 1 143 0 0 0 0 0 0
3 3355 3374 3775 3904 0 0 0 0 0 0 0
3 95 3293 165 3556 0 0 0 0 0 0 0
3 239 3939 246 3965 0 0 0 0 0 0 0
3 74 132 147 3258 1 147 0 0 0 0 0 0
3 437 438 475 557 3 145 143 132 0 0 0 0 0
3 1106 1214 3293 3296 0 0 0 0 0 0 0
3 2324 2661 2326 3785 0 0 0 0 0 0 0
3 1329 1351 1961 3929 0 0 0 0 0 0 0
3 2522 3096 3582 3894 0 0 0 0 0 0 0
3 1257 2143 1263 3539 0 0 0 0 0 0 0
3 1960 2681 1961 3584 0 0 0 0 0 0 0
3 1214 3293 3296 3785 0 0 0 0 0 0 0
3 723 743 742 3772 1 141 0 0 0 0 0 0
3 95 1106 3293 3556 0 0 0 0 0 0 0
3 1132 1992 1172 3905 0 0 0 0 0 0 0
3 688 775 776 3046 1 141 0 0 0 0 0 0
3 3239 3642 3641 3876 0 0 0 0 0 0 0
3 1743 1990 1992 3905 0 0 0 0 0 0 0
3 2243 3963 3080 3965 0 0 0 0 0 0 0
3 1132 3578 1992 3905 0 0 0 0 0 0 0
3 576 1743 1991 1992 0 0 0 0 0 0 0
3 575 576 1991 1992 0 130 0 0 0 0 0
3 575 1991 1979 1992 0 0 0 0 0 0 0
3 263 2054 3237 3904 0 0 0 0 0 0 0
3 3131 3348 3249 3642 0 0 0 0 0 0 0
3 936 968 1653 3621 0 0 0 0 0 0 0
3 1655 1671 1668 2437 1 450 0 0 0 0 0 0
3 1652 1655 1668 2441 1 450 0 0 0 0 0 0
3 1137 1144 2436 3864 0 0 0 0 0 0 0
3 1017 2441 1019 3621 0 0 0 0 0 0 0
3 198 238 3236 3249 0 0 0 0 0 0 0
3 3778 3818 3817 3956 0 0 0 0 0 0 0
3 847 850 848 2724 1 141 0 0 0 0 0 0
3 1303 3193 3192 3493 0 0 0 0 0 0 0
3 850 852 891 3825 1 141 0 0 0 0 0 0
3 3143 3778 3733 3818 0 0 0 0 0 0 0
3 2054 3775 3818 3956 0 0 0 0 0 0 0
3 981 1163 1093 3617 1 135 0 0 0 0 0 0
3 1093 1164 2857 3617 0 0 0 0 0 0 0
3 981 1009 1008 3617 1 137 0 0 0 0 0 0
3 928 929 973 1027 3 139 137 129 0 0 0 0 0
3 576 2728 1976 2729 0 0 0 0 0 0 0
3 928 1026 1027 2020 1 137 0 0 0 0 0 0
3 1977 1991 1990 1992 0 0 0 0 0 0 0
3 1123 1196 1172 1990 1 135 0 0 0 0 0 0
3 1919 2916 2074 3173 0 0 0 0 0 0 0
3 1483 1494 1493 2818 1 1 0 0 0 0 0 0
3 1461 1478 1472 3877 1 1 0 0 0 0 0 0
3 293 1840 1839 3717 0 0 0 0 0 0 0
3 3389 3482 3810 3876 0 0 0 0 0 0 0
3 22 610 1431 1979 1 1 17 0 0 0 0 0
3 1550 2934 1566 3749 0 0 0 0 0 0 0
3 243 3150 258 3404 0 0 0 0 0 0 0
3 3057 3815 3059 3834 0 0 0 0 0 0 0
3 257 3140 1851 3150 0 0 0 0 0 0 0
3 685 3298 3273 3779 0 0 0 0 0 0 0
3 257 1851 258 3150 0 0 0 0 0 0 0
3 1563 2599 1564 2603 0 0 0 0 0 0 0
3 1597 3716 3010 3718 0 0 0 0 0 0 0
3 3132 3330 3137 3652 0 0 0 0 0 0 0
3 1837 1840 1839 3388 0 0 0 0 0 0 0
3 1591 3714 1605 3718 0 0 0 0 0 0 0
3 502 1838 3482 3641 0 0 0 0 0 0 0
3 1591 1597 1604 3718 1 311 0 0 0 0 0 0
3 1054 1498 1105 3611 0 0 0 0 0 0 0
3 1321 3100 3443 3829 0 0 0 0 0 0 0
3 1981 2299 1984 2366 0 0 0 0 0 0 0
3 2483 3764 2484 3788 0 0 0 0 0 0 0
3 1205 1249 1248 2395 1 135 0 0 0 0 0 0
3 2381 2687 2825 3106 0 0 0 0 0 0 0
3 1293 1325 2497 2871 0 0 0 0 0 0 0
3 1993 2664 3075 3526 0 0 0 0 0 0 0
3 378 3136 3331 3359 0 0 0 0 0 0 0
3 495 496 554 3969 1 143 131 0 0 0 0 0
3 496 555 554 3751 1 143 0 0 0 0 0 0
3 3751 3939 3752 3969 0 0 0 0 0 0 0
3 118 187 1592 2245 0 0 0 0 0 0 0
3 246 2243 3080 3965 0 0 0 0 0 0 0
3 143 239 240 3962 1 147 0 0 0 0 0 0
3 495 612 496 3028 1 141 0 0 131 0 0 0
3 2246 3353 3365 3962 0 0 0 0 0 0 0
3 140 3144 1601 3354 0 0 0 0 0 0 0
3 294 383 320 3079 1 147 0 0 0 0 0 0
3 497 666 667 3152 1 141 0 0 0 0 0 0
3 2411 2547 2723 3825 0 0 0 0 0 0 0
3 2037 2527 2038 2537 0 0 0 0 0 0 0
3 891 2526 894 2721 0 0 0 0 0 0 0
3 906 2330 3122 3789 0 0 0 0 0 0 0
3 2297 2755 2328 3154 0 0 0 0 0 0 0
3 850 855 3424 3913 0 0 0 0 0 0 0
3 2801 3688 3689 3835 0 0 0 0 0 0 0
3 841 848 855 3424 1 141 0 0 0 0 0 0
3 302 2154 2149 3516 0 0 0 0 0 0 0
3 346 2300 349 3518 0 0 0 0 0 0 0
3 307 3336 3841 3917 0 0 0 0 0 0 0
3 2822 3480 3315 3583 0 0 0 0 0 0 0
3 2873 3007 3304 3552 0 0 0 0 0 0 0
3 363 2292 3497 3950 0 0 0 0 0 0 0
3 1208 3930 3678 3931 0 0 0 0 0 0 0
3 350 1984 2299 2366 0 0 0 0 0 0 0
3 2781 3003 2822 3587 0 0 0 0 0 0 0
3 2234 2292 2299 2366 0 0 0 0 0 0 0
3 398 407 406 3499 1 147 0 0 0 0 0 0
3 772 816 792 3346 1 141 0 0 0 0 0 0
3 2445 3123 3186 3536 0 0 0 0 0 0 0
3 681 780 779 3767 1 141 0 0 0 0 0 0
3 3259 3271 3332 3957 0 0 0 0 0 0 0
3 2319 3511 3180 3515 0 0 0 0 0 0 0
3 853 870 2537 2538 0 0 0 0 0 0 0
3 889 2537 2527 2547 0 0 0 0 0 0 0
3 878 901 3816 3858 0 0 0 0 0 0 0
3 822 3319 823 3961 0 0 0 0 0 0 0
3 888 896 2527 3816 0 0 0 0 0 0 0
3 896 3816 901 3908 0 0 0 0 0 0 0
3 902 2082 2083 3857 0 0 0 0 0 0 0
3 363 3497 3659 3950 0 0 0 0 0 0 0
3 1327 3179 3142 3275 0 0 0 0 0 0 0
3 1558 3747 3606 3809 0 0 0 0 0 0 0
3 739 2647 3323 3324 0 0 0 0 0 0 0
3 242 243 2993 3706 0 0 0 0 0 0 0
3 510 2973 2962 3004 0 0 0 0 0 0 0
3 2503 2971 3126 3597 0 0 0 0 0 0 0
3 1576 2917 3116 3749 0 0 0 0 0 0 0
3 1562 2933 1583 3836 0 0 0 0 0 0 0
3 805 2887 2159 3870 0 0 0 0 0 0 0
3 2719 3612 3116 3749 0 0 0 0 0 0 0
3 1525 2503 3155 3846 0 0 0 0 0 0 0
3 636 3155 2503 3597 0 0 0 0 0 0 0
3 2503 3442 2971 3846 0 0 0 0 0 0 0
3 567 635 636 2503 1 141 0 0 0 0 0 0
3 1580 3457 1583 3461 0 0 0 0 0 0 0
3 568 637 1526 3155 0 0 0 0 0 0 0
3 2405 2415 2407 2416 0 0 0 0 0 0 0
3 1371 1402 1373 3418 1 135 0 0 0 0 0 0
3 833 861 873 2759 1 141 0 0 0 0 0 0
3 2712 3537 3571 3635 0 0 0 0 0 0 0
3 2571 3008 3007 3723 0 0 0 0 0 0 0
3 1286 1960 3571 3573 0 0 0 0 0 0 0
3 1303 1322 3192 3193 0 0 0 0 0 0 0
3 1942 2540 2394 3931 0 0 0 0 0 0 0
3 2241 2946 2498 2947 0 0 0 0 0 0 0
3 2104 3082 2292 3950 0 0 0 0 0 0 0
3 407 420 414 2424 1 147 0 0 0 0 0 0
3 2614 2616 2658 2660 0 0 0 0 0 0 0
3 300 2735 352 3065 0 0 0 0 0 0 0
3 300 3065 2171 3067 0 0 0 0 0 0 0
3 291 3656 2155 3762 0 0 0 0 0 0 0
3 2623 3332 2970 3946 0 0 0 0 0 0 0
3 1602 2242 2245 3751 0 0 0 0 0 0 0
3 1839 3709 3710 3711 0 0 0 0 0 0 0
3 134 246 2243 3768 0 0 0 0 0 0 0
3 496 3963 3751 3969 0 0 0 0 0 0 0
3 187 2245 246 3939 0 0 0 0 0 0 0
3 1837 1840 3388 3482 0 0 0 0 0 0 0
3 134 2243 246 2245 0 0 0 0 0 0 0
3 514 515 1594 3751 1 311 307 0 0 0 0 0
3 497 515 514 3751 1 143 0 307 0 0 0 0
3 1840 3388 3482 3810 0 0 0 0 0 0 0
3 1561 3747 3809 3899 0 0 0 0 0 0 0
3 1856 1857 2572 2701 0 0 0 0 0 0 0
3 2574 3149 2787 3748 0 0 0 0 0 0 0
3 2720 2749 2750 3458 0 0 0 0 0 0 0
3 749 3745 3055 3795 0 0 0 0 0 0 0
3 2798 3142 3179 3275 0 0 0 0 0 0 0
3 2884 3265 3266 3856 0 0 0 0 0 0 0
3 2963 3750 3362 3780 0 0 0 0 0 0 0
3 1118 3765 3594 3782 0 0 0 0 0 0 0
3 1118 1201 1140 3909 1 135 0 0 0 0 0 0
3 1200 1253 1252 3592 1 135 0 0 0 0 0 0
3 2449 3106 2825 3275 0 0 0 0 0 0 0
3 1254 2637 1276 2813 0 0 0 0 0 0 0
3 1330 3859 3316 3860 0 0 0 0 0 0 0
3 268 278 2405 2416 0 0 0 0 0 0 0
3 3166 3265 3463 3870 0 0 0 0 0 0 0
3 2750 3442 3458 3640 0 0 0 0 0 0 0
3 804 830 3265 3870 0 0 0 0 0 0 0
3 805 829 3463 3464 0 0 0 0 0 0 0
3 3020 3464 3465 3467 0 0 0 0 0 0 0
3 1946 2315 2598 2745 0 0 0 0 0 0 0
3 1538 1574 2747 2748 0 0 0 0 0 0 0
3 830 3463 3265 3870 0 0 0 0 0 0 0
3 2891 3097 3098 3099 0 0 0 0 0 0 0
3 1855 3273 3058 3291 0 0 0 0 0 0 0
3 1540 1573 3458 3640 0 0 0 0 0 0 0
3 301 3516 2149 3517 0 0 0 0 0 0 0
3 1951 2882 2078 2883 0 0 0 0 0 0 0
3 831 3097 3098 3265 0 0 0 0 0 0 0
3 863 3266 3856 3858 0 0 0 0 0 0 0
3 2799 3142 2871 3178 0 0 0 0 0 0 0
3 2381 2687 2824 2825 0 0 0 0 0 0 0
3 2502 2535 2833 3301 0 0 0 0 0 0 0
3 856 3201 866 3410 0 0 0 0 0 0 0
3 1340 3344 3349 3682 0 0 0 0 0 0 0
3 2397 2562 2563 3508 0 0 0 0 0 0 0
3 1842 3610 2752 3878 0 0 0 0 0 0 0
3 1356 2384 1357 2693 0 0 0 0 0 0 0
3 1354 2566 3179 3441 0 0 0 0 0 0 0
3 1451 3209 2905 3869 0 0 0 0 0 0 0
3 274 297 2845 3970 0 0 0 0 0 0 0
3 232 2845 2659 3281 0 0 0 0 0 0 0
3 82 152 163 3595 1 147 0 0 0 0 0 0
3 1460 2817 3280 3615 0 0 0 0 0 0 0
3 167 3281 3280 3889 0 0 0 0 0 0 0
3 1427 3283 3595 3707 0 0 0 0 0 0 0
3 150 163 233 3707 1 147 0 0 0 0 0 0
3 1427 1428 3283 3707 0 0 0 0 0 0 0
3 1068 1444 1130 2901 0 0 0 0 0 0 0
3 2656 3293 2711 3556 0 0 0 0 0 0 0
3 2363 2870 2986 2989 0 0 0 0 0 0 0
3 338 3151 343 3206 0 0 0 0 0 0 0
3 835 2401 859 3314 0 0 0 0 0 0 0
3 700 763 701 3173 1 141 0 0 0 0 0 0
3 884 3201 2329 3231 0 0 0 0 0 0 0
3 1372 3417 3167 3929 0 0 0 0 0 0 0
3 2522 2587 2585 2588 0 0 0 0 0 0 0
3 2586 3095 2832 3167 0 0 0 0 0 0 0
3 1918 2253 2254 2945 0 0 0 0 0 0 0
3 1313 3007 3008 3723 0 0 0 0 0 0 0
3 1372 3304 3167 3417 0 0 0 0 0 0 0
3 278 2415 2405 2416 0 0 0 0 0 0 0
3 816 3524 3346 3871 0 0 0 0 0 0 0
3 2198 3089 3090 3312 0 0 0 0 0 0 0
3 3069 3811 3506 3887 0 0 0 0 0 0 0
3 134 3014 294 3768 0 0 0 0 0 0 0
3 521 2447 536 3240 0 0 0 0 0 0 0
3 489 1617 521 3240 0 0 0 0 0 0 0
3 488 3159 489 3240 0 0 0 131 0 0 0
3 646 658 3613 3741 0 0 0 0 0 0 0
3 488 2087 2457 3159 0 0 0 0 0 0 0
3 2012 3523 3791 3824 0 0 0 0 0 0 0
3 283 3523 305 3791 0 0 0 0 0 0 0
3 305 3791 3523 3824 0 0 0 0 0 0 0
3 3263 3307 3308 3435 0 0 0 0 0 0 0
3 864 3463 3329 3856 0 0 0 0 0 0 0
3 98 1110 1108 3289 1 135 0 0 0 0 0 0
3 169 229 2406 3296 0 0 0 0 0 0 0
3 1316 3285 3287 3554 0 0 0 0 0 0 0
3 154 2408 2418 3289 0 0 0 0 0 0 0
3 1098 1221 1220 3570 1 135 0 0 0 0 0 0
3 98 172 1110 3289 0 0 0 0 0 0 0
3 169 3170 1107 3296 0 0 0 0 0 0 0
3 1915 1924 1923 2943 0 0 0 0 0 0 0
3 154 2405 227 2418 0 0 0 0 0 0 0
3 2196 2407 2416 2699 0 0 0 0 0 0 0
3 2405 2408 2415 2418 0 0 0 0 0 0 0
3 1555 2601 1565 3728 0 0 0 0 0 0 0
3 2453 3054 3727 3866 0 0 0 0 0 0 0
3 2450 3324 3511 3879 0 0 0 0 0 0 0
3 1501 1554 1553 3866 1 75 0 0 0 0 0 0
3 739 3324 3323 3397 0 0 0 0 0 0 0
3 1565 2601 1577 3727 0 0 0 0 0 0 0
3 1236 2984 2814 2987 0 0 0 0 0 0 0
3 1299 2984 3513 3827 0 0 0 0 0 0 0
3 2977 3423 3318 3916 0 0 0 0 0 0 0
3 381 3320 3322 3431 0 0 0 0 0 0 0
3 839 858 3694 3803 0 0 0 0 0 0 0
3 2683 3118 3117 3119 0 0 0 0 0 0 0
3 389 421 417 3428 1 147 0 0 0 0 0 0
3 412 413 3221 3488 0 0 0 0 0 0 0
3 334 3366 3071 3758 0 0 0 0 0 0 0
3 649 704 703 3850 1 141 0 0 0 0 0 0
3 411 422 2302 3490 0 0 0 0 0 0 0
3 1772 2414 3326 3455 0 0 0 0 0 0 0
3 1772 3206 2416 3454 0 0 0 0 0 0 0
3 1400 3508 1401 3535 0 0 0 0 0 0 0
3 392 2133 410 3387 0 0 0 0 0 0 0
3 341 351 2148 2149 0 0 0 0 0 0 0
3 349 2300 1984 3518 0 0 0 0 0 0 0
3 899 3601 905 3605 0 0 0 0 0 0 0
3 349 350 1984 2300 0 0 0 0 0 0 0
3 2330 2758 3223 3789 0 0 0 0 0 0 0
3 1248 2394 1942 2395 0 0 0 0 0 0 0
3 1248 1293 2394 2395 0 0 0 0 0 0 0
3 352 353 3065 3950 0 0 0 0 0 0 0
3 2799 3142 3178 3179 0 0 0 0 0 0 0
3 1292 2823 2825 2871 0 0 0 0 0 0 0
3 894 2721 2526 3540 0 0 0 0 0 0 0
3 1942 3299 2533 3473 0 0 0 0 0 0 0
3 1296 3193 1303 3493 0 0 0 0 0 0 0
3 1497 1557 1498 3611 1 75 0 0 0 0 0 0
3 1299 1302 2984 3827 0 0 0 0 0 0 0
3 1243 3093 1299 3513 0 0 0 0 0 0 0
3 1826 2933 3610 3836 0 0 0 0 0 0 0
3 1305 3086 3085 3088 0 0 0 0 0 0 0
3 1555 3608 2603 3729 0 0 0 0 0 0 0
3 2603 3608 2751 3729 0 0 0 0 0 0 0
3 1236 1302 2878 2984 0 0 0 0 0 0 0
3 627 2949 3769 3896 0 0 0 0 0 0 0
3 2703 2704 2709 3538 0 0 0 0 0 0 0
3 2924 3631 3769 3897 0 0 0 0 0 0 0
3 2924 2932 2925 3897 0 0 0 0 0 0 0
3 1279 2932 3911 3928 0 0 0 0 0 0 0
3 742 3772 743 3774 0 0 0 0 0 0 0
3 326 3389 3810 3876 0 0 0 0 0 0 0
3 1907 2351 2586 2592 0 0 0 0 0 0 0
3 370 3696 2986 3835 0 0 0 0 0 0 0
3 768 3260 796 3317 0 0 0 0 0 0 0
3 1493 2818 2821 3807 0 0 0 0 0 0 0
3 1285 3217 1330 3859 0 0 0 0 0 0 0
3 2915 3670 3260 3694 0 0 0 0 0 0 0
3 297 2876 2845 3970 0 0 0 0 0 0 0
3 2014 2115 2207 2259 0 0 0 0 0 0 0
3 315 3205 338 3206 0 0 0 0 0 0 0
3 266 3089 267 3295 0 0 0 0 0 0 0
3 400 405 3161 3327 0 0 0 0 0 0 0
3 840 3425 3410 3891 0 0 0 0 0 0 0
3 2656 2658 2657 2710 0 0 0 0 0 0 0
3 885 3186 3123 3536 0 0 0 0 0 0 0
3 3166 3463 3265 3856 0 0 0 0 0 0 0
3 864 882 3856 3857 0 0 0 0 0 0 0
3 1724 1822 1734 1904 0 0 0 0 0 0 0
3 2536 2796 3266 3858 0 0 0 0 0 0 0
3 1857 2003 2577 2579 0 0 0 0 0 0 0
3 2856 3461 3457 3462 0 0 0 0 0 0 0
3 886 3936 3550 3964 0 0 0 0 0 0 0
3 864 3329 881 3857 0 0 0 0 0 0 0
3 2006 3791 3633 3824 0 0 0 0 0 0 0
3 2348 3358 3475 3523 0 0 0 0 0 0 0
3 805 3464 3463 3870 0 0 0 0 0 0 0
3 846 3038 3041 3042 0 0 0 0 0 0 0
3 2409 3106 2798 3107 0 0 0 0 0 0 0
3 2306 3346 2309 3871 0 0 0 0 0 0 0
3 869 2649 3944 3961 0 0 0 0 0 0 0
3 1326 3178 3142 3179 0 0 0 0 0 0 0
3 1328 1388 3332 3957 0 0 0 0 0 0 0
3 3098 3870 3265 3910 0 0 0 0 0 0 0
3 738 3514 1825 3954 0 0 0 0 0 0 0
3 2803 3304 3418 3552 0 0 0 0 0 0 0
3 2348 3358 2734 3475 0 0 0 0 0 0 0
3 1353 3332 1388 3946 0 0 0 0 0 0 0
3 1843 1947 2181 2598 0 0 0 0 0 0 0
3 391 2133 392 3689 0 0 0 0 0 0 0
3 838 3484 3147 3670 0 0 0 0 0 0 0
3 820 3793 2757 3888 0 0 0 0 0 0 0
3 369 2986 391 3689 0 0 0 0 0 0 0
3 490 3243 3411 3741 0 0 0 0 0 0 0
3 2811 3088 3086 3184 0 0 0 0 0 0 0
3 725 739 3323 3397 0 0 0 0 0 0 0
3 1297 3085 1320 3100 0 0 0 0 0 0 0
3 1897 2200 2631 2632 0 0 0 0 0 0 0
3 621 2858 3396 3624 0 0 0 0 0 0 0
3 616 617 727 1902 1 141 0 0 0 0 0 0
3 3323 3698 3444 3699 0 0 0 0 0 0 0
3 591 2689 2690 3697 0 0 0 0 0 0 0
3 618 3647 3654 3828 0 0 0 0 0 0 0
3 561 2087 2458 2944 0 0 0 0 0 0 0
3 2456 2475 2457 3159 0 0 0 0 0 0 0
3 488 536 2087 3240 0 0 0 0 0 0 0
3 2611 2782 3164 3244 0 0 0 0 0 0 0
3 521 1623 2447 3240 0 0 0 0 0 0 0
3 824 2649 2648 3436 0 0 0 0 0 0 0
3 812 823 814 3319 1 141 0 0 0 0 0 0
3 1353 3179 3332 3441 0 0 0 0 0 0 0
3 2230 2568 2233 2697 0 0 0 0 0 0 0
3 2317 2321 2319 2596 0 0 0 0 0 0 0
3 2536 3816 2796 3858 0 0 0 0 0 0 0
3 1317 3946 1388 3957 0 0 0 0 0 0 0
3 2970 3332 3441 3946 0 0 0 0 0 0 0
3 226 3157 2632 3334 0 0 0 0 0 0 0
3 2525 2835 3433 3437 0 0 0 0 0 0 0
3 1349 3095 1381 3096 0 0 0 0 0 0 0
3 2651 3157 3158 3411 0 0 0 0 0 0 0
3 825 826 2358 3845 0 0 0 0 0 0 0
3 1927 3231 3410 3811 0 0 0 0 0 0 0
3 771 3914 793 3947 0 0 0 0 0 0 0
3 866 3201 884 3231 0 0 0 0 0 0 0
3 800 2899 2898 3893 0 0 0 0 0 0 0
3 1811 2115 2114 2116 0 0 0 0 0 0 0
3 339 3320 3262 3900 0 0 0 0 0 0 0
3 800 2898 3793 3893 0 0 0 0 0 0 0
3 2566 2969 3179 3441 0 0 0 0 0 0 0
3 755 3180 3511 3515 0 0 0 0 0 0 0
3 862 3097 3266 3944 0 0 0 0 0 0 0
3 2388 3072 3899 3932 0 0 0 0 0 0 0
3 869 2649 893 3944 0 0 0 0 0 0 0
3 2882 2883 2884 3856 0 0 0 0 0 0 0
3 52 135 1511 3545 0 0 0 0 0 0 0
3 135 3708 1510 3738 0 0 0 0 0 0 0
3 52 192 135 3545 1 147 0 0 0 0 0 0
3 243 2993 3150 3404 0 0 0 0 0 0 0
3 135 245 3140 3546 0 0 0 0 0 0 0
3 2002 2786 2935 3955 0 0 0 0 0 0 0
3 2003 2936 2934 2939 0 0 0 0 0 0 0
3 2972 3472 2993 3646 0 0 0 0 0 0 0
3 192 3545 2936 3546 0 0 0 0 0 0 0
3 2577 2938 2839 3104 0 0 0 0 0 0 0
3 2632 3616 3411 3741 0 0 0 0 0 0 0
3 3140 3545 3380 3738 0 0 0 0 0 0 0
3 2964 2966 2965 2993 0 0 0 0 0 0 0
3 2327 2711 3295 3561 0 0 0 0 0 0 0
3 264 2327 3089 3295 0 0 0 0 0 0 0
3 2198 2845 2876 3970 0 0 0 0 0 0 0
3 1803 2713 1804 2716 0 0 0 0 0 0 0
3 2613 2615 2713 3615 0 0 0 0 0 0 0
3 2615 3596 3303 3615 0 0 0 0 0 0 0
3 264 3089 266 3295 0 0 0 0 0 0 0
3 297 2845 2876 3089 0 0 0 0 0 0 0
3 2435 2818 2816 3232 0 0 0 0 0 0 0
3 1212 1213 3289 3485 0 0 0 0 0 0 0
3 1239 3286 1300 3669 0 0 0 0 0 0 0
3 855 890 3536 3913 0 0 0 0 0 0 0
3 1357 2693 2384 3311 0 0 0 0 0 0 0
3 2569 2571 2872 3723 0 0 0 0 0 0 0
3 770 779 2165 3923 0 0 0 0 0 0 0
3 2521 3092 2587 3095 0 0 0 0 0 0 0
3 747 808 3208 3947 0 0 0 0 0 0 0
3 2836 3208 3506 3947 0 0 0 0 0 0 0
3 1277 1282 3686 3831 0 0 0 0 0 0 0
3 1954 3202 2513 3507 0 0 0 0 0 0 0
3 841 3693 3425 3891 0 0 0 0 0 0 0
3 859 2402 868 3230 0 0 0 0 0 0 0
3 2295 2755 3154 3884 0 0 0 0 0 0 0
3 1322 3194 3193 3311 0 0 0 0 0 0 0
3 2248 3012 3286 3287 0 0 0 0 0 0 0
3 369 370 2986 3835 0 0 0 0 0 0 0
3 2614 2656 2657 2711 0 0 0 0 0 0 0
3 1909 3285 2618 3316 0 0 0 0 0 0 0
3 390 2986 3168 3488 0 0 0 0 0 0 0
3 1304 3008 3012 3127 0 0 0 0 0 0 0
3 2780 3302 3003 3587 0 0 0 0 0 0 0
3 2349 2692 2736 2737 0 0 0 0 0 0 0
3 805 3463 830 3870 0 0 0 0 0 0 0
3 829 3329 864 3463 0 0 0 0 0 0 0
3 806 829 3464 3465 0 0 0 0 0 0 0
3 829 3329 3463 3465 0 0 0 0 0 0 0
3 830 863 3265 3856 0 0 0 0 0 0 0
3 818 3288 3524 3958 0 0 0 0 0 0 0
3 611 733 3027 3934 0 0 0 0 0 0 0
3 2847 3077 3705 3853 0 0 0 0 0 0 0
3 3253 3429 3671 3759 0 0 0 0 0 0 0
3 494 3814 495 3971 0 0 0 131 0 0 0
3 3018 3221 3488 3933 0 0 0 0 0 0 0
3 818 3524 3288 3888 0 0 0 0 0 0 0
3 734 735 2846 3288 0 0 0 0 0 0 0
3 800 2898 833 3793 0 0 0 0 0 0 0
3 2628 2662 3884 3892 0 0 0 0 0 0 0
3 3421 3756 3757 3848 0 0 0 0 0 0 0
3 492 2200 2201 2202 0 0 0 0 0 0 0
3 491 492 542 2202 1 143 131 0 0 0 0 0
3 2212 2899 3419 3893 0 0 0 0 0 0 0
3 40 166 1615 1897 0 0 0 0 0 0 0
3 128 248 253 1896 1 147 0 0 0 0 0 0
3 2632 3334 3157 3616 0 0 0 0 0 0 0
3 254 3334 3333 3616 0 0 0 0 0 0 0
3 799 2401 835 3724 0 0 0 0 0 0 0
3 2706 3378 3375 3772 0 0 0 0 0 0 0
3 743 783 3774 3826 0 0 0 0 0 0 0
3 797 825 2358 3753 0 0 0 0 0 0 0
3 2358 2790 3845 3886 0 0 0 0 0 0 0
3 2270 3484 3724 3725 0 0 0 0 0 0 0
3 1977 2921 2730 3634 0 0 0 0 0 0 0
3 2832 2874 3167 3416 0 0 0 0 0 0 0
3 2672 2673 2674 3406 0 0 0 0 0 0 0
3 2589 3886 3509 3949 0 0 0 0 0 0 0
3 1329 1960 3573 3860 0 0 0 0 0 0 0
3 2589 3585 2790 3886 0 0 0 0 0 0 0
3 2272 3543 3317 3960 0 0 0 0 0 0 0
3 838 860 3147 3484 0 0 0 0 0 0 0
3 860 3314 3147 3484 0 0 0 0 0 0 0
3 879 3230 3146 3314 0 0 0 0 0 0 0
3 1473 3644 3468 3919 0 0 0 0 0 0 0
3 1362 1387 3554 3666 0 0 0 0 0 0 0
3 2569 3008 2571 3723 0 0 0 0 0 0 0
3 2324 2943 3090 3297 0 0 0 0 0 0 0
3 2358 2401 2360 2402 0 0 0 0 0 0 0
3 832 3097 893 3436 0 0 0 0 0 0 0
3 1569 1582 3604 3612 0 0 0 0 0 0 0
3 832 3099 3097 3436 0 0 0 0 0 0 0
3 862 893 3097 3944 0 0 0 0 0 0 0
3 791 813 3500 3510 0 0 0 0 0 0 0
3 2970 3332 3179 3441 0 0 0 0 0 0 0
3 823 2649 869 3961 0 0 0 0 0 0 0
3 843 2538 853 2548 0 0 0 0 0 0 0
3 1361 1374 3441 3443 0 0 0 0 0 0 0
3 1347 3350 1348 3505 0 0 0 0 0 0 0
3 1278 3799 1311 3802 0 0 0 0 0 0 0
3 2884 3856 3266 3858 0 0 0 0 0 0 0
3 2306 3494 3346 3871 0 0 0 0 0 0 0
3 350 2299 1984 2300 0 0 0 0 0 0 0
3 905 3601 3600 3605 0 0 0 0 0 0 0
3 368 2141 2300 3688 0 0 0 0 0 0 0
3 368 369 2141 3688 0 0 0 0 0 0 0
3 346 2300 3518 3688 0 0 0 0 0 0 0
3 307 3336 345 3841 0 0 0 0 0 0 0
3 369 3689 3688 3835 0 0 0 0 0 0 0
3 45 112 133 3109 1 147 0 0 0 0 0 0
3 1057 1495 1099 3109 0 0 0 0 0 0 0
3 45 133 149 3109 1 147 0 0 0 0 0 0
3 7 1057 112 3109 1 135 77 0 127 0 0 0
3 7 112 45 3109 1 147 127 0 101 0 0 0
3 2633 2639 2641 3363 0 0 0 0 0 0 0
3 1441 1451 1442 2904 1 1 0 0 0 0 0 0
3 2617 3219 3217 3316 0 0 0 0 0 0 0
3 1130 1187 1188 3739 1 135 0 0 0 0 0 0
3 2327 2714 2659 2845 0 0 0 0 0 0 0
3 2657 2741 2661 3907 0 0 0 0 0 0 0
3 808 809 3208 3506 0 0 0 0 0 0 0
3 2173 2851 2445 3201 0 0 0 0 0 0 0
3 2669 3311 3194 3851 0 0 0 0 0 0 0
3 1769 2561 1963 2564 0 0 0 0 0 0 0
3 411 3490 2133 3933 0 0 0 0 0 0 0
3 387 3257 3024 3367 0 0 0 0 0 0 0
3 418 3162 2303 3367 0 0 0 0 0 0 0
3 3191 3431 3430 3756 0 0 0 0 0 0 0
3 246 294 3080 3768 0 0 0 0 0 0 0
3 390 2986 3488 3933 0 0 0 0 0 0 0
3 412 3488 3221 3933 0 0 0 0 0 0 0
3 390 3488 412 3933 0 0 0 0 0 0 0
3 391 2133 3689 3933 0 0 0 0 0 0 0
3 2632 3243 3530 3741 0 0 0 0 0 0 0
3 766 782 2879 2880 0 0 0 0 0 0 0
3 837 2900 3694 3892 0 0 0 0 0 0 0
3 757 2879 758 3114 0 0 0 0 0 0 0
3 232 265 2659 2845 0 0 0 0 0 0 0
3 2294 3147 3670 3803 0 0 0 0 0 0 0
3 769 3544 2271 3960 0 0 0 0 0 0 0
3 2255 2869 3844 3900 0 0 0 0 0 0 0
3 798 3484 838 3725 0 0 0 0 0 0 0
3 838 3484 3670 3725 0 0 0 0 0 0 0
3 769 2271 3725 3960 0 0 0 0 0 0 0
3 768 3317 3543 3960 0 0 0 0 0 0 0
3 1105 3607 1215 3611 0 0 0 0 0 0 0
3 1234 2637 2638 2814 0 0 0 0 0 0 0
3 3109 3115 3364 3512 0 0 0 0 0 0 0
3 1495 3109 1518 3115 0 0 0 0 0 0 0
3 234 3226 3362 3364 0 0 0 0 0 0 0
3 208 209 287 3788 1 147 0 0 0 0 0 0
3 180 1121 3590 3790 0 0 0 0 0 0 0
3 2391 2787 3307 3748 0 0 0 0 0 0 0
3 1580 3461 1582 3462 0 0 0 0 0 0 0
3 2633 2641 2639 3786 0 0 0 0 0 0 0
3 3185 3410 3425 3891 0 0 0 0 0 0 0
3 2583 3585 2589 3949 0 0 0 0 0 0 0
3 2835 3437 2836 3947 0 0 0 0 0 0 0
3 866 3201 3231 3410 0 0 0 0 0 0 0
3 840 856 3410 3425 0 0 0 0 0 0 0
3 2172 3091 2978 3107 0 0 0 0 0 0 0
3 897 3601 3540 3868 0 0 0 0 0 0 0
3 894 2526 895 3540 0 0 0 0 0 0 0
3 2561 3540 2565 3868 0 0 0 0 0 0 0
3 368 2141 395 2301 0 0 0 0 0 0 0
3 358 3261 3130 3388 0 0 0 0 0 0 0
3 821 871 2490 3534 0 0 0 0 0 0 0
3 874 2403 2354 3740 0 0 0 0 0 0 0
3 2657 3739 2741 3907 0 0 0 0 0 0 0
3 365 396 2293 2301 0 0 0 0 0 0 0
3 895 898 3540 3908 0 0 0 0 0 0 0
3 337 2495 403 3151 0 0 0 0 0 0 0
3 2433 2769 3163 3877 0 0 0 0 0 0 0
3 1490 3163 3232 3528 0 0 0 0 0 0 0
3 380 3262 2256 3900 0 0 0 0 0 0 0
3 1465 3035 3216 3529 0 0 0 0 0 0 0
3 796 3694 837 3773 0 0 0 0 0 0 0
3 2272 3544 3543 3960 0 0 0 0 0 0 0
3 705 758 3318 3916 0 0 0 0 0 0 0
3 2215 3262 3428 3431 0 0 0 0 0 0 0
3 880 2329 2855 3231 0 0 0 0 0 0 0
3 857 3147 875 3154 0 0 0 0 0 0 0
3 2868 3322 3320 3431 0 0 0 0 0 0 0
3 833 873 2757 2759 0 0 0 0 0 0 0
3 857 3154 861 3803 0 0 0 0 0 0 0
3 1241 3286 3012 3287 0 0 0 0 0 0 0
3 1212 3289 3466 3485 0 0 0 0 0 0 0
3 1773 3206 3454 3486 0 0 0 0 0 0 0
3 1210 1212 3289 3466 0 0 0 0 0 0 0
3 1888 1925 1912 2253 0 0 0 0 0 0 0
3 2490 3235 2491 3534 0 0 0 0 0 0 0
3 2826 3326 3003 3917 0 0 0 0 0 0 0
3 1245 3630 3493 3930 0 0 0 0 0 0 0
3 1300 1316 3285 3287 0 0 0 0 0 0 0
3 2583 3509 3874 3949 0 0 0 0 0 0 0
3 1382 3095 3167 3416 0 0 0 0 0 0 0
3 808 840 3506 3891 0 0 0 0 0 0 0
3 793 3914 3891 3947 0 0 0 0 0 0 0
3 740 756 3324 3879 0 0 0 0 0 0 0
3 2469 2470 2473 2862 0 0 0 0 0 0 0
3 517 518 1597 3010 1 311 307 0 0 0 0 0
3 2322 3052 3511 3515 0 0 0 0 0 0 0
3 802 3180 3099 3436 0 0 0 0 0 0 0
3 2276 3329 3042 3465 0 0 0 0 0 0 0
3 802 824 3180 3436 0 0 0 0 0 0 0
3 234 272 3361 3362 0 0 0 0 0 0 0
3 164 1516 2909 3263 0 0 0 0 0 0 0
3 2311 3026 3162 3225 0 0 0 0 0 0 0
3 222 3361 272 3780 0 0 0 0 0 0 0
3 222 2792 3361 3780 0 0 0 0 0 0 0
3 901 3816 2083 3908 0 0 0 0 0 0 0
3 352 365 2292 2299 0 0 0 0 0 0 0
3 362 2732 3541 3659 0 0 0 0 0 0 0
3 2262 2370 2264 3227 0 0 0 0 0 0 0
3 2024 2733 3499 3659 0 0 0 0 0 0 0
3 363 2293 397 3497 0 0 0 0 0 0 0
3 353 354 2171 3541 0 0 0 0 0 0 0
3 2024 2732 2733 3659 0 0 0 0 0 0 0
3 1934 2062 2041 2695 0 0 0 0 0 0 0
3 1322 3192 3194 3723 0 0 0 0 0 0 0
3 2525 2590 2831 2835 0 0 0 0 0 0 0
3 827 3882 3886 3887 0 0 0 0 0 0 0
3 868 3230 2402 3882 0 0 0 0 0 0 0
3 810 827 3886 3887 0 0 0 0 0 0 0
3 828 3410 867 3811 0 0 0 0 0 0 0
3 867 880 3230 3231 0 0 0 0 0 0 0
3 2874 3304 3167 3418 0 0 0 0 0 0 0
3 828 3506 3410 3811 0 0 0 0 0 0 0
3 1373 1395 3167 3418 0 0 0 0 0 0 0
3 2060 2144 2919 2929 0 0 0 0 0 0 0
3 1333 1960 1961 3584 0 0 0 0 0 0 0
3 826 836 2358 2402 0 0 0 0 0 0 0
3 826 868 2402 3882 0 0 0 0 0 0 0
3 867 3231 3230 3811 0 0 0 0 0 0 0
3 809 3208 3506 3887 0 0 0 0 0 0 0
3 2872 3723 3552 3812 0 0 0 0 0 0 0
3 836 2401 2358 2402 0 0 0 0 0 0 0
3 2522 2523 2585 2587 0 0 0 0 0 0 0
3 500 518 517 3010 1 143 0 307 0 0 0 0
3 2118 3221 2850 3254 0 0 0 0 0 0 0
3 734 3288 2846 3290 0 0 0 0 0 0 0
3 2986 2989 3488 3933 0 0 0 0 0 0 0
3 872 877 3534 3789 0 0 0 0 0 0 0
3 760 817 3290 3893 0 0 0 0 0 0 0
3 345 3336 3835 3841 0 0 0 0 0 0 0
3 2506 3690 3502 3767 0 0 0 0 0 0 0
3 656 696 665 2505 1 141 0 0 0 0 0 0
3 1367 3504 3344 3507 0 0 0 0 0 0 0
3 656 2505 665 3687 0 0 0 0 0 0 0
3 588 1996 960 2032 0 0 0 0 0 0 0
3 746 2948 3208 3509 0 0 0 0 0 0 0
3 581 582 3895 3942 0 130 0 0 0 0 0
3 1743 1744 3905 3906 0 0 0 0 0 0 0
3 935 1430 3578 3938 0 0 0 0 0 0 0
3 1743 1744 2857 3905 0 0 0 0 0 0 0
3 964 966 1743 3906 0 0 0 0 0 0 0
3 1008 1163 3617 3905 0 0 0 0 0 0 0
3 964 3905 3578 3906 0 0 0 0 0 0 0
3 1321 3093 3100 3829 0 0 0 0 0 0 0
3 1299 3513 3093 3827 0 0 0 0 0 0 0
3 2064 2072 2066 2647 0 0 0 0 0 0 0
3 1302 1317 3259 3827 0 0 0 0 0 0 0
3 1240 3513 2984 3943 0 0 0 0 0 0 0
3 1320 3100 3086 3525 0 0 0 0 0 0 0
3 2336 3093 3513 3827 0 0 0 0 0 0 0
3 1236 1276 2814 2878 0 0 0 0 0 0 0
3 1302 1314 2878 3259 0 0 0 0 0 0 0
3 1302 3259 2878 3827 0 0 0 0 0 0 0
3 2624 2814 2813 2878 0 0 0 0 0 0 0
3 3009 3010 3715 3718 0 0 0 0 0 0 0
3 1314 2878 3259 3271 0 0 0 0 0 0 0
3 1562 3610 2933 3836 0 0 0 0 0 0 0
3 1498 1557 3608 3611 0 0 0 0 0 0 0
3 1556 1563 2603 3878 0 0 0 0 0 0 0
3 1578 1582 3461 3604 0 0 0 0 0 0 0
3 1830 2752 2638 2987 0 0 0 0 0 0 0
3 1563 2599 2603 3878 0 0 0 0 0 0 0
3 1556 2603 3608 3878 0 0 0 0 0 0 0
3 310 2793 342 3475 0 0 0 0 0 0 0
3 1557 3608 3611 3878 0 0 0 0 0 0 0
3 2263 2386 2387 2717 0 0 0 0 0 0 0
3 2701 3043 3055 3522 0 0 0 0 0 0 0
3 2684 3103 3125 3126 0 0 0 0 0 0 0
3 2077 2352 2082 2354 0 0 0 0 0 0 0
3 1965 2024 2025 2545 0 0 0 0 0 0 0
3 2692 2737 2793 3475 0 0 0 0 0 0 0
3 829 865 3329 3465 0 0 0 0 0 0 0
3 1202 1252 3106 3592 0 0 0 0 0 0 0
3 1254 2641 2637 3588 0 0 0 0 0 0 0
3 108 1119 178 3593 0 0 0 0 0 0 0
3 205 3656 291 3762 0 0 0 0 0 0 0
3 2007 2008 2789 3523 0 0 0 0 0 0 0
3 1353 3441 3332 3946 0 0 0 0 0 0 0
3 1118 1202 1201 2687 1 135 0 0 0 0 0 0
3 1291 3142 2825 3275 0 0 0 0 0 0 0
3 2667 3194 3812 3851 0 0 0 0 0 0 0
3 2766 3425 3693 3891 0 0 0 0 0 0 0
3 1400 2563 3508 3535 0 0 0 0 0 0 0
3 1376 3535 3812 3851 0 0 0 0 0 0 0
3 1379 2567 1397 3674 0 0 0 0 0 0 0
3 2863 2864 3184 3445 0 0 0 0 0 0 0
3 2338 2887 2888 3910 0 0 0 0 0 0 0
3 1841 2599 2600 3457 0 0 0 0 0 0 0
3 1361 3829 3443 3946 0 0 0 0 0 0 0
3 1317 3259 3827 3829 0 0 0 0 0 0 0
3 1317 3829 1361 3946 0 0 0 0 0 0 0
3 1299 1317 3827 3829 0 0 0 0 0 0 0
3 3101 3174 3352 3557 0 0 0 0 0 0 0
3 150 3277 1428 3707 0 0 0 0 0 0 0
3 1470 2674 2672 3468 0 0 0 0 0 0 0
3 2643 3316 3859 3860 0 0 0 0 0 0 0
3 502 672 3371 3482 0 0 0 0 0 0 0
3 546 3009 557 3010 0 0 0 0 0 0 0
3 2609 3447 3049 3832 0 0 0 0 0 0 0
3 548 3023 3131 3391 0 0 0 0 0 0 0
3 503 3239 3456 3548 0 0 0 0 0 0 0
3 198 237 292 3249 1 147 0 0 0 0 0 0
3 1703 1708 1720 3632 1 414 0 0 0 0 0 0
3 1168 1705 1721 2686 0 0 0 0 0 0 0
3 577 1718 1703 3579 0 0 0 0 0 0 0
3 2932 3533 3582 3894 0 0 0 0 0 0 0
3 1753 2930 3559 3839 0 0 0 0 0 0 0
3 3880 3896 3895 3942 0 0 0 0 0 0 0
3 2919 2922 2929 3539 0 0 0 0 0 0 0
3 1124 1196 1255 2731 1 135 0 0 0 0 0 0
3 577 950 1718 1743 0 0 0 0 0 0 0
3 1124 1708 2861 3233 0 0 0 0 0 0 0
3 575 576 1976 1991 0 130 0 0 0 0 0
3 1604 3009 3019 3718 0 0 0 0 0 0 0
3 557 1598 3009 3016 0 0 0 0 0 0 0
3 557 3006 1598 3016 0 0 0 0 0 0 0
3 1604 3009 3016 3019 0 0 0 0 0 0 0
3 618 3654 3698 3828 0 0 0 0 0 0 0
3 3444 3699 3698 3801 0 0 0 0 0 0 0
3 3697 3698 3801 3828 0 0 0 0 0 0 0
3 1316 3287 1318 3554 0 0 0 0 0 0 0
3 2360 2402 2401 3314 0 0 0 0 0 0 0
3 1956 2000 1995 2161 0 0 0 0 0 0 0
3 2328 2855 2331 3146 0 0 0 0 0 0 0
3 2373 3774 3665 3826 0 0 0 0 0 0 0
3 2259 3486 2622 3487 0 0 0 0 0 0 0
3 2874 3167 3416 3418 0 0 0 0 0 0 0
3 860 3146 3147 3314 0 0 0 0 0 0 0
3 1798 2198 2495 2496 0 0 0 0 0 0 0
3 883 2755 2328 2756 0 0 0 0 0 0 0
3 860 879 3146 3314 0 0 0 0 0 0 0
3 771 3923 3914 3948 0 0 0 0 0 0 0
3 2576 3059 2841 3060 0 0 0 0 0 0 0
3 1511 1552 3545 3738 0 0 0 0 0 0 0
3 1559 2839 2938 3104 0 0 0 0 0 0 0
3 1533 3650 1545 3738 0 0 0 0 0 0 0
3 1545 3738 3651 3840 0 0 0 0 0 0 0
3 1414 1464 1463 2581 1 1 0 0 0 0 0 0
3 89 1421 1420 2612 1 1 0 0 0 0 0 0
3 2627 2776 2770 2778 0 0 0 0 0 0 0
3 2772 3114 2879 3246 0 0 0 0 0 0 0
3 86 129 1415 2894 0 0 0 0 0 0 0
3 901 2083 3816 3858 0 0 0 0 0 0 0
3 881 3329 3041 3857 0 0 0 0 0 0 0
3 882 2083 901 3858 0 0 0 0 0 0 0
3 1604 3010 3009 3718 0 0 0 0 0 0 0
3 2082 2882 2083 3857 0 0 0 0 0 0 0
3 2276 2278 2644 2645 0 0 0 0 0 0 0
3 2883 3463 3166 3856 0 0 0 0 0 0 0
3 1199 3591 2485 3592 0 0 0 0 0 0 0
3 1832 2109 2110 2263 0 0 0 0 0 0 0
3 362 3659 3541 3950 0 0 0 0 0 0 0
3 2184 3541 2732 3659 0 0 0 0 0 0 0
3 372 2736 2734 3475 0 0 0 0 0 0 0
3 398 3497 3499 3659 0 0 0 0 0 0 0
3 2449 2823 2797 2871 0 0 0 0 0 0 0
3 2883 3329 3856 3857 0 0 0 0 0 0 0
3 394 406 2733 3499 0 0 0 0 0 0 0
3 2499 2553 2555 2606 0 0 0 0 0 0 0
3 1218 3746 2638 3786 0 0 0 0 0 0 0
3 1830 2638 2814 2987 0 0 0 0 0 0 0
3 1234 1236 2814 2987 0 0 0 0 0 0 0
3 1218 2637 1233 3786 0 0 0 0 0 0 0
3 290 291 2155 3762 0 0 0 0 0 0 0
3 1215 2984 2987 3943 0 0 0 0 0 0 0
3 1497 3610 1557 3611 0 0 0 0 0 0 0
3 712 2885 753 2982 0 0 0 0 0 0 0
3 710 756 3053 3511 0 0 0 0 0 0 0
3 1541 3442 1571 3742 0 0 0 0 0 0 0
3 804 3098 2887 3870 0 0 0 0 0 0 0
3 804 2887 805 3870 0 0 0 0 0 0 0
3 753 2885 2887 2888 0 0 0 0 0 0 0
3 752 753 2885 2887 0 0 0 0 0 0 0
3 2159 2918 3464 3870 0 0 0 0 0 0 0
3 1540 1572 3442 3458 0 0 0 0 0 0 0
3 803 3098 3097 3099 0 0 0 0 0 0 0
3 2642 3610 3606 3611 0 0 0 0 0 0 0
3 803 3097 832 3099 0 0 0 0 0 0 0
3 2807 3525 3443 3794 0 0 0 0 0 0 0
3 822 870 2538 3961 0 0 0 0 0 0 0
3 2452 2468 3250 3251 0 0 0 0 0 0 0
3 2623 3259 3332 3946 0 0 0 0 0 0 0
3 2967 3441 3443 3946 0 0 0 0 0 0 0
3 1353 1354 3179 3441 0 0 0 0 0 0 0
3 2888 2891 3098 3099 0 0 0 0 0 0 0
3 2335 3278 2819 3865 0 0 0 0 0 0 0
3 2593 3097 3099 3436 0 0 0 0 0 0 0
3 803 2888 804 3098 0 0 0 0 0 0 0
3 2604 2984 2629 3513 0 0 0 0 0 0 0
3 2367 3463 3464 3870 0 0 0 0 0 0 0
3 804 2888 2887 3098 0 0 0 0 0 0 0
3 803 2888 3098 3099 0 0 0 0 0 0 0
3 586 656 3568 3572 0 0 0 0 0 0 0
3 1949 2334 2451 2454 0 0 0 0 0 0 0
3 1923 2618 2253 2945 0 0 0 0 0 0 0
3 2294 3154 3147 3803 0 0 0 0 0 0 0
3 340 2255 2258 2495 0 0 0 0 0 0 0
3 371 388 3168 3487 0 0 0 0 0 0 0
3 656 3420 3568 3572 0 0 0 0 0 0 0
3 325 331 3844 3900 0 0 0 0 0 0 0
3 826 2402 2358 3882 0 0 0 0 0 0 0
3 826 827 3882 3886 0 0 0 0 0 0 0
3 867 3230 868 3811 0 0 0 0 0 0 0
3 587 3572 3568 3736 0 0 0 0 0 0 0
3 3433 3469 3437 3947 0 0 0 0 0 0 0
3 2589 3509 3886 3887 0 0 0 0 0 0 0
3 2360 2402 3230 3882 0 0 0 0 0 0 0
3 1335 3207 1389 3576 0 0 0 0 0 0 0
3 3073 3886 3882 3887 0 0 0 0 0 0 0
3 726 1902 3698 3954 0 0 0 0 0 0 0
3 2543 3501 3385 3658 0 0 0 0 0 0 0
3 727 738 1825 3954 0 0 0 0 0 0 0
3 1080 1684 1157 3684 0 0 0 0 0 0 0
3 1989 2001 1995 3248 0 0 0 0 0 0 0
3 715 751 2626 3599 0 0 0 0 0 0 0
3 1856 3058 3055 3291 0 0 0 0 0 0 0
3 2629 3513 2984 3827 0 0 0 0 0 0 0
3 752 2159 805 2887 0 0 0 0 0 0 0
3 805 2159 3464 3870 0 0 0 0 0 0 0
3 806 3465 3464 3522 0 0 0 0 0 0 0
3 2256 2258 2257 2259 0 0 0 0 0 0 0
3 837 3694 858 3892 0 0 0 0 0 0 0
3 2707 2763 2893 3215 0 0 0 0 0 0 0
3 228 268 2405 2406 0 0 0 0 0 0 0
3 1232 1304 3127 3493 0 0 0 0 0 0 0
3 2198 3205 2876 3312 0 0 0 0 0 0 0
3 267 297 2876 3089 0 0 0 0 0 0 0
3 315 3205 3206 3312 0 0 0 0 0 0 0
3 229 267 2406 3295 0 0 0 0 0 0 0
3 2943 3669 3485 3673 0 0 0 0 0 0 0
3 2198 2495 2876 3205 0 0 0 0 0 0 0
3 1238 1301 2273 3669 0 0 0 0 0 0 0
3 3568 3572 3680 3736 0 0 0 0 0 0 0
3 2171 2188 3065 3950 0 0 0 0 0 0 0
3 1294 2393 1323 3193 0 0 0 0 0 0 0
3 1356 2382 1378 2384 0 0 0 0 0 0 0
3 1993 3510 3248 3526 0 0 0 0 0 0 0
3 844 2723 847 2725 0 0 0 0 0 0 0
3 1325 3178 1355 3496 0 0 0 0 0 0 0
3 1338 2511 3660 3820 0 0 0 0 0 0 0
3 2852 3425 3201 3536 0 0 0 0 0 0 0
3 2078 2082 3041 3857 0 0 0 0 0 0 0
3 2211 3419 3700 3893 0 0 0 0 0 0 0
3 2212 3419 3415 3421 0 0 0 0 0 0 0
3 834 861 3884 3892 0 0 0 0 0 0 0
3 861 883 2755 3154 0 0 0 0 0 0 0
3 758 2879 2881 3916 0 0 0 0 0 0 0
3 801 2898 2899 2900 0 0 0 0 0 0 0
3 384 3162 418 3367 0 0 0 0 0 0 0
3 861 3803 3154 3884 0 0 0 0 0 0 0
3 2328 2331 2330 2755 0 0 0 0 0 0 0
3 2271 3544 2272 3960 0 0 0 0 0 0 0
3 858 3803 861 3892 0 0 0 0 0 0 0
3 861 3803 3884 3892 0 0 0 0 0 0 0
3 1164 1172 1990 3617 0 0 0 0 0 0 0
3 1197 1256 1977 3634 0 0 0 0 0 0 0
3 577 1753 578 2727 0 0 0 130 0 0 0
3 722 3532 2926 3770 0 0 0 0 0 0 0
3 1373 3167 3304 3418 0 0 0 0 0 0 0
3 3030 3645 3721 3919 0 0 0 0 0 0 0
3 811 3886 3845 3949 0 0 0 0 0 0 0
3 721 3770 3769 3874 0 0 0 0 0 0 0
3 810 811 3509 3886 0 0 0 0 0 0 0
3 720 721 2949 3874 0 0 0 0 0 0 0
3 1540 3640 3442 3846 0 0 0 0 0 0 0
3 1526 3155 3639 3846 0 0 0 0 0 0 0
3 635 2503 1524 3125 0 0 0 0 0 0 0
3 1524 2503 1542 3125 0 0 0 0 0 0 0
3 633 3125 3113 3898 0 0 0 0 0 0 0
3 2013 2918 2367 3467 0 0 0 0 0 0 0
3 635 636 2503 3597 0 0 0 0 0 0 0
3 1362 3304 3417 3553 0 0 0 0 0 0 0
3 1360 3304 1362 3553 0 0 0 0 0 0 0
3 1372 1373 3167 3304 0 0 0 0 0 0 0
3 3026 3162 3225 3483 0 0 0 0 0 0 0
3 2098 2480 2481 3518 0 0 0 0 0 0 0
3 2662 2900 2898 3892 0 0 0 0 0 0 0
3 1363 1373 3304 3552 0 0 0 0 0 0 0
3 1319 3007 1360 3553 0 0 0 0 0 0 0
3 2297 2328 3146 3154 0 0 0 0 0 0 0
3 2803 3552 3619 3812 0 0 0 0 0 0 0
3 791 3510 3500 3526 0 0 0 0 0 0 0
3 844 2548 2723 3526 0 0 0 0 0 0 0
3 790 3510 791 3526 0 0 0 0 0 0 0
3 2827 3567 3503 3685 0 0 0 0 0 0 0
3 852 2548 2547 2723 0 0 0 0 0 0 0
3 2536 2537 2538 2678 0 0 0 0 0 0 0
3 847 2723 852 2724 0 0 0 0 0 0 0
3 790 2725 3248 3526 0 0 0 0 0 0 0
3 843 2538 2548 3500 0 0 0 0 0 0 0
3 870 2536 888 2537 0 0 0 0 0 0 0
3 2412 2723 2548 3526 0 0 0 0 0 0 0
3 1380 2567 2566 3796 0 0 0 0 0 0 0
3 689 3501 2543 3658 0 0 0 0 0 0 0
3 1901 3420 3197 3568 0 0 0 0 0 0 0
3 938 1656 1673 3568 1 450 0 0 0 0 0 0
3 2566 2805 3441 3794 0 0 0 0 0 0 0
3 1354 2566 1355 3178 0 0 0 0 0 0 0
3 1922 2551 2267 3408 0 0 0 0 0 0 0
3 796 3260 3694 3773 0 0 0 0 0 0 0
3 2844 3889 3281 3945 0 0 0 0 0 0 0
3 2270 2915 2359 3484 0 0 0 0 0 0 0
3 403 2495 2258 3151 0 0 0 0 0 0 0
3 2197 2198 3089 3090 0 0 0 0 0 0 0
3 835 2401 3314 3484 0 0 0 0 0 0 0
3 2097 2134 2219 2801 0 0 0 0 0 0 0
3 821 2486 3524 3888 0 0 0 0 0 0 0
3 2303 2305 2311 3162 0 0 0 0 0 0 0
3 818 821 3524 3888 0 0 0 0 0 0 0
3 873 2756 876 2758 0 0 0 0 0 0 0
3 1972 2492 2487 3888 0 0 0 0 0 0 0
3 1321 3443 1361 3829 0 0 0 0 0 0 0
3 1374 3441 3443 3794 0 0 0 0 0 0 0
3 1361 3443 3441 3946 0 0 0 0 0 0 0
3 1321 3100 1359 3443 0 0 0 0 0 0 0
3 1359 1374 3443 3794 0 0 0 0 0 0 0
3 1320 1359 3100 3525 0 0 0 0 0 0 0
3 2593 2595 2594 3436 0 0 0 0 0 0 0
3 813 843 3500 3754 0 0 0 0 0 0 0
3 2997 3508 3535 3885 0 0 0 0 0 0 0
3 582 629 628 3935 1 141 0 0 0 0 0 0
3 2449 2797 2799 2871 0 0 0 0 0 0 0
3 2413 2547 2548 2723 0 0 0 0 0 0 0
3 878 3816 2536 3858 0 0 0 0 0 0 0
3 856 885 3201 3536 0 0 0 0 0 0 0
3 848 2163 2724 3424 0 0 0 0 0 0 0
3 1778 3518 2098 3841 0 0 0 0 0 0 0
3 2444 3600 3601 3605 0 0 0 0 0 0 0
3 1788 1905 1936 2042 0 0 0 0 0 0 0
3 840 841 3425 3891 0 0 0 0 0 0 0
3 828 840 3410 3506 0 0 0 0 0 0 0
3 1297 3093 3085 3100 0 0 0 0 0 0 0
3 2145 3093 3827 3829 0 0 0 0 0 0 0
3 1305 3085 2954 3088 0 0 0 0 0 0 0
3 787 3040 3043 3291 0 0 0 0 0 0 0
3 685 686 778 3292 1 141 0 0 0 0 0 0
3 316 336 402 3652 1 147 0 0 0 0 0 0
3 305 3358 347 3824 0 0 0 0 0 0 0
3 257 1851 3140 3633 0 0 0 0 0 0 0
3 323 3823 3268 3824 0 0 0 0 0 0 0
3 583 959 584 3920 1 139 0 0 130 0 0 0
3 959 3883 2438 3925 0 0 0 0 0 0 0
3 1180 1267 1183 3187 1 135 0 0 0 0 0 0
3 1668 2438 2437 3621 0 0 0 0 0 0 0
3 959 3921 3920 3925 0 0 0 0 0 0 0
3 1671 1901 2437 2443 0 0 0 0 0 0 0
3 919 958 957 3861 1 139 0 0 0 0 0 0
3 1667 1671 1901 2437 0 0 0 0 0 0 0
3 936 1668 1667 2437 1 450 0 0 0 0 0 0
3 826 2358 3845 3886 0 0 0 0 0 0 0
3 811 826 3845 3886 0 0 0 0 0 0 0
3 2288 2738 2740 3124 0 0 0 0 0 0 0
3 797 2358 836 2998 0 0 0 0 0 0 0
3 585 1901 1656 3568 0 0 0 0 0 0 0
3 2583 2591 2589 3585 0 0 0 0 0 0 0
3 1129 1188 1189 2903 1 135 0 0 0 0 0 0
3 723 2928 3532 3772 0 0 0 0 0 0 0
3 744 811 3826 3949 0 0 0 0 0 0 0
3 783 825 3753 3845 0 0 0 0 0 0 0
3 797 799 2074 2998 0 0 0 0 0 0 0
3 1908 3860 1960 3929 0 0 0 0 0 0 0
3 271 325 3478 3918 0 0 0 0 0 0 0
3 256 3213 3478 3844 0 0 0 0 0 0 0
3 2214 3262 3320 3900 0 0 0 0 0 0 0
3 313 3320 339 3918 0 0 0 0 0 0 0
3 252 3833 3213 3945 0 0 0 0 0 0 0
3 324 2255 3211 3844 0 0 0 0 0 0 0
3 324 331 2255 3844 0 0 0 0 0 0 0
3 2431 2761 2760 2976 0 0 0 0 0 0 0
3 2631 3334 2632 3530 0 0 0 0 0 0 0
3 2975 3321 3333 3414 0 0 0 0 0 0 0
3 2271 2272 3725 3960 0 0 0 0 0 0 0
3 1803 2613 2713 2815 0 0 0 0 0 0 0
3 264 2659 2327 3951 0 0 0 0 0 0 0
3 170 1425 2707 3889 0 0 0 0 0 0 0
3 2056 3081 2912 3360 0 0 0 0 0 0 0
3 2670 2675 3452 3663 0 0 0 0 0 0 0
3 273 2717 276 2791 0 0 0 0 0 0 0
3 2262 2717 2370 3227 0 0 0 0 0 0 0
3 2449 3142 2798 3275 0 0 0 0 0 0 0
3 886 887 3868 3936 0 0 0 0 0 0 0
3 892 3551 2354 3964 0 0 0 0 0 0 0
3 892 2082 2354 3551 0 0 0 0 0 0 0
3 842 2490 871 3542 0 0 0 0 0 0 0
3 400 3224 3119 3327 0 0 0 0 0 0 0
3 887 3235 3868 3936 0 0 0 0 0 0 0
3 886 3868 3550 3936 0 0 0 0 0 0 0
3 395 409 3341 3387 0 0 0 0 0 0 0
3 341 2737 2794 3517 0 0 0 0 0 0 0
3 342 404 2736 2737 0 0 0 0 0 0 0
3 3055 3056 3522 3795 0 0 0 0 0 0 0
3 2391 2574 3748 3749 0 0 0 0 0 0 0
3 1827 1828 2388 3072 0 0 0 0 0 0 0
3 1252 3107 3106 3592 0 0 0 0 0 0 0
3 827 828 3811 3887 0 0 0 0 0 0 0
3 866 3231 867 3410 0 0 0 0 0 0 0
3 1909 3554 3316 3666 0 0 0 0 0 0 0
3 827 3811 868 3882 0 0 0 0 0 0 0
3 868 3811 3230 3882 0 0 0 0 0 0 0
3 2853 3230 3231 3811 0 0 0 0 0 0 0
3 2038 2527 2526 3908 0 0 0 0 0 0 0
3 3026 3225 3451 3483 0 0 0 0 0 0 0
3 2041 2043 2045 2694 0 0 0 0 0 0 0
3 853 2537 889 2547 0 0 0 0 0 0 0
3 3602 3799 3801 3863 0 0 0 0 0 0 0
3 2805 3443 3441 3794 0 0 0 0 0 0 0
3 1765 2038 1963 2084 0 0 0 0 0 0 0
3 822 2538 3754 3961 0 0 0 0 0 0 0
3 853 2538 2537 2548 0 0 0 0 0 0 0
3 2424 3498 2546 3499 0 0 0 0 0 0 0
3 854 3542 3235 3936 0 0 0 0 0 0 0
3 854 3235 887 3936 0 0 0 0 0 0 0
3 887 3600 905 3868 0 0 0 0 0 0 0
3 327 3079 3305 3483 0 0 0 0 0 0 0
3 854 874 2403 3936 0 0 0 0 0 0 0
3 391 411 2133 3933 0 0 0 0 0 0 0
3 2630 2755 2757 2758 0 0 0 0 0 0 0
3 2037 2411 3229 3825 0 0 0 0 0 0 0
3 877 905 3600 3605 0 0 0 0 0 0 0
3 2941 3279 3807 3901 0 0 0 0 0 0 0
3 2055 2905 2904 3664 0 0 0 0 0 0 0
3 1287 3859 1330 3860 0 0 0 0 0 0 0
3 1264 3571 3537 3635 0 0 0 0 0 0 0
3 1236 2878 2814 2984 0 0 0 0 0 0 0
3 2638 2987 2752 3611 0 0 0 0 0 0 0
3 2604 2987 2984 3943 0 0 0 0 0 0 0
3 2264 2370 2692 2737 0 0 0 0 0 0 0
3 1302 2878 2984 3827 0 0 0 0 0 0 0
3 1215 1240 2984 3943 0 0 0 0 0 0 0
3 1243 3094 3513 3675 0 0 0 0 0 0 0
3 1234 2814 2638 2987 0 0 0 0 0 0 0
3 1102 3611 1217 3746 0 0 0 0 0 0 0
3 871 3235 2490 3534 0 0 0 0 0 0 0
3 872 2758 876 3789 0 0 0 0 0 0 0
3 820 2757 873 2758 0 0 0 0 0 0 0
3 876 2330 906 3789 0 0 0 0 0 0 0
3 877 3235 3534 3600 0 0 0 0 0 0 0
3 2486 2487 2489 2492 0 0 0 0 0 0 0
3 2470 2862 2860 2864 0 0 0 0 0 0 0
3 2472 2862 2473 3730 0 0 0 0 0 0 0
3 382 3756 3191 3915 0 0 0 0 0 0 0
3 3396 3647 3624 3655 0 0 0 0 0 0 0
3 1532 3160 3629 3953 0 0 0 0 0 0 0
3 2464 2474 2466 2985 0 0 0 0 0 0 0
3 2859 2860 2863 3445 0 0 0 0 0 0 0
3 2743 3098 3097 3265 0 0 0 0 0 0 0
3 803 831 3097 3098 0 0 0 0 0 0 0
3 753 804 803 2888 1 141 0 0 0 0 0 0
3 753 2887 804 2888 0 0 0 0 0 0 0
3 804 831 3098 3265 0 0 0 0 0 0 0
3 622 2058 697 3722 0 0 0 0 0 0 0
3 2058 2059 2060 3722 0 0 0 0 0 0 0
3 577 624 623 2728 1 141 0 0 0 0 0 0
3 624 2728 2727 2928 0 0 0 0 0 0 0
3 1438 3645 1454 3919 0 0 0 0 0 0 0
3 2922 2923 2924 2927 0 0 0 0 0 0 0
3 1061 2086 1429 3618 0 0 0 0 0 0 0
3 1104 1216 2710 3293 0 0 0 0 0 0 0
3 3077 3757 3701 3759 0 0 0 0 0 0 0
3 230 264 3295 3561 0 0 0 0 0 0 0
3 1923 3219 3285 3669 0 0 0 0 0 0 0
3 2661 3804 3785 3907 0 0 0 0 0 0 0
3 163 3595 231 3951 0 0 0 0 0 0 0
3 1260 1275 3217 3218 0 0 0 0 0 0 0
3 231 3595 2659 3951 0 0 0 0 0 0 0
3 1428 3283 2658 3284 0 0 0 0 0 0 0
3 10 80 93 3277 1 147 5 0 127 0 0 0
3 2425 3188 3187 3921 0 0 0 0 0 0 0
3 1277 3686 2511 3820 0 0 0 0 0 0 0
3 584 959 2437 3921 0 0 0 0 0 0 0
3 583 3920 664 3935 0 0 0 0 0 0 0
3 582 958 583 3843 1 139 0 0 130 0 0 0
3 1016 2426 1017 3883 0 0 0 0 0 0 0
3 2266 3078 3544 3557 0 0 0 0 0 0 0
3 1482 3807 3279 3901 0 0 0 0 0 0 0
3 2050 2053 2051 2372 0 0 0 0 0 0 0
3 1408 1409 1471 3347 1 1 0 0 0 0 0 0
3 1491 2672 3406 3407 0 0 0 0 0 0 0
3 797 2074 1919 2998 0 0 0 0 0 0 0
3 1287 3573 3531 3859 0 0 0 0 0 0 0
3 1482 3279 1971 3901 0 0 0 0 0 0 0
3 3190 3571 3573 3635 0 0 0 0 0 0 0
3 1895 2123 2191 2915 0 0 0 0 0 0 0
3 668 669 681 3502 1 141 0 0 0 0 0 0
3 1357 2384 1377 3851 0 0 0 0 0 0 0
3 2478 3346 2914 3542 0 0 0 0 0 0 0
3 874 3936 886 3964 0 0 0 0 0 0 0
3 2544 3499 2733 3927 0 0 0 0 0 0 0
3 1279 1280 1310 2932 1 135 0 0 0 0 0 0
3 742 3638 3772 3774 0 0 0 0 0 0 0
3 783 3665 3774 3826 0 0 0 0 0 0 0
3 722 723 2928 3532 0 0 0 0 0 0 0
3 1960 1961 2679 3929 0 0 0 0 0 0 0
3 3585 3845 3886 3949 0 0 0 0 0 0 0
3 389 3070 3429 3756 0 0 0 0 0 0 0
3 1283 3538 3537 3571 0 0 0 0 0 0 0
3 1286 1329 1960 3573 0 0 0 0 0 0 0
3 793 3891 808 3947 0 0 0 0 0 0 0
3 2668 3812 3535 3851 0 0 0 0 0 0 0
3 1335 3207 3686 3838 0 0 0 0 0 0 0
3 2229 2398 3672 3674 0 0 0 0 0 0 0
3 588 589 3195 3735 0 130 0 0 0 0 0
3 1661 1901 1671 2443 0 0 0 0 0 0 0
3 3757 3850 3848 3853 0 0 0 0 0 0 0
3 2436 2437 2438 3187 0 0 0 0 0 0 0
3 3191 3421 3427 3848 0 0 0 0 0 0 0
3 1267 1282 1277 3831 1 135 0 0 0 0 0 0
3 3420 3622 3660 3820 0 0 0 0 0 0 0
3 1206 1800 1246 3680 0 0 0 0 0 0 0
3 596 977 976 2991 1 139 0 0 0 0 0 0
3 947 1695 1687 3872 1 432 0 0 0 0 0 0
3 947 975 977 3872 1 139 0 0 0 0 0 0
3 1030 1687 3439 3872 0 0 0 0 0 0 0
3 933 976 975 3872 1 139 0 0 0 0 0 0
3 1094 1161 1171 1809 1 135 0 0 0 0 0 0
3 1161 1809 1688 2429 0 0 0 0 0 0 0
3 1030 1687 1689 3439 0 0 0 0 0 0 0
3 1095 2429 1686 2430 0 0 0 0 0 0 0
3 1046 1156 1509 3628 0 0 0 0 0 0 0
3 486 511 1507 2957 0 0 0 0 0 0 0
3 148 1507 2956 2957 0 0 0 0 0 0 0
3 148 190 201 2956 1 147 0 0 0 0 0 0
3 190 201 2956 2965 0 0 0 0 0 0 0
3 79 148 137 2957 1 147 0 0 0 0 0 0
3 57 148 79 1507 1 147 0 0 0 0 0 0
3 423 486 1507 2957 1 75 0 0 0 0 0 0
3 125 1636 1638 3270 1 263 0 0 0 0 0 0
3 265 2845 297 3089 0 0 0 0 0 0 0
3 1476 3528 2818 3806 0 0 0 0 0 0 0
3 337 2495 2876 3970 0 0 0 0 0 0 0
3 312 340 2495 3211 0 0 0 0 0 0 0
3 2628 3670 3694 3803 0 0 0 0 0 0 0
3 1452 2046 3637 3643 0 0 0 0 0 0 0
3 1923 2273 2325 3219 0 0 0 0 0 0 0
3 2818 2942 2821 3807 0 0 0 0 0 0 0
3 1013 1034 2357 3581 0 0 0 0 0 0 0
3 1133 1178 1162 2677 1 135 0 0 0 0 0 0
3 1169 1173 1178 2676 1 135 0 0 0 0 0 0
3 1034 2357 2677 2754 0 0 0 0 0 0 0
3 967 2158 3021 3580 0 0 0 0 0 0 0
3 1705 1719 1706 2676 1 414 0 0 0 0 0 0
3 1146 1178 1185 3952 1 135 0 0 0 0 0 0
3 1034 2677 1162 2754 0 0 0 0 0 0 0
3 1013 3580 1707 3581 0 0 0 0 0 0 0
3 965 1707 1013 3580 0 0 0 0 0 0 0
3 2482 2780 3301 3302 0 0 0 0 0 0 0
3 2497 2693 2498 3496 0 0 0 0 0 0 0
3 1378 2382 2383 2384 0 0 0 0 0 0 0
3 2526 3229 2564 3540 0 0 0 0 0 0 0
3 2222 2655 3075 3500 0 0 0 0 0 0 0
3 2382 2494 2946 3496 0 0 0 0 0 0 0
3 895 2527 896 3908 0 0 0 0 0 0 0
3 889 2527 2526 2547 0 0 0 0 0 0 0
3 2494 3178 2946 3496 0 0 0 0 0 0 0
3 894 3540 897 3601 0 0 0 0 0 0 0
3 894 2721 3540 3601 0 0 0 0 0 0 0
3 2808 3100 3093 3829 0 0 0 0 0 0 0
3 1841 2599 3457 3836 0 0 0 0 0 0 0
3 2810 3323 3324 3397 0 0 0 0 0 0 0
3 802 3099 832 3436 0 0 0 0 0 0 0
3 1359 3443 3100 3525 0 0 0 0 0 0 0
3 1344 3569 3446 3799 0 0 0 0 0 0 0
3 871 2490 3235 3542 0 0 0 0 0 0 0
3 377 3134 3405 3875 0 0 0 0 0 0 0
3 865 3041 881 3329 0 0 0 0 0 0 0
3 2354 3936 2403 3964 0 0 0 0 0 0 0
3 789 2352 3038 3740 0 0 0 0 0 0 0
3 2486 2490 2489 3534 0 0 0 0 0 0 0
3 1837 3450 3388 3451 0 0 0 0 0 0 0
3 2549 2609 2607 3064 0 0 0 0 0 0 0
3 2488 2758 3534 3789 0 0 0 0 0 0 0
3 1750 2265 1950 2349 0 0 0 0 0 0 0
3 775 815 789 3832 1 141 0 0 0 0 0 0
3 819 3042 865 3465 0 0 0 0 0 0 0
3 2628 3803 3694 3892 0 0 0 0 0 0 0
3 2115 2256 3487 3527 0 0 0 0 0 0 0
3 2628 3884 3803 3892 0 0 0 0 0 0 0
3 2881 2977 2899 3318 0 0 0 0 0 0 0
3 2713 2816 2815 2817 0 0 0 0 0 0 0
3 2880 2881 2895 3773 0 0 0 0 0 0 0
3 313 3321 3320 3918 0 0 0 0 0 0 0
3 2869 3900 3320 3918 0 0 0 0 0 0 0
3 2343 2667 2668 2669 0 0 0 0 0 0 0
3 2764 3425 3424 3693 0 0 0 0 0 0 0
3 1357 1358 3311 3851 0 0 0 0 0 0 0
3 2037 2526 2527 2547 0 0 0 0 0 0 0
3 1376 3535 3619 3812 0 0 0 0 0 0 0
3 2160 2167 2226 2410 0 0 0 0 0 0 0
3 2831 2877 2832 3416 0 0 0 0 0 0 0
3 1376 1377 3535 3851 0 0 0 0 0 0 0
3 1377 2383 1399 2563 0 0 0 0 0 0 0
3 1377 2384 2383 2563 0 0 0 0 0 0 0
3 1357 3311 2384 3851 0 0 0 0 0 0 0
3 2559 3298 3048 3460 0 0 0 0 0 0 0
3 687 688 776 3046 1 141 0 0 0 0 0 0
3 147 235 3355 3386 0 0 0 0 0 0 0
3 1225 2427 1229 3623 0 0 0 0 0 0 0
3 1171 1225 1176 3625 1 135 0 0 0 0 0 0
3 1176 1225 1229 3623 1 135 0 0 0 0 0 0
3 1683 1696 1688 1809 1 432 0 0 0 0 0 0
3 2191 2270 2272 2915 0 0 0 0 0 0 0
3 820 833 2757 3793 0 0 0 0 0 0 0
3 2295 3154 3803 3884 0 0 0 0 0 0 0
3 1810 1811 1973 2117 0 0 0 0 0 0 0
3 2492 2682 3288 3888 0 0 0 0 0 0 0
3 759 2881 801 2899 0 0 0 0 0 0 0
3 2302 2304 2303 2305 0 0 0 0 0 0 0
3 2742 3829 3259 3946 0 0 0 0 0 0 0
3 2742 3827 3259 3829 0 0 0 0 0 0 0
3 2596 3099 3180 3436 0 0 0 0 0 0 0
3 893 3436 3097 3944 0 0 0 0 0 0 0
3 2808 3443 3100 3829 0 0 0 0 0 0 0
3 2323 2598 2745 3727 0 0 0 0 0 0 0
3 2743 3265 3097 3266 0 0 0 0 0 0 0
3 2594 3436 2649 3944 0 0 0 0 0 0 0
3 2840 3060 3113 3599 0 0 0 0 0 0 0
3 1676 1691 1679 3649 1 432 0 0 0 0 0 0
3 1027 1037 1038 3182 1 137 0 0 0 0 0 0
3 974 1679 3183 3649 0 0 0 0 0 0 0
3 2690 3156 3393 3800 0 0 0 0 0 0 0
3 1000 1142 1038 3182 0 0 0 0 0 0 0
3 1684 1693 1691 3392 1 432 0 0 0 0 0 0
3 3156 3549 3626 3800 0 0 0 0 0 0 0
3 418 2303 3257 3367 0 0 0 0 0 0 0
3 400 3161 3224 3327 0 0 0 0 0 0 0
3 2254 3007 3011 3553 0 0 0 0 0 0 0
3 2330 2755 2630 2758 0 0 0 0 0 0 0
3 820 2486 821 3888 0 0 0 0 0 0 0
3 2310 2850 3221 3257 0 0 0 0 0 0 0
3 2621 3224 3161 3327 0 0 0 0 0 0 0
3 418 2303 422 3490 0 0 0 0 0 0 0
3 2311 3162 3026 3368 0 0 0 0 0 0 0
3 1349 1961 3095 3096 0 0 0 0 0 0 0
3 3113 3125 3126 3898 0 0 0 0 0 0 0
3 2462 3151 2495 3205 0 0 0 0 0 0 0
3 721 3769 2949 3874 0 0 0 0 0 0 0
3 1345 2521 1405 2524 0 0 0 0 0 0 0
3 1381 1394 3092 3095 0 0 0 0 0 0 0
3 1402 3416 3418 3873 0 0 0 0 0 0 0
3 1398 1399 2383 2398 0 0 0 0 0 0 0
3 1398 2398 2383 3674 0 0 0 0 0 0 0
3 2163 2165 2164 3693 0 0 0 0 0 0 0
3 2410 2724 2723 2725 0 0 0 0 0 0 0
3 747 3947 3469 3948 0 0 0 0 0 0 0
3 2383 2563 2384 2666 0 0 0 0 0 0 0
3 2595 2648 2649 3436 0 0 0 0 0 0 0
3 1359 3525 1375 3794 0 0 0 0 0 0 0
3 1354 2566 3441 3796 0 0 0 0 0 0 0
3 2072 3319 3514 3754 0 0 0 0 0 0 0
3 1391 3503 3567 3685 0 0 0 0 0 0 0
3 1375 3525 3394 3794 0 0 0 0 0 0 0
3 565 1523 1522 3103 1 75 0 0 0 0 0 0
3 1383 1384 3504 3685 0 0 0 0 0 0 0
3 2494 2697 2567 3674 0 0 0 0 0 0 0
3 750 3598 751 3599 0 0 0 0 0 0 0
3 715 2626 3597 3898 0 0 0 0 0 0 0
3 3059 3651 3734 3834 0 0 0 0 0 0 0
3 283 310 3523 3792 0 0 0 0 0 0 0
3 1358 3812 3194 3851 0 0 0 0 0 0 0
3 1364 3723 3194 3812 0 0 0 0 0 0 0
3 1371 3619 3552 3812 0 0 0 0 0 0 0
3 1371 1376 3619 3812 0 0 0 0 0 0 0
3 1358 1376 3812 3851 0 0 0 0 0 0 0
3 2803 2873 2874 3304 0 0 0 0 0 0 0
3 2804 3619 3535 3812 0 0 0 0 0 0 0
3 2478 3235 3542 3936 0 0 0 0 0 0 0
3 316 335 3389 3652 0 0 0 0 0 0 0
3 2488 3534 3600 3789 0 0 0 0 0 0 0
3 1983 2504 2482 2535 0 0 0 0 0 0 0
3 2140 2300 2141 3688 0 0 0 0 0 0 0
3 2669 2947 2694 3311 0 0 0 0 0 0 0
3 392 2133 2141 3689 0 0 0 0 0 0 0
3 847 848 2163 2724 0 0 0 0 0 0 0
3 2163 2764 2724 3424 0 0 0 0 0 0 0
3 1993 1994 2224 2226 0 0 0 0 0 0 0
3 1318 3287 3553 3554 0 0 0 0 0 0 0
3 1316 3316 3285 3554 0 0 0 0 0 0 0
3 1241 3012 1298 3287 0 0 0 0 0 0 0
3 632 3060 3113 3734 0 0 0 0 0 0 0
3 1318 3011 1319 3553 0 0 0 0 0 0 0
3 1241 3012 3286 3466 0 0 0 0 0 0 0
3 2269 2423 2274 2941 0 0 0 0 0 0 0
3 1242 1304 3012 3127 0 0 0 0 0 0 0
3 885 3123 3201 3536 0 0 0 0 0 0 0
3 1845 2743 1848 2884 0 0 0 0 0 0 0
3 1927 2851 2173 3231 0 0 0 0 0 0 0
3 877 3605 3600 3789 0 0 0 0 0 0 0
3 2140 2300 2299 2301 0 0 0 0 0 0 0
3 2329 3123 2445 3201 0 0 0 0 0 0 0
3 1476 2818 1483 3806 0 0 0 0 0 0 0
3 1472 3163 2769 3877 0 0 0 0 0 0 0
3 767 782 2880 3773 0 0 0 0 0 0 0
3 1483 3806 3807 3901 0 0 0 0 0 0 0
3 3078 3620 3492 3806 0 0 0 0 0 0 0
3 1467 3492 3620 3806 0 0 0 0 0 0 0
3 2439 3528 3620 3806 0 0 0 0 0 0 0
3 3172 3347 3403 3614 0 0 0 0 0 0 0
3 1633 1637 1646 3817 1 263 0 0 0 0 0 0
3 132 235 147 3258 1 147 0 0 0 0 0 0
3 3256 3386 3775 3817 0 0 0 0 0 0 0
3 547 549 550 3374 1 143 0 0 0 0 0 0
3 1635 1639 1650 3778 1 263 0 0 0 0 0 0
3 394 2732 2733 2734 0 0 0 0 0 0 0
3 394 2733 2732 3659 0 0 0 0 0 0 0
3 2081 2354 2376 3740 0 0 0 0 0 0 0
3 406 407 2424 3499 0 0 0 0 0 0 0
3 631 1521 3651 3734 0 0 0 0 0 0 0
3 1544 1545 3105 3840 0 0 0 0 0 0 0
3 1094 3438 2992 3439 0 0 0 0 0 0 0
3 563 1520 631 1521 2 75 0 0 0 0 0 0
3 1285 3360 3217 3859 0 0 0 0 0 0 0
3 1192 1259 3531 3664 0 0 0 0 0 0 0
3 597 2991 978 3628 0 0 0 0 0 0 0
3 1493 2818 1494 2821 0 0 0 0 0 0 0
3 3190 3573 3531 3635 0 0 0 0 0 0 0
3 1127 3869 2904 3937 0 0 0 0 0 0 0
3 2288 3124 2740 3199 0 0 0 0 0 0 0
3 254 3333 357 3414 0 0 0 0 0 0 0
3 2632 3530 3334 3616 0 0 0 0 0 0 0
3 3422 3423 3427 3787 0 0 0 0 0 0 0
3 3157 3159 3158 3411 0 0 0 0 0 0 0
3 3333 3334 3530 3616 0 0 0 0 0 0 0
3 756 3511 3324 3879 0 0 0 0 0 0 0
3 754 3099 802 3515 0 0 0 0 0 0 0
3 1538 2747 2907 3521 0 0 0 0 0 0 0
3 1537 1575 3521 3727 0 0 0 0 0 0 0
3 756 784 3324 3511 0 0 0 0 0 0 0
3 784 824 2648 3180 0 0 0 0 0 0 0
3 1537 1575 1538 3521 1 75 0 0 0 0 0 0
3 2621 3062 3061 3225 0 0 0 0 0 0 0
3 1658 1659 1674 3176 1 450 0 0 0 0 0 0
3 1996 2029 1998 2033 0 0 0 0 0 0 0
3 588 971 960 1996 1 139 0 0 0 0 0 0
3 587 1657 3210 3677 0 0 0 0 0 0 0
3 1659 2031 1996 3176 0 0 0 0 0 0 0
3 1117 1658 1153 3200 0 0 0 0 0 0 0
3 1076 1153 1117 1658 1 135 0 0 0 0 0 0
3 1077 1117 1154 3200 1 135 0 0 0 0 0 0
3 1674 3210 3648 3766 0 0 0 0 0 0 0
3 2413 2537 2538 2548 0 0 0 0 0 0 0
3 1959 2132 2222 2560 0 0 0 0 0 0 0
3 2852 3424 3425 3536 0 0 0 0 0 0 0
3 1380 2494 2566 2567 0 0 0 0 0 0 0
3 1379 2494 1380 2567 0 0 0 0 0 0 0
3 2382 2383 2385 3674 0 0 0 0 0 0 0
3 2000 2514 2001 3345 0 0 0 0 0 0 0
3 2001 3248 3501 3690 0 0 0 0 0 0 0
3 1368 2513 3202 3507 0 0 0 0 0 0 0
3 1369 1406 2562 3507 0 0 0 0 0 0 0
3 2698 2969 2970 3179 0 0 0 0 0 0 0
3 791 3500 844 3526 0 0 0 0 0 0 0
3 2538 2664 2548 3500 0 0 0 0 0 0 0
3 566 1523 633 3125 0 0 0 0 0 0 0
3 635 715 3597 3898 0 0 0 0 0 0 0
3 715 3113 716 3599 0 0 0 0 0 0 0
3 632 717 716 3060 1 141 0 0 0 0 0 0
3 715 3113 3599 3898 0 0 0 0 0 0 0
3 566 1524 1523 3125 1 75 0 0 0 0 0 0
3 1544 3104 1559 3840 0 0 0 0 0 0 0
3 1352 3417 1372 3929 0 0 0 0 0 0 0
3 2460 3417 3304 3553 0 0 0 0 0 0 0
3 2350 3230 3811 3882 0 0 0 0 0 0 0
3 2519 3838 3926 3935 0 0 0 0 0 0 0
3 1362 3304 1372 3417 0 0 0 0 0 0 0
3 1387 3316 3554 3666 0 0 0 0 0 0 0
3 1865 2091 2175 2445 0 0 0 0 0 0 0
3 1351 1382 1961 3167 0 0 0 0 0 0 0
3 1351 1372 3167 3929 0 0 0 0 0 0 0
3 1382 3167 1395 3416 0 0 0 0 0 0 0
3 824 2648 2649 3319 0 0 0 0 0 0 0
3 814 3514 3319 3754 0 0 0 0 0 0 0
3 738 2647 3514 3954 0 0 0 0 0 0 0
3 2280 2807 2805 2828 0 0 0 0 0 0 0
3 1359 3443 3525 3794 0 0 0 0 0 0 0
3 1577 2601 2748 3727 0 0 0 0 0 0 0
3 2856 3457 3458 3462 0 0 0 0 0 0 0
3 784 3180 3324 3511 0 0 0 0 0 0 0
3 1841 1843 2181 2597 0 0 0 0 0 0 0
3 1563 1583 2599 3836 0 0 0 0 0 0 0
3 1828 2390 2389 3072 0 0 0 0 0 0 0
3 1565 2601 3727 3728 0 0 0 0 0 0 0
3 1560 1565 3727 3728 0 0 0 0 0 0 0
3 1841 2597 2749 3457 0 0 0 0 0 0 0
3 348 2734 367 3358 0 0 0 0 0 0 0
3 372 2732 394 2734 0 0 0 0 0 0 0
3 2605 2733 3136 3927 0 0 0 0 0 0 0
3 393 3136 2733 3927 0 0 0 0 0 0 0
3 1855 1856 2702 2768 0 0 0 0 0 0 0
3 2573 3633 3268 3824 0 0 0 0 0 0 0
3 348 2734 3358 3475 0 0 0 0 0 0 0
3 271 3903 313 3918 0 0 0 0 0 0 0
3 2760 2761 2844 3945 0 0 0 0 0 0 0
3 1480 1494 2816 2821 0 0 0 0 0 0 0
3 2715 2760 2844 3212 0 0 0 0 0 0 0
3 256 3478 325 3844 0 0 0 0 0 0 0
3 256 3478 3213 3833 0 0 0 0 0 0 0
3 325 3900 3844 3918 0 0 0 0 0 0 0
3 2229 2385 2399 3674 0 0 0 0 0 0 0
3 1368 2513 2512 3202 0 0 0 0 0 0 0
3 793 3693 3891 3914 0 0 0 0 0 0 0
3 780 3690 3248 3941 0 0 0 0 0 0 0
3 2001 2541 2514 3690 0 0 0 0 0 0 0
3 793 3693 841 3891 0 0 0 0 0 0 0
3 794 2163 848 3693 0 0 0 0 0 0 0
3 1377 2563 1400 3535 0 0 0 0 0 0 0
3 848 2163 3424 3693 0 0 0 0 0 0 0
3 841 848 3424 3693 0 0 0 0 0 0 0
3 1927 3231 2173 3410 0 0 0 0 0 0 0
3 927 1997 1025 2017 0 0 0 0 0 0 0
3 926 1025 927 1997 1 137 0 0 129 0 0 0
3 927 961 1997 2017 0 0 0 0 0 0 0
3 925 1024 926 1997 1 137 0 0 129 0 0 0
3 597 3000 2991 3628 0 0 0 0 0 0 0
3 925 1023 1024 1997 1 137 0 0 0 0 0 0
3 1996 2030 2029 2033 0 0 0 0 0 0 0
3 1988 2000 2001 2542 0 0 0 0 0 0 0
3 588 3210 971 3766 0 0 0 0 0 0 0
3 1543 3103 2839 3104 0 0 0 0 0 0 0
3 716 3113 3060 3599 0 0 0 0 0 0 0
3 564 632 1522 3734 0 0 0 0 0 0 0
3 1521 3105 1545 3651 0 0 0 0 0 0 0
3 2275 2346 2345 2348 0 0 0 0 0 0 0
3 564 631 632 3734 1 141 0 0 0 0 0 0
3 1521 1522 3105 3734 0 0 0 0 0 0 0
3 852 853 2547 2548 0 0 0 0 0 0 0
3 853 2537 2547 2548 0 0 0 0 0 0 0
3 852 2724 2723 3825 0 0 0 0 0 0 0
3 891 2526 2721 3825 0 0 0 0 0 0 0
3 895 2526 2527 3908 0 0 0 0 0 0 0
3 1124 1195 1167 3233 1 135 0 0 0 0 0 0
3 576 1991 1743 3579 0 0 0 0 0 0 0
3 576 2729 1991 3579 0 0 0 0 0 0 0
3 913 1009 955 3906 0 0 0 0 0 0 0
3 2731 2861 3579 3632 0 0 0 0 0 0 0
3 1086 1708 1718 2861 1 414 0 0 0 0 0 0
3 1718 1743 2861 3579 0 0 0 0 0 0 0
3 2730 2921 2919 3634 0 0 0 0 0 0 0
3 1193 2919 1256 3634 0 0 0 0 0 0 0
3 1708 3233 1720 3632 0 0 0 0 0 0 0
3 1195 2731 2921 3233 0 0 0 0 0 0 0
3 1431 1435 1978 2085 0 0 0 0 0 0 0
3 1060 1433 1435 1978 1 1 0 0 0 0 0 0
3 1026 1027 2020 3175 0 0 0 0 0 0 0
3 1272 3602 2688 3863 0 0 0 0 0 0 0
3 590 1998 2015 3343 0 0 0 0 0 0 0
3 591 2689 2020 2691 0 0 0 0 0 0 0
3 1308 2015 2688 2691 0 0 0 0 0 0 0
3 962 2015 2017 2020 0 0 0 0 0 0 0
3 590 962 591 2689 1 139 0 0 130 0 0 0
3 1025 1141 2017 2029 0 0 0 0 0 0 0
3 2948 2950 2949 2951 0 0 0 0 0 0 0
3 1346 2512 2511 3855 0 0 0 0 0 0 0
3 696 2505 3767 3923 0 0 0 0 0 0 0
3 785 3248 2725 3941 0 0 0 0 0 0 0
3 690 2541 3501 3690 0 0 0 0 0 0 0
3 2426 2438 3883 3925 0 0 0 0 0 0 0
3 1071 1138 1137 3864 1 135 0 0 0 0 0 0
3 1180 2436 2425 3187 0 0 0 0 0 0 0
3 1184 3726 2426 3861 0 0 0 0 0 0 0
3 1017 2438 1144 2441 0 0 0 0 0 0 0
3 991 1138 1018 2441 0 0 0 0 0 0 0
3 1301 3219 2273 3669 0 0 0 0 0 0 0
3 1259 2912 1260 3360 0 0 0 0 0 0 0
3 1259 3360 1287 3531 0 0 0 0 0 0 0
3 1285 1287 3360 3859 0 0 0 0 0 0 0
3 1258 3531 3635 3720 0 0 0 0 0 0 0
3 2658 2660 3283 3707 0 0 0 0 0 0 0
3 1287 3531 3360 3859 0 0 0 0 0 0 0
3 1259 3360 3531 3664 0 0 0 0 0 0 0
3 1258 3531 3573 3635 0 0 0 0 0 0 0
3 1190 2904 2912 3664 0 0 0 0 0 0 0
3 2053 2709 2374 2712 0 0 0 0 0 0 0
3 570 1528 1527 2907 1 75 0 0 0 0 0 0
3 2450 3511 3053 3879 0 0 0 0 0 0 0
3 1539 2747 1574 3640 0 0 0 0 0 0 0
3 1575 2748 3521 3727 0 0 0 0 0 0 0
3 2747 2908 2907 3521 0 0 0 0 0 0 0
3 2339 2340 2341 2746 0 0 0 0 0 0 0
3 1527 1528 1538 2907 1 75 0 0 0 0 0 0
3 2258 3151 2259 3487 0 0 0 0 0 0 0
3 875 3147 3146 3154 0 0 0 0 0 0 0
3 875 904 2328 3146 0 0 0 0 0 0 0
3 2371 2670 2372 2673 0 0 0 0 0 0 0
3 2075 3376 2076 3644 0 0 0 0 0 0 0
3 1457 3806 3901 3902 0 0 0 0 0 0 0
3 1471 2674 1971 3406 0 0 0 0 0 0 0
3 1475 1971 3279 3406 0 0 0 0 0 0 0
3 976 2991 977 3872 0 0 0 0 0 0 0
3 1457 3806 1483 3901 0 0 0 0 0 0 0
3 2266 3544 3101 3557 0 0 0 0 0 0 0
3 2751 3608 3607 3729 0 0 0 0 0 0 0
3 1842 2599 3836 3878 0 0 0 0 0 0 0
3 1826 1844 1828 3072 0 0 0 0 0 0 0
3 1970 2531 2595 2596 0 0 0 0 0 0 0
3 2275 2348 2345 2692 0 0 0 0 0 0 0
3 3020 3464 3463 3465 0 0 0 0 0 0 0
3 2685 3442 3742 3781 0 0 0 0 0 0 0
3 3062 3225 3130 3451 0 0 0 0 0 0 0
3 2159 2918 2626 3598 0 0 0 0 0 0 0
3 1853 1855 2702 3273 0 0 0 0 0 0 0
3 2598 2748 2601 3727 0 0 0 0 0 0 0
3 1907 2586 1932 2874 0 0 0 0 0 0 0
3 1909 2945 3285 3554 0 0 0 0 0 0 0
3 826 3882 2358 3886 0 0 0 0 0 0 0
3 1874 3571 1960 3573 0 0 0 0 0 0 0
3 71 463 464 3023 1 145 0 0 0 0 0 0
3 476 540 3141 3391 0 0 0 0 0 0 0
3 3009 3131 3023 3236 0 0 0 0 0 0 0
3 3009 3016 3019 3023 0 0 0 0 0 0 0
3 501 3009 3010 3715 0 0 0 0 0 0 0
3 145 1593 3019 3718 0 0 0 0 0 0 0
3 145 177 1591 3717 0 0 0 0 0 0 0
3 1007 3439 2991 3872 0 0 0 0 0 0 0
3 328 1840 3388 3709 0 0 0 0 0 0 0
3 2047 2287 2551 3279 0 0 0 0 0 0 0
3 2511 3577 3576 3855 0 0 0 0 0 0 0
3 3139 3891 3914 3947 0 0 0 0 0 0 0
3 2397 2400 2562 3507 0 0 0 0 0 0 0
3 1392 1404 3575 3885 0 0 0 0 0 0 0
3 1389 2524 1392 3575 0 0 0 0 0 0 0
3 1954 2513 2506 2514 0 0 0 0 0 0 0
3 1385 3202 2512 3691 0 0 0 0 0 0 0
3 1389 3207 2524 3576 0 0 0 0 0 0 0
3 2192 2193 2421 2431 0 0 0 0 0 0 0
3 2968 3086 3085 3100 0 0 0 0 0 0 0
3 2451 3085 2954 3094 0 0 0 0 0 0 0
3 1231 2862 1306 3088 0 0 0 0 0 0 0
3 1149 1501 3519 3842 0 0 0 0 0 0 0
3 1500 3728 1554 3842 0 0 0 0 0 0 0
3 1224 2473 1231 3730 0 0 0 0 0 0 0
3 2320 2889 2323 2908 0 0 0 0 0 0 0
3 2719 2720 2785 3781 0 0 0 0 0 0 0
3 1527 2907 2747 3639 0 0 0 0 0 0 0
3 2886 2971 3155 3597 0 0 0 0 0 0 0
3 2159 2887 2918 3870 0 0 0 0 0 0 0
3 638 2907 1527 3639 0 0 0 0 0 0 0
3 636 714 3155 3597 0 0 0 0 0 0 0
3 713 714 2886 3155 0 0 0 0 0 0 0
3 2482 3302 3300 3917 0 0 0 0 0 0 0
3 1204 1208 3476 3931 0 0 0 0 0 0 0
3 279 2414 3326 3583 0 0 0 0 0 0 0
3 1294 2394 3193 3630 0 0 0 0 0 0 0
3 304 1984 3300 3518 0 0 0 0 0 0 0
3 2482 3301 3300 3302 0 0 0 0 0 0 0
3 1208 3678 3476 3931 0 0 0 0 0 0 0
3 2329 2853 2855 3231 0 0 0 0 0 0 0
3 1294 3193 1296 3630 0 0 0 0 0 0 0
3 2061 3493 3193 3630 0 0 0 0 0 0 0
3 1313 3008 3192 3723 0 0 0 0 0 0 0
3 1296 3193 3493 3630 0 0 0 0 0 0 0
3 1313 3007 1319 3008 0 0 0 0 0 0 0
3 1242 3128 3012 3466 0 0 0 0 0 0 0
3 1368 3202 1406 3507 0 0 0 0 0 0 0
3 978 2991 2992 3628 0 0 0 0 0 0 0
3 774 3248 780 3690 0 0 0 0 0 0 0
3 588 589 670 3195 1 141 130 0 0 0 0 0
3 773 774 3501 3510 0 0 0 0 0 0 0
3 3350 3384 3505 3743 0 0 0 0 0 0 0
3 1393 1396 3503 3672 0 0 0 0 0 0 0
3 2542 3350 3351 3384 0 0 0 0 0 0 0
3 1383 2400 1393 3685 0 0 0 0 0 0 0
3 1369 2400 1383 3507 0 0 0 0 0 0 0
3 2173 2174 2175 2178 0 0 0 0 0 0 0
3 1363 3304 3007 3552 0 0 0 0 0 0 0
3 1364 3552 3723 3812 0 0 0 0 0 0 0
3 1373 3418 3304 3552 0 0 0 0 0 0 0
3 1364 1371 3552 3812 0 0 0 0 0 0 0
3 1298 1304 3011 3012 0 0 0 0 0 0 0
3 1371 3418 1373 3552 0 0 0 0 0 0 0
3 1322 3194 1364 3723 0 0 0 0 0 0 0
3 2200 2201 2203 2665 0 0 0 0 0 0 0
3 538 558 542 2232 1 143 0 0 0 0 0 0
3 1626 1944 1896 2202 0 0 0 0 0 0 0
3 1616 1627 1620 2202 1 287 0 0 0 0 0 0
3 253 2203 255 2665 0 0 0 0 0 0 0
3 503 3239 504 3456 0 0 0 131 0 0 0
3 236 262 237 3547 1 147 0 0 0 0 0 0
3 73 465 466 3228 1 145 0 0 0 0 0 0
3 333 377 3309 3405 0 0 0 0 0 0 0
3 540 548 3131 3391 0 0 0 0 0 0 0
3 1796 3237 3238 3448 0 0 0 0 0 0 0
3 3131 3548 3348 3642 0 0 0 0 0 0 0
3 280 3326 308 3917 0 0 0 0 0 0 0
3 307 308 3336 3917 0 0 0 0 0 0 0
3 280 281 3302 3917 0 0 0 0 0 0 0
3 1303 1313 3008 3192 0 0 0 0 0 0 0
3 1221 3129 3912 3930 0 0 0 0 0 0 0
3 216 3326 280 3586 0 0 0 0 0 0 0
3 281 3300 3302 3917 0 0 0 0 0 0 0
3 307 3841 3518 3917 0 0 0 0 0 0 0
3 2822 3003 2826 3326 0 0 0 0 0 0 0
3 304 1984 2504 3300 0 0 0 0 0 0 0
3 304 3300 306 3518 0 0 0 0 0 0 0
3 214 281 3300 3302 0 0 0 0 0 0 0
3 1245 3630 3930 3931 0 0 0 0 0 0 0
3 1984 2480 2504 3300 0 0 0 0 0 0 0
3 212 2833 214 3301 0 0 0 0 0 0 0
3 305 3523 3358 3824 0 0 0 0 0 0 0
3 976 2991 1007 2992 0 0 0 0 0 0 0
3 347 3358 3823 3824 0 0 0 0 0 0 0
3 3022 3042 3043 3465 0 0 0 0 0 0 0
3 282 3791 305 3824 0 0 0 0 0 0 0
3 323 347 3823 3824 0 0 0 0 0 0 0
3 2936 2939 2937 3546 0 0 0 0 0 0 0
3 683 3057 748 3834 0 0 0 0 0 0 0
3 505 541 3256 3310 0 0 0 0 0 0 0
3 202 3733 2054 3818 0 0 0 0 0 0 0
3 541 1633 3256 3310 0 0 0 0 0 0 0
3 3298 3399 3459 3460 0 0 0 0 0 0 0
3 197 202 3143 3733 0 0 0 0 0 0 0
3 196 202 235 3818 1 147 0 0 0 0 0 0
3 1 132 1646 3390 0 0 0 0 0 0 0
3 202 263 235 3818 1 147 0 0 0 0 0 0
3 527 1633 541 3310 0 0 0 0 0 0 0
3 296 2794 2717 3517 0 0 0 0 0 0 0
3 2381 2687 2978 3563 0 0 0 0 0 0 0
3 2717 2913 2792 3780 0 0 0 0 0 0 0
3 181 234 3226 3362 0 0 0 0 0 0 0
3 2637 2641 2640 3588 0 0 0 0 0 0 0
3 589 2539 3195 3735 0 0 0 0 0 0 0
3 2687 3562 2824 3909 0 0 0 0 0 0 0
3 1826 1827 2635 3072 0 0 0 0 0 0 0
3 1578 1583 2933 3461 0 0 0 0 0 0 0
3 2164 3693 2165 3914 0 0 0 0 0 0 0
3 2524 3207 3434 3576 0 0 0 0 0 0 0
3 2163 2410 2724 2764 0 0 0 0 0 0 0
3 793 794 3693 3914 0 0 0 0 0 0 0
3 691 3923 771 3948 0 0 0 0 0 0 0
3 2165 3138 3914 3923 0 0 0 0 0 0 0
3 808 3891 3506 3947 0 0 0 0 0 0 0
3 1825 3564 2829 3658 0 0 0 0 0 0 0
3 893 2649 3436 3944 0 0 0 0 0 0 0
3 2148 2187 2186 2349 0 0 0 0 0 0 0
3 2726 3266 3097 3944 0 0 0 0 0 0 0
3 2536 3266 2726 3944 0 0 0 0 0 0 0
3 2826 3336 3326 3917 0 0 0 0 0 0 0
3 2417 2419 3480 3583 0 0 0 0 0 0 0
3 1212 3466 1241 3485 0 0 0 0 0 0 0
3 2781 3129 3127 3493 0 0 0 0 0 0 0
3 3128 3480 3204 3570 0 0 0 0 0 0 0
3 1221 1232 3129 3930 0 0 0 0 0 0 0
3 188 1111 3204 3315 0 0 0 0 0 0 0
3 1300 3285 3286 3287 0 0 0 0 0 0 0
3 1319 3011 3007 3553 0 0 0 0 0 0 0
3 1241 1242 3012 3466 0 0 0 0 0 0 0
3 1213 3485 1239 3673 0 0 0 0 0 0 0
3 311 2794 2793 2795 0 0 0 0 0 0 0
3 311 2737 342 2793 0 0 0 0 0 0 0
3 296 341 2794 3517 0 0 0 0 0 0 0
3 310 2795 2793 3792 0 0 0 0 0 0 0
3 288 3227 2717 3780 0 0 0 0 0 0 0
3 311 341 2737 2794 0 0 0 0 0 0 0
3 2634 2909 3512 3932 0 0 0 0 0 0 0
3 1120 1121 1199 3591 1 135 0 0 0 0 0 0
3 1218 1234 2637 2638 0 0 0 0 0 0 0
3 2640 2641 3363 3589 0 0 0 0 0 0 0
3 2637 2638 2639 3786 0 0 0 0 0 0 0
3 1233 2637 2641 3786 0 0 0 0 0 0 0
3 1219 2641 2633 3786 0 0 0 0 0 0 0
3 110 1122 1121 3790 1 135 0 0 0 0 0 0
3 109 1121 1120 3590 1 135 0 0 0 0 0 0
3 589 2539 2032 3343 0 0 0 0 0 0 0
3 2393 2396 2395 2497 0 0 0 0 0 0 0
3 1291 1292 2825 3142 0 0 0 0 0 0 0
3 1251 1291 2825 3275 0 0 0 0 0 0 0
3 2824 3668 3299 3867 0 0 0 0 0 0 0
3 1251 2825 2687 3106 0 0 0 0 0 0 0
3 2485 3091 3107 3592 0 0 0 0 0 0 0
3 1292 2871 2825 3142 0 0 0 0 0 0 0
3 2080 3550 2354 3551 0 0 0 0 0 0 0
3 2366 3065 2735 3066 0 0 0 0 0 0 0
3 2832 3095 3092 3416 0 0 0 0 0 0 0
3 3686 3831 3838 3922 0 0 0 0 0 0 0
3 747 3208 3469 3947 0 0 0 0 0 0 0
3 811 3509 3886 3949 0 0 0 0 0 0 0
3 745 3874 3509 3949 0 0 0 0 0 0 0
3 2653 2836 2837 3069 0 0 0 0 0 0 0
3 2800 3146 2855 3230 0 0 0 0 0 0 0
3 860 3146 875 3147 0 0 0 0 0 0 0
3 2358 3882 2790 3886 0 0 0 0 0 0 0
3 875 2328 883 3154 0 0 0 0 0 0 0
3 859 3230 879 3314 0 0 0 0 0 0 0
3 835 3314 860 3484 0 0 0 0 0 0 0
3 875 3146 2328 3154 0 0 0 0 0 0 0
3 1572 3442 3458 3781 0 0 0 0 0 0 0
3 2503 3155 2971 3597 0 0 0 0 0 0 0
3 1571 2917 3742 3781 0 0 0 0 0 0 0
3 1539 1540 3639 3640 0 0 0 0 0 0 0
3 638 2983 2907 3639 0 0 0 0 0 0 0
3 1525 3155 1526 3846 0 0 0 0 0 0 0
3 1525 1541 2503 3846 0 0 0 0 0 0 0
3 2684 2917 2685 3742 0 0 0 0 0 0 0
3 1291 1327 3142 3275 0 0 0 0 0 0 0
3 1327 3274 1328 3332 0 0 0 0 0 0 0
3 1251 3106 1290 3275 0 0 0 0 0 0 0
3 2449 2825 3142 3275 0 0 0 0 0 0 0
3 1289 2812 3271 3274 0 0 0 0 0 0 0
3 2169 2624 2812 3271 0 0 0 0 0 0 0
3 812 2647 2648 3319 0 0 0 0 0 0 0
3 2129 2946 2697 3013 0 0 0 0 0 0 0
3 812 2648 824 3319 0 0 0 0 0 0 0
3 739 812 2647 2648 0 0 0 0 0 0 0
3 812 3319 814 3514 0 0 0 0 0 0 0
3 2807 3100 3443 3525 0 0 0 0 0 0 0
3 2069 2594 2147 2595 0 0 0 0 0 0 0
3 2595 3180 2648 3436 0 0 0 0 0 0 0
3 1258 3573 1286 3635 0 0 0 0 0 0 0
3 3210 3736 3648 3766 0 0 0 0 0 0 0
3 1264 1283 3537 3571 0 0 0 0 0 0 0
3 1264 1286 3571 3635 0 0 0 0 0 0 0
3 1283 3571 1333 3584 0 0 0 0 0 0 0
3 1333 3571 1960 3584 0 0 0 0 0 0 0
3 3585 3826 3845 3949 0 0 0 0 0 0 0
3 764 797 1919 3753 0 0 0 0 0 0 0
3 3585 3826 3753 3845 0 0 0 0 0 0 0
3 2680 3538 2703 3582 0 0 0 0 0 0 0
3 309 2414 3454 3455 0 0 0 0 0 0 0
3 314 3206 343 3454 0 0 0 0 0 0 0
3 268 314 2416 3206 0 0 0 0 0 0 0
3 343 344 3455 3486 0 0 0 0 0 0 0
3 309 344 3336 3455 0 0 0 0 0 0 0
3 343 3454 3206 3486 0 0 0 0 0 0 0
3 2822 3326 3583 3586 0 0 0 0 0 0 0
3 1098 1220 1111 3570 1 135 0 0 0 0 0 0
3 217 2419 2415 3583 0 0 0 0 0 0 0
3 2255 2257 2258 2495 0 0 0 0 0 0 0
3 1393 2400 1403 3672 0 0 0 0 0 0 0
3 1396 1397 2567 3672 0 0 0 0 0 0 0
3 1988 1999 2000 3504 0 0 0 0 0 0 0
3 1398 1403 2398 3672 0 0 0 0 0 0 0
3 2229 3672 2567 3674 0 0 0 0 0 0 0
3 2567 3503 3794 3796 0 0 0 0 0 0 0
3 1384 3505 3567 3695 0 0 0 0 0 0 0
3 689 3177 728 3658 0 0 0 0 0 0 0
3 2154 2483 3516 3764 0 0 0 0 0 0 0
3 1617 3158 1623 3240 0 0 0 0 0 0 0
3 1610 2461 1623 3158 0 0 0 0 0 0 0
3 158 1610 1609 3158 0 0 0 0 0 0 0
3 226 2631 1897 2665 0 0 0 0 0 0 0
3 3243 3530 3423 3787 0 0 0 0 0 0 0
3 489 3158 3159 3411 0 0 0 0 0 0 0
3 1623 2456 2087 3240 0 0 0 0 0 0 0
3 491 2200 492 2202 0 0 0 131 0 0 0
3 1896 2200 1898 2202 0 0 0 0 0 0 0
3 491 1620 1898 2202 0 0 0 0 0 0 0
3 1896 2200 2203 2665 0 0 0 0 0 0 0
3 2202 2203 2210 2232 0 0 0 0 0 0 0
3 542 1626 1620 2202 0 0 0 0 0 0 0
3 1616 1626 1896 2202 0 0 0 0 0 0 0
3 1145 2030 2029 3171 0 0 0 0 0 0 0
3 454 1944 558 2232 0 0 0 0 0 0 0
3 2055 3869 3721 3937 0 0 0 0 0 0 0
3 1191 3636 3721 3937 0 0 0 0 0 0 0
3 1191 1258 3636 3720 0 0 0 0 0 0 0
3 1486 3199 3209 3643 0 0 0 0 0 0 0
3 2046 2672 3637 3643 0 0 0 0 0 0 0
3 1333 1961 1349 3584 0 0 0 0 0 0 0
3 1351 3167 1961 3929 0 0 0 0 0 0 0
3 2523 2590 2525 3437 0 0 0 0 0 0 0
3 2713 2817 2815 3615 0 0 0 0 0 0 0
3 2760 3213 3211 3844 0 0 0 0 0 0 0
3 1462 3232 3877 3890 0 0 0 0 0 0 0
3 2123 2359 2270 2915 0 0 0 0 0 0 0
3 274 3212 312 3970 0 0 0 0 0 0 0
3 1919 1921 1920 3665 0 0 0 0 0 0 0
3 2122 3531 3360 3664 0 0 0 0 0 0 0
3 1258 3635 3636 3720 0 0 0 0 0 0 0
3 1186 1264 3220 3636 0 0 0 0 0 0 0
3 1258 3635 1264 3636 0 0 0 0 0 0 0
3 2116 3254 2211 3759 0 0 0 0 0 0 0
3 1888 2253 1909 2460 0 0 0 0 0 0 0
3 801 837 2898 2900 0 0 0 0 0 0 0
3 817 3793 820 3888 0 0 0 0 0 0 0
3 833 2898 834 3884 0 0 0 0 0 0 0
3 506 1639 3310 3956 0 0 0 0 0 0 0
3 676 3357 3732 3779 0 0 0 0 0 0 0
3 1276 2813 2637 2814 0 0 0 0 0 0 0
3 1199 1253 1200 3592 1 135 0 0 0 0 0 0
3 1253 2812 2485 2813 0 0 0 0 0 0 0
3 1100 3109 2633 3363 0 0 0 0 0 0 0
3 1198 2641 1254 3588 0 0 0 0 0 0 0
3 1234 1276 2637 2814 0 0 0 0 0 0 0
3 2633 2635 3609 3746 0 0 0 0 0 0 0
3 1218 2638 2637 3786 0 0 0 0 0 0 0
3 2767 3823 3358 3824 0 0 0 0 0 0 0
3 2340 2341 2746 2750 0 0 0 0 0 0 0
3 287 3227 288 3788 0 0 0 0 0 0 0
3 2262 2264 2483 3227 0 0 0 0 0 0 0
3 207 272 3362 3750 0 0 0 0 0 0 0
3 288 296 2717 3227 0 0 0 0 0 0 0
3 1253 1289 2812 2813 0 0 0 0 0 0 0
3 2637 2639 2641 3786 0 0 0 0 0 0 0
3 209 3764 3516 3788 0 0 0 0 0 0 0
3 222 273 2792 3780 0 0 0 0 0 0 0
3 272 3361 3362 3780 0 0 0 0 0 0 0
3 1101 3609 3606 3746 0 0 0 0 0 0 0
3 3089 3295 3090 3312 0 0 0 0 0 0 0
3 228 2406 2405 2408 0 0 0 0 0 0 0
3 2414 2417 3326 3583 0 0 0 0 0 0 0
3 2945 3553 3287 3554 0 0 0 0 0 0 0
3 1275 2273 1301 3219 0 0 0 0 0 0 0
3 2661 3296 3293 3785 0 0 0 0 0 0 0
3 1237 3673 2273 3785 0 0 0 0 0 0 0
3 1237 1238 2273 3673 0 0 0 0 0 0 0
3 1238 1239 3669 3673 0 0 0 0 0 0 0
3 1104 2710 2656 3293 0 0 0 0 0 0 0
3 1915 2408 2943 3485 0 0 0 0 0 0 0
3 1239 3485 3669 3673 0 0 0 0 0 0 0
3 228 2406 2408 3170 0 0 0 0 0 0 0
3 1189 2903 2902 2912 0 0 0 0 0 0 0
3 2406 3170 3296 3297 0 0 0 0 0 0 0
3 1241 1300 3286 3287 0 0 0 0 0 0 0
3 1239 1241 3286 3485 0 0 0 0 0 0 0
3 1237 2273 1275 3218 0 0 0 0 0 0 0
3 286 2154 3516 3764 0 0 0 0 0 0 0
3 3020 3463 3329 3465 0 0 0 0 0 0 0
3 1177 2033 3648 3679 0 0 0 0 0 0 0
3 3563 3765 3762 3782 0 0 0 0 0 0 0
3 2698 3274 3179 3332 0 0 0 0 0 0 0
3 574 642 597 3953 1 141 0 0 0 0 0 0
3 21 574 597 3953 1 141 89 0 130 0 0 0
3 3676 3683 3735 3736 0 0 0 0 0 0 0
3 1156 1171 1176 3625 1 135 0 0 0 0 0 0
3 2464 2985 3432 3924 0 0 0 0 0 0 0
3 2470 2860 2471 3657 0 0 0 0 0 0 0
3 1160 2474 1176 2985 0 0 0 0 0 0 0
3 2556 2559 3048 3135 0 0 0 0 0 0 0
3 621 2467 2858 3432 0 0 0 0 0 0 0
3 1504 2465 1534 3629 0 0 0 0 0 0 0
3 641 708 642 3037 1 141 0 0 0 0 0 0
3 1403 2398 2400 2562 0 0 0 0 0 0 0
3 785 847 2163 2725 0 0 0 0 0 0 0
3 780 3248 785 3941 0 0 0 0 0 0 0
3 2650 3319 3754 3961 0 0 0 0 0 0 0
3 1369 1403 2400 2562 0 0 0 0 0 0 0
3 774 3248 3501 3510 0 0 0 0 0 0 0
3 774 3501 3248 3690 0 0 0 0 0 0 0
3 2383 2399 2398 2562 0 0 0 0 0 0 0
3 3134 3331 3267 3875 0 0 0 0 0 0 0
3 815 3255 2403 3832 0 0 0 0 0 0 0
3 2644 2995 2702 3267 0 0 0 0 0 0 0
3 845 874 2354 3740 0 0 0 0 0 0 0
3 1838 3482 3641 3810 0 0 0 0 0 0 0
3 851 2352 2082 3041 0 0 0 0 0 0 0
3 845 2354 2352 3740 0 0 0 0 0 0 0
3 2719 3461 3462 3612 0 0 0 0 0 0 0
3 2720 3462 3458 3781 0 0 0 0 0 0 0
3 1581 3116 3462 3612 0 0 0 0 0 0 0
3 2841 3113 3103 3126 0 0 0 0 0 0 0
3 1581 3462 1582 3612 0 0 0 0 0 0 0
3 1579 2599 1583 3457 0 0 0 0 0 0 0
3 2150 2155 2171 2979 0 0 0 0 0 0 0
3 2166 2342 2343 2666 0 0 0 0 0 0 0
3 2635 3609 3606 3809 0 0 0 0 0 0 0
3 1327 3179 3274 3332 0 0 0 0 0 0 0
3 2626 3598 2838 3599 0 0 0 0 0 0 0
3 1276 1289 2813 3271 0 0 0 0 0 0 0
3 401 422 2303 3161 0 0 0 0 0 0 0
3 2404 2914 2620 3063 0 0 0 0 0 0 0
3 2135 2302 2303 3490 0 0 0 0 0 0 0
3 2306 2620 2914 3061 0 0 0 0 0 0 0
3 508 3357 678 3761 0 0 0 0 0 0 0
3 2391 2719 2785 3749 0 0 0 0 0 0 0
3 851 2082 881 3041 0 0 0 0 0 0 0
3 846 3039 3038 3042 0 0 0 0 0 0 0
3 3267 3331 3823 3875 0 0 0 0 0 0 0
3 362 394 2732 3659 0 0 0 0 0 0 0
3 3388 3389 3482 3810 0 0 0 0 0 0 0
3 2150 2171 2186 2979 0 0 0 0 0 0 0
3 2292 2843 2293 3497 0 0 0 0 0 0 0
3 300 353 2171 3065 0 0 0 0 0 0 0
3 352 2292 363 3950 0 0 0 0 0 0 0
3 352 3065 2292 3950 0 0 0 0 0 0 0
3 2171 3541 2188 3950 0 0 0 0 0 0 0
3 2083 2882 2084 3858 0 0 0 0 0 0 0
3 362 363 3659 3950 0 0 0 0 0 0 0
3 246 3080 320 3965 0 0 0 0 0 0 0
3 2243 3939 3963 3965 0 0 0 0 0 0 0
3 494 495 3353 3971 0 131 0 0 0 0 0
3 494 495 537 3353 1 143 131 0 0 0 0 0
3 495 3963 3969 3971 0 0 0 0 0 0 0
3 765 783 3665 3774 0 0 0 0 0 0 0
3 2358 2790 3753 3845 0 0 0 0 0 0 0
3 1287 3573 3859 3860 0 0 0 0 0 0 0
3 2049 2056 2055 3190 0 0 0 0 0 0 0
3 1330 3666 1352 3860 0 0 0 0 0 0 0
3 1287 1329 3573 3860 0 0 0 0 0 0 0
3 1352 3860 3666 3929 0 0 0 0 0 0 0
3 1079 1684 1691 3181 1 432 0 0 0 0 0 0
3 973 974 3183 3649 0 0 0 0 0 0 0
3 943 974 1679 3393 0 0 0 0 0 0 0
3 1155 3175 2691 3181 0 0 0 0 0 0 0
3 593 974 943 3393 1 139 0 0 0 0 0 0
3 2691 3392 3183 3393 0 0 0 0 0 0 0
3 3175 3181 3182 3392 0 0 0 0 0 0 0
3 1000 1155 1142 3182 1 135 0 0 0 0 0 0
3 2314 3288 2846 3704 0 0 0 0 0 0 0
3 772 3704 816 3871 0 0 0 0 0 0 0
3 816 3524 3871 3958 0 0 0 0 0 0 0
3 1796 3238 3237 3239 0 0 0 0 0 0 0
3 792 3255 3346 3542 0 0 0 0 0 0 0
3 2116 2208 2207 2215 0 0 0 0 0 0 0
3 1568 3612 3307 3748 0 0 0 0 0 0 0
3 2007 3475 2793 3523 0 0 0 0 0 0 0
3 2789 3791 3792 3955 0 0 0 0 0 0 0
3 1844 3461 2933 3836 0 0 0 0 0 0 0
3 219 2786 2791 2795 0 0 0 0 0 0 0
3 276 2717 296 2794 0 0 0 0 0 0 0
3 273 288 2717 3780 0 0 0 0 0 0 0
3 1492 3199 3279 3776 0 0 0 0 0 0 0
3 1492 3279 1493 3776 0 0 0 0 0 0 0
3 1492 3279 3199 3407 0 0 0 0 0 0 0
3 3044 3132 3045 3137 0 0 0 0 0 0 0
3 1196 1990 1977 2731 0 0 0 0 0 0 0
3 1895 2194 2294 2915 0 0 0 0 0 0 0
3 1475 1492 1491 3407 1 1 0 0 0 0 0 0
3 1128 1442 2903 2904 0 0 0 0 0 0 0
3 2425 3921 2438 3925 0 0 0 0 0 0 0
3 990 1016 1147 2426 0 0 0 0 0 0 0
3 1017 2426 2438 3883 0 0 0 0 0 0 0
3 959 2438 2437 3921 0 0 0 0 0 0 0
3 2425 2438 2426 3925 0 0 0 0 0 0 0
3 919 1016 920 3883 1 137 0 0 129 0 0 0
3 919 958 3861 3883 0 0 0 0 0 0 0
3 955 1744 966 3906 0 0 0 0 0 0 0
3 242 259 2965 2993 0 0 0 0 0 0 0
3 1640 1650 3760 3761 0 0 0 0 0 0 0
3 509 2981 3004 3558 0 0 0 0 0 0 0
3 259 321 3373 3404 0 0 0 0 0 0 0
3 2966 3004 2981 3558 0 0 0 0 0 0 0
3 194 2964 203 3777 0 0 0 0 0 0 0
3 2981 3272 3402 3558 0 0 0 0 0 0 0
3 2707 2893 2763 3877 0 0 0 0 0 0 0
3 156 1423 2580 2894 0 0 0 0 0 0 0
3 1414 2580 1464 2581 0 0 0 0 0 0 0
3 1743 1990 2861 3579 0 0 0 0 0 0 0
3 271 3478 3313 3903 0 0 0 0 0 0 0
3 270 2627 3414 3903 0 0 0 0 0 0 0
3 2770 2893 2776 3313 0 0 0 0 0 0 0
3 488 489 3159 3165 0 131 0 0 0 0 0
3 270 3321 313 3903 0 0 0 0 0 0 0
3 3087 3599 3598 3795 0 0 0 0 0 0 0
3 1544 3105 3104 3840 0 0 0 0 0 0 0
3 3055 3058 3056 3745 0 0 0 0 0 0 0
3 245 257 3140 3633 0 0 0 0 0 0 0
3 282 3633 3276 3791 0 0 0 0 0 0 0
3 282 323 3633 3824 0 0 0 0 0 0 0
3 1132 1172 1163 3905 1 135 0 0 0 0 0 0
3 2066 2647 2648 3324 0 0 0 0 0 0 0
3 2828 3394 3525 3794 0 0 0 0 0 0 0
3 727 1825 728 3177 0 0 0 0 0 0 0
3 738 2647 812 3514 0 0 0 0 0 0 0
3 2798 3142 2799 3179 0 0 0 0 0 0 0
3 665 2505 696 3819 0 0 0 0 0 0 0
3 656 3572 2505 3687 0 0 0 0 0 0 0
3 3138 3783 3822 3923 0 0 0 0 0 0 0
3 696 3819 2505 3923 0 0 0 0 0 0 0
3 585 656 3420 3568 0 0 0 0 0 0 0
3 584 3420 585 3687 0 0 0 130 0 0 0
3 664 665 3819 3821 0 0 0 0 0 0 0
3 758 2881 3318 3916 0 0 0 0 0 0 0
3 2774 2866 2879 2977 0 0 0 0 0 0 0
3 2114 3168 3488 3527 0 0 0 0 0 0 0
3 2272 2865 2974 3317 0 0 0 0 0 0 0
3 2633 2636 2635 2639 0 0 0 0 0 0 0
3 2624 2878 2813 3271 0 0 0 0 0 0 0
3 2191 2272 2420 2865 0 0 0 0 0 0 0
3 2805 2828 2807 3794 0 0 0 0 0 0 0
3 1289 2812 2813 3271 0 0 0 0 0 0 0
3 2370 3227 2717 3517 0 0 0 0 0 0 0
3 2633 3115 2636 3363 0 0 0 0 0 0 0
3 1750 1950 1886 2349 0 0 0 0 0 0 0
3 180 3590 208 3790 0 0 0 0 0 0 0
3 1064 1438 1439 3721 1 1 0 0 0 0 0 0
3 1439 1453 3637 3721 0 0 0 0 0 0 0
3 1135 1186 3645 3721 0 0 0 0 0 0 0
3 1186 1191 3636 3721 0 0 0 0 0 0 0
3 1126 1191 3721 3937 0 0 0 0 0 0 0
3 1453 3637 3721 3919 0 0 0 0 0 0 0
3 1064 1439 1126 3721 0 0 0 0 0 0 0
3 1065 1439 1441 3869 1 1 0 0 0 0 0 0
3 2052 3636 3635 3720 0 0 0 0 0 0 0
3 2075 2143 2144 3645 0 0 0 0 0 0 0
3 2058 2728 2928 2929 0 0 0 0 0 0 0
3 1471 1474 2674 3406 0 0 0 0 0 0 0
3 2372 2675 2374 2708 0 0 0 0 0 0 0
3 2047 2287 2124 2551 0 0 0 0 0 0 0
3 883 2328 2755 3154 0 0 0 0 0 0 0
3 966 1744 1743 3906 0 0 0 0 0 0 0
3 903 2328 2330 2756 0 0 0 0 0 0 0
3 833 2759 2757 3793 0 0 0 0 0 0 0
3 879 2855 3146 3230 0 0 0 0 0 0 0
3 2104 2366 2234 3066 0 0 0 0 0 0 0
3 876 2756 2330 2758 0 0 0 0 0 0 0
3 2986 2989 3168 3488 0 0 0 0 0 0 0
3 913 1008 1009 3906 1 137 0 0 0 0 0 0
3 1260 3081 3217 3360 0 0 0 0 0 0 0
3 1260 2912 3081 3360 0 0 0 0 0 0 0
3 1260 3217 1285 3360 0 0 0 0 0 0 0
3 1182 2029 2030 2033 0 0 0 0 0 0 0
3 1179 3176 2030 3200 0 0 0 0 0 0 0
3 960 1997 1996 2031 0 0 0 0 0 0 0
3 997 1145 2029 3171 0 0 0 0 0 0 0
3 996 997 1024 3171 1 137 128 0 0 0 0 0
3 996 1022 1154 3171 0 0 0 0 0 0 0
3 1182 2029 2033 2044 0 0 0 0 0 0 0
3 1230 2473 2470 2862 0 0 0 0 0 0 0
3 2464 3629 2474 3924 0 0 0 0 0 0 0
3 724 2858 2467 3250 0 0 0 0 0 0 0
3 2467 2858 2469 3250 0 0 0 0 0 0 0
3 1222 1244 2955 3730 0 0 0 0 0 0 0
3 1231 2954 1244 3730 0 0 0 0 0 0 0
3 591 2690 592 3697 0 0 0 130 0 0 0
3 576 1743 577 3579 0 0 0 130 0 0 0
3 2539 3384 3177 3385 0 0 0 0 0 0 0
3 616 1902 727 3177 0 0 0 0 0 0 0
3 592 618 3697 3828 0 0 0 0 0 0 0
3 618 3698 3697 3828 0 0 0 0 0 0 0
3 1278 3799 3602 3863 0 0 0 0 0 0 0
3 964 3578 3905 3938 0 0 0 0 0 0 0
3 617 1902 3697 3698 0 0 0 0 0 0 0
3 3697 3801 3744 3863 0 0 0 0 0 0 0
3 3549 3655 3798 3802 0 0 0 0 0 0 0
3 1961 2588 3095 3096 0 0 0 0 0 0 0
3 1961 3095 2586 3167 0 0 0 0 0 0 0
3 1382 1394 3095 3416 0 0 0 0 0 0 0
3 1392 2524 1405 3092 0 0 0 0 0 0 0
3 1381 1405 2521 3092 0 0 0 0 0 0 0
3 1349 1961 1382 3095 0 0 0 0 0 0 0
3 1132 1227 3578 3905 0 0 0 0 0 0 0
3 1382 3095 1961 3167 0 0 0 0 0 0 0
3 2744 3559 3560 3928 0 0 0 0 0 0 0
3 1167 3233 1174 3234 0 0 0 0 0 0 0
3 1454 2075 3644 3645 0 0 0 0 0 0 0
3 1976 2059 1979 2085 0 0 0 0 0 0 0
3 1960 3571 2681 3584 0 0 0 0 0 0 0
3 1872 2617 2122 3859 0 0 0 0 0 0 0
3 325 339 3900 3918 0 0 0 0 0 0 0
3 2881 2899 2896 2900 0 0 0 0 0 0 0
3 2975 3333 3242 3414 0 0 0 0 0 0 0
3 313 381 3320 3321 0 0 0 0 0 0 0
3 381 399 3320 3431 0 0 0 0 0 0 0
3 339 3262 380 3900 0 0 0 0 0 0 0
3 2762 2867 2866 2895 0 0 0 0 0 0 0
3 2716 3280 3215 3890 0 0 0 0 0 0 0
3 1237 3218 1261 3804 0 0 0 0 0 0 0
3 1921 2998 2125 3753 0 0 0 0 0 0 0
3 1260 2912 1261 3081 0 0 0 0 0 0 0
3 1272 1308 2688 2691 0 0 0 0 0 0 0
3 592 2690 2020 3183 0 0 0 0 0 0 0
3 1680 1681 3395 3626 0 0 0 0 0 0 0
3 1170 2015 1308 2691 0 0 0 0 0 0 0
3 1157 1684 3181 3684 0 0 0 0 0 0 0
3 1684 1693 3392 3684 0 0 0 0 0 0 0
3 972 1677 1679 3649 0 0 0 0 0 0 0
3 1680 1693 1681 3626 1 432 0 0 0 0 0 0
3 974 3183 1679 3393 0 0 0 0 0 0 0
3 1534 2463 1536 3629 0 0 0 0 0 0 0
3 1530 3032 1531 3034 0 0 0 0 0 0 0
3 1536 3033 2463 3222 0 0 0 0 0 0 0
3 2466 2985 2474 3830 0 0 0 0 0 0 0
3 1099 2633 1100 3109 0 0 0 0 0 0 0
3 1101 1219 2633 3786 0 0 0 0 0 0 0
3 1056 2633 1495 3609 0 0 0 0 0 0 0
3 1132 1430 1992 3578 0 0 0 0 0 0 0
3 1056 1101 1099 2633 1 135 0 0 0 0 0 0
3 2633 2639 2635 3786 0 0 0 0 0 0 0
3 1557 3611 3610 3878 0 0 0 0 0 0 0
3 541 3256 1633 3382 0 0 0 0 0 0 0
3 1629 1630 1646 1850 1 263 0 0 0 0 0 0
3 479 1631 1630 3382 0 0 0 0 0 0 0
3 132 467 1850 3258 0 0 0 0 0 0 0
3 3258 3386 3381 3390 0 0 0 0 0 0 0
3 468 479 1630 1850 0 0 0 0 0 0 0
3 1647 3310 3778 3817 0 0 0 0 0 0 0
3 1633 1646 3381 3817 0 0 0 0 0 0 0
3 1633 3310 1647 3817 0 0 0 0 0 0 0
3 1422 1463 1466 3241 1 1 0 0 0 0 0 0
3 1464 2769 1472 3719 0 0 0 0 0 0 0
3 2201 3787 3847 3849 0 0 0 0 0 0 0
3 2773 3216 3719 3731 0 0 0 0 0 0 0
3 3318 3415 3422 3423 0 0 0 0 0 0 0
3 2779 3245 3114 3246 0 0 0 0 0 0 0
3 2777 2976 2975 3321 0 0 0 0 0 0 0
3 1465 3216 3163 3529 0 0 0 0 0 0 0
3 104 1116 1115 2834 1 135 0 0 0 0 0 0
3 1249 2823 2395 3299 0 0 0 0 0 0 0
3 1204 1205 1942 3476 0 0 0 0 0 0 0
3 1982 2206 3066 3068 0 0 0 0 0 0 0
3 3562 3563 3762 3782 0 0 0 0 0 0 0
3 2724 3424 2765 3913 0 0 0 0 0 0 0
3 2155 2171 2979 3067 0 0 0 0 0 0 0
3 1204 3476 1942 3931 0 0 0 0 0 0 0
3 1312 3184 1344 3446 0 0 0 0 0 0 0
3 2919 2920 2922 3203 0 0 0 0 0 0 0
3 2320 2321 2982 3515 0 0 0 0 0 0 0
3 1320 3086 1365 3525 0 0 0 0 0 0 0
3 2892 3214 2893 3833 0 0 0 0 0 0 0
3 3189 3339 3340 3342 0 0 0 0 0 0 0
3 1467 3620 1476 3806 0 0 0 0 0 0 0
3 2854 3339 3337 3529 0 0 0 0 0 0 0
3 1476 3620 3528 3806 0 0 0 0 0 0 0
3 693 3340 3491 3543 0 0 0 0 0 0 0
3 661 3340 3337 3491 0 0 0 0 0 0 0
3 326 358 3388 3389 0 0 0 0 0 0 0
3 1256 2919 1280 2920 0 0 0 0 0 0 0
3 367 2733 393 3359 0 0 0 0 0 0 0
3 789 3038 2553 3740 0 0 0 0 0 0 0
3 2995 3331 3359 3823 0 0 0 0 0 0 0
3 2081 2352 2354 3740 0 0 0 0 0 0 0
3 686 2557 3292 3298 0 0 0 0 0 0 0
3 2555 2994 2556 3045 0 0 0 0 0 0 0
3 819 3039 3042 3043 0 0 0 0 0 0 0
3 2346 2734 3358 3359 0 0 0 0 0 0 0
3 1193 2143 2919 3634 0 0 0 0 0 0 0
3 3197 3420 3622 3660 0 0 0 0 0 0 0
3 1246 1338 2509 3660 0 0 0 0 0 0 0
3 1148 2443 1274 3622 0 0 0 0 0 0 0
3 1183 1274 2443 3187 0 0 0 0 0 0 0
3 1901 2437 3187 3921 0 0 0 0 0 0 0
3 1148 1800 1661 2443 0 0 0 0 0 0 0
3 1661 1901 2443 3197 0 0 0 0 0 0 0
3 1901 3622 3420 3921 0 0 0 0 0 0 0
3 2425 3920 3921 3925 0 0 0 0 0 0 0
3 1153 1177 3176 3648 0 0 0 0 0 0 0
3 1661 1662 1673 3198 1 450 0 0 0 0 0 0
3 2434 2716 2844 3215 0 0 0 0 0 0 0
3 297 337 2876 3970 0 0 0 0 0 0 0
3 267 3089 2876 3312 0 0 0 0 0 0 0
3 315 2876 337 3205 0 0 0 0 0 0 0
3 267 2876 315 3312 0 0 0 0 0 0 0
3 1056 1495 1496 3609 1 75 0 0 0 0 0 0
3 1101 2633 3746 3786 0 0 0 0 0 0 0
3 1280 2920 2919 3203 0 0 0 0 0 0 0
3 1055 1496 1497 3606 1 75 0 0 0 0 0 0
3 2634 2909 2911 3512 0 0 0 0 0 0 0
3 1546 1561 3809 3932 0 0 0 0 0 0 0
3 2370 2794 2737 3517 0 0 0 0 0 0 0
3 2636 3361 3362 3364 0 0 0 0 0 0 0
3 608 3452 1434 3662 0 0 0 0 0 0 0
3 2058 2076 2060 2708 0 0 0 0 0 0 0
3 700 3172 1920 3173 0 0 0 0 0 0 0
3 785 2163 794 3941 0 0 0 0 0 0 0
3 779 3767 780 3941 0 0 0 0 0 0 0
3 696 3767 779 3923 0 0 0 0 0 0 0
3 2505 2510 2507 3819 0 0 0 0 0 0 0
3 3691 3784 3855 3885 0 0 0 0 0 0 0
3 770 2165 794 3914 0 0 0 0 0 0 0
3 681 3502 3690 3767 0 0 0 0 0 0 0
3 794 2165 3693 3914 0 0 0 0 0 0 0
3 2403 3255 2404 3832 0 0 0 0 0 0 0
3 815 2403 3740 3832 0 0 0 0 0 0 0
3 414 2424 3137 3927 0 0 0 0 0 0 0
3 730 3447 3449 3967 0 0 0 0 0 0 0
3 3029 3152 3080 3712 0 0 0 0 0 0 0
3 2311 2313 2849 3026 0 0 0 0 0 0 0
3 401 2303 418 3162 0 0 0 0 0 0 0
3 327 383 3079 3368 0 0 0 0 0 0 0
3 387 416 3070 3257 0 0 0 0 0 0 0
3 772 3346 3494 3871 0 0 0 0 0 0 0
3 1567 3116 1581 3612 0 0 0 0 0 0 0
3 3059 3470 3379 3651 0 0 0 0 0 0 0
3 310 2793 3523 3792 0 0 0 0 0 0 0
3 2002 3276 3791 3955 0 0 0 0 0 0 0
3 1567 3612 3748 3749 0 0 0 0 0 0 0
3 2995 3359 3358 3823 0 0 0 0 0 0 0
3 1550 3149 2574 3748 0 0 0 0 0 0 0
3 1567 3116 3612 3749 0 0 0 0 0 0 0
3 1550 3748 2574 3749 0 0 0 0 0 0 0
3 343 3455 3454 3486 0 0 0 0 0 0 0
3 314 2416 3206 3454 0 0 0 0 0 0 0
3 2943 3286 3485 3669 0 0 0 0 0 0 0
3 1915 3286 3012 3466 0 0 0 0 0 0 0
3 1772 2416 2414 3454 0 0 0 0 0 0 0
3 268 315 3206 3312 0 0 0 0 0 0 0
3 2922 3203 2923 3539 0 0 0 0 0 0 0
3 278 2416 314 3454 0 0 0 0 0 0 0
3 1923 2945 2248 3286 0 0 0 0 0 0 0
3 2822 3586 3315 3587 0 0 0 0 0 0 0
3 1843 2601 2599 2603 0 0 0 0 0 0 0
3 1555 1564 2601 2603 0 0 0 0 0 0 0
3 1555 2603 2601 3728 0 0 0 0 0 0 0
3 2625 2984 2878 3827 0 0 0 0 0 0 0
3 1783 2570 2569 3008 0 0 0 0 0 0 0
3 2702 3268 3269 3875 0 0 0 0 0 0 0
3 2339 2885 2746 2983 0 0 0 0 0 0 0
3 393 2733 406 3927 0 0 0 0 0 0 0
3 414 3137 3136 3927 0 0 0 0 0 0 0
3 2768 3273 3298 3399 0 0 0 0 0 0 0
3 258 1851 3269 3404 0 0 0 0 0 0 0
3 298 3309 2054 3372 0 0 0 0 0 0 0
3 3238 3642 3239 3876 0 0 0 0 0 0 0
3 258 3269 321 3404 0 0 0 0 0 0 0
3 323 3268 3633 3824 0 0 0 0 0 0 0
3 420 2424 3117 3137 0 0 0 0 0 0 0
3 2846 3700 2847 3934 0 0 0 0 0 0 0
3 1768 1770 3868 3936 0 0 0 0 0 0 0
3 735 2846 3288 3704 0 0 0 0 0 0 0
3 2135 2142 2302 3387 0 0 0 0 0 0 0
3 817 3290 3793 3888 0 0 0 0 0 0 0
3 817 818 3290 3888 0 0 0 0 0 0 0
3 735 3704 3288 3958 0 0 0 0 0 0 0
3 276 2794 311 2795 0 0 0 0 0 0 0
3 276 2717 2718 2791 0 0 0 0 0 0 0
3 2391 3748 3612 3749 0 0 0 0 0 0 0
3 283 3792 3791 3955 0 0 0 0 0 0 0
3 2497 2797 2823 2871 0 0 0 0 0 0 0
3 2823 3299 2824 3668 0 0 0 0 0 0 0
3 353 2171 3065 3950 0 0 0 0 0 0 0
3 2104 2292 2366 3065 0 0 0 0 0 0 0
3 1999 2000 3504 3507 0 0 0 0 0 0 0
3 2292 3082 3497 3950 0 0 0 0 0 0 0
3 2687 3594 3563 3909 0 0 0 0 0 0 0
3 1250 1292 2823 2825 0 0 0 0 0 0 0
3 1982 2366 2735 3066 0 0 0 0 0 0 0
3 289 1985 303 2735 0 0 0 0 0 0 0
3 2408 2418 3289 3479 0 0 0 0 0 0 0
3 955 1715 966 1744 0 0 0 0 0 0 0
3 1991 2729 2731 3579 0 0 0 0 0 0 0
3 1093 1702 1744 2857 0 0 0 0 0 0 0
3 2440 3232 3163 3528 0 0 0 0 0 0 0
3 1778 3518 3841 3917 0 0 0 0 0 0 0
3 2331 2855 2800 3146 0 0 0 0 0 0 0
3 2433 3163 2769 3216 0 0 0 0 0 0 0
3 2255 2493 3211 3844 0 0 0 0 0 0 0
3 2291 2738 2619 3282 0 0 0 0 0 0 0
3 397 398 3497 3498 0 0 0 0 0 0 0
3 406 3499 2424 3927 0 0 0 0 0 0 0
3 408 420 2424 3118 0 0 0 0 0 0 0
3 2028 2499 2376 2607 0 0 0 0 0 0 0
3 3061 3450 3062 3854 0 0 0 0 0 0 0
3 406 2424 414 3927 0 0 0 0 0 0 0
3 414 2424 420 3137 0 0 0 0 0 0 0
3 397 3497 2293 3498 0 0 0 0 0 0 0
3 2915 3260 2974 3694 0 0 0 0 0 0 0
3 1974 2118 2850 3254 0 0 0 0 0 0 0
3 2296 2898 3763 3793 0 0 0 0 0 0 0
3 734 760 3290 3700 0 0 0 0 0 0 0
3 2435 3232 2440 3528 0 0 0 0 0 0 0
3 782 2881 2880 3773 0 0 0 0 0 0 0
3 858 3694 3803 3892 0 0 0 0 0 0 0
3 2974 3260 3317 3773 0 0 0 0 0 0 0
3 839 3260 3670 3694 0 0 0 0 0 0 0
3 839 3694 3670 3803 0 0 0 0 0 0 0
3 2865 3317 2880 3773 0 0 0 0 0 0 0
3 405 410 2302 3327 0 0 0 0 0 0 0
3 3047 3371 3050 3653 0 0 0 0 0 0 0
3 395 396 2301 3341 0 0 0 0 0 0 0
3 772 3346 792 3494 0 0 0 0 0 0 0
3 2309 3346 3524 3871 0 0 0 0 0 0 0
3 410 2302 3327 3387 0 0 0 0 0 0 0
3 400 3161 401 3224 0 0 0 0 0 0 0
3 1941 2622 2101 2870 0 0 0 0 0 0 0
3 2199 2444 2565 3229 0 0 0 0 0 0 0
3 2521 2525 2587 3092 0 0 0 0 0 0 0
3 2489 2490 2491 3534 0 0 0 0 0 0 0
3 2432 2772 2771 2774 0 0 0 0 0 0 0
3 2777 3321 3414 3903 0 0 0 0 0 0 0
3 357 381 3321 3322 0 0 0 0 0 0 0
3 2976 3903 3478 3918 0 0 0 0 0 0 0
3 2772 2879 2880 3246 0 0 0 0 0 0 0
3 782 837 2900 3773 0 0 0 0 0 0 0
3 2703 2706 2705 2927 0 0 0 0 0 0 0
3 2215 3320 3262 3431 0 0 0 0 0 0 0
3 2350 2360 2356 2800 0 0 0 0 0 0 0
3 3129 3587 3912 3930 0 0 0 0 0 0 0
3 346 369 3688 3835 0 0 0 0 0 0 0
3 2407 2415 2408 3479 0 0 0 0 0 0 0
3 2135 2303 2310 3490 0 0 0 0 0 0 0
3 2622 3486 3168 3487 0 0 0 0 0 0 0
3 391 3689 2986 3933 0 0 0 0 0 0 0
3 369 2986 3689 3835 0 0 0 0 0 0 0
3 505 3459 3775 3904 0 0 0 0 0 0 0
3 127 1635 197 3143 0 0 0 0 0 0 0
3 197 203 3733 3777 0 0 0 0 0 0 0
3 126 197 1635 3370 0 0 0 0 0 0 0
3 507 1640 1639 3760 0 0 0 0 0 0 0
3 126 194 197 3370 1 147 0 0 0 0 0 0
3 2960 3005 3370 3761 0 0 0 0 0 0 0
3 3272 3357 3401 3558 0 0 0 0 0 0 0
3 3732 3733 3797 3956 0 0 0 0 0 0 0
3 2491 3534 3235 3600 0 0 0 0 0 0 0
3 2118 3221 3253 3488 0 0 0 0 0 0 0
3 887 3235 3600 3868 0 0 0 0 0 0 0
3 2098 3518 3688 3841 0 0 0 0 0 0 0
3 2133 2134 2141 3689 0 0 0 0 0 0 0
3 877 887 3235 3600 0 0 0 0 0 0 0
3 1474 2672 2674 3406 0 0 0 0 0 0 0
3 1452 3637 1485 3643 0 0 0 0 0 0 0
3 1486 1491 3407 3643 0 0 0 0 0 0 0
3 1474 1491 2672 3406 0 0 0 0 0 0 0
3 1920 1921 2371 3665 0 0 0 0 0 0 0
3 2113 2153 2183 2341 0 0 0 0 0 0 0
3 2638 3611 2642 3746 0 0 0 0 0 0 0
3 2889 2906 2907 2908 0 0 0 0 0 0 0
3 1546 3609 3512 3932 0 0 0 0 0 0 0
3 149 3364 162 3512 0 0 0 0 0 0 0
3 2634 2636 3115 3364 0 0 0 0 0 0 0
3 2639 2640 2641 3363 0 0 0 0 0 0 0
3 1276 2878 1314 3271 0 0 0 0 0 0 0
3 1383 3504 2400 3685 0 0 0 0 0 0 0
3 2567 3503 2828 3794 0 0 0 0 0 0 0
3 2655 3477 3075 3500 0 0 0 0 0 0 0
3 1988 3504 3505 3685 0 0 0 0 0 0 0
3 1915 1923 2248 3286 0 0 0 0 0 0 0
3 2538 2650 3754 3961 0 0 0 0 0 0 0
3 312 324 3211 3212 0 0 0 0 0 0 0
3 275 324 3212 3213 0 0 0 0 0 0 0
3 312 3212 3211 3970 0 0 0 0 0 0 0
3 252 3213 275 3945 0 0 0 0 0 0 0
3 275 3212 3281 3945 0 0 0 0 0 0 0
3 274 275 3212 3281 0 0 0 0 0 0 0
3 274 2845 3212 3970 0 0 0 0 0 0 0
3 312 2495 337 3970 0 0 0 0 0 0 0
3 2434 2844 2761 3215 0 0 0 0 0 0 0
3 2580 2627 2770 2778 0 0 0 0 0 0 0
3 1462 3232 1478 3877 0 0 0 0 0 0 0
3 1465 3163 1477 3529 0 0 0 0 0 0 0
3 1477 3163 3528 3529 0 0 0 0 0 0 0
3 1478 1490 3163 3232 0 0 0 0 0 0 0
3 2781 3493 3630 3930 0 0 0 0 0 0 0
3 1208 1245 3930 3931 0 0 0 0 0 0 0
3 3315 3565 3570 3587 0 0 0 0 0 0 0
3 1232 3493 3129 3930 0 0 0 0 0 0 0
3 1232 1245 3493 3930 0 0 0 0 0 0 0
3 2780 3565 3302 3587 0 0 0 0 0 0 0
3 214 3302 3301 3667 0 0 0 0 0 0 0
3 2841 3104 3105 3379 0 0 0 0 0 0 0
3 806 3464 2159 3598 0 0 0 0 0 0 0
3 750 3522 3598 3795 0 0 0 0 0 0 0
3 750 807 3522 3795 0 0 0 0 0 0 0
3 3087 3464 3522 3598 0 0 0 0 0 0 0
3 2531 2648 3180 3324 0 0 0 0 0 0 0
3 565 633 1523 3113 0 0 0 0 0 0 0
3 2887 3098 2888 3910 0 0 0 0 0 0 0
3 1322 3192 3193 3194 0 0 0 0 0 0 0
3 787 788 3039 3040 0 0 0 0 0 0 0
3 332 3823 3331 3875 0 0 0 0 0 0 0
3 258 3150 1851 3404 0 0 0 0 0 0 0
3 257 323 3268 3633 0 0 0 0 0 0 0
3 1851 3268 2578 3633 0 0 0 0 0 0 0
3 1851 2578 3140 3633 0 0 0 0 0 0 0
3 683 3815 3057 3834 0 0 0 0 0 0 0
3 322 3268 332 3875 0 0 0 0 0 0 0
3 2555 2606 2558 2994 0 0 0 0 0 0 0
3 2006 2573 2012 3824 0 0 0 0 0 0 0
3 324 3211 3213 3844 0 0 0 0 0 0 0
3 2760 3478 3213 3844 0 0 0 0 0 0 0
3 256 324 3213 3844 0 0 0 0 0 0 0
3 1987 2001 1989 3248 0 0 0 0 0 0 0
3 2521 2524 2525 3092 0 0 0 0 0 0 0
3 1392 2524 3092 3575 0 0 0 0 0 0 0
3 3575 3576 3577 3855 0 0 0 0 0 0 0
3 2835 3433 3437 3947 0 0 0 0 0 0 0
3 3139 3891 3693 3914 0 0 0 0 0 0 0
3 2836 3506 3891 3947 0 0 0 0 0 0 0
3 1394 3416 1402 3873 0 0 0 0 0 0 0
3 388 3487 2256 3527 0 0 0 0 0 0 0
3 379 2255 2256 2258 0 0 0 0 0 0 0
3 340 2255 379 2258 0 0 0 0 0 0 0
3 331 2256 2255 3900 0 0 0 0 0 0 0
3 380 388 2256 3527 0 0 0 0 0 0 0
3 331 380 2256 3900 0 0 0 0 0 0 0
3 1018 1652 1019 2441 0 0 0 0 0 0 0
3 1652 1668 1653 3621 1 450 0 0 0 0 0 0
3 1019 1652 1653 3621 0 0 0 0 0 0 0
3 2437 2438 3187 3921 0 0 0 0 0 0 0
3 1651 1655 2441 3864 0 0 0 0 0 0 0
3 1655 2436 2441 3864 0 0 0 0 0 0 0
3 991 1018 1017 2441 1 137 0 0 0 0 0 0
3 2103 3835 3336 3841 0 0 0 0 0 0 0
3 1138 1651 2441 3864 0 0 0 0 0 0 0
3 2323 2748 2598 3727 0 0 0 0 0 0 0
3 1537 2745 2369 3054 0 0 0 0 0 0 0
3 1530 1537 2369 3054 0 0 0 0 0 0 0
3 1530 1531 1535 3034 1 75 0 0 0 0 0 0
3 571 640 1530 3031 0 0 0 0 0 0 0
3 1528 2906 2369 2907 0 0 0 0 0 0 0
3 2322 3053 2369 3251 0 0 0 0 0 0 0
3 711 3031 2906 3052 0 0 0 0 0 0 0
3 2431 2760 2869 2976 0 0 0 0 0 0 0
3 1462 3877 2707 3890 0 0 0 0 0 0 0
3 1490 3232 2818 3528 0 0 0 0 0 0 0
3 681 3690 780 3767 0 0 0 0 0 0 0
3 2439 2818 3528 3806 0 0 0 0 0 0 0
3 1483 2818 1493 3807 0 0 0 0 0 0 0
3 1480 2815 2817 3615 0 0 0 0 0 0 0
3 1476 1490 2818 3528 0 0 0 0 0 0 0
3 299 300 2171 3067 0 0 0 0 0 0 0
3 205 2875 206 3656 0 0 0 0 0 0 0
3 299 2171 2155 3067 0 0 0 0 0 0 0
3 1982 2735 1985 3068 0 0 0 0 0 0 0
3 206 211 2501 2875 0 0 0 0 0 0 0
3 664 3819 691 3881 0 0 0 0 0 0 0
3 691 3881 3819 3948 0 0 0 0 0 0 0
3 582 583 629 3935 1 141 130 0 0 0 0 0
3 1265 3831 3489 3838 0 0 0 0 0 0 0
3 3821 3922 3881 3935 0 0 0 0 0 0 0
3 2519 3895 3926 3942 0 0 0 0 0 0 0
3 1988 3349 3350 3505 0 0 0 0 0 0 0
3 1348 3504 1384 3505 0 0 0 0 0 0 0
3 689 2543 3177 3658 0 0 0 0 0 0 0
3 3177 3384 3356 3564 0 0 0 0 0 0 0
3 1266 2044 3351 3703 0 0 0 0 0 0 0
3 590 3343 2689 3356 0 0 0 0 0 0 0
3 3356 3564 3384 3744 0 0 0 0 0 0 0
3 2217 2487 2488 2630 0 0 0 0 0 0 0
3 410 2133 411 2302 0 0 0 0 0 0 0
3 411 2302 2133 3490 0 0 0 0 0 0 0
3 405 2302 422 3161 0 0 0 0 0 0 0
3 410 2133 2302 3387 0 0 0 0 0 0 0
3 405 2302 3161 3327 0 0 0 0 0 0 0
3 2478 3235 2490 3542 0 0 0 0 0 0 0
3 816 821 2490 3524 0 0 0 0 0 0 0
3 1527 1538 2747 2907 0 0 0 0 0 0 0
3 1538 2748 2747 3521 0 0 0 0 0 0 0
3 2064 3323 2810 3444 0 0 0 0 0 0 0
3 1573 2597 3458 3640 0 0 0 0 0 0 0
3 1574 2597 2747 2748 0 0 0 0 0 0 0
3 1573 3457 1580 3458 0 0 0 0 0 0 0
3 1575 1577 2748 3727 0 0 0 0 0 0 0
3 1966 2145 2336 2629 0 0 0 0 0 0 0
3 2323 3521 2748 3727 0 0 0 0 0 0 0
3 1538 1575 2748 3521 0 0 0 0 0 0 0
3 220 3281 3889 3945 0 0 0 0 0 0 0
3 2761 2976 2776 3478 0 0 0 0 0 0 0
3 2433 2771 2769 2776 0 0 0 0 0 0 0
3 2760 3212 3213 3945 0 0 0 0 0 0 0
3 220 275 3281 3945 0 0 0 0 0 0 0
3 275 3213 3212 3945 0 0 0 0 0 0 0
3 251 252 3214 3833 0 0 0 0 0 0 0
3 86 1415 1423 2894 1 1 0 0 0 0 0 0
3 753 2885 2888 2982 0 0 0 0 0 0 0
3 2157 2625 2624 2742 0 0 0 0 0 0 0
3 712 713 2885 3155 0 0 0 0 0 0 0
3 2597 2890 3458 3640 0 0 0 0 0 0 0
3 2746 3155 2971 3846 0 0 0 0 0 0 0
3 2369 3032 3034 3251 0 0 0 0 0 0 0
3 754 2888 803 3099 0 0 0 0 0 0 0
3 2319 3180 3099 3515 0 0 0 0 0 0 0
3 337 2876 2495 3205 0 0 0 0 0 0 0
3 779 3767 2165 3923 0 0 0 0 0 0 0
3 2867 2880 2879 2881 0 0 0 0 0 0 0
3 1480 1481 2815 3615 0 0 0 0 0 0 0
3 1489 2815 2740 3776 0 0 0 0 0 0 0
3 1488 2738 2740 3596 0 0 0 0 0 0 0
3 495 537 3353 3969 0 0 0 0 0 0 0
3 2874 3167 3304 3417 0 0 0 0 0 0 0
3 1907 3167 3417 3929 0 0 0 0 0 0 0
3 1318 3553 1362 3554 0 0 0 0 0 0 0
3 2460 3417 3553 3554 0 0 0 0 0 0 0
3 1352 3666 3417 3929 0 0 0 0 0 0 0
3 1362 3554 3417 3666 0 0 0 0 0 0 0
3 1505 1508 2956 3472 0 0 0 0 0 0 0
3 510 511 2958 2973 0 131 0 0 0 0 0
3 19 1505 1508 2956 1 75 0 0 0 0 0 0
3 19 1508 1507 2956 1 75 0 0 0 0 0 0
3 56 1507 1508 2956 1 75 0 0 0 0 0 0
3 56 1508 190 2956 0 0 0 0 0 0 0
3 780 3767 3690 3941 0 0 0 0 0 0 0
3 190 242 2965 3706 0 0 0 0 0 0 0
3 1107 3170 1214 3296 0 0 0 0 0 0 0
3 96 169 1107 3296 0 0 0 0 0 0 0
3 1213 1214 3170 3673 0 0 0 0 0 0 0
3 96 153 169 3296 1 147 0 0 0 0 0 0
3 153 229 3296 3556 0 0 0 0 0 0 0
3 2661 2741 3804 3907 0 0 0 0 0 0 0
3 1214 3673 1237 3785 0 0 0 0 0 0 0
3 2018 2663 2421 2895 0 0 0 0 0 0 0
3 229 3295 2406 3296 0 0 0 0 0 0 0
3 1449 2738 3282 3940 0 0 0 0 0 0 0
3 1458 3596 1481 3615 0 0 0 0 0 0 0
3 1481 3596 2815 3615 0 0 0 0 0 0 0
3 834 2898 837 3892 0 0 0 0 0 0 0
3 2739 2902 2903 2912 0 0 0 0 0 0 0
3 2613 2815 3596 3615 0 0 0 0 0 0 0
3 836 2358 2401 2998 0 0 0 0 0 0 0
3 769 2271 798 3725 0 0 0 0 0 0 0
3 651 3172 700 3174 0 0 0 0 0 0 0
3 288 3750 3227 3780 0 0 0 0 0 0 0
3 208 288 3750 3788 0 0 0 0 0 0 0
3 272 3750 288 3780 0 0 0 0 0 0 0
3 2262 2717 3227 3780 0 0 0 0 0 0 0
3 287 296 3227 3517 0 0 0 0 0 0 0
3 209 286 3516 3764 0 0 0 0 0 0 0
3 2484 3091 2485 3591 0 0 0 0 0 0 0
3 671 689 2543 3177 0 0 0 0 0 0 0
3 690 2543 2541 3195 0 0 0 0 0 0 0
3 690 3501 774 3690 0 0 0 0 0 0 0
3 689 690 2543 3501 0 0 0 0 0 0 0
3 1269 2516 1295 3682 0 0 0 0 0 0 0
3 354 2150 2171 3541 0 0 0 0 0 0 0
3 354 364 2148 3541 0 0 0 0 0 0 0
3 341 2149 2737 3517 0 0 0 0 0 0 0
3 364 404 2148 2736 0 0 0 0 0 0 0
3 341 2148 404 2737 0 0 0 0 0 0 0
3 2148 2732 2184 3541 0 0 0 0 0 0 0
3 2206 2381 3562 3668 0 0 0 0 0 0 0
3 2485 3107 2812 3592 0 0 0 0 0 0 0
3 301 2149 341 3517 0 0 0 0 0 0 0
3 364 2732 372 2736 0 0 0 0 0 0 0
3 2024 2733 2544 3499 0 0 0 0 0 0 0
3 2692 2736 2737 3475 0 0 0 0 0 0 0
3 782 801 2881 2900 0 0 0 0 0 0 0
3 162 222 2911 3364 0 0 0 0 0 0 0
3 782 2900 2881 3773 0 0 0 0 0 0 0
3 47 162 164 2911 1 147 0 0 0 0 0 0
3 222 234 3361 3364 0 0 0 0 0 0 0
3 3072 3809 3899 3932 0 0 0 0 0 0 0
3 234 3362 3361 3364 0 0 0 0 0 0 0
3 2388 3072 2389 3899 0 0 0 0 0 0 0
3 1496 1558 3606 3809 0 0 0 0 0 0 0
3 1293 2393 2394 2395 0 0 0 0 0 0 0
3 2309 2490 2489 3524 0 0 0 0 0 0 0
3 2781 3015 3127 3129 0 0 0 0 0 0 0
3 303 304 1984 1985 0 0 0 0 0 0 0
3 214 3300 284 3301 0 0 0 0 0 0 0
3 284 304 2504 3300 0 0 0 0 0 0 0
3 284 306 304 3300 1 147 0 0 0 0 0 0
3 176 2833 2834 3476 0 0 0 0 0 0 0
3 2780 3678 3930 3931 0 0 0 0 0 0 0
3 591 962 2020 2689 0 0 0 0 0 0 0
3 589 1998 590 3343 0 0 0 130 0 0 0
3 1396 2567 3503 3672 0 0 0 0 0 0 0
3 737 3477 773 3658 0 0 0 0 0 0 0
3 2400 3076 3672 3685 0 0 0 0 0 0 0
3 1053 1109 1105 3608 1 135 0 0 0 0 0 0
3 1053 1499 1109 3608 0 0 0 0 0 0 0
3 1500 3729 3728 3842 0 0 0 0 0 0 0
3 1556 3608 1557 3878 0 0 0 0 0 0 0
3 1109 3608 1499 3729 0 0 0 0 0 0 0
3 1927 3410 3506 3811 0 0 0 0 0 0 0
3 867 3410 3231 3811 0 0 0 0 0 0 0
3 1890 1891 1893 2176 0 0 0 0 0 0 0
3 2173 3410 3201 3425 0 0 0 0 0 0 0
3 856 3201 3410 3425 0 0 0 0 0 0 0
3 761 2899 800 3893 0 0 0 0 0 0 0
3 648 3422 649 3787 0 0 0 0 0 0 0
3 2610 3247 3164 3616 0 0 0 0 0 0 0
3 2212 3763 2899 3893 0 0 0 0 0 0 0
3 2296 2898 3793 3884 0 0 0 0 0 0 0
3 800 3793 817 3893 0 0 0 0 0 0 0
3 2116 3253 3428 3527 0 0 0 0 0 0 0
3 801 2899 2881 2900 0 0 0 0 0 0 0
3 2193 2493 2214 2869 0 0 0 0 0 0 0
3 1346 2511 3576 3855 0 0 0 0 0 0 0
3 1267 1277 3188 3831 0 0 0 0 0 0 0
3 1335 3576 1346 3686 0 0 0 0 0 0 0
3 2513 2516 2515 3344 0 0 0 0 0 0 0
3 587 669 668 3737 1 141 0 0 0 0 0 0
3 1277 2511 1338 3820 0 0 0 0 0 0 0
3 3195 3683 3345 3737 0 0 0 0 0 0 0
3 3433 3469 3947 3948 0 0 0 0 0 0 0
3 2493 2715 2496 3211 0 0 0 0 0 0 0
3 2706 3532 3774 3826 0 0 0 0 0 0 0
3 2583 3770 3826 3949 0 0 0 0 0 0 0
3 743 3774 3532 3826 0 0 0 0 0 0 0
3 1921 2120 2371 2373 0 0 0 0 0 0 0
3 744 3826 3770 3949 0 0 0 0 0 0 0
3 783 3826 811 3845 0 0 0 0 0 0 0
3 811 3845 3826 3949 0 0 0 0 0 0 0
3 744 3532 3770 3826 0 0 0 0 0 0 0
3 764 3665 783 3753 0 0 0 0 0 0 0
3 764 1919 3665 3753 0 0 0 0 0 0 0
3 2472 2473 3519 3730 0 0 0 0 0 0 0
3 709 3032 710 3053 0 0 0 0 0 0 0
3 572 1531 1530 3032 1 75 0 0 0 0 0 0
3 710 3032 3031 3053 0 0 0 0 0 0 0
3 1946 3727 3728 3866 0 0 0 0 0 0 0
3 2858 2860 2859 3654 0 0 0 0 0 0 0
3 2869 3478 3844 3918 0 0 0 0 0 0 0
3 2976 3321 3903 3918 0 0 0 0 0 0 0
3 339 3320 3900 3918 0 0 0 0 0 0 0
3 271 3478 3903 3918 0 0 0 0 0 0 0
3 2256 2258 2259 3487 0 0 0 0 0 0 0
3 2198 2876 2495 3970 0 0 0 0 0 0 0
3 1943 2331 2298 2630 0 0 0 0 0 0 0
3 2433 3163 2763 3877 0 0 0 0 0 0 0
3 373 3486 3151 3487 0 0 0 0 0 0 0
3 373 2258 379 3487 0 0 0 0 0 0 0
3 2114 2622 2870 3168 0 0 0 0 0 0 0
3 2462 3151 3205 3206 0 0 0 0 0 0 0
3 608 1434 1436 3662 1 1 0 0 0 0 0 0
3 608 653 1434 3452 0 0 0 0 0 0 0
3 1455 3644 1456 3662 0 0 0 0 0 0 0
3 1455 3468 3644 3662 0 0 0 0 0 0 0
3 1470 3403 2674 3468 0 0 0 0 0 0 0
3 1446 2060 2075 2086 0 0 0 0 0 0 0
3 2671 3644 3468 3662 0 0 0 0 0 0 0
3 1325 2497 2871 3496 0 0 0 0 0 0 0
3 1326 2871 3142 3178 0 0 0 0 0 0 0
3 1355 3178 2494 3496 0 0 0 0 0 0 0
3 1355 2494 1356 3496 0 0 0 0 0 0 0
3 1324 2497 1325 2693 0 0 0 0 0 0 0
3 2448 3178 2871 3496 0 0 0 0 0 0 0
3 1325 2871 1326 3178 0 0 0 0 0 0 0
3 309 3454 343 3455 0 0 0 0 0 0 0
3 1161 1225 1171 2429 1 135 0 0 0 0 0 0
3 1683 1809 1695 3872 0 0 0 0 0 0 0
3 1809 2999 2991 3872 0 0 0 0 0 0 0
3 1225 2429 2427 3625 0 0 0 0 0 0 0
3 1809 2999 2429 3000 0 0 0 0 0 0 0
3 1094 1809 3438 3439 0 0 0 0 0 0 0
3 1083 1695 1688 1809 1 432 0 0 0 0 0 0
3 1083 1688 1161 1809 0 0 0 0 0 0 0
3 1809 2991 2999 3000 0 0 0 0 0 0 0
3 465 3141 476 3228 0 0 0 0 0 0 0
3 549 3256 550 3374 0 0 0 0 0 0 0
3 441 478 477 3228 1 145 0 0 0 0 0 0
3 1630 1850 3377 3381 0 0 0 0 0 0 0
3 441 550 478 3228 0 0 0 0 0 0 0
3 73 466 147 3228 0 0 0 0 0 0 0
3 147 3355 236 3547 0 0 0 0 0 0 0
3 2336 3093 3094 3513 0 0 0 0 0 0 0
3 1243 2955 1244 3094 0 0 0 0 0 0 0
3 2322 2323 2745 2908 0 0 0 0 0 0 0
3 2601 2603 2602 3728 0 0 0 0 0 0 0
3 2604 2984 3513 3943 0 0 0 0 0 0 0
3 1244 2955 2954 3094 0 0 0 0 0 0 0
3 1244 3085 1297 3094 0 0 0 0 0 0 0
3 2319 2596 3099 3180 0 0 0 0 0 0 0
3 376 3756 382 3758 0 0 0 0 0 0 0
3 361 3428 3431 3756 0 0 0 0 0 0 0
3 3253 3430 3429 3759 0 0 0 0 0 0 0
3 2298 2630 2755 2757 0 0 0 0 0 0 0
3 417 421 3253 3428 0 0 0 0 0 0 0
3 361 3428 399 3431 0 0 0 0 0 0 0
3 417 3428 3253 3527 0 0 0 0 0 0 0
3 334 3071 3070 3758 0 0 0 0 0 0 0
3 376 3070 389 3756 0 0 0 0 0 0 0
3 419 3257 3221 3671 0 0 0 0 0 0 0
3 1974 2308 2492 2682 0 0 0 0 0 0 0
3 2064 3514 2647 3954 0 0 0 0 0 0 0
3 2378 3394 3567 3569 0 0 0 0 0 0 0
3 2379 3446 3086 3525 0 0 0 0 0 0 0
3 1384 1391 3567 3685 0 0 0 0 0 0 0
3 3505 3569 3567 3695 0 0 0 0 0 0 0
3 1319 3008 3007 3011 0 0 0 0 0 0 0
3 1298 3011 1318 3287 0 0 0 0 0 0 0
3 2507 3783 3819 3822 0 0 0 0 0 0 0
3 779 794 2165 3941 0 0 0 0 0 0 0
3 794 2163 2165 3941 0 0 0 0 0 0 0
3 691 3819 696 3923 0 0 0 0 0 0 0
3 2583 2589 3509 3949 0 0 0 0 0 0 0
3 2948 2950 2951 3469 0 0 0 0 0 0 0
3 1961 2588 3096 3584 0 0 0 0 0 0 0
3 1366 3096 2521 3894 0 0 0 0 0 0 0
3 2517 2519 2518 2950 0 0 0 0 0 0 0
3 1288 2923 3538 3582 0 0 0 0 0 0 0
3 1332 3582 3096 3894 0 0 0 0 0 0 0
3 2617 3218 3217 3219 0 0 0 0 0 0 0
3 1260 3081 1261 3218 0 0 0 0 0 0 0
3 2291 2738 3282 3596 0 0 0 0 0 0 0
3 2287 3199 2740 3776 0 0 0 0 0 0 0
3 2617 3217 3081 3360 0 0 0 0 0 0 0
3 2716 3232 2816 3890 0 0 0 0 0 0 0
3 1493 3776 3279 3807 0 0 0 0 0 0 0
3 2329 3122 2445 3123 0 0 0 0 0 0 0
3 1487 3199 1492 3776 0 0 0 0 0 0 0
3 1481 1488 2740 3596 0 0 0 0 0 0 0
3 1389 3575 1390 3576 0 0 0 0 0 0 0
3 747 771 3947 3948 0 0 0 0 0 0 0
3 3138 3923 3822 3948 0 0 0 0 0 0 0
3 1953 1954 3202 3784 0 0 0 0 0 0 0
3 1890 3619 3873 3885 0 0 0 0 0 0 0
3 1394 3092 3416 3873 0 0 0 0 0 0 0
3 2877 3418 3416 3873 0 0 0 0 0 0 0
3 2831 3416 3092 3873 0 0 0 0 0 0 0
3 718 3469 3881 3948 0 0 0 0 0 0 0
3 2066 3323 2647 3324 0 0 0 0 0 0 0
3 1230 1306 2862 2864 0 0 0 0 0 0 0
3 1948 2745 2453 3251 0 0 0 0 0 0 0
3 2809 2810 3324 3397 0 0 0 0 0 0 0
3 1231 2862 2954 3730 0 0 0 0 0 0 0
3 2450 3324 3180 3511 0 0 0 0 0 0 0
3 1244 2954 1305 3085 0 0 0 0 0 0 0
3 1244 2954 3085 3094 0 0 0 0 0 0 0
3 1231 1305 2954 3088 0 0 0 0 0 0 0
3 1304 3008 1319 3011 0 0 0 0 0 0 0
3 2505 3783 3767 3923 0 0 0 0 0 0 0
3 1399 1400 2563 3508 0 0 0 0 0 0 0
3 2160 2725 3248 3941 0 0 0 0 0 0 0
3 2397 2562 3202 3507 0 0 0 0 0 0 0
3 332 3268 3823 3875 0 0 0 0 0 0 0
3 323 332 3268 3823 0 0 0 0 0 0 0
3 684 685 3273 3779 0 0 0 0 0 0 0
3 321 3269 3400 3404 0 0 0 0 0 0 0
3 257 322 1851 3268 0 0 0 0 0 0 0
3 3399 3732 3401 3779 0 0 0 0 0 0 0
3 2217 2488 2220 2491 0 0 0 0 0 0 0
3 2421 2895 2663 2974 0 0 0 0 0 0 0
3 2445 2852 3201 3536 0 0 0 0 0 0 0
3 2682 3290 3288 3888 0 0 0 0 0 0 0
3 2476 3077 2847 3759 0 0 0 0 0 0 0
3 421 3253 3429 3671 0 0 0 0 0 0 0
3 418 3257 2303 3490 0 0 0 0 0 0 0
3 416 421 3429 3671 0 0 0 0 0 0 0
3 411 412 3221 3933 0 0 0 0 0 0 0
3 413 3253 421 3671 0 0 0 0 0 0 0
3 3419 3701 3700 3850 0 0 0 0 0 0 0
3 361 381 3191 3431 0 0 0 0 0 0 0
3 817 3793 3290 3893 0 0 0 0 0 0 0
3 1972 1974 2492 2682 0 0 0 0 0 0 0
3 2304 2307 2310 2314 0 0 0 0 0 0 0
3 3850 3852 3853 3934 0 0 0 0 0 0 0
3 1783 2570 3008 3493 0 0 0 0 0 0 0
3 2847 3077 3701 3759 0 0 0 0 0 0 0
3 421 3253 3428 3429 0 0 0 0 0 0 0
3 339 399 3262 3320 0 0 0 0 0 0 0
3 389 421 3428 3429 0 0 0 0 0 0 0
3 399 3428 3262 3431 0 0 0 0 0 0 0
3 881 3041 2082 3857 0 0 0 0 0 0 0
3 2078 3041 3329 3857 0 0 0 0 0 0 0
3 865 3042 3041 3329 0 0 0 0 0 0 0
3 2081 2376 2499 3740 0 0 0 0 0 0 0
3 846 3041 865 3042 0 0 0 0 0 0 0
3 846 2352 851 3041 0 0 0 0 0 0 0
3 2276 3041 3042 3329 0 0 0 0 0 0 0
3 2645 3041 3038 3042 0 0 0 0 0 0 0
3 1839 3112 3710 3713 0 0 0 0 0 0 0
3 499 3110 3112 3713 0 0 0 0 0 0 0
3 1318 3287 3011 3553 0 0 0 0 0 0 0
3 1999 3504 2400 3507 0 0 0 0 0 0 0
3 2397 2563 2996 3508 0 0 0 0 0 0 0
3 1383 2400 3504 3507 0 0 0 0 0 0 0
3 2383 2385 2399 2666 0 0 0 0 0 0 0
3 1403 2400 2398 3672 0 0 0 0 0 0 0
3 2160 2163 2725 3941 0 0 0 0 0 0 0
3 1367 1383 3504 3507 0 0 0 0 0 0 0
3 1406 3202 2562 3507 0 0 0 0 0 0 0
3 1999 2229 2392 2400 0 0 0 0 0 0 0
3 367 3358 2734 3359 0 0 0 0 0 0 0
3 2558 2645 3038 3040 0 0 0 0 0 0 0
3 1923 2943 2324 3673 0 0 0 0 0 0 0
3 374 378 3136 3331 0 0 0 0 0 0 0
3 776 2553 789 3038 0 0 0 0 0 0 0
3 1915 3286 3466 3485 0 0 0 0 0 0 0
3 2711 3556 3295 3561 0 0 0 0 0 0 0
3 1239 3485 3286 3669 0 0 0 0 0 0 0
3 1213 3170 3289 3485 0 0 0 0 0 0 0
3 489 3159 3165 3411 0 0 0 0 0 0 0
3 269 359 3328 3915 0 0 0 0 0 0 0
3 489 3411 3165 3741 0 0 0 0 0 0 0
3 226 1897 253 2665 0 0 0 0 0 0 0
3 1954 2512 3202 3784 0 0 0 0 0 0 0
3 746 2948 3509 3874 0 0 0 0 0 0 0
3 2948 3208 3437 3469 0 0 0 0 0 0 0
3 3433 3881 3469 3948 0 0 0 0 0 0 0
3 720 2948 746 3874 0 0 0 0 0 0 0
3 718 719 2951 3469 0 0 0 0 0 0 0
3 2590 2653 2835 2836 0 0 0 0 0 0 0
3 319 2249 3808 3915 0 0 0 0 0 0 0
3 493 494 2251 3852 0 131 0 0 0 0 0
3 1896 1897 2200 2665 0 0 0 0 0 0 0
3 703 3419 3700 3850 0 0 0 0 0 0 0
3 1896 1897 1898 2200 0 0 0 0 0 0 0
3 360 3758 382 3808 0 0 0 0 0 0 0
3 360 376 382 3758 1 147 0 0 0 0 0 0
3 2975 3321 3322 3333 0 0 0 0 0 0 0
3 2201 2631 3787 3849 0 0 0 0 0 0 0
3 758 2881 759 3318 0 0 0 0 0 0 0
3 235 263 3355 3818 0 0 0 0 0 0 0
3 3258 3377 3381 3386 0 0 0 0 0 0 0
3 3228 3355 3374 3386 0 0 0 0 0 0 0
3 505 3256 549 3374 0 0 0 0 0 0 0
3 550 3228 3374 3377 0 0 0 0 0 0 0
3 235 3386 3390 3818 0 0 0 0 0 0 0
3 1987 3501 3510 3658 0 0 0 0 0 0 0
3 1999 2400 3504 3685 0 0 0 0 0 0 0
3 1954 2000 1956 2397 0 0 0 0 0 0 0
3 773 3510 3501 3658 0 0 0 0 0 0 0
3 2001 2543 2541 3501 0 0 0 0 0 0 0
3 689 773 3501 3658 0 0 0 0 0 0 0
3 2033 3176 3648 3766 0 0 0 0 0 0 0
3 2321 2888 2982 3515 0 0 0 0 0 0 0
3 2013 2838 2918 3087 0 0 0 0 0 0 0
3 1583 3461 3457 3836 0 0 0 0 0 0 0
3 1578 3461 2933 3604 0 0 0 0 0 0 0
3 1569 3612 3604 3661 0 0 0 0 0 0 0
3 1583 2933 3461 3836 0 0 0 0 0 0 0
3 2236 2637 2239 2640 0 0 0 0 0 0 0
3 1580 3457 3461 3462 0 0 0 0 0 0 0
3 918 956 2357 2753 0 0 0 0 0 0 0
3 581 957 582 3843 1 139 0 0 130 0 0 0
3 957 2158 2753 3843 0 0 0 0 0 0 0
3 1136 1146 1185 3555 1 135 0 0 0 0 0 0
3 956 2753 2158 3580 0 0 0 0 0 0 0
3 918 1014 1015 2753 1 137 0 0 0 0 0 0
3 957 2753 1015 3555 0 0 0 0 0 0 0
3 578 951 579 3021 1 139 0 0 130 0 0 0
3 1116 1203 3473 3867 0 0 0 0 0 0 0
3 1115 3473 1205 3476 0 0 0 0 0 0 0
3 1205 3299 1942 3473 0 0 0 0 0 0 0
3 352 2735 2366 3065 0 0 0 0 0 0 0
3 843 2538 3500 3754 0 0 0 0 0 0 0
3 822 2538 843 3754 0 0 0 0 0 0 0
3 2222 3500 2538 3754 0 0 0 0 0 0 0
3 1987 2829 3385 3658 0 0 0 0 0 0 0
3 1987 3510 3477 3658 0 0 0 0 0 0 0
3 813 3477 814 3754 0 0 0 0 0 0 0
3 2655 3514 3477 3754 0 0 0 0 0 0 0
3 2303 2311 3257 3367 0 0 0 0 0 0 0
3 2303 3162 2311 3367 0 0 0 0 0 0 0
3 3700 3850 3701 3934 0 0 0 0 0 0 0
3 1657 3648 3210 3677 0 0 0 0 0 0 0
3 3080 3814 3083 3971 0 0 0 0 0 0 0
3 318 3071 334 3366 0 0 0 0 0 0 0
3 2101 3455 3336 3696 0 0 0 0 0 0 0
3 2254 3011 3287 3553 0 0 0 0 0 0 0
3 1303 3008 1304 3493 0 0 0 0 0 0 0
3 2329 2330 2331 2446 0 0 0 0 0 0 0
3 1313 1363 3007 3723 0 0 0 0 0 0 0
3 1907 3417 3666 3929 0 0 0 0 0 0 0
3 1921 2373 2371 3665 0 0 0 0 0 0 0
3 3101 3174 3102 3352 0 0 0 0 0 0 0
3 767 3317 796 3773 0 0 0 0 0 0 0
3 2274 2423 2439 2941 0 0 0 0 0 0 0
3 2272 3260 3725 3960 0 0 0 0 0 0 0
3 2435 2818 3232 3528 0 0 0 0 0 0 0
3 767 3317 2880 3342 0 0 0 0 0 0 0
3 2556 3047 3133 3135 0 0 0 0 0 0 0
3 776 3040 777 3046 0 0 0 0 0 0 0
3 776 3038 788 3040 0 0 0 0 0 0 0
3 3044 3238 3133 3652 0 0 0 0 0 0 0
3 786 787 3055 3058 0 0 0 0 0 0 0
3 788 3038 3039 3040 0 0 0 0 0 0 0
3 630 3651 3470 3834 0 0 0 0 0 0 0
3 1152 3648 3196 3676 0 0 0 0 0 0 0
3 1854 3404 3150 3474 0 0 0 0 0 0 0
3 1853 3057 3272 3815 0 0 0 0 0 0 0
3 1855 3057 3058 3273 0 0 0 0 0 0 0
3 2005 2364 2575 2785 0 0 0 0 0 0 0
3 2841 3113 3060 3734 0 0 0 0 0 0 0
3 1825 3477 2806 3514 0 0 0 0 0 0 0
3 2830 3567 3505 3569 0 0 0 0 0 0 0
3 2377 3566 2806 3699 0 0 0 0 0 0 0
3 1386 3695 3569 3743 0 0 0 0 0 0 0
3 1347 3695 1386 3743 0 0 0 0 0 0 0
3 2805 2807 3443 3794 0 0 0 0 0 0 0
3 773 3477 813 3510 0 0 0 0 0 0 0
3 728 1825 737 3658 0 0 0 0 0 0 0
3 1149 2955 3519 3730 0 0 0 0 0 0 0
3 1244 2954 2955 3730 0 0 0 0 0 0 0
3 2334 2954 2955 3094 0 0 0 0 0 0 0
3 2337 3085 3093 3100 0 0 0 0 0 0 0
3 1096 1097 1503 3830 0 0 0 0 0 0 0
3 2339 2746 2889 2983 0 0 0 0 0 0 0
3 1211 2819 3675 3943 0 0 0 0 0 0 0
3 3278 3842 3729 3865 0 0 0 0 0 0 0
3 1051 1149 1112 3842 1 135 0 0 0 0 0 0
3 3032 3053 3036 3251 0 0 0 0 0 0 0
3 217 227 2415 2419 0 0 0 0 0 0 0
3 172 2418 227 2419 0 0 0 0 0 0 0
3 99 1110 172 2419 0 0 0 0 0 0 0
3 99 1111 1110 3204 1 135 0 0 0 0 0 0
3 1210 3289 3204 3466 0 0 0 0 0 0 0
3 1210 3204 3128 3466 0 0 0 0 0 0 0
3 1390 3576 3575 3855 0 0 0 0 0 0 0
3 2517 3433 3574 3881 0 0 0 0 0 0 0
3 1407 3508 3691 3885 0 0 0 0 0 0 0
3 2512 3691 3784 3855 0 0 0 0 0 0 0
3 1346 3576 1390 3855 0 0 0 0 0 0 0
3 1346 1385 2512 3855 0 0 0 0 0 0 0
3 2523 2525 2950 3437 0 0 0 0 0 0 0
3 1956 2165 2162 3941 0 0 0 0 0 0 0
3 2780 2833 3301 3667 0 0 0 0 0 0 0
3 2696 2780 2781 3930 0 0 0 0 0 0 0
3 1983 1985 1984 2504 0 0 0 0 0 0 0
3 345 3835 346 3841 0 0 0 0 0 0 0
3 2780 3003 2781 3587 0 0 0 0 0 0 0
3 307 3518 3300 3917 0 0 0 0 0 0 0
3 2091 2445 2802 2852 0 0 0 0 0 0 0
3 900 3122 3123 3186 0 0 0 0 0 0 0
3 891 2547 2526 3825 0 0 0 0 0 0 0
3 890 891 2721 3913 0 0 0 0 0 0 0
3 850 2724 852 3825 0 0 0 0 0 0 0
3 848 2724 850 3424 0 0 0 0 0 0 0
3 852 2723 2547 3825 0 0 0 0 0 0 0
3 2561 2564 2565 3540 0 0 0 0 0 0 0
3 132 1850 1646 3381 0 0 0 0 0 0 0
3 1 1637 196 3390 0 0 0 0 0 0 0
3 3381 3390 3386 3817 0 0 0 0 0 0 0
3 3228 3377 3258 3386 0 0 0 0 0 0 0
3 479 1630 1850 3377 0 0 0 0 0 0 0
3 3256 3381 3377 3386 0 0 0 0 0 0 0
3 1657 1674 3210 3648 0 0 0 0 0 0 0
3 3434 3576 3574 3577 0 0 0 0 0 0 0
3 2703 2929 2922 3539 0 0 0 0 0 0 0
3 744 3874 745 3949 0 0 0 0 0 0 0
3 722 744 3532 3770 0 0 0 0 0 0 0
3 2932 2953 3533 3894 0 0 0 0 0 0 0
3 2588 3582 3096 3584 0 0 0 0 0 0 0
3 2705 3770 3532 3826 0 0 0 0 0 0 0
3 744 3770 3874 3949 0 0 0 0 0 0 0
3 721 744 3770 3874 0 0 0 0 0 0 0
3 743 3532 744 3826 0 0 0 0 0 0 0
3 2064 2810 2377 3444 0 0 0 0 0 0 0
3 2862 2863 2864 3088 0 0 0 0 0 0 0
3 2452 3250 3397 3879 0 0 0 0 0 0 0
3 2454 2862 2954 3088 0 0 0 0 0 0 0
3 2464 2466 2467 2471 0 0 0 0 0 0 0
3 1149 1222 2955 3730 0 0 0 0 0 0 0
3 2453 3034 3054 3222 0 0 0 0 0 0 0
3 3444 3698 3798 3801 0 0 0 0 0 0 0
3 1231 2954 2862 3088 0 0 0 0 0 0 0
3 54 191 136 3708 1 147 0 0 0 0 0 0
3 759 2899 761 3419 0 0 0 0 0 0 0
3 2881 2977 3318 3916 0 0 0 0 0 0 0
3 2259 2495 2462 3151 0 0 0 0 0 0 0
3 704 3318 3419 3422 0 0 0 0 0 0 0
3 2848 3290 2897 3893 0 0 0 0 0 0 0
3 225 3334 254 3616 0 0 0 0 0 0 0
3 381 3322 3191 3431 0 0 0 0 0 0 0
3 3427 3848 3849 3915 0 0 0 0 0 0 0
3 892 2082 2352 2354 0 0 0 0 0 0 0
3 2404 2609 2499 3832 0 0 0 0 0 0 0
3 2352 3038 2353 3041 0 0 0 0 0 0 0
3 846 3038 2352 3041 0 0 0 0 0 0 0
3 845 892 2352 2354 0 0 0 0 0 0 0
3 2455 3519 3842 3865 0 0 0 0 0 0 0
3 1149 3519 2955 3865 0 0 0 0 0 0 0
3 1209 2955 1243 3675 0 0 0 0 0 0 0
3 2751 2819 3607 3943 0 0 0 0 0 0 0
3 1835 1841 2181 2749 0 0 0 0 0 0 0
3 2819 3278 3729 3865 0 0 0 0 0 0 0
3 1211 3513 1240 3943 0 0 0 0 0 0 0
3 1243 3094 3093 3513 0 0 0 0 0 0 0
3 1615 1624 1618 2651 1 287 0 0 0 0 0 0
3 645 658 3165 3412 0 0 0 0 0 0 0
3 489 3159 3158 3240 0 0 0 0 0 0 0
3 54 3108 1510 3708 0 0 0 0 0 0 0
3 3062 3130 3261 3451 0 0 0 0 0 0 0
3 375 415 3119 3330 0 0 0 0 0 0 0
3 385 3130 3119 3224 0 0 0 0 0 0 0
3 330 3130 385 3224 0 0 0 0 0 0 0
3 401 3161 3162 3224 0 0 0 0 0 0 0
3 2313 3025 3495 3704 0 0 0 0 0 0 0
3 772 3494 3495 3871 0 0 0 0 0 0 0
3 3026 3225 3061 3451 0 0 0 0 0 0 0
3 815 2403 874 3740 0 0 0 0 0 0 0
3 330 401 3162 3224 0 0 0 0 0 0 0
3 2158 2722 2744 3021 0 0 0 0 0 0 0
3 3880 3928 3896 3942 0 0 0 0 0 0 0
3 581 3895 628 3896 0 0 0 0 0 0 0
3 580 2744 581 3896 0 0 0 130 0 0 0
3 2744 3896 3897 3928 0 0 0 0 0 0 0
3 1262 2158 2744 3942 0 0 0 0 0 0 0
3 956 2158 967 3580 0 0 0 0 0 0 0
3 2924 3769 2953 3897 0 0 0 0 0 0 0
3 2357 2677 2753 3580 0 0 0 0 0 0 0
3 579 3021 580 3559 0 0 0 130 0 0 0
3 243 244 3150 3708 0 0 0 0 0 0 0
3 504 1796 673 3460 0 0 0 0 0 0 0
3 2054 3460 3237 3904 0 0 0 0 0 0 0
3 3355 3374 3386 3775 0 0 0 0 0 0 0
3 262 317 316 3238 1 147 0 0 0 0 0 0
3 2495 3211 2496 3970 0 0 0 0 0 0 0
3 2327 2659 2614 3951 0 0 0 0 0 0 0
3 2198 2496 2845 3970 0 0 0 0 0 0 0
3 264 2327 3295 3561 0 0 0 0 0 0 0
3 2659 3595 3280 3837 0 0 0 0 0 0 0
3 2496 3212 2845 3970 0 0 0 0 0 0 0
3 274 3212 2845 3281 0 0 0 0 0 0 0
3 2821 2942 3776 3807 0 0 0 0 0 0 0
3 2657 2661 2711 3907 0 0 0 0 0 0 0
3 264 265 2327 2659 0 0 0 0 0 0 0
3 265 2327 2845 3089 0 0 0 0 0 0 0
3 1283 3538 3571 3584 0 0 0 0 0 0 0
3 1185 1265 3489 3942 0 0 0 0 0 0 0
3 2919 2922 2921 2929 0 0 0 0 0 0 0
3 2920 2930 2925 3968 0 0 0 0 0 0 0
3 623 2728 624 2928 0 0 0 0 0 0 0
3 1259 2912 3360 3664 0 0 0 0 0 0 0
3 1192 2904 3664 3937 0 0 0 0 0 0 0
3 1065 1126 1439 3869 0 0 0 0 0 0 0
3 2433 2894 2769 3877 0 0 0 0 0 0 0
3 2761 3478 3313 3833 0 0 0 0 0 0 0
3 2763 3877 3232 3890 0 0 0 0 0 0 0
3 2761 3213 3833 3945 0 0 0 0 0 0 0
3 251 3313 256 3833 0 0 0 0 0 0 0
3 252 3214 3833 3945 0 0 0 0 0 0 0
3 2761 2776 3313 3478 0 0 0 0 0 0 0
3 1375 3503 1396 3794 0 0 0 0 0 0 0
3 1370 3394 3446 3569 0 0 0 0 0 0 0
3 1370 3567 3394 3569 0 0 0 0 0 0 0
3 1370 1391 3394 3567 0 0 0 0 0 0 0
3 1986 2830 3505 3564 0 0 0 0 0 0 0
3 814 3477 3514 3754 0 0 0 0 0 0 0
3 737 814 3477 3514 0 0 0 0 0 0 0
3 1384 3505 3504 3685 0 0 0 0 0 0 0
3 136 243 3706 3708 0 0 0 0 0 0 0
3 2047 3209 3199 3643 0 0 0 0 0 0 0
3 2056 3360 2912 3664 0 0 0 0 0 0 0
3 2122 3360 3531 3859 0 0 0 0 0 0 0
3 3190 3531 3664 3720 0 0 0 0 0 0 0
3 3190 3635 3531 3720 0 0 0 0 0 0 0
3 2051 2372 2053 3030 0 0 0 0 0 0 0
3 1190 2912 1259 3664 0 0 0 0 0 0 0
3 1441 1451 2904 3869 0 0 0 0 0 0 0
3 93 150 151 3277 1 147 0 0 0 0 0 0
3 80 1428 150 3277 0 0 0 0 0 0 0
3 2656 3556 2711 3561 0 0 0 0 0 0 0
3 1070 1103 1131 3277 1 135 0 0 0 0 0 0
3 94 151 165 2656 1 147 0 0 0 0 0 0
3 706 3114 758 3916 0 0 0 0 0 0 0
3 1447 2581 1463 3241 0 0 0 0 0 0 0
3 657 3246 3245 3409 0 0 0 0 0 0 0
3 758 3114 2879 3916 0 0 0 0 0 0 0
3 2868 3426 3322 3431 0 0 0 0 0 0 0
3 906 3122 3605 3789 0 0 0 0 0 0 0
3 903 906 2330 3122 0 0 0 0 0 0 0
3 243 3150 2993 3708 0 0 0 0 0 0 0
3 903 2330 2329 3122 0 0 0 0 0 0 0
3 2141 2801 3688 3689 0 0 0 0 0 0 0
3 2569 3002 3193 3194 0 0 0 0 0 0 0
3 899 3186 2721 3601 0 0 0 0 0 0 0
3 883 2328 903 2756 0 0 0 0 0 0 0
3 2103 3336 2826 3841 0 0 0 0 0 0 0
3 754 755 3052 3515 0 0 0 0 0 0 0
3 710 3031 711 3052 0 0 0 0 0 0 0
3 754 2888 3099 3515 0 0 0 0 0 0 0
3 712 753 754 2982 1 141 0 0 0 0 0 0
3 1967 2180 2181 2316 0 0 0 0 0 0 0
3 741 3250 3036 3879 0 0 0 0 0 0 0
3 2329 2851 2446 2853 0 0 0 0 0 0 0
3 725 3396 3397 3654 0 0 0 0 0 0 0
3 619 3624 3396 3647 0 0 0 0 0 0 0
3 2468 3036 3033 3037 0 0 0 0 0 0 0
3 621 643 2467 3432 0 0 0 0 0 0 0
3 2427 3000 2428 3432 0 0 0 0 0 0 0
3 2008 2788 2786 2795 0 0 0 0 0 0 0
3 1548 3263 3307 3661 0 0 0 0 0 0 0
3 2786 2791 2788 3169 0 0 0 0 0 0 0
3 2391 3612 3307 3661 0 0 0 0 0 0 0
3 171 3148 175 3149 0 0 0 0 0 0 0
3 1548 2909 3263 3661 0 0 0 0 0 0 0
3 235 3355 3386 3818 0 0 0 0 0 0 0
3 3355 3775 3386 3818 0 0 0 0 0 0 0
3 196 1637 3143 3390 0 0 0 0 0 0 0
3 196 235 3390 3818 0 0 0 0 0 0 0
3 147 3355 3228 3386 0 0 0 0 0 0 0
3 132 235 3258 3390 0 0 0 0 0 0 0
3 3386 3817 3390 3818 0 0 0 0 0 0 0
3 395 3341 2301 3387 0 0 0 0 0 0 0
3 792 3494 3255 3967 0 0 0 0 0 0 0
3 2403 2914 3255 3542 0 0 0 0 0 0 0
3 2142 3341 3327 3387 0 0 0 0 0 0 0
3 409 410 3327 3387 0 0 0 0 0 0 0
3 392 2141 2133 3387 0 0 0 0 0 0 0
3 3819 3822 3923 3948 0 0 0 0 0 0 0
3 745 746 3509 3874 0 0 0 0 0 0 0
3 2589 2591 2790 3585 0 0 0 0 0 0 0
3 792 849 3255 3542 0 0 0 0 0 0 0
3 2556 2557 3046 3048 0 0 0 0 0 0 0
3 2261 3007 3008 3011 0 0 0 0 0 0 0
3 1875 2350 2800 2853 0 0 0 0 0 0 0
3 2403 2404 2499 3832 0 0 0 0 0 0 0
3 666 3152 731 3153 0 0 0 0 0 0 0
3 2488 2489 2491 3534 0 0 0 0 0 0 0
3 3162 3224 3225 3483 0 0 0 0 0 0 0
3 3026 3368 3162 3483 0 0 0 0 0 0 0
3 730 3449 781 3967 0 0 0 0 0 0 0
3 3111 3711 3481 3966 0 0 0 0 0 0 0
3 3121 3342 3317 3543 0 0 0 0 0 0 0
3 1411 1465 3035 3216 0 0 0 0 0 0 0
3 694 767 2880 3342 0 0 0 0 0 0 0
3 767 768 3317 3342 0 0 0 0 0 0 0
3 693 3342 3340 3543 0 0 0 0 0 0 0
3 1571 1576 2917 3116 0 0 0 0 0 0 0
3 1571 3116 2917 3781 0 0 0 0 0 0 0
3 633 635 3125 3898 0 0 0 0 0 0 0
3 714 715 2626 3597 0 0 0 0 0 0 0
3 2487 2630 2757 2758 0 0 0 0 0 0 0
3 1566 2575 2934 2938 0 0 0 0 0 0 0
3 227 2405 2415 2418 0 0 0 0 0 0 0
3 3204 3466 3289 3479 0 0 0 0 0 0 0
3 154 2408 2405 2418 0 0 0 0 0 0 0
3 154 2418 172 3289 0 0 0 0 0 0 0
3 2408 3466 3289 3485 0 0 0 0 0 0 0
3 701 3173 3102 3174 0 0 0 0 0 0 0
3 762 2271 2074 3724 0 0 0 0 0 0 0
3 799 2998 2401 3724 0 0 0 0 0 0 0
3 2941 3806 3078 3902 0 0 0 0 0 0 0
3 3352 3805 3901 3902 0 0 0 0 0 0 0
3 700 1919 763 3173 0 0 0 0 0 0 0
3 1872 3859 3573 3860 0 0 0 0 0 0 0
3 650 3174 701 3557 0 0 0 0 0 0 0
3 763 1919 2074 3173 0 0 0 0 0 0 0
3 1434 3452 3403 3662 0 0 0 0 0 0 0
3 692 3544 3491 3557 0 0 0 0 0 0 0
3 3061 3450 3449 3451 0 0 0 0 0 0 0
3 3064 3117 3137 3330 0 0 0 0 0 0 0
3 615 730 3050 3449 0 0 0 0 0 0 0
3 729 3050 730 3447 0 0 0 0 0 0 0
3 736 792 3255 3967 0 0 0 0 0 0 0
3 736 3255 815 3832 0 0 0 0 0 0 0
3 736 3447 3255 3832 0 0 0 0 0 0 0
3 218 3792 283 3955 0 0 0 0 0 0 0
3 277 2795 310 3792 0 0 0 0 0 0 0
3 1945 2276 2277 3022 0 0 0 0 0 0 0
3 1514 3149 1550 3435 0 0 0 0 0 0 0
3 283 3791 3276 3955 0 0 0 0 0 0 0
3 438 439 464 3391 1 145 132 0 0 0 0 0
3 439 476 464 3391 1 145 0 0 0 0 0 0
3 72 465 146 3141 0 0 0 0 0 0 0
3 540 3141 3131 3548 0 0 0 0 0 0 0
3 2634 3364 3115 3512 0 0 0 0 0 0 0
3 1055 1497 1102 3606 0 0 0 0 0 0 0
3 1101 3746 1218 3786 0 0 0 0 0 0 0
3 2633 2635 3746 3786 0 0 0 0 0 0 0
3 1056 1496 1101 3609 0 0 0 0 0 0 0
3 1217 3611 2638 3746 0 0 0 0 0 0 0
3 1277 3820 3188 3831 0 0 0 0 0 0 0
3 2101 3486 3455 3696 0 0 0 0 0 0 0
3 2003 2577 2579 3380 0 0 0 0 0 0 0
3 1566 1570 2917 2938 0 0 0 0 0 0 0
3 1543 2839 1559 3104 0 0 0 0 0 0 0
3 1552 1559 2939 3840 0 0 0 0 0 0 0
3 282 3276 283 3791 0 0 0 0 0 0 0
3 1570 2839 2917 2938 0 0 0 0 0 0 0
3 250 2627 2610 3414 0 0 0 0 0 0 0
3 2627 2777 3414 3903 0 0 0 0 0 0 0
3 224 2627 271 3313 0 0 0 0 0 0 0
3 87 156 1423 2580 0 0 0 0 0 0 0
3 87 1423 1414 2580 1 1 0 0 0 0 0 0
3 1464 2581 2580 3719 0 0 0 0 0 0 0
3 251 3214 2892 3833 0 0 0 0 0 0 0
3 713 752 2885 2886 0 0 0 0 0 0 0
3 570 1527 638 2907 0 0 0 0 0 0 0
3 639 2906 711 3031 0 0 0 0 0 0 0
3 2369 3031 3032 3053 0 0 0 0 0 0 0
3 2320 2339 2889 2982 0 0 0 0 0 0 0
3 752 2885 2886 2887 0 0 0 0 0 0 0
3 1527 2747 1539 3639 0 0 0 0 0 0 0
3 1327 3274 3179 3275 0 0 0 0 0 0 0
3 3106 3107 3274 3275 0 0 0 0 0 0 0
3 287 3516 3227 3788 0 0 0 0 0 0 0
3 1830 1834 2752 2987 0 0 0 0 0 0 0
3 3259 3332 3946 3957 0 0 0 0 0 0 0
3 1327 1353 3179 3332 0 0 0 0 0 0 0
3 2367 3166 3020 3463 0 0 0 0 0 0 0
3 85 1425 1415 2707 1 1 0 0 0 0 0 0
3 85 1415 129 2707 0 0 0 0 0 0 0
3 1415 2707 1462 3877 0 0 0 0 0 0 0
3 84 1425 170 3889 0 0 0 0 0 0 0
3 2422 2435 2434 2763 0 0 0 0 0 0 0
3 1425 1459 2707 3889 0 0 0 0 0 0 0
3 220 3889 252 3945 0 0 0 0 0 0 0
3 714 2886 3155 3597 0 0 0 0 0 0 0
3 1540 3442 1541 3846 0 0 0 0 0 0 0
3 2339 2746 2885 2886 0 0 0 0 0 0 0
3 712 2885 2983 3155 0 0 0 0 0 0 0
3 713 2886 2885 3155 0 0 0 0 0 0 0
3 2746 2750 3640 3846 0 0 0 0 0 0 0
3 1439 3637 1452 3869 0 0 0 0 0 0 0
3 2055 2904 2905 3869 0 0 0 0 0 0 0
3 1192 3664 3720 3937 0 0 0 0 0 0 0
3 2288 2940 2738 3124 0 0 0 0 0 0 0
3 1442 2905 1451 2940 0 0 0 0 0 0 0
3 2951 3469 3433 3881 0 0 0 0 0 0 0
3 1345 2524 1389 3207 0 0 0 0 0 0 0
3 1345 1350 2521 2952 0 0 0 0 0 0 0
3 628 629 2951 3935 0 0 0 0 0 0 0
3 581 582 628 3895 1 141 130 0 0 0 0 0
3 2949 2953 3769 3896 0 0 0 0 0 0 0
3 1334 1350 2952 3894 0 0 0 0 0 0 0
3 2584 2949 2953 3769 0 0 0 0 0 0 0
3 2948 3208 3074 3437 0 0 0 0 0 0 0
3 1773 3151 3206 3486 0 0 0 0 0 0 0
3 2415 2419 2418 3479 0 0 0 0 0 0 0
3 1783 2781 2570 3493 0 0 0 0 0 0 0
3 2061 3192 2569 3193 0 0 0 0 0 0 0
3 1304 3008 3011 3012 0 0 0 0 0 0 0
3 731 772 3495 3704 0 0 0 0 0 0 0
3 731 3027 732 3704 0 0 0 0 0 0 0
3 294 3014 3305 3768 0 0 0 0 0 0 0
3 732 733 2846 3027 0 0 0 0 0 0 0
3 134 2244 3014 3768 0 0 0 0 0 0 0
3 682 3025 3111 3153 0 0 0 0 0 0 0
3 3080 3083 3965 3971 0 0 0 0 0 0 0
3 2897 3290 3793 3893 0 0 0 0 0 0 0
3 499 3306 3713 3716 0 0 0 0 0 0 0
3 1953 3017 3784 3885 0 0 0 0 0 0 0
3 3847 3848 3850 3852 0 0 0 0 0 0 0
3 319 3808 382 3915 0 0 0 0 0 0 0
3 270 357 3321 3414 0 0 0 0 0 0 0
3 2899 3318 3415 3419 0 0 0 0 0 0 0
3 291 3067 2155 3656 0 0 0 0 0 0 0
3 2037 3229 2526 3825 0 0 0 0 0 0 0
3 182 2875 205 3782 0 0 0 0 0 0 0
3 195 210 3765 3782 0 0 0 0 0 0 0
3 3299 3668 3440 3867 0 0 0 0 0 0 0
3 1250 2687 1251 2825 0 0 0 0 0 0 0
3 2687 3106 2978 3592 0 0 0 0 0 0 0
3 212 285 2502 3301 0 0 0 0 0 0 0
3 2501 3068 3067 3656 0 0 0 0 0 0 0
3 205 2875 3656 3782 0 0 0 0 0 0 0
3 2155 3067 3325 3656 0 0 0 0 0 0 0
3 2395 2497 2797 2823 0 0 0 0 0 0 0
3 1205 1248 1942 2395 0 0 0 0 0 0 0
3 289 2501 3067 3656 0 0 0 0 0 0 0
3 205 3762 210 3782 0 0 0 0 0 0 0
3 503 1796 504 3239 0 0 0 131 0 0 0
3 903 2328 904 2329 0 0 0 0 0 0 0
3 147 3228 3355 3547 0 0 0 0 0 0 0
3 1796 3047 3048 3135 0 0 0 0 0 0 0
3 316 3652 3389 3876 0 0 0 0 0 0 0
3 504 3374 3456 3904 0 0 0 0 0 0 0
3 2427 3655 3624 3681 0 0 0 0 0 0 0
3 595 946 977 2999 1 139 0 0 0 0 0 0
3 595 1682 946 2999 0 0 0 0 0 0 0
3 595 2428 2999 3432 0 0 0 0 0 0 0
3 2864 3445 3657 3802 0 0 0 0 0 0 0
3 1683 1696 1809 2999 0 0 0 0 0 0 0
3 2704 3537 3538 3571 0 0 0 0 0 0 0
3 2706 3532 3772 3774 0 0 0 0 0 0 0
3 2963 3362 3361 3780 0 0 0 0 0 0 0
3 2187 2483 2264 3516 0 0 0 0 0 0 0
3 1254 2637 2813 3588 0 0 0 0 0 0 0
3 3084 3363 3362 3790 0 0 0 0 0 0 0
3 1122 3363 2641 3589 0 0 0 0 0 0 0
3 1219 1233 2641 3786 0 0 0 0 0 0 0
3 1324 2393 2497 2693 0 0 0 0 0 0 0
3 2035 2104 2188 3082 0 0 0 0 0 0 0
3 2498 2947 2946 3496 0 0 0 0 0 0 0
3 2394 2695 3193 3630 0 0 0 0 0 0 0
3 1937 1984 2300 3518 0 0 0 0 0 0 0
3 1987 1993 1994 3075 0 0 0 0 0 0 0
3 591 617 3356 3697 0 0 0 0 0 0 0
3 728 3177 1825 3658 0 0 0 0 0 0 0
3 737 1825 3477 3658 0 0 0 0 0 0 0
3 2072 3514 2655 3754 0 0 0 0 0 0 0
3 617 726 1902 3698 0 0 0 0 0 0 0
3 2201 2251 2247 3849 0 0 0 0 0 0 0
3 494 3962 2250 3971 0 0 0 0 0 0 0
3 2249 3849 3848 3915 0 0 0 0 0 0 0
3 319 2665 2247 3849 0 0 0 0 0 0 0
3 239 260 3962 3965 0 0 0 0 0 0 0
3 260 3083 261 3962 0 0 0 0 0 0 0
3 429 538 455 2232 0 0 0 0 0 0 0
3 269 3328 3849 3915 0 0 0 0 0 0 0
3 2203 2231 2210 2232 0 0 0 0 0 0 0
3 1118 3782 3594 3909 0 0 0 0 0 0 0
3 1202 3592 2687 3594 0 0 0 0 0 0 0
3 2875 3562 3782 3909 0 0 0 0 0 0 0
3 1203 2824 1250 3299 0 0 0 0 0 0 0
3 3563 3594 3765 3782 0 0 0 0 0 0 0
3 1202 1251 2687 3106 0 0 0 0 0 0 0
3 374 3136 414 3137 0 0 0 0 0 0 0
3 415 3137 3117 3330 0 0 0 0 0 0 0
3 3050 3449 3447 3854 0 0 0 0 0 0 0
3 415 420 3117 3137 0 0 0 0 0 0 0
3 2116 2215 3262 3428 0 0 0 0 0 0 0
3 380 2256 3262 3527 0 0 0 0 0 0 0
3 417 3262 3428 3527 0 0 0 0 0 0 0
3 2898 2899 3763 3893 0 0 0 0 0 0 0
3 2662 2898 3884 3892 0 0 0 0 0 0 0
3 399 417 3262 3428 0 0 0 0 0 0 0
3 2690 3156 2691 3393 0 0 0 0 0 0 0
3 592 2690 3183 3393 0 0 0 0 0 0 0
3 1157 2691 3156 3181 0 0 0 0 0 0 0
3 1175 1273 3156 3603 0 0 0 0 0 0 0
3 1342 3743 3799 3863 0 0 0 0 0 0 0
3 335 3330 3389 3652 0 0 0 0 0 0 0
3 292 326 3810 3876 0 0 0 0 0 0 0
3 237 3348 3547 3642 0 0 0 0 0 0 0
3 262 3237 317 3238 0 0 0 0 0 0 0
3 502 3131 1838 3641 0 0 0 0 0 0 0
3 198 3249 3236 3348 0 0 0 0 0 0 0
3 631 3734 3651 3834 0 0 0 0 0 0 0
3 1521 3105 3651 3734 0 0 0 0 0 0 0
3 565 3103 632 3113 0 0 0 0 0 0 0
3 2577 2939 2938 3104 0 0 0 0 0 0 0
3 2841 3060 3059 3734 0 0 0 0 0 0 0
3 904 2329 2328 2855 0 0 0 0 0 0 0
3 3028 3080 3963 3971 0 0 0 0 0 0 0
3 3110 3152 3153 3712 0 0 0 0 0 0 0
3 1461 1472 2769 3877 0 0 0 0 0 0 0
3 1423 1464 2580 2769 0 0 0 0 0 0 0
3 1423 2769 2580 2894 0 0 0 0 0 0 0
3 2431 2433 2761 2776 0 0 0 0 0 0 0
3 694 2772 3246 3409 0 0 0 0 0 0 0
3 2774 2866 2775 2867 0 0 0 0 0 0 0
3 2776 3313 3478 3903 0 0 0 0 0 0 0
3 3120 3189 3339 3413 0 0 0 0 0 0 0
3 2087 2458 2456 2459 0 0 0 0 0 0 0
3 472 3755 2459 3959 0 0 0 0 0 0 0
3 534 535 2447 3959 0 0 0 0 0 0 0
3 424 472 449 3959 1 145 0 0 0 0 0 0
3 451 1622 1613 3755 0 0 0 0 0 0 0
3 59 472 451 3755 1 145 0 0 0 0 0 0
3 884 3123 2329 3201 0 0 0 0 0 0 0
3 2700 3474 3059 3815 0 0 0 0 0 0 0
3 3056 3058 3057 3745 0 0 0 0 0 0 0
3 677 3272 3357 3779 0 0 0 0 0 0 0
3 2964 3402 2993 3404 0 0 0 0 0 0 0
3 506 3732 507 3760 0 0 0 131 0 0 0
3 748 3057 3745 3834 0 0 0 0 0 0 0
3 748 3058 786 3745 0 0 0 0 0 0 0
3 1963 3551 2083 3908 0 0 0 0 0 0 0
3 894 899 2721 3601 0 0 0 0 0 0 0
3 897 905 3601 3868 0 0 0 0 0 0 0
3 899 900 3186 3605 0 0 0 0 0 0 0
3 2444 2721 3186 3601 0 0 0 0 0 0 0
3 1964 2376 2375 2404 0 0 0 0 0 0 0
3 2306 2478 2309 3346 0 0 0 0 0 0 0
3 2828 3503 3394 3794 0 0 0 0 0 0 0
3 2827 3394 3503 3567 0 0 0 0 0 0 0
3 1375 3394 1391 3503 0 0 0 0 0 0 0
3 2392 2398 2397 2400 0 0 0 0 0 0 0
3 1393 3672 3503 3685 0 0 0 0 0 0 0
3 2382 2946 2385 2947 0 0 0 0 0 0 0
3 1391 1393 3503 3685 0 0 0 0 0 0 0
3 2378 3446 3394 3569 0 0 0 0 0 0 0
3 2831 3092 3575 3873 0 0 0 0 0 0 0
3 2505 2507 2506 3783 0 0 0 0 0 0 0
3 3138 3947 3914 3948 0 0 0 0 0 0 0
3 1392 3575 3092 3873 0 0 0 0 0 0 0
3 1404 3855 3575 3885 0 0 0 0 0 0 0
3 1392 3092 1394 3873 0 0 0 0 0 0 0
3 1390 3575 1404 3855 0 0 0 0 0 0 0
3 2330 2331 2630 2755 0 0 0 0 0 0 0
3 374 3044 3134 3331 0 0 0 0 0 0 0
3 2994 3267 3134 3331 0 0 0 0 0 0 0
3 332 347 3331 3823 0 0 0 0 0 0 0
3 374 3134 377 3331 0 0 0 0 0 0 0
3 347 3359 3331 3823 0 0 0 0 0 0 0
3 1853 3400 3272 3779 0 0 0 0 0 0 0
3 378 393 3136 3359 0 0 0 0 0 0 0
3 2702 3823 3268 3875 0 0 0 0 0 0 0
3 2787 3435 3307 3748 0 0 0 0 0 0 0
3 2006 2012 2789 3791 0 0 0 0 0 0 0
3 1548 1549 3307 3435 0 0 0 0 0 0 0
3 1548 3307 1568 3661 0 0 0 0 0 0 0
3 2338 2887 2367 2918 0 0 0 0 0 0 0
3 2788 3169 2791 3308 0 0 0 0 0 0 0
3 1567 3612 1568 3748 0 0 0 0 0 0 0
3 1549 1568 3307 3748 0 0 0 0 0 0 0
3 1550 1567 3748 3749 0 0 0 0 0 0 0
3 2002 3276 2937 3791 0 0 0 0 0 0 0
3 245 3546 3276 3633 0 0 0 0 0 0 0
3 288 3227 3750 3788 0 0 0 0 0 0 0
3 2640 3588 2641 3589 0 0 0 0 0 0 0
3 2149 3516 2264 3517 0 0 0 0 0 0 0
3 2634 2911 3364 3512 0 0 0 0 0 0 0
3 2236 2813 2637 3588 0 0 0 0 0 0 0
3 272 3362 3750 3780 0 0 0 0 0 0 0
3 1235 3785 1237 3804 0 0 0 0 0 0 0
3 1214 1216 3293 3785 0 0 0 0 0 0 0
3 880 884 2329 3231 0 0 0 0 0 0 0
3 1214 3296 3673 3785 0 0 0 0 0 0 0
3 2661 3785 3293 3907 0 0 0 0 0 0 0
3 2311 3024 3367 3368 0 0 0 0 0 0 0
3 387 3367 3024 3368 0 0 0 0 0 0 0
3 3110 3111 3112 3711 0 0 0 0 0 0 0
3 3025 3026 3111 3712 0 0 0 0 0 0 0
3 772 3495 3704 3871 0 0 0 0 0 0 0
3 682 3481 781 3966 0 0 0 0 0 0 0
3 781 3494 3481 3495 0 0 0 0 0 0 0
3 2846 3027 2849 3704 0 0 0 0 0 0 0
3 903 3122 2329 3123 0 0 0 0 0 0 0
3 2303 2311 2310 3257 0 0 0 0 0 0 0
3 1067 1128 1442 2903 0 0 0 0 0 0 0
3 1067 1442 1443 2903 1 1 0 0 0 0 0 0
3 2291 2740 2738 3596 0 0 0 0 0 0 0
3 1487 2740 1488 3124 0 0 0 0 0 0 0
3 1449 2738 1484 3282 0 0 0 0 0 0 0
3 1484 2738 1488 3596 0 0 0 0 0 0 0
3 2290 2326 2739 3081 0 0 0 0 0 0 0
3 1323 3193 2393 3311 0 0 0 0 0 0 0
3 1323 2393 1324 3311 0 0 0 0 0 0 0
3 1293 1324 2393 2497 0 0 0 0 0 0 0
3 2382 2384 2693 2947 0 0 0 0 0 0 0
3 1324 2393 2693 3311 0 0 0 0 0 0 0
3 2393 2396 2497 2693 0 0 0 0 0 0 0
3 2363 2989 2986 2990 0 0 0 0 0 0 0
3 1984 2480 3300 3518 0 0 0 0 0 0 0
3 1486 1487 3124 3199 0 0 0 0 0 0 0
3 1452 1486 3209 3643 0 0 0 0 0 0 0
3 2048 2056 2529 2905 0 0 0 0 0 0 0
3 2517 2523 2520 2525 0 0 0 0 0 0 0
3 2670 2674 2673 3614 0 0 0 0 0 0 0
3 3102 3352 3174 3408 0 0 0 0 0 0 0
3 1971 3279 2551 3901 0 0 0 0 0 0 0
3 1452 3637 2046 3869 0 0 0 0 0 0 0
3 835 2401 3484 3724 0 0 0 0 0 0 0
3 798 835 3484 3724 0 0 0 0 0 0 0
3 799 836 2401 2998 0 0 0 0 0 0 0
3 2617 2618 3219 3316 0 0 0 0 0 0 0
3 1971 2551 3279 3406 0 0 0 0 0 0 0
3 654 2076 3452 3662 0 0 0 0 0 0 0
3 1263 3220 3537 3539 0 0 0 0 0 0 0
3 2703 2922 2923 3539 0 0 0 0 0 0 0
3 640 1530 3031 3032 0 0 0 0 0 0 0
3 1063 1438 1135 3645 0 0 0 0 0 0 0
3 1963 3550 3551 3908 0 0 0 0 0 0 0
3 2526 3540 2564 3908 0 0 0 0 0 0 0
3 895 3540 2526 3908 0 0 0 0 0 0 0
3 1770 2354 3550 3936 0 0 0 0 0 0 0
3 1528 1530 2369 3031 0 0 0 0 0 0 0
3 1785 2569 2570 2571 0 0 0 0 0 0 0
3 2292 2299 2293 2842 0 0 0 0 0 0 0
3 897 3540 898 3550 0 0 0 0 0 0 0
3 2649 3319 2650 3961 0 0 0 0 0 0 0
3 2072 3319 2647 3514 0 0 0 0 0 0 0
3 2536 3944 2594 3961 0 0 0 0 0 0 0
3 822 3754 3319 3961 0 0 0 0 0 0 0
3 3288 3704 3871 3958 0 0 0 0 0 0 0
3 2310 2311 2476 3257 0 0 0 0 0 0 0
3 2302 2305 2303 3161 0 0 0 0 0 0 0
3 500 3713 3715 3716 0 0 0 0 0 0 0
3 816 821 3524 3958 0 0 0 0 0 0 0
3 735 816 3704 3958 0 0 0 0 0 0 0
3 772 816 3346 3871 0 0 0 0 0 0 0
3 816 2490 3346 3524 0 0 0 0 0 0 0
3 2136 2139 2137 2142 0 0 0 0 0 0 0
3 2306 2312 3061 3494 0 0 0 0 0 0 0
3 2303 2305 2304 2311 0 0 0 0 0 0 0
3 739 3323 2647 3954 0 0 0 0 0 0 0
3 726 727 1902 3954 0 0 0 0 0 0 0
3 726 3323 739 3954 0 0 0 0 0 0 0
3 1278 1342 3799 3863 0 0 0 0 0 0 0
3 1344 1370 3446 3569 0 0 0 0 0 0 0
3 2073 2223 2655 2806 0 0 0 0 0 0 0
3 727 1902 1825 3177 0 0 0 0 0 0 0
3 1223 2985 2473 3830 0 0 0 0 0 0 0
3 1223 1230 2473 2985 0 0 0 0 0 0 0
3 1097 2473 1224 3730 0 0 0 0 0 0 0
3 1231 2473 2862 3730 0 0 0 0 0 0 0
3 1230 1231 2473 2862 0 0 0 0 0 0 0
3 1048 1503 2465 3830 0 0 0 0 0 0 0
3 595 2428 1682 2999 0 0 0 0 0 0 0
3 2906 3031 2908 3052 0 0 0 0 0 0 0
3 1080 1159 2430 3684 0 0 0 0 0 0 0
3 1697 3626 2428 3681 0 0 0 0 0 0 0
3 594 3395 1681 3681 0 0 0 0 0 0 0
3 1095 2427 1225 2429 0 0 0 0 0 0 0
3 1223 1230 2985 3623 0 0 0 0 0 0 0
3 3366 3758 3808 3853 0 0 0 0 0 0 0
3 494 611 3814 3852 0 0 0 0 0 0 0
3 260 3083 3962 3965 0 0 0 0 0 0 0
3 611 3027 3814 3934 0 0 0 0 0 0 0
3 1528 2369 1538 2907 0 0 0 0 0 0 0
3 261 3083 318 3366 0 0 0 0 0 0 0
3 3428 3429 3430 3756 0 0 0 0 0 0 0
3 2249 3366 3808 3848 0 0 0 0 0 0 0
3 649 663 3847 3850 0 0 0 0 0 0 0
3 2386 2910 2792 2913 0 0 0 0 0 0 0
3 219 277 2786 2795 0 0 0 0 0 0 0
3 1549 3307 3435 3748 0 0 0 0 0 0 0
3 171 3148 3149 3169 0 0 0 0 0 0 0
3 2791 3169 3263 3308 0 0 0 0 0 0 0
3 47 2911 2909 3512 0 0 0 0 0 0 0
3 3018 3490 3221 3933 0 0 0 0 0 0 0
3 2303 3257 2310 3490 0 0 0 0 0 0 0
3 419 3221 3257 3490 0 0 0 0 0 0 0
3 422 2303 2302 3490 0 0 0 0 0 0 0
3 2133 2302 2135 3490 0 0 0 0 0 0 0
3 2492 3288 3524 3888 0 0 0 0 0 0 0
3 3059 3379 3470 3474 0 0 0 0 0 0 0
3 2841 3103 3113 3734 0 0 0 0 0 0 0
3 630 3470 683 3834 0 0 0 0 0 0 0
3 3379 3380 3470 3474 0 0 0 0 0 0 0
3 2972 2993 2981 3646 0 0 0 0 0 0 0
3 683 684 3057 3815 0 0 0 0 0 0 0
3 244 3150 3708 3738 0 0 0 0 0 0 0
3 2577 3380 2939 3840 0 0 0 0 0 0 0
3 2517 2524 2528 3207 0 0 0 0 0 0 0
3 718 3469 2951 3881 0 0 0 0 0 0 0
3 582 3926 583 3935 0 0 0 130 0 0 0
3 1284 3928 3880 3942 0 0 0 0 0 0 0
3 629 718 2951 3881 0 0 0 0 0 0 0
3 2369 2908 2745 3521 0 0 0 0 0 0 0
3 716 3060 750 3599 0 0 0 0 0 0 0
3 717 749 3060 3745 0 0 0 0 0 0 0
3 749 3055 807 3795 0 0 0 0 0 0 0
3 632 3060 716 3113 0 0 0 0 0 0 0
3 2841 3104 3103 3105 0 0 0 0 0 0 0
3 632 3103 1522 3734 0 0 0 0 0 0 0
3 1522 3103 3105 3734 0 0 0 0 0 0 0
3 3067 3068 3325 3656 0 0 0 0 0 0 0
3 2875 3562 3068 3656 0 0 0 0 0 0 0
3 1942 2532 2533 3299 0 0 0 0 0 0 0
3 1982 2366 1985 2735 0 0 0 0 0 0 0
3 2482 2504 3300 3301 0 0 0 0 0 0 0
3 2627 2770 2776 3313 0 0 0 0 0 0 0
3 2610 2627 2778 3414 0 0 0 0 0 0 0
3 250 270 2627 3414 0 0 0 0 0 0 0
3 270 271 2627 3903 0 0 0 0 0 0 0
3 271 3313 2627 3903 0 0 0 0 0 0 0
3 157 2582 250 2627 0 0 0 0 0 0 0
3 157 2627 224 2770 0 0 0 0 0 0 0
3 2889 2907 2906 2983 0 0 0 0 0 0 0
3 129 2892 251 3214 0 0 0 0 0 0 0
3 2580 2771 2769 3719 0 0 0 0 0 0 0
3 501 1838 502 3131 0 0 0 131 0 0 0
3 1838 3236 3715 3717 0 0 0 0 0 0 0
3 1598 1604 3009 3016 0 0 0 0 0 0 0
3 1597 3010 1604 3718 0 0 0 0 0 0 0
3 1838 3236 3009 3715 0 0 0 0 0 0 0
3 3009 3236 3019 3718 0 0 0 0 0 0 0
3 437 475 461 3006 1 145 0 0 0 0 0 0
3 3070 3671 3429 3759 0 0 0 0 0 0 0
3 334 3070 376 3758 0 0 0 0 0 0 0
3 389 3070 416 3429 0 0 0 0 0 0 0
3 3070 3429 3756 3759 0 0 0 0 0 0 0
3 425 426 451 3702 1 145 132 0 0 0 0 0
3 425 484 426 3702 1 143 0 0 132 0 0 0
3 451 472 3702 3755 0 0 0 0 0 0 0
3 534 2447 1608 3702 0 0 0 0 0 0 0
3 472 3702 3755 3959 0 0 0 0 0 0 0
3 16 534 1608 3702 0 0 0 0 0 0 0
3 1305 3086 3088 3184 0 0 0 0 0 0 0
3 2858 2859 3397 3654 0 0 0 0 0 0 0
3 1825 2806 3564 3699 0 0 0 0 0 0 0
3 1342 3743 1386 3799 0 0 0 0 0 0 0
3 3446 3569 3566 3799 0 0 0 0 0 0 0
3 1312 3086 3184 3446 0 0 0 0 0 0 0
3 2859 2860 3445 3654 0 0 0 0 0 0 0
3 1460 1480 2817 3615 0 0 0 0 0 0 0
3 2713 3280 2817 3615 0 0 0 0 0 0 0
3 1479 2817 2816 3890 0 0 0 0 0 0 0
3 1479 1480 2816 2817 0 0 0 0 0 0 0
3 2716 2816 2817 3890 0 0 0 0 0 0 0
3 2714 2845 3212 3281 0 0 0 0 0 0 0
3 3163 3216 3413 3529 0 0 0 0 0 0 0
3 1401 3535 3508 3885 0 0 0 0 0 0 0
3 1377 2563 3535 3851 0 0 0 0 0 0 0
3 1401 3508 1407 3885 0 0 0 0 0 0 0
3 2322 2908 3031 3052 0 0 0 0 0 0 0
3 1890 3873 2831 3885 0 0 0 0 0 0 0
3 1406 1407 3508 3691 0 0 0 0 0 0 0
3 1399 2562 1406 3508 0 0 0 0 0 0 0
3 1530 2369 3034 3054 0 0 0 0 0 0 0
3 2563 2668 3535 3851 0 0 0 0 0 0 0
3 2997 3535 3619 3885 0 0 0 0 0 0 0
3 1399 2398 1403 2562 0 0 0 0 0 0 0
3 1891 2668 2667 2804 0 0 0 0 0 0 0
3 1999 2397 2000 3507 0 0 0 0 0 0 0
3 1210 3128 1242 3466 0 0 0 0 0 0 0
3 2418 2419 3289 3479 0 0 0 0 0 0 0
3 2822 3003 3326 3586 0 0 0 0 0 0 0
3 642 643 2464 3037 0 0 0 0 0 0 0
3 677 3272 678 3357 0 0 0 0 0 0 0
3 2937 3276 3546 3633 0 0 0 0 0 0 0
3 1851 3150 1854 3404 0 0 0 0 0 0 0
3 2583 3509 3074 3874 0 0 0 0 0 0 0
3 2014 2193 2207 2216 0 0 0 0 0 0 0
3 1908 3573 1960 3860 0 0 0 0 0 0 0
3 1329 1960 3860 3929 0 0 0 0 0 0 0
3 1310 3582 1332 3894 0 0 0 0 0 0 0
3 1283 1332 3538 3584 0 0 0 0 0 0 0
3 1263 3537 1283 3538 0 0 0 0 0 0 0
3 1335 1341 3207 3838 0 0 0 0 0 0 0
3 1265 1282 3831 3838 0 0 0 0 0 0 0
3 953 1719 1707 3580 1 414 0 0 0 0 0 0
3 2369 2907 2908 3521 0 0 0 0 0 0 0
3 2744 3896 3928 3942 0 0 0 0 0 0 0
3 582 3926 3895 3942 0 0 0 0 0 0 0
3 580 3631 2744 3896 0 0 0 0 0 0 0
3 1337 3703 3350 3863 0 0 0 0 0 0 0
3 1266 3351 1336 3703 0 0 0 0 0 0 0
3 1342 1347 3743 3863 0 0 0 0 0 0 0
3 1344 1386 3569 3799 0 0 0 0 0 0 0
3 3647 3655 3654 3798 0 0 0 0 0 0 0
3 1825 3177 1902 3564 0 0 0 0 0 0 0
3 1175 1272 2688 2691 0 0 0 0 0 0 0
3 1347 3350 3505 3743 0 0 0 0 0 0 0
3 2830 3569 3505 3743 0 0 0 0 0 0 0
3 2312 3495 3494 3871 0 0 0 0 0 0 0
3 2313 3704 3495 3871 0 0 0 0 0 0 0
3 3026 3029 3368 3712 0 0 0 0 0 0 0
3 772 3494 781 3495 0 0 0 0 0 0 0
3 682 3025 731 3495 0 0 0 0 0 0 0
3 731 3495 3025 3704 0 0 0 0 0 0 0
3 1330 3217 3316 3859 0 0 0 0 0 0 0
3 1872 1908 2643 3860 0 0 0 0 0 0 0
3 1538 2907 2369 3521 0 0 0 0 0 0 0
3 1867 1872 1900 2190 0 0 0 0 0 0 0
3 2359 3484 2401 3724 0 0 0 0 0 0 0
3 721 722 3769 3770 0 0 0 0 0 0 0
3 1279 2925 2932 3928 0 0 0 0 0 0 0
3 1256 2919 2921 3634 0 0 0 0 0 0 0
3 2932 3897 3911 3928 0 0 0 0 0 0 0
3 2952 3894 2953 3911 0 0 0 0 0 0 0
3 2727 2728 2729 2929 0 0 0 0 0 0 0
3 2926 2928 2927 3532 0 0 0 0 0 0 0
3 624 625 2926 3839 0 0 0 0 0 0 0
3 1605 2244 3306 3710 0 0 0 0 0 0 0
3 2569 3194 3192 3723 0 0 0 0 0 0 0
3 1597 1605 3716 3718 0 0 0 0 0 0 0
3 1605 3014 3710 3714 0 0 0 0 0 0 0
3 3388 3389 3450 3482 0 0 0 0 0 0 0
3 1339 2509 2511 2512 0 0 0 0 0 0 0
3 656 3420 3572 3687 0 0 0 0 0 0 0
3 1295 2516 2513 3344 0 0 0 0 0 0 0
3 2509 2511 2510 3660 0 0 0 0 0 0 0
3 665 3687 2505 3819 0 0 0 0 0 0 0
3 2507 3577 3783 3822 0 0 0 0 0 0 0
3 820 2757 2486 3888 0 0 0 0 0 0 0
3 3686 3821 3820 3831 0 0 0 0 0 0 0
3 3207 3686 3838 3922 0 0 0 0 0 0 0
3 2517 3434 3207 3574 0 0 0 0 0 0 0
3 2524 3434 3575 3576 0 0 0 0 0 0 0
3 1341 2528 1345 3207 0 0 0 0 0 0 0
3 1345 2528 2524 3207 0 0 0 0 0 0 0
3 2524 3434 3092 3575 0 0 0 0 0 0 0
3 2520 2524 2521 2528 0 0 0 0 0 0 0
3 383 3071 3079 3368 0 0 0 0 0 0 0
3 2210 2246 2247 2251 0 0 0 0 0 0 0
3 2250 3083 3814 3971 0 0 0 0 0 0 0
3 731 3027 3025 3028 0 0 0 0 0 0 0
3 2313 2314 2849 3704 0 0 0 0 0 0 0
3 731 3025 3027 3704 0 0 0 0 0 0 0
3 2989 2990 3018 3933 0 0 0 0 0 0 0
3 387 3070 3024 3257 0 0 0 0 0 0 0
3 873 2757 2756 2758 0 0 0 0 0 0 0
3 1103 2656 2658 3277 0 0 0 0 0 0 0
3 2656 2658 3277 3707 0 0 0 0 0 0 0
3 1235 3804 2741 3907 0 0 0 0 0 0 0
3 233 3561 3707 3951 0 0 0 0 0 0 0
3 151 2656 3277 3707 0 0 0 0 0 0 0
3 163 233 3707 3951 0 0 0 0 0 0 0
3 2543 3385 3177 3658 0 0 0 0 0 0 0
3 1825 2829 2806 3477 0 0 0 0 0 0 0
3 820 872 2486 2758 0 0 0 0 0 0 0
3 626 722 2926 3769 0 0 0 0 0 0 0
3 2744 3897 3559 3928 0 0 0 0 0 0 0
3 2926 2930 2928 3839 0 0 0 0 0 0 0
3 624 2928 2727 3839 0 0 0 0 0 0 0
3 625 626 2926 3631 0 0 0 0 0 0 0
3 578 624 2727 3839 0 0 0 0 0 0 0
3 1753 2727 2930 3839 0 0 0 0 0 0 0
3 1557 3610 1563 3878 0 0 0 0 0 0 0
3 1558 1562 3610 3747 0 0 0 0 0 0 0
3 2752 3610 3611 3878 0 0 0 0 0 0 0
3 2638 3746 2642 3786 0 0 0 0 0 0 0
3 1497 3606 1558 3610 0 0 0 0 0 0 0
3 1563 3610 3836 3878 0 0 0 0 0 0 0
3 2486 2488 2758 3534 0 0 0 0 0 0 0
3 1842 3836 3610 3878 0 0 0 0 0 0 0
3 979 1045 1506 2992 1 75 0 0 0 0 0 0
3 978 2992 1506 3628 0 0 0 0 0 0 0
3 911 979 1506 2992 1 75 0 0 0 0 0 0
3 1005 1094 1143 2992 1 135 0 0 0 0 0 0
3 934 978 976 2992 1 139 0 0 0 0 0 0
3 31 1045 979 2992 1 75 77 0 81 0 0 0
3 31 979 1005 2992 1 137 81 0 128 0 0 0
3 1131 1445 3277 3284 0 0 0 0 0 0 0
3 1128 2903 1190 2904 0 0 0 0 0 0 0
3 2616 3283 2660 3303 0 0 0 0 0 0 0
3 2273 2326 3218 3804 0 0 0 0 0 0 0
3 2619 3282 2738 3940 0 0 0 0 0 0 0
3 1216 3785 1235 3907 0 0 0 0 0 0 0
3 1261 3218 2902 3804 0 0 0 0 0 0 0
3 1237 2273 3218 3804 0 0 0 0 0 0 0
3 2383 2384 2385 2666 0 0 0 0 0 0 0
3 2326 2902 3218 3804 0 0 0 0 0 0 0
3 2325 3081 2617 3218 0 0 0 0 0 0 0
3 2297 3146 3147 3154 0 0 0 0 0 0 0
3 2330 2630 2446 3223 0 0 0 0 0 0 0
3 2358 2402 2360 3882 0 0 0 0 0 0 0
3 1444 1448 3284 3940 0 0 0 0 0 0 0
3 1235 3785 3804 3907 0 0 0 0 0 0 0
3 2615 2616 2660 3303 0 0 0 0 0 0 0
3 2332 2711 2661 3296 0 0 0 0 0 0 0
3 1216 3293 3785 3907 0 0 0 0 0 0 0
3 1247 2394 3630 3931 0 0 0 0 0 0 0
3 1294 2394 2393 3193 0 0 0 0 0 0 0
3 1247 1942 1248 2394 0 0 0 0 0 0 0
3 2393 2394 2695 3193 0 0 0 0 0 0 0
3 1293 2393 1294 2394 0 0 0 0 0 0 0
3 1293 2393 2395 2497 0 0 0 0 0 0 0
3 2448 2797 2497 2871 0 0 0 0 0 0 0
3 1897 2631 2200 2665 0 0 0 0 0 0 0
3 3366 3848 3852 3853 0 0 0 0 0 0 0
3 492 2201 493 2210 0 0 0 131 0 0 0
3 1988 3344 3349 3504 0 0 0 0 0 0 0
3 1348 3349 3504 3505 0 0 0 0 0 0 0
3 2000 3344 3504 3507 0 0 0 0 0 0 0
3 1348 3349 1367 3504 0 0 0 0 0 0 0
3 588 3736 3210 3766 0 0 0 0 0 0 0
3 669 2541 690 3502 0 0 0 0 0 0 0
3 1427 1458 3294 3303 0 0 0 0 0 0 0
3 1458 3303 3596 3615 0 0 0 0 0 0 0
3 1458 3303 1484 3596 0 0 0 0 0 0 0
3 1427 3283 3294 3595 0 0 0 0 0 0 0
3 2614 2660 3561 3951 0 0 0 0 0 0 0
3 1484 3303 3282 3596 0 0 0 0 0 0 0
3 1448 1449 3282 3940 0 0 0 0 0 0 0
3 81 1427 163 3707 0 0 0 0 0 0 0
3 1909 3285 3316 3554 0 0 0 0 0 0 0
3 2832 3167 3095 3416 0 0 0 0 0 0 0
3 2258 2495 2259 3151 0 0 0 0 0 0 0
3 1806 2613 2615 2713 0 0 0 0 0 0 0
3 2739 2741 2901 2902 0 0 0 0 0 0 0
3 2287 2740 2613 3776 0 0 0 0 0 0 0
3 2272 2274 2420 3121 0 0 0 0 0 0 0
3 2881 2900 2895 3773 0 0 0 0 0 0 0
3 2792 2913 3361 3780 0 0 0 0 0 0 0
3 2635 3606 3747 3809 0 0 0 0 0 0 0
3 1496 1546 1558 3809 1 75 0 0 0 0 0 0
3 1561 2933 1562 3747 0 0 0 0 0 0 0
3 1562 2933 3610 3747 0 0 0 0 0 0 0
3 1561 1569 3604 3899 0 0 0 0 0 0 0
3 181 207 3362 3790 0 0 0 0 0 0 0
3 3084 3362 3750 3790 0 0 0 0 0 0 0
3 1121 3589 3590 3790 0 0 0 0 0 0 0
3 181 3362 3363 3790 0 0 0 0 0 0 0
3 207 208 3750 3790 0 0 0 0 0 0 0
3 622 1976 2058 2059 0 0 0 0 0 0 0
3 622 623 2058 2728 0 0 0 0 0 0 0
3 623 723 2058 2928 0 0 0 0 0 0 0
3 609 1436 1432 2076 1 1 0 0 0 0 0 0
3 2076 2671 3375 3638 0 0 0 0 0 0 0
3 723 2058 2928 3772 0 0 0 0 0 0 0
3 2926 3770 3532 3771 0 0 0 0 0 0 0
3 1456 2075 2076 3644 0 0 0 0 0 0 0
3 2978 3106 3107 3592 0 0 0 0 0 0 0
3 210 3762 3765 3782 0 0 0 0 0 0 0
3 3562 3762 3656 3782 0 0 0 0 0 0 0
3 205 3656 3762 3782 0 0 0 0 0 0 0
3 299 2150 2155 2171 0 0 0 0 0 0 0
3 290 299 2150 2155 0 0 0 0 0 0 0
3 291 299 2155 3067 0 0 0 0 0 0 0
3 2154 2155 2980 3762 0 0 0 0 0 0 0
3 2171 3065 2979 3067 0 0 0 0 0 0 0
3 810 3509 3208 3887 0 0 0 0 0 0 0
3 1914 2360 2350 3073 0 0 0 0 0 0 0
3 808 3506 3208 3947 0 0 0 0 0 0 0
3 746 3208 810 3509 0 0 0 0 0 0 0
3 746 2948 747 3208 0 0 0 0 0 0 0
3 3208 3437 3469 3947 0 0 0 0 0 0 0
3 809 3506 828 3887 0 0 0 0 0 0 0
3 1250 2823 2824 2825 0 0 0 0 0 0 0
3 1292 1293 2823 2871 0 0 0 0 0 0 0
3 2449 2825 2871 3142 0 0 0 0 0 0 0
3 1293 2497 2823 2871 0 0 0 0 0 0 0
3 1249 1250 2823 3299 0 0 0 0 0 0 0
3 2395 3299 2823 3668 0 0 0 0 0 0 0
3 2235 2448 2497 2498 0 0 0 0 0 0 0
3 872 3534 2758 3789 0 0 0 0 0 0 0
3 2561 3550 3540 3868 0 0 0 0 0 0 0
3 3061 3225 3062 3451 0 0 0 0 0 0 0
3 1293 2497 2395 2823 0 0 0 0 0 0 0
3 1481 2740 2815 3596 0 0 0 0 0 0 0
3 1481 2740 1489 2815 0 0 0 0 0 0 0
3 1480 2816 2815 2821 0 0 0 0 0 0 0
3 2050 2551 2673 3406 0 0 0 0 0 0 0
3 1480 2815 1489 2821 0 0 0 0 0 0 0
3 2760 2761 3213 3478 0 0 0 0 0 0 0
3 3429 3430 3756 3759 0 0 0 0 0 0 0
3 2435 2816 2818 2821 0 0 0 0 0 0 0
3 2613 2815 2740 3596 0 0 0 0 0 0 0
3 2327 2615 2659 2714 0 0 0 0 0 0 0
3 152 2659 231 3595 0 0 0 0 0 0 0
3 152 3280 2659 3595 0 0 0 0 0 0 0
3 2713 3280 3615 3837 0 0 0 0 0 0 0
3 2659 3595 2660 3951 0 0 0 0 0 0 0
3 2326 2332 2333 2661 0 0 0 0 0 0 0
3 616 1902 3177 3356 0 0 0 0 0 0 0
3 727 1825 1902 3954 0 0 0 0 0 0 0
3 2378 3394 2827 3567 0 0 0 0 0 0 0
3 1902 3697 3699 3744 0 0 0 0 0 0 0
3 616 617 1902 3356 0 0 0 0 0 0 0
3 406 2733 3499 3927 0 0 0 0 0 0 0
3 407 3498 2424 3499 0 0 0 0 0 0 0
3 367 2734 2733 3359 0 0 0 0 0 0 0
3 2077 2082 2352 3041 0 0 0 0 0 0 0
3 2352 2353 3038 3740 0 0 0 0 0 0 0
3 2623 2970 2742 3946 0 0 0 0 0 0 0
3 3305 3710 3709 3711 0 0 0 0 0 0 0
3 2849 3026 3025 3029 0 0 0 0 0 0 0
3 3130 3225 3224 3483 0 0 0 0 0 0 0
3 3079 3305 3483 3712 0 0 0 0 0 0 0
3 1839 3713 3710 3714 0 0 0 0 0 0 0
3 383 387 3024 3368 0 0 0 0 0 0 0
3 2769 2771 3216 3719 0 0 0 0 0 0 0
3 1466 1472 3216 3719 0 0 0 0 0 0 0
3 1472 2769 3163 3216 0 0 0 0 0 0 0
3 660 3189 3035 3340 0 0 0 0 0 0 0
3 758 2879 782 2881 0 0 0 0 0 0 0
3 2774 3114 3242 3916 0 0 0 0 0 0 0
3 2772 2773 3246 3409 0 0 0 0 0 0 0
3 694 2880 766 3246 0 0 0 0 0 0 0
3 757 766 2879 3246 0 0 0 0 0 0 0
3 2773 3413 3216 3731 0 0 0 0 0 0 0
3 601 1411 1424 3035 1 1 0 0 0 0 0 0
3 2774 3114 2779 3242 0 0 0 0 0 0 0
3 2421 2865 2895 2974 0 0 0 0 0 0 0
3 2770 2892 2893 3313 0 0 0 0 0 0 0
3 707 757 3114 3246 0 0 0 0 0 0 0
3 659 3189 694 3409 0 0 0 0 0 0 0
3 2463 2464 2468 3033 0 0 0 0 0 0 0
3 2463 2473 2466 3830 0 0 0 0 0 0 0
3 594 945 595 3681 1 139 0 0 130 0 0 0
3 3624 3655 3647 3681 0 0 0 0 0 0 0
3 3061 3447 3255 3494 0 0 0 0 0 0 0
3 1837 1839 3112 3711 0 0 0 0 0 0 0
3 613 634 3112 3966 0 0 0 0 0 0 0
3 2403 2914 2404 3255 0 0 0 0 0 0 0
3 3050 3051 3450 3854 0 0 0 0 0 0 0
3 615 3449 3050 3482 0 0 0 0 0 0 0
3 500 3112 1837 3715 0 0 0 0 0 0 0
3 3027 3705 3029 3814 0 0 0 0 0 0 0
3 3071 3077 3758 3853 0 0 0 0 0 0 0
3 2849 3024 3029 3705 0 0 0 0 0 0 0
3 733 2846 3027 3934 0 0 0 0 0 0 0
3 2847 3701 3077 3853 0 0 0 0 0 0 0
3 2230 3076 2827 3672 0 0 0 0 0 0 0
3 2068 2222 2132 2560 0 0 0 0 0 0 0
3 2536 2537 2678 3816 0 0 0 0 0 0 0
3 2566 3013 3178 3179 0 0 0 0 0 0 0
3 878 888 2536 3816 0 0 0 0 0 0 0
3 869 2536 870 3961 0 0 0 0 0 0 0
3 888 2537 2536 3816 0 0 0 0 0 0 0
3 862 3266 2536 3944 0 0 0 0 0 0 0
3 862 2536 869 3944 0 0 0 0 0 0 0
3 876 2758 2330 3789 0 0 0 0 0 0 0
3 2565 3229 2721 3540 0 0 0 0 0 0 0
3 2133 2990 3689 3933 0 0 0 0 0 0 0
3 2986 3689 2990 3933 0 0 0 0 0 0 0
3 821 2486 2490 3524 0 0 0 0 0 0 0
3 1972 2487 2757 3888 0 0 0 0 0 0 0
3 1542 1570 2839 2917 0 0 0 0 0 0 0
3 1559 2839 1570 2938 0 0 0 0 0 0 0
3 3647 3681 3655 3800 0 0 0 0 0 0 0
3 2840 3113 3126 3599 0 0 0 0 0 0 0
3 1543 2839 3103 3125 0 0 0 0 0 0 0
3 1542 3125 2503 3742 0 0 0 0 0 0 0
3 2684 3126 3125 3742 0 0 0 0 0 0 0
3 2838 3126 2971 3597 0 0 0 0 0 0 0
3 2780 3912 3587 3930 0 0 0 0 0 0 0
3 101 174 1113 3565 0 0 0 0 0 0 0
3 1151 3476 1208 3678 0 0 0 0 0 0 0
3 1208 1221 3912 3930 0 0 0 0 0 0 0
3 174 3565 3667 3678 0 0 0 0 0 0 0
3 102 1151 1113 3678 1 135 0 0 0 0 0 0
3 2502 2504 2535 3301 0 0 0 0 0 0 0
3 2037 2526 2547 3825 0 0 0 0 0 0 0
3 2526 3229 2721 3825 0 0 0 0 0 0 0
3 2393 2694 2693 3311 0 0 0 0 0 0 0
3 1325 2693 2497 3496 0 0 0 0 0 0 0
3 1356 2494 2382 3496 0 0 0 0 0 0 0
3 2560 2594 2650 3961 0 0 0 0 0 0 0
3 1378 2383 2382 3674 0 0 0 0 0 0 0
3 1378 1398 2383 3674 0 0 0 0 0 0 0
3 1397 3672 1398 3674 0 0 0 0 0 0 0
3 1398 3672 2398 3674 0 0 0 0 0 0 0
3 1397 2567 3672 3674 0 0 0 0 0 0 0
3 1455 3468 1473 3644 0 0 0 0 0 0 0
3 1473 2051 3637 3919 0 0 0 0 0 0 0
3 652 3403 653 3453 0 0 0 0 0 0 0
3 1434 3468 1455 3662 0 0 0 0 0 0 0
3 2670 3452 3403 3453 0 0 0 0 0 0 0
3 2670 3452 2671 3662 0 0 0 0 0 0 0
3 2675 3638 3663 3774 0 0 0 0 0 0 0
3 2046 2050 2672 3643 0 0 0 0 0 0 0
3 2052 3537 3635 3636 0 0 0 0 0 0 0
3 2704 2712 2709 3537 0 0 0 0 0 0 0
3 3375 3772 3638 3774 0 0 0 0 0 0 0
3 765 3663 3638 3774 0 0 0 0 0 0 0
3 1434 3403 1470 3468 0 0 0 0 0 0 0
3 742 765 3638 3774 0 0 0 0 0 0 0
3 2058 2708 2060 2929 0 0 0 0 0 0 0
3 1908 3666 3860 3929 0 0 0 0 0 0 0
3 697 742 3638 3772 0 0 0 0 0 0 0
3 699 1920 3453 3663 0 0 0 0 0 0 0
3 2059 2085 2060 3722 0 0 0 0 0 0 0
3 685 3292 3273 3298 0 0 0 0 0 0 0
3 2559 3309 3134 3398 0 0 0 0 0 0 0
3 2557 2768 3291 3292 0 0 0 0 0 0 0
3 322 3269 3268 3875 0 0 0 0 0 0 0
3 674 3048 3298 3460 0 0 0 0 0 0 0
3 674 3298 675 3460 0 0 0 0 0 0 0
3 674 3048 686 3298 0 0 0 0 0 0 0
3 675 3298 3459 3460 0 0 0 0 0 0 0
3 2966 3005 3004 3558 0 0 0 0 0 0 0
3 2981 3402 3272 3815 0 0 0 0 0 0 0
3 1261 3081 2902 3218 0 0 0 0 0 0 0
3 2048 2529 2288 2905 0 0 0 0 0 0 0
3 1235 1261 2902 3804 0 0 0 0 0 0 0
3 1188 2741 1235 2902 0 0 0 0 0 0 0
3 1442 1443 2903 2940 0 0 0 0 0 0 0
3 1130 1188 2901 3739 0 0 0 0 0 0 0
3 1261 2912 2902 3081 0 0 0 0 0 0 0
3 2660 3294 3283 3595 0 0 0 0 0 0 0
3 1243 2955 3094 3675 0 0 0 0 0 0 0
3 2335 2955 3278 3865 0 0 0 0 0 0 0
3 2317 2320 2321 2339 0 0 0 0 0 0 0
3 218 2786 3148 3169 0 0 0 0 0 0 0
3 218 2786 277 3792 0 0 0 0 0 0 0
3 2002 2787 2574 2935 0 0 0 0 0 0 0
3 2008 2795 2786 3792 0 0 0 0 0 0 0
3 171 218 3148 3169 0 0 0 0 0 0 0
3 168 3169 171 3435 0 0 0 0 0 0 0
3 2391 3307 3612 3748 0 0 0 0 0 0 0
3 277 2786 2795 3792 0 0 0 0 0 0 0
3 618 619 3396 3647 0 0 0 0 0 0 0
3 1386 3743 3569 3799 0 0 0 0 0 0 0
3 3697 3699 3744 3801 0 0 0 0 0 0 0
3 2689 3697 3356 3863 0 0 0 0 0 0 0
3 1311 1344 3184 3799 0 0 0 0 0 0 0
3 1265 1267 3489 3831 0 0 0 0 0 0 0
3 1178 2753 2722 3952 0 0 0 0 0 0 0
3 956 957 2158 2753 0 0 0 0 0 0 0
3 580 2158 581 2744 0 0 0 130 0 0 0
3 1262 2744 3928 3942 0 0 0 0 0 0 0
3 2427 2428 3627 3681 0 0 0 0 0 0 0
3 2781 2822 3015 3587 0 0 0 0 0 0 0
3 2820 3012 3128 3466 0 0 0 0 0 0 0
3 2419 3315 3480 3583 0 0 0 0 0 0 0
3 188 2419 217 3315 0 0 0 0 0 0 0
3 216 3583 3326 3586 0 0 0 0 0 0 0
3 2634 3512 3115 3609 0 0 0 0 0 0 0
3 2909 2910 3263 3661 0 0 0 0 0 0 0
3 2792 2913 2911 3361 0 0 0 0 0 0 0
3 1826 3610 2933 3747 0 0 0 0 0 0 0
3 2236 2239 2637 2813 0 0 0 0 0 0 0
3 1406 3508 3202 3691 0 0 0 0 0 0 0
3 1385 1406 3202 3691 0 0 0 0 0 0 0
3 1385 1404 3691 3855 0 0 0 0 0 0 0
3 1953 3202 3508 3691 0 0 0 0 0 0 0
3 1537 3054 1560 3727 0 0 0 0 0 0 0
3 1560 3728 3727 3866 0 0 0 0 0 0 0
3 2369 3053 3032 3251 0 0 0 0 0 0 0
3 741 3036 756 3879 0 0 0 0 0 0 0
3 708 3036 741 3250 0 0 0 0 0 0 0
3 724 2858 3250 3397 0 0 0 0 0 0 0
3 708 724 2467 3250 0 0 0 0 0 0 0
3 622 2058 1976 2728 0 0 0 0 0 0 0
3 2453 3034 3033 3251 0 0 0 0 0 0 0
3 708 709 3036 3037 0 0 0 0 0 0 0
3 573 641 642 3037 1 141 0 0 0 0 0 0
3 756 3036 3053 3879 0 0 0 0 0 0 0
3 711 2982 754 3052 0 0 0 0 0 0 0
3 2339 2888 2885 2982 0 0 0 0 0 0 0
3 638 711 2906 2983 0 0 0 0 0 0 0
3 2369 2908 2906 3031 0 0 0 0 0 0 0
3 2322 3052 3053 3511 0 0 0 0 0 0 0
3 2320 2982 2906 3052 0 0 0 0 0 0 0
3 698 699 3452 3663 0 0 0 0 0 0 0
3 654 698 3452 3722 0 0 0 0 0 0 0
3 608 654 3452 3662 0 0 0 0 0 0 0
3 654 3452 2076 3722 0 0 0 0 0 0 0
3 2671 3452 2675 3638 0 0 0 0 0 0 0
3 2510 3687 3420 3821 0 0 0 0 0 0 0
3 1207 1800 3622 3660 0 0 0 0 0 0 0
3 1657 3568 1673 3677 0 0 0 0 0 0 0
3 3210 3677 3648 3736 0 0 0 0 0 0 0
3 1123 1977 1196 1990 0 0 0 0 0 0 0
3 702 3101 769 3544 0 0 0 0 0 0 0
3 692 3543 3491 3544 0 0 0 0 0 0 0
3 2915 3670 3484 3725 0 0 0 0 0 0 0
3 2941 3901 3806 3902 0 0 0 0 0 0 0
3 603 662 661 3491 1 141 0 0 0 0 0 0
3 3078 3492 3491 3557 0 0 0 0 0 0 0
3 768 3544 769 3960 0 0 0 0 0 0 0
3 2074 2268 3101 3102 0 0 0 0 0 0 0
3 576 577 2728 2729 0 130 0 0 0 0 0
3 1530 3034 1535 3054 0 0 0 0 0 0 0
3 1535 1560 3054 3222 0 0 0 0 0 0 0
3 1097 1222 1149 3730 1 135 0 0 0 0 0 0
3 1560 3054 3222 3866 0 0 0 0 0 0 0
3 2863 2864 3088 3184 0 0 0 0 0 0 0
3 2455 2955 3519 3865 0 0 0 0 0 0 0
3 952 1706 967 3021 0 0 0 0 0 0 0
3 952 1704 1721 3021 1 414 0 0 0 0 0 0
3 580 3021 2744 3559 0 0 0 0 0 0 0
3 1704 3021 1753 3234 0 0 0 0 0 0 0
3 668 669 3502 3737 0 0 0 0 0 0 0
3 1978 2060 2086 3618 0 0 0 0 0 0 0
3 2515 3345 3683 3737 0 0 0 0 0 0 0
3 1956 3690 3767 3941 0 0 0 0 0 0 0
3 1955 3767 2506 3783 0 0 0 0 0 0 0
3 656 668 2505 3572 0 0 0 0 0 0 0
3 583 959 3920 3925 0 0 0 0 0 0 0
3 2425 3726 3920 3925 0 0 0 0 0 0 0
3 1652 2441 1668 3621 0 0 0 0 0 0 0
3 3489 3942 3843 3952 0 0 0 0 0 0 0
3 575 1976 1979 1991 0 0 0 0 0 0 0
3 583 3726 3843 3925 0 0 0 0 0 0 0
3 1015 3555 1136 3861 0 0 0 0 0 0 0
3 1016 1147 2426 3861 0 0 0 0 0 0 0
3 2425 3187 2438 3921 0 0 0 0 0 0 0
3 2729 2730 2921 2929 0 0 0 0 0 0 0
3 2771 2773 3216 3719 0 0 0 0 0 0 0
3 705 3423 706 3916 0 0 0 0 0 0 0
3 706 707 3114 3412 0 0 0 0 0 0 0
3 3165 3616 3530 3741 0 0 0 0 0 0 0
3 3242 3333 3335 3530 0 0 0 0 0 0 0
3 3423 3613 3530 3741 0 0 0 0 0 0 0
3 2631 3427 3530 3787 0 0 0 0 0 0 0
3 2631 3328 3334 3427 0 0 0 0 0 0 0
3 3157 3165 3411 3616 0 0 0 0 0 0 0
3 1684 1691 3181 3392 0 0 0 0 0 0 0
3 2020 2691 3175 3183 0 0 0 0 0 0 0
3 2691 3181 3175 3392 0 0 0 0 0 0 0
3 2691 3175 3183 3392 0 0 0 0 0 0 0
3 3175 3183 3392 3649 0 0 0 0 0 0 0
3 1679 3392 1693 3393 0 0 0 0 0 0 0
3 1679 1693 1680 3393 1 432 0 0 0 0 0 0
3 2691 3156 3181 3392 0 0 0 0 0 0 0
3 1027 1038 1028 3649 1 137 0 0 0 0 0 0
3 929 972 973 3649 1 139 0 0 0 0 0 0
3 3298 3732 3399 3779 0 0 0 0 0 0 0
3 676 677 3357 3779 0 0 0 0 0 0 0
3 3273 3298 3399 3779 0 0 0 0 0 0 0
3 1853 3272 3402 3815 0 0 0 0 0 0 0
3 3373 3733 3777 3797 0 0 0 0 0 0 0
3 2060 2730 2919 3634 0 0 0 0 0 0 0
3 778 3058 3057 3273 0 0 0 0 0 0 0
3 507 676 3357 3732 0 0 0 0 0 0 0
3 684 778 3057 3273 0 0 0 0 0 0 0
3 1453 1473 3637 3919 0 0 0 0 0 0 0
3 1438 1453 3721 3919 0 0 0 0 0 0 0
3 1438 3721 3645 3919 0 0 0 0 0 0 0
3 1473 3468 2051 3919 0 0 0 0 0 0 0
3 2671 3468 3644 3919 0 0 0 0 0 0 0
3 2371 2372 2670 2675 0 0 0 0 0 0 0
3 857 3670 3147 3803 0 0 0 0 0 0 0
3 839 3670 857 3803 0 0 0 0 0 0 0
3 2074 2268 2271 3101 0 0 0 0 0 0 0
3 340 2258 403 2495 0 0 0 0 0 0 0
3 1479 2816 1490 3232 0 0 0 0 0 0 0
3 795 838 3670 3725 0 0 0 0 0 0 0
3 795 3670 3260 3725 0 0 0 0 0 0 0
3 2272 3317 3260 3960 0 0 0 0 0 0 0
3 256 3313 3478 3833 0 0 0 0 0 0 0
3 256 3313 271 3478 0 0 0 0 0 0 0
3 2727 2921 2729 3579 0 0 0 0 0 0 0
3 2761 2776 2893 3313 0 0 0 0 0 0 0
3 1377 2384 2563 3851 0 0 0 0 0 0 0
3 2384 3311 2669 3851 0 0 0 0 0 0 0
3 2384 2693 2947 3311 0 0 0 0 0 0 0
3 1377 1378 2383 2384 0 0 0 0 0 0 0
3 504 3239 1796 3904 0 0 0 0 0 0 0
3 502 3482 3371 3641 0 0 0 0 0 0 0
3 502 503 3131 3641 0 131 0 0 0 0 0
3 504 3374 547 3456 0 0 0 0 0 0 0
3 3355 3547 3548 3642 0 0 0 0 0 0 0
3 503 3456 547 3548 0 0 0 0 0 0 0
3 3355 3456 3374 3904 0 0 0 0 0 0 0
3 3134 3309 3135 3448 0 0 0 0 0 0 0
3 1977 2730 1978 3634 0 0 0 0 0 0 0
3 730 3447 3050 3449 0 0 0 0 0 0 0
3 1196 1977 1255 2731 0 0 0 0 0 0 0
3 729 3049 3050 3447 0 0 0 0 0 0 0
3 1545 3651 3105 3840 0 0 0 0 0 0 0
3 1552 2939 3545 3840 0 0 0 0 0 0 0
3 1545 1552 3738 3840 0 0 0 0 0 0 0
3 2548 3500 2664 3526 0 0 0 0 0 0 0
3 3075 3500 3510 3526 0 0 0 0 0 0 0
3 813 3477 3500 3510 0 0 0 0 0 0 0
3 844 3500 2548 3526 0 0 0 0 0 0 0
3 2827 3503 3672 3685 0 0 0 0 0 0 0
3 653 3452 699 3453 0 0 0 0 0 0 0
3 3172 3173 3174 3408 0 0 0 0 0 0 0
3 700 1920 1919 3173 0 0 0 0 0 0 0
3 1971 2674 2673 3406 0 0 0 0 0 0 0
3 607 1434 653 3403 0 0 0 0 0 0 0
3 607 1408 1434 3403 1 1 0 0 0 0 0 0
3 764 1919 1920 3665 0 0 0 0 0 0 0
3 2420 2854 3120 3121 0 0 0 0 0 0 0
3 702 3101 3544 3557 0 0 0 0 0 0 0
3 769 3101 2271 3544 0 0 0 0 0 0 0
3 2685 2750 2971 3442 0 0 0 0 0 0 0
3 1551 1566 2934 2938 0 0 0 0 0 0 0
3 1551 2934 2936 2939 0 0 0 0 0 0 0
3 1551 1559 2938 2939 0 0 0 0 0 0 0
3 1551 2938 2934 2939 0 0 0 0 0 0 0
3 1522 3103 1544 3105 0 0 0 0 0 0 0
3 1559 3104 2939 3840 0 0 0 0 0 0 0
3 2787 3149 3169 3435 0 0 0 0 0 0 0
3 1566 2934 2575 3749 0 0 0 0 0 0 0
3 1513 2936 2934 3149 0 0 0 0 0 0 0
3 2424 2605 3137 3927 0 0 0 0 0 0 0
3 789 815 3740 3832 0 0 0 0 0 0 0
3 736 775 3049 3832 0 0 0 0 0 0 0
3 2028 2500 2499 2549 0 0 0 0 0 0 0
3 2605 3136 3137 3927 0 0 0 0 0 0 0
3 2375 2479 2620 2914 0 0 0 0 0 0 0
3 3070 3757 3077 3759 0 0 0 0 0 0 0
3 663 3852 3850 3934 0 0 0 0 0 0 0
3 361 3191 382 3756 0 0 0 0 0 0 0
3 2249 3366 3848 3852 0 0 0 0 0 0 0
3 760 3700 761 3893 0 0 0 0 0 0 0
3 704 3318 759 3419 0 0 0 0 0 0 0
3 1191 1192 3720 3937 0 0 0 0 0 0 0
3 1126 3869 1127 3937 0 0 0 0 0 0 0
3 2055 3720 3664 3937 0 0 0 0 0 0 0
3 1126 3721 3869 3937 0 0 0 0 0 0 0
3 1126 3721 1439 3869 0 0 0 0 0 0 0
3 2055 3637 3721 3869 0 0 0 0 0 0 0
3 2583 2589 3074 3509 0 0 0 0 0 0 0
3 2055 3721 3636 3937 0 0 0 0 0 0 0
3 1191 3720 3636 3937 0 0 0 0 0 0 0
3 345 3696 370 3835 0 0 0 0 0 0 0
3 370 371 3168 3696 0 0 0 0 0 0 0
3 388 390 3168 3488 0 0 0 0 0 0 0
3 370 3168 2986 3696 0 0 0 0 0 0 0
3 370 390 2986 3168 0 0 0 0 0 0 0
3 2622 3168 3486 3696 0 0 0 0 0 0 0
3 388 3168 3487 3527 0 0 0 0 0 0 0
3 2347 2572 2644 2767 0 0 0 0 0 0 0
3 341 2149 2148 2737 0 0 0 0 0 0 0
3 296 2717 3227 3517 0 0 0 0 0 0 0
3 2720 2856 2749 3458 0 0 0 0 0 0 0
3 2624 2813 2812 3271 0 0 0 0 0 0 0
3 3648 3735 3679 3766 0 0 0 0 0 0 0
3 587 939 971 3210 1 139 0 0 0 0 0 0
3 587 1657 939 3210 0 0 0 0 0 0 0
3 1997 2029 2031 3171 0 0 0 0 0 0 0
3 2031 3171 3200 3862 0 0 0 0 0 0 0
3 1585 1588 1601 3144 1 311 0 0 0 0 0 0
3 3354 3752 3939 3969 0 0 0 0 0 0 0
3 140 3354 1601 3813 0 0 0 0 0 0 0
3 140 1584 1601 3144 0 0 0 0 0 0 0
3 5 140 44 1601 9 147 311 0 0 304 0 0 0
3 575 610 1979 2059 0 0 0 0 0 0 0
3 1592 3752 2245 3813 0 0 0 0 0 0 0
3 539 545 554 3969 1 143 0 0 0 0 0 0
3 2243 2245 3751 3939 0 0 0 0 0 0 0
3 3389 3652 3653 3876 0 0 0 0 0 0 0
3 3238 3653 3652 3876 0 0 0 0 0 0 0
3 503 1796 3239 3371 0 0 0 0 0 0 0
3 3249 3641 3642 3810 0 0 0 0 0 0 0
3 673 1796 3048 3460 0 0 0 0 0 0 0
3 504 1796 3460 3904 0 0 0 0 0 0 0
3 252 3889 3214 3945 0 0 0 0 0 0 0
3 83 167 152 3280 1 147 0 0 0 0 0 0
3 167 232 3280 3281 0 0 0 0 0 0 0
3 83 152 1419 3280 0 0 0 0 0 0 0
3 1419 1460 3280 3294 0 0 0 0 0 0 0
3 152 1419 3280 3294 0 0 0 0 0 0 0
3 167 3280 1417 3889 0 0 0 0 0 0 0
3 2454 2469 2468 2472 0 0 0 0 0 0 0
3 2604 2629 2984 2987 0 0 0 0 0 0 0
3 2320 2982 3052 3515 0 0 0 0 0 0 0
3 1843 2602 2603 2604 0 0 0 0 0 0 0
3 2452 2469 2454 2863 0 0 0 0 0 0 0
3 2322 2908 2369 3031 0 0 0 0 0 0 0
3 755 3180 784 3511 0 0 0 0 0 0 0
3 710 3052 755 3511 0 0 0 0 0 0 0
3 3004 3558 3005 3761 0 0 0 0 0 0 0
3 1533 3108 3646 3738 0 0 0 0 0 0 0
3 679 680 2981 3815 0 0 0 0 0 0 0
3 2956 2972 3472 3706 0 0 0 0 0 0 0
3 679 2981 3272 3815 0 0 0 0 0 0 0
3 2958 2959 2973 3001 0 0 0 0 0 0 0
3 1165 1197 1978 3634 0 0 0 0 0 0 0
3 678 3357 3272 3558 0 0 0 0 0 0 0
3 2508 2511 2509 2512 0 0 0 0 0 0 0
3 1338 1339 2509 2511 0 0 0 0 0 0 0
3 1295 2509 1339 2513 0 0 0 0 0 0 0
3 2510 3572 3420 3687 0 0 0 0 0 0 0
3 1901 2443 3197 3622 0 0 0 0 0 0 0
3 2159 3464 2918 3598 0 0 0 0 0 0 0
3 2505 3572 2510 3687 0 0 0 0 0 0 0
3 1338 2511 2509 3660 0 0 0 0 0 0 0
3 3108 3706 3472 3708 0 0 0 0 0 0 0
3 3150 3646 3708 3738 0 0 0 0 0 0 0
3 630 1520 3650 3651 0 0 0 0 0 0 0
3 562 630 1520 3650 0 0 0 0 0 0 0
3 511 630 562 3471 1 141 0 0 0 0 0 0
3 3084 3588 3589 3590 0 0 0 0 0 0 0
3 1198 3588 1199 3589 0 0 0 0 0 0 0
3 1253 1254 2813 3588 0 0 0 0 0 0 0
3 2484 3591 3590 3593 0 0 0 0 0 0 0
3 1121 3589 1199 3591 0 0 0 0 0 0 0
3 3091 3594 3593 3765 0 0 0 0 0 0 0
3 2484 3588 3590 3591 0 0 0 0 0 0 0
3 1198 2641 3588 3589 0 0 0 0 0 0 0
3 831 3097 3265 3266 0 0 0 0 0 0 0
3 863 878 3266 3858 0 0 0 0 0 0 0
3 831 862 3097 3266 0 0 0 0 0 0 0
3 878 2536 3266 3858 0 0 0 0 0 0 0
3 2884 3166 3265 3856 0 0 0 0 0 0 0
3 295 298 2054 3372 0 0 0 0 0 0 0
3 2559 3399 3298 3460 0 0 0 0 0 0 0
3 3372 3399 3400 3405 0 0 0 0 0 0 0
3 2054 3399 3459 3732 0 0 0 0 0 0 0
3 2054 3372 3309 3399 0 0 0 0 0 0 0
3 203 3373 295 3733 0 0 0 0 0 0 0
3 203 3373 3733 3777 0 0 0 0 0 0 0
3 3401 3732 3733 3797 0 0 0 0 0 0 0
3 203 2964 259 3373 0 0 0 0 0 0 0
3 505 675 3459 3460 0 0 0 0 0 0 0
3 506 3459 675 3732 0 0 0 0 0 0 0
3 3357 3401 3732 3779 0 0 0 0 0 0 0
3 504 505 3374 3904 0 131 0 0 0 0 0
3 507 3732 3357 3760 0 0 0 0 0 0 0
3 2631 3328 3427 3849 0 0 0 0 0 0 0
3 2249 3848 3847 3852 0 0 0 0 0 0 0
3 704 705 3318 3422 0 0 0 0 0 0 0
3 649 3422 704 3850 0 0 0 0 0 0 0
3 704 3422 3419 3850 0 0 0 0 0 0 0
3 3428 3430 3431 3756 0 0 0 0 0 0 0
3 2159 2886 2626 2918 0 0 0 0 0 0 0
3 647 706 3423 3613 0 0 0 0 0 0 0
3 269 3328 329 3334 0 0 0 0 0 0 0
3 48 1516 164 3263 0 0 0 0 0 0 0
3 1547 2909 3899 3932 0 0 0 0 0 0 0
3 1547 3661 1569 3899 0 0 0 0 0 0 0
3 1515 1548 3263 3435 0 0 0 0 0 0 0
3 48 164 168 3263 1 147 0 0 0 0 0 0
3 2388 2635 3072 3809 0 0 0 0 0 0 0
3 1568 3612 1569 3661 0 0 0 0 0 0 0
3 1568 3307 3612 3661 0 0 0 0 0 0 0
3 1582 3461 3604 3612 0 0 0 0 0 0 0
3 761 3700 3419 3893 0 0 0 0 0 0 0
3 734 3290 2846 3700 0 0 0 0 0 0 0
3 733 734 2846 3700 0 0 0 0 0 0 0
3 703 3700 733 3934 0 0 0 0 0 0 0
3 611 3852 663 3934 0 0 0 0 0 0 0
3 703 3419 761 3700 0 0 0 0 0 0 0
3 2849 3077 3024 3705 0 0 0 0 0 0 0
3 3191 3848 3427 3915 0 0 0 0 0 0 0
3 663 3850 703 3934 0 0 0 0 0 0 0
3 3070 3756 3757 3759 0 0 0 0 0 0 0
3 3026 3483 3711 3712 0 0 0 0 0 0 0
3 247 328 3305 3709 0 0 0 0 0 0 0
3 328 3130 330 3483 0 0 0 0 0 0 0
3 328 3388 3130 3709 0 0 0 0 0 0 0
3 2312 3061 3026 3225 0 0 0 0 0 0 0
3 3029 3705 3083 3814 0 0 0 0 0 0 0
3 590 2015 2689 3343 0 0 0 0 0 0 0
3 590 2689 591 3356 0 0 0 130 0 0 0
3 591 3356 2689 3697 0 0 0 0 0 0 0
3 590 2015 962 2689 0 0 0 0 0 0 0
3 3195 3351 3682 3735 0 0 0 0 0 0 0
3 2223 2378 2827 2830 0 0 0 0 0 0 0
3 1902 3564 3356 3744 0 0 0 0 0 0 0
3 2580 2581 2778 3719 0 0 0 0 0 0 0
3 1421 2581 1447 2612 0 0 0 0 0 0 0
3 1420 1421 1447 2612 1 1 0 0 0 0 0 0
3 157 2580 2582 2627 0 0 0 0 0 0 0
3 490 647 3243 3741 0 0 0 0 0 0 0
3 491 2200 1898 3243 0 0 0 0 0 0 0
3 646 706 647 3613 1 141 0 0 0 0 0 0
3 647 3613 3423 3741 0 0 0 0 0 0 0
3 1615 1618 1898 2651 0 0 0 0 0 0 0
3 1898 2632 2651 3411 0 0 0 0 0 0 0
3 2579 3140 2937 3380 0 0 0 0 0 0 0
3 1513 1551 2934 2936 0 0 0 0 0 0 0
3 1512 1552 2939 3545 0 0 0 0 0 0 0
3 1512 2939 2936 3545 0 0 0 0 0 0 0
3 3087 3464 3467 3522 0 0 0 0 0 0 0
3 2574 2935 2787 3149 0 0 0 0 0 0 0
3 2003 2934 2938 2939 0 0 0 0 0 0 0
3 192 2936 3276 3546 0 0 0 0 0 0 0
3 175 213 2936 3148 0 0 0 0 0 0 0
3 245 3140 3546 3633 0 0 0 0 0 0 0
3 247 3305 3014 3709 0 0 0 0 0 0 0
3 247 3014 293 3709 0 0 0 0 0 0 0
3 328 3483 3305 3709 0 0 0 0 0 0 0
3 2305 2312 2311 3225 0 0 0 0 0 0 0
3 2242 3710 2244 3768 0 0 0 0 0 0 0
3 1837 1838 1840 3482 0 0 0 0 0 0 0
3 177 1839 3714 3717 0 0 0 0 0 0 0
3 3261 3388 3450 3451 0 0 0 0 0 0 0
3 1131 3284 2658 3739 0 0 0 0 0 0 0
3 2288 2738 2291 2740 0 0 0 0 0 0 0
3 1797 2198 1798 2496 0 0 0 0 0 0 0
3 1449 1450 2738 2940 0 0 0 0 0 0 0
3 890 2721 899 3186 0 0 0 0 0 0 0
3 856 3201 3425 3536 0 0 0 0 0 0 0
3 885 890 3186 3536 0 0 0 0 0 0 0
3 855 856 3425 3536 0 0 0 0 0 0 0
3 2445 3123 3122 3186 0 0 0 0 0 0 0
3 855 3425 3424 3536 0 0 0 0 0 0 0
3 2721 2802 3186 3913 0 0 0 0 0 0 0
3 2594 3944 2649 3961 0 0 0 0 0 0 0
3 2840 3113 2841 3126 0 0 0 0 0 0 0
3 2311 2312 3026 3225 0 0 0 0 0 0 0
3 1748 2035 2105 2188 0 0 0 0 0 0 0
3 1314 3271 3259 3957 0 0 0 0 0 0 0
3 1328 3332 3274 3957 0 0 0 0 0 0 0
3 2235 2394 2395 2532 0 0 0 0 0 0 0
3 2798 2799 2969 3179 0 0 0 0 0 0 0
3 2380 2381 2978 3325 0 0 0 0 0 0 0
3 777 3040 787 3291 0 0 0 0 0 0 0
3 1542 1571 2917 3742 0 0 0 0 0 0 0
3 2557 2768 3040 3291 0 0 0 0 0 0 0
3 777 2557 3040 3291 0 0 0 0 0 0 0
3 687 3046 2557 3048 0 0 0 0 0 0 0
3 3044 3134 3133 3448 0 0 0 0 0 0 0
3 686 3048 2557 3298 0 0 0 0 0 0 0
3 700 764 1919 1920 0 0 0 0 0 0 0
3 699 764 1920 3665 0 0 0 0 0 0 0
3 699 1920 3663 3665 0 0 0 0 0 0 0
3 1920 3172 1922 3173 0 0 0 0 0 0 0
3 2671 2675 3375 3638 0 0 0 0 0 0 0
3 1874 3190 2712 3571 0 0 0 0 0 0 0
3 699 3663 765 3665 0 0 0 0 0 0 0
3 1919 1920 1922 3173 0 0 0 0 0 0 0
3 1200 3591 3592 3594 0 0 0 0 0 0 0
3 1119 3593 3594 3765 0 0 0 0 0 0 0
3 1571 3442 1572 3781 0 0 0 0 0 0 0
3 1200 3592 1202 3594 0 0 0 0 0 0 0
3 1252 1253 2812 3592 0 0 0 0 0 0 0
3 1540 3458 3442 3640 0 0 0 0 0 0 0
3 1253 2813 2485 3588 0 0 0 0 0 0 0
3 2452 2453 2454 2468 0 0 0 0 0 0 0
3 1307 2864 3657 3802 0 0 0 0 0 0 0
3 1230 1307 2864 3657 0 0 0 0 0 0 0
3 1306 2864 1311 3184 0 0 0 0 0 0 0
3 1399 2563 2562 3508 0 0 0 0 0 0 0
3 1369 2562 2400 3507 0 0 0 0 0 0 0
3 1980 1985 2502 2534 0 0 0 0 0 0 0
3 2565 3600 3235 3868 0 0 0 0 0 0 0
3 1768 3868 3235 3936 0 0 0 0 0 0 0
3 2139 2301 3341 3387 0 0 0 0 0 0 0
3 2133 2141 2136 3387 0 0 0 0 0 0 0
3 396 2293 2301 3341 0 0 0 0 0 0 0
3 409 3327 3341 3387 0 0 0 0 0 0 0
3 587 3572 3736 3737 0 0 0 0 0 0 0
3 587 668 3572 3737 0 0 0 0 0 0 0
3 2515 3572 3502 3737 0 0 0 0 0 0 0
3 670 2543 690 3195 0 0 0 0 0 0 0
3 588 2032 589 3735 0 0 0 130 0 0 0
3 2159 2887 2886 2918 0 0 0 0 0 0 0
3 1022 1154 3171 3862 0 0 0 0 0 0 0
3 1154 1672 3200 3862 0 0 0 0 0 0 0
3 1154 1179 2030 3200 0 0 0 0 0 0 0
3 1153 3176 1179 3200 0 0 0 0 0 0 0
3 1659 2031 3176 3200 0 0 0 0 0 0 0
3 3009 3715 3236 3718 0 0 0 0 0 0 0
3 1839 3451 3709 3711 0 0 0 0 0 0 0
3 1837 1839 1838 3715 0 0 0 0 0 0 0
3 3714 3715 3716 3718 0 0 0 0 0 0 0
3 293 3014 1839 3709 0 0 0 0 0 0 0
3 326 3388 1840 3810 0 0 0 0 0 0 0
3 3641 3642 3810 3876 0 0 0 0 0 0 0
3 1274 3660 3622 3820 0 0 0 0 0 0 0
3 584 3420 3821 3921 0 0 0 0 0 0 0
3 1207 3622 1274 3660 0 0 0 0 0 0 0
3 2507 2511 3686 3820 0 0 0 0 0 0 0
3 2507 2511 2508 2512 0 0 0 0 0 0 0
3 308 3326 3336 3917 0 0 0 0 0 0 0
3 216 279 3326 3583 0 0 0 0 0 0 0
3 279 2414 309 3326 0 0 0 0 0 0 0
3 1431 2059 1432 2085 0 0 0 0 0 0 0
3 1431 1978 1979 2085 0 0 0 0 0 0 0
3 1257 1280 2919 3203 0 0 0 0 0 0 0
3 1123 1978 1977 1979 0 0 0 0 0 0 0
3 1193 3618 2143 3634 0 0 0 0 0 0 0
3 1061 1165 1435 2086 0 0 0 0 0 0 0
3 1681 3626 1697 3681 0 0 0 0 0 0 0
3 3445 3654 3655 3798 0 0 0 0 0 0 0
3 2864 3184 3445 3802 0 0 0 0 0 0 0
3 1278 3602 3799 3802 0 0 0 0 0 0 0
3 1278 3549 3602 3802 0 0 0 0 0 0 0
3 1307 1311 2864 3802 0 0 0 0 0 0 0
3 3549 3627 3655 3657 0 0 0 0 0 0 0
3 1229 1230 3623 3657 0 0 0 0 0 0 0
3 534 2447 3702 3959 0 0 0 0 0 0 0
3 424 425 472 3959 1 145 132 0 0 0 0 0
3 16 534 536 2447 1 143 0 0 0 0 0 0
3 2087 3755 2447 3959 0 0 0 0 0 0 0
3 2087 2459 3755 3959 0 0 0 0 0 0 0
3 425 3702 472 3959 0 0 0 0 0 0 0
3 1624 2651 3158 3411 0 0 0 0 0 0 0
3 1897 1898 2200 2632 0 0 0 0 0 0 0
3 1609 1624 2651 3158 0 0 0 0 0 0 0
3 2338 2886 2885 2887 0 0 0 0 0 0 0
3 1615 1618 1627 1898 1 287 0 0 0 0 0 0
3 377 3331 3134 3875 0 0 0 0 0 0 0
3 377 3134 3309 3405 0 0 0 0 0 0 0
3 332 3331 377 3875 0 0 0 0 0 0 0
3 322 3405 3269 3875 0 0 0 0 0 0 0
3 298 3309 355 3448 0 0 0 0 0 0 0
3 355 374 3044 3134 0 0 0 0 0 0 0
3 1796 3238 3133 3448 0 0 0 0 0 0 0
3 1796 3237 3460 3904 0 0 0 0 0 0 0
3 1796 3239 3237 3904 0 0 0 0 0 0 0
3 262 3239 3238 3642 0 0 0 0 0 0 0
3 316 3238 3652 3876 0 0 0 0 0 0 0
3 374 402 3044 3137 0 0 0 0 0 0 0
3 789 3740 2553 3832 0 0 0 0 0 0 0
3 2646 3043 3040 3291 0 0 0 0 0 0 0
3 2550 2605 2733 3136 0 0 0 0 0 0 0
3 3045 3132 3064 3137 0 0 0 0 0 0 0
3 2376 2403 2499 3740 0 0 0 0 0 0 0
3 1796 3371 3047 3653 0 0 0 0 0 0 0
3 2060 2919 2730 2929 0 0 0 0 0 0 0
3 1454 3645 3644 3919 0 0 0 0 0 0 0
3 1454 2075 1456 3644 0 0 0 0 0 0 0
3 1134 2075 2143 3618 0 0 0 0 0 0 0
3 1134 1429 2075 3618 0 0 0 0 0 0 0
3 1134 3220 2143 3645 0 0 0 0 0 0 0
3 1429 1446 2075 2086 0 0 0 0 0 0 0
3 3027 3705 3814 3934 0 0 0 0 0 0 0
3 2476 2849 2847 3077 0 0 0 0 0 0 0
3 260 320 3083 3965 0 0 0 0 0 0 0
3 334 360 3366 3758 0 0 0 0 0 0 0
3 2243 3768 3080 3963 0 0 0 0 0 0 0
3 3110 3306 3710 3713 0 0 0 0 0 0 0
3 498 3110 499 3306 0 0 0 131 0 0 0
3 499 3110 613 3112 0 0 0 0 0 0 0
3 357 3333 3321 3414 0 0 0 0 0 0 0
3 359 382 3191 3915 0 0 0 0 0 0 0
3 382 3808 3756 3915 0 0 0 0 0 0 0
3 356 359 3191 3328 0 0 0 0 0 0 0
3 329 3322 357 3333 0 0 0 0 0 0 0
3 3191 3756 3848 3915 0 0 0 0 0 0 0
3 3756 3758 3757 3808 0 0 0 0 0 0 0
3 628 720 2949 2951 0 0 0 0 0 0 0
3 1265 1309 3838 3942 0 0 0 0 0 0 0
3 626 3631 627 3769 0 0 0 0 0 0 0
3 627 2949 721 3769 0 0 0 0 0 0 0
3 2338 2340 2339 2886 0 0 0 0 0 0 0
3 2521 3095 2587 3096 0 0 0 0 0 0 0
3 2703 2929 2708 3378 0 0 0 0 0 0 0
3 1257 2919 2143 3539 0 0 0 0 0 0 0
3 2928 3378 3532 3772 0 0 0 0 0 0 0
3 1920 2371 3453 3663 0 0 0 0 0 0 0
3 1134 1186 3220 3645 0 0 0 0 0 0 0
3 1194 1263 2143 3220 0 0 0 0 0 0 0
3 2143 2144 3220 3539 0 0 0 0 0 0 0
3 1288 2923 3203 3538 0 0 0 0 0 0 0
3 2583 3770 2705 3826 0 0 0 0 0 0 0
3 2920 2923 2922 3203 0 0 0 0 0 0 0
3 2143 3220 2144 3645 0 0 0 0 0 0 0
3 2926 3532 2927 3771 0 0 0 0 0 0 0
3 2646 3022 3042 3043 0 0 0 0 0 0 0
3 1945 2368 3020 3022 0 0 0 0 0 0 0
3 2623 3259 2624 3271 0 0 0 0 0 0 0
3 2148 2149 2187 2349 0 0 0 0 0 0 0
3 2293 2988 3341 3498 0 0 0 0 0 0 0
3 394 398 3499 3659 0 0 0 0 0 0 0
3 627 3769 3631 3896 0 0 0 0 0 0 0
3 3631 3896 3769 3897 0 0 0 0 0 0 0
3 579 3559 580 3631 0 0 0 130 0 0 0
3 579 3559 3631 3839 0 0 0 0 0 0 0
3 2930 3631 3559 3839 0 0 0 0 0 0 0
3 579 3631 625 3839 0 0 0 0 0 0 0
3 624 625 722 2926 1 141 0 0 0 0 0 0
3 624 2926 722 2928 0 0 0 0 0 0 0
3 580 627 3631 3896 0 0 0 0 0 0 0
3 625 3631 2926 3839 0 0 0 0 0 0 0
3 3005 3558 3402 3797 0 0 0 0 0 0 0
3 2964 3373 3005 3402 0 0 0 0 0 0 0
3 259 3373 2964 3404 0 0 0 0 0 0 0
3 321 3372 3373 3400 0 0 0 0 0 0 0
3 3372 3373 3400 3401 0 0 0 0 0 0 0
3 1853 3399 3400 3779 0 0 0 0 0 0 0
3 1650 3760 3370 3778 0 0 0 0 0 0 0
3 3831 3838 3922 3926 0 0 0 0 0 0 0
3 629 664 3881 3935 0 0 0 0 0 0 0
3 627 628 2949 3896 0 0 0 0 0 0 0
3 1927 3069 2350 3811 0 0 0 0 0 0 0
3 628 2951 3895 3935 0 0 0 0 0 0 0
3 628 3895 2949 3896 0 0 0 0 0 0 0
3 2953 3897 3880 3911 0 0 0 0 0 0 0
3 581 3895 3896 3942 0 0 0 0 0 0 0
3 582 3895 3926 3935 0 0 0 0 0 0 0
3 1336 3349 1348 3350 0 0 0 0 0 0 0
3 1340 3344 1367 3349 0 0 0 0 0 0 0
3 3195 3682 3683 3735 0 0 0 0 0 0 0
3 2515 3344 2516 3682 0 0 0 0 0 0 0
3 1367 3349 3344 3504 0 0 0 0 0 0 0
3 3602 3798 3603 3828 0 0 0 0 0 0 0
3 2430 3156 3626 3684 0 0 0 0 0 0 0
3 1337 3350 1347 3863 0 0 0 0 0 0 0
3 592 593 2690 3393 0 130 0 0 0 0 0
3 2020 2690 2691 3183 0 0 0 0 0 0 0
3 2690 2691 3183 3393 0 0 0 0 0 0 0
3 1693 3393 3156 3626 0 0 0 0 0 0 0
3 2430 3156 3549 3626 0 0 0 0 0 0 0
3 1226 2427 3627 3657 0 0 0 0 0 0 0
3 1966 2336 2145 2337 0 0 0 0 0 0 0
3 1215 2984 1236 2987 0 0 0 0 0 0 0
3 2603 2752 3608 3878 0 0 0 0 0 0 0
3 1105 3608 3607 3611 0 0 0 0 0 0 0
3 1331 1334 2952 3911 0 0 0 0 0 0 0
3 1310 1334 2932 3894 0 0 0 0 0 0 0
3 1279 3911 1284 3928 0 0 0 0 0 0 0
3 1284 1331 3880 3911 0 0 0 0 0 0 0
3 1331 2952 2528 3880 0 0 0 0 0 0 0
3 1753 3234 3559 3968 0 0 0 0 0 0 0
3 673 3048 674 3460 0 0 0 0 0 0 0
3 673 1796 3047 3048 0 0 0 0 0 0 0
3 2559 3048 3135 3460 0 0 0 0 0 0 0
3 2557 3048 2559 3298 0 0 0 0 0 0 0
3 686 687 2557 3048 0 0 0 0 0 0 0
3 684 3273 3272 3779 0 0 0 0 0 0 0
3 1853 3272 3273 3779 0 0 0 0 0 0 0
3 1572 3458 1580 3462 0 0 0 0 0 0 0
3 679 3272 684 3815 0 0 0 0 0 0 0
3 678 3272 679 3558 0 0 0 0 0 0 0
3 3272 3400 3401 3779 0 0 0 0 0 0 0
3 3272 3401 3357 3779 0 0 0 0 0 0 0
3 3005 3402 3373 3797 0 0 0 0 0 0 0
3 677 684 3272 3779 0 0 0 0 0 0 0
3 2054 3459 3460 3904 0 0 0 0 0 0 0
3 1853 3273 3398 3399 0 0 0 0 0 0 0
3 2054 3733 3732 3956 0 0 0 0 0 0 0
3 3733 3818 3778 3956 0 0 0 0 0 0 0
3 675 3459 3298 3732 0 0 0 0 0 0 0
3 506 3459 3732 3956 0 0 0 0 0 0 0
3 1572 3458 3462 3781 0 0 0 0 0 0 0
3 2464 3037 3033 3629 0 0 0 0 0 0 0
3 1778 3003 2482 3917 0 0 0 0 0 0 0
3 2449 2825 2823 2871 0 0 0 0 0 0 0
3 402 3137 415 3330 0 0 0 0 0 0 0
3 3051 3132 3450 3854 0 0 0 0 0 0 0
3 3047 3051 3133 3653 0 0 0 0 0 0 0
3 316 3238 336 3652 0 0 0 0 0 0 0
3 317 3238 3237 3448 0 0 0 0 0 0 0
3 688 775 3046 3049 0 0 0 0 0 0 0
3 2025 2549 2544 2605 0 0 0 0 0 0 0
3 1796 3133 3238 3653 0 0 0 0 0 0 0
3 2517 3207 2528 3838 0 0 0 0 0 0 0
3 2517 2951 3881 3935 0 0 0 0 0 0 0
3 2519 3926 3895 3935 0 0 0 0 0 0 0
3 2137 3118 3341 3498 0 0 0 0 0 0 0
3 2683 3118 3119 3327 0 0 0 0 0 0 0
3 2095 2375 2478 2479 0 0 0 0 0 0 0
3 1779 2480 1937 2481 0 0 0 0 0 0 0
3 398 3498 407 3499 0 0 0 0 0 0 0
3 396 397 2293 3498 0 0 0 0 0 0 0
3 2354 2375 2403 3936 0 0 0 0 0 0 0
3 409 3327 3118 3341 0 0 0 0 0 0 0
3 2457 2475 2783 3159 0 0 0 0 0 0 0
3 2680 3538 3582 3584 0 0 0 0 0 0 0
3 2522 2587 2588 3096 0 0 0 0 0 0 0
3 2585 2588 2586 2591 0 0 0 0 0 0 0
3 1310 2932 3582 3894 0 0 0 0 0 0 0
3 2584 3769 3770 3874 0 0 0 0 0 0 0
3 3165 3411 3616 3741 0 0 0 0 0 0 0
3 1332 3096 1366 3894 0 0 0 0 0 0 0
3 1332 3096 3582 3584 0 0 0 0 0 0 0
3 1332 1349 3096 3584 0 0 0 0 0 0 0
3 2583 3874 3770 3949 0 0 0 0 0 0 0
3 3350 3384 3743 3863 0 0 0 0 0 0 0
3 1272 1278 3602 3863 0 0 0 0 0 0 0
3 2688 3602 3801 3863 0 0 0 0 0 0 0
3 617 1902 3356 3697 0 0 0 0 0 0 0
3 616 3177 671 3356 0 0 0 0 0 0 0
3 2032 2033 2044 3679 0 0 0 0 0 0 0
3 2032 3351 2539 3735 0 0 0 0 0 0 0
3 209 3764 3593 3765 0 0 0 0 0 0 0
3 209 210 3764 3765 0 0 0 0 0 0 0
3 287 3227 3516 3517 0 0 0 0 0 0 0
3 286 2154 302 3516 0 0 0 0 0 0 0
3 290 3762 2154 3764 0 0 0 0 0 0 0
3 203 2964 3373 3777 0 0 0 0 0 0 0
3 197 3733 3143 3777 0 0 0 0 0 0 0
3 3357 3760 3732 3797 0 0 0 0 0 0 0
3 2559 2768 3298 3399 0 0 0 0 0 0 0
3 3157 3164 3165 3616 0 0 0 0 0 0 0
3 2028 2544 2549 2608 0 0 0 0 0 0 0
3 398 3497 3498 3499 0 0 0 0 0 0 0
3 396 408 397 3498 1 147 0 0 0 0 0 0
3 396 2293 3341 3498 0 0 0 0 0 0 0
3 2424 3118 2546 3498 0 0 0 0 0 0 0
3 815 849 2403 3255 0 0 0 0 0 0 0
3 407 408 2424 3498 0 0 0 0 0 0 0
3 1279 2932 1334 3911 0 0 0 0 0 0 0
3 1334 2932 3894 3911 0 0 0 0 0 0 0
3 1310 2932 2923 3582 0 0 0 0 0 0 0
3 2925 3897 2932 3928 0 0 0 0 0 0 0
3 2924 2930 2926 3631 0 0 0 0 0 0 0
3 2923 2932 3533 3582 0 0 0 0 0 0 0
3 1211 1215 3607 3943 0 0 0 0 0 0 0
3 1105 1109 3607 3608 0 0 0 0 0 0 0
3 223 2475 225 3164 0 0 0 0 0 0 0
3 2752 3611 3608 3878 0 0 0 0 0 0 0
3 1215 3607 2987 3611 0 0 0 0 0 0 0
3 1215 2987 1217 3611 0 0 0 0 0 0 0
3 2335 3675 2819 3943 0 0 0 0 0 0 0
3 2410 2724 2764 2765 0 0 0 0 0 0 0
3 2571 3007 3552 3723 0 0 0 0 0 0 0
3 573 3033 641 3037 0 0 0 0 0 0 0
3 2329 2330 2446 3122 0 0 0 0 0 0 0
3 1363 3552 3007 3723 0 0 0 0 0 0 0
3 2667 2669 3194 3851 0 0 0 0 0 0 0
3 2570 3127 3008 3493 0 0 0 0 0 0 0
3 1363 1364 3552 3723 0 0 0 0 0 0 0
3 2138 2306 2305 2621 0 0 0 0 0 0 0
3 2080 2354 2082 3551 0 0 0 0 0 0 0
3 901 2083 907 3908 0 0 0 0 0 0 0
3 892 902 2082 3551 0 0 0 0 0 0 0
3 2083 3816 2084 3908 0 0 0 0 0 0 0
3 882 3857 2083 3858 0 0 0 0 0 0 0
3 1963 3540 3550 3908 0 0 0 0 0 0 0
3 221 222 2792 2911 0 0 0 0 0 0 0
3 164 2911 221 3263 0 0 0 0 0 0 0
3 2792 2911 2910 3263 0 0 0 0 0 0 0
3 2388 3899 2909 3932 0 0 0 0 0 0 0
3 254 2610 3333 3414 0 0 0 0 0 0 0
3 250 2610 254 3414 0 0 0 0 0 0 0
3 2783 3245 3244 3252 0 0 0 0 0 0 0
3 1421 2582 2581 2612 0 0 0 0 0 0 0
3 2582 2610 2627 2778 0 0 0 0 0 0 0
3 2774 2879 3114 3916 0 0 0 0 0 0 0
3 1413 2457 2782 2784 0 0 0 0 0 0 0
3 316 3389 326 3876 0 0 0 0 0 0 0
3 3047 3050 3051 3653 0 0 0 0 0 0 0
3 292 3642 316 3876 0 0 0 0 0 0 0
3 1796 3239 3371 3653 0 0 0 0 0 0 0
3 3132 3389 3330 3652 0 0 0 0 0 0 0
3 2865 2880 3317 3342 0 0 0 0 0 0 0
3 2272 3260 2915 3725 0 0 0 0 0 0 0
3 1468 1477 3528 3529 0 0 0 0 0 0 0
3 1465 1472 3163 3216 0 0 0 0 0 0 0
3 155 2651 226 3157 0 0 0 0 0 0 0
3 1350 1366 2521 3894 0 0 0 0 0 0 0
3 1331 2528 1341 3838 0 0 0 0 0 0 0
3 582 3843 3926 3942 0 0 0 0 0 0 0
3 1309 3880 3838 3942 0 0 0 0 0 0 0
3 2519 3838 2528 3880 0 0 0 0 0 0 0
3 1262 3928 1284 3942 0 0 0 0 0 0 0
3 1284 3911 3880 3928 0 0 0 0 0 0 0
3 2953 3895 3880 3896 0 0 0 0 0 0 0
3 724 3396 2858 3397 0 0 0 0 0 0 0
3 3184 3798 3445 3802 0 0 0 0 0 0 0
3 3627 3655 3681 3800 0 0 0 0 0 0 0
3 2858 3654 3396 3655 0 0 0 0 0 0 0
3 620 621 3396 3624 0 0 0 0 0 0 0
3 594 619 3395 3681 0 0 0 0 0 0 0
3 619 620 3396 3624 0 0 0 0 0 0 0
3 1006 1430 1058 3578 1 1 0 0 0 0 0 0
3 32 1006 1058 1227 9 1 135 25 0 29 0 0 0
3 32 980 1006 1227 3 137 135 128 0 25 0 0 0
3 980 1163 1008 3905 0 0 0 0 0 0 0
3 226 2651 2632 3157 0 0 0 0 0 0 0
3 912 935 1006 3578 0 0 0 0 0 0 0
3 912 964 3578 3906 0 0 0 0 0 0 0
3 2250 3814 3366 3852 0 0 0 0 0 0 0
3 2249 2250 3366 3852 0 0 0 0 0 0 0
3 3083 3705 3366 3814 0 0 0 0 0 0 0
3 318 3083 3071 3366 0 0 0 0 0 0 0
3 3029 3079 3071 3368 0 0 0 0 0 0 0
3 319 2249 360 3808 0 0 0 0 0 0 0
3 720 2948 2949 2951 0 0 0 0 0 0 0
3 628 2951 2949 3895 0 0 0 0 0 0 0
3 2952 2953 3880 3911 0 0 0 0 0 0 0
3 2521 3096 2522 3894 0 0 0 0 0 0 0
3 719 2948 720 2951 0 0 0 0 0 0 0
3 2520 2521 2524 2525 0 0 0 0 0 0 0
3 1271 2925 1279 3928 0 0 0 0 0 0 0
3 1280 2920 2923 2932 0 0 0 0 0 0 0
3 1796 3135 3237 3448 0 0 0 0 0 0 0
3 2920 2925 2923 2932 0 0 0 0 0 0 0
3 580 3559 2744 3631 0 0 0 0 0 0 0
3 2926 3631 2930 3839 0 0 0 0 0 0 0
3 2923 2932 2924 3533 0 0 0 0 0 0 0
3 3135 3309 3237 3448 0 0 0 0 0 0 0
3 1193 2143 1257 2919 0 0 0 0 0 0 0
3 1134 2143 1194 3618 0 0 0 0 0 0 0
3 2060 2144 2143 2919 0 0 0 0 0 0 0
3 1978 2060 3618 3634 0 0 0 0 0 0 0
3 1446 2085 2060 2086 0 0 0 0 0 0 0
3 2060 2076 2075 3376 0 0 0 0 0 0 0
3 2727 2929 2921 2930 0 0 0 0 0 0 0
3 1255 2731 1977 2921 0 0 0 0 0 0 0
3 1165 1978 2086 3618 0 0 0 0 0 0 0
3 311 2737 2793 2794 0 0 0 0 0 0 0
3 2008 2793 2795 3792 0 0 0 0 0 0 0
3 2685 2971 2838 3126 0 0 0 0 0 0 0
3 298 3237 3309 3448 0 0 0 0 0 0 0
3 491 492 2200 3787 0 131 0 0 0 0 0
3 492 3787 649 3847 0 0 0 0 0 0 0
3 649 3847 3422 3850 0 0 0 0 0 0 0
3 491 2200 3243 3787 0 0 0 0 0 0 0
3 648 705 3422 3423 0 0 0 0 0 0 0
3 3422 3847 3848 3850 0 0 0 0 0 0 0
3 3243 3423 3530 3741 0 0 0 0 0 0 0
3 2631 2632 3243 3530 0 0 0 0 0 0 0
3 3062 3450 3132 3854 0 0 0 0 0 0 0
3 688 2554 3046 3047 0 0 0 0 0 0 0
3 2553 2554 3046 3049 0 0 0 0 0 0 0
3 1796 3133 3135 3448 0 0 0 0 0 0 0
3 262 263 3237 3239 0 0 0 0 0 0 0
3 673 3047 687 3048 0 0 0 0 0 0 0
3 687 3047 3046 3048 0 0 0 0 0 0 0
3 672 3050 688 3371 0 0 0 0 0 0 0
3 1274 1338 3660 3820 0 0 0 0 0 0 0
3 775 2553 3046 3049 0 0 0 0 0 0 0
3 775 2553 3049 3832 0 0 0 0 0 0 0
3 226 2631 269 3334 0 0 0 0 0 0 0
3 225 3157 226 3334 0 0 0 0 0 0 0
3 269 2631 3328 3334 0 0 0 0 0 0 0
3 356 3191 381 3322 0 0 0 0 0 0 0
3 225 3157 3334 3616 0 0 0 0 0 0 0
3 827 3811 3882 3887 0 0 0 0 0 0 0
3 810 3886 3509 3887 0 0 0 0 0 0 0
3 828 3506 3811 3887 0 0 0 0 0 0 0
3 809 810 3208 3887 0 0 0 0 0 0 0
3 3069 3882 3811 3887 0 0 0 0 0 0 0
3 500 1837 501 3715 0 0 0 131 0 0 0
3 3305 3709 3483 3711 0 0 0 0 0 0 0
3 3130 3388 3451 3709 0 0 0 0 0 0 0
3 2507 2510 2511 3820 0 0 0 0 0 0 0
3 614 3449 1837 3966 0 0 0 0 0 0 0
3 2510 3420 3820 3821 0 0 0 0 0 0 0
3 3061 3481 3494 3495 0 0 0 0 0 0 0
3 2707 3877 2763 3890 0 0 0 0 0 0 0
3 1801 2192 2191 2423 0 0 0 0 0 0 0
3 1462 1479 3232 3890 0 0 0 0 0 0 0
3 1459 2817 1479 3890 0 0 0 0 0 0 0
3 4 119 1606 2931 1 287 280 0 0 0 0 0
3 60 1613 119 2931 0 0 0 0 0 0 0
3 4 1606 138 2931 0 0 0 0 0 0 0
3 138 1606 1879 2931 0 0 0 0 0 0 0
3 1607 2931 1613 3755 0 0 0 0 0 0 0
3 1606 1607 1879 2931 0 0 0 0 0 0 0
3 59 451 60 2931 1 145 0 0 133 0 0 0
3 2330 3223 3122 3789 0 0 0 0 0 0 0
3 820 2486 2757 2758 0 0 0 0 0 0 0
3 2486 2488 2487 2758 0 0 0 0 0 0 0
3 3122 3223 3605 3789 0 0 0 0 0 0 0
3 872 2486 2758 3534 0 0 0 0 0 0 0
3 877 3600 3534 3789 0 0 0 0 0 0 0
3 1112 3842 1149 3865 0 0 0 0 0 0 0
3 1209 1211 2819 3675 0 0 0 0 0 0 0
3 1209 2955 3675 3865 0 0 0 0 0 0 0
3 1149 3842 3519 3865 0 0 0 0 0 0 0
3 3188 3831 3821 3920 0 0 0 0 0 0 0
3 1112 3729 1500 3842 0 0 0 0 0 0 0
3 1946 2335 2334 3278 0 0 0 0 0 0 0
3 1052 1112 1109 3729 1 135 0 0 0 0 0 0
3 1052 1500 1112 3729 0 0 0 0 0 0 0
3 402 3137 3330 3652 0 0 0 0 0 0 0
3 386 415 3117 3119 0 0 0 0 0 0 0
3 335 3261 358 3389 0 0 0 0 0 0 0
3 335 402 3330 3652 0 0 0 0 0 0 0
3 385 3119 400 3224 0 0 0 0 0 0 0
3 385 3119 3130 3261 0 0 0 0 0 0 0
3 1851 1853 3269 3404 0 0 0 0 0 0 0
3 1854 3380 3379 3474 0 0 0 0 0 0 0
3 3380 3738 3545 3840 0 0 0 0 0 0 0
3 3379 3651 3380 3840 0 0 0 0 0 0 0
3 2972 3470 3472 3646 0 0 0 0 0 0 0
3 507 3357 508 3760 0 0 0 131 0 0 0
3 1639 3760 1650 3778 0 0 0 0 0 0 0
3 508 3760 3357 3761 0 0 0 0 0 0 0
3 506 3732 3760 3956 0 0 0 0 0 0 0
3 3732 3797 3760 3956 0 0 0 0 0 0 0
3 1639 3778 3310 3956 0 0 0 0 0 0 0
3 2782 2784 2783 3252 0 0 0 0 0 0 0
3 91 161 160 2457 1 147 0 0 0 0 0 0
3 1230 2470 2473 2985 0 0 0 0 0 0 0
3 3000 3160 3625 3628 0 0 0 0 0 0 0
3 1048 2465 1160 3830 0 0 0 0 0 0 0
3 1230 2470 2985 3623 0 0 0 0 0 0 0
3 3299 3440 3473 3867 0 0 0 0 0 0 0
3 1203 3299 3473 3867 0 0 0 0 0 0 0
3 1140 1201 3867 3909 0 0 0 0 0 0 0
3 1118 2687 1201 3909 0 0 0 0 0 0 0
3 1201 2687 1250 2824 0 0 0 0 0 0 0
3 3562 3563 3782 3909 0 0 0 0 0 0 0
3 1250 2824 2823 3299 0 0 0 0 0 0 0
3 495 3028 496 3963 0 0 0 131 0 0 0
3 496 3028 3152 3963 0 0 0 0 0 0 0
3 3028 3080 3152 3963 0 0 0 0 0 0 0
3 731 3028 3025 3152 0 0 0 0 0 0 0
3 598 2784 1413 3252 0 0 0 0 0 0 0
3 487 598 644 2784 1 141 0 0 0 0 0 0
3 495 3814 3028 3971 0 0 0 0 0 0 0
3 731 732 3027 3028 0 0 0 0 0 0 0
3 611 3027 732 3028 0 0 0 0 0 0 0
3 611 3814 3852 3934 0 0 0 0 0 0 0
3 2663 2900 3694 3773 0 0 0 0 0 0 0
3 2468 3033 3036 3251 0 0 0 0 0 0 0
3 2467 3036 2468 3037 0 0 0 0 0 0 0
3 2761 3213 3478 3833 0 0 0 0 0 0 0
3 2974 3694 3260 3773 0 0 0 0 0 0 0
3 2192 2193 2194 2421 0 0 0 0 0 0 0
3 767 2880 3317 3773 0 0 0 0 0 0 0
3 837 3694 2900 3773 0 0 0 0 0 0 0
3 796 3317 3260 3773 0 0 0 0 0 0 0
3 223 2782 2475 3164 0 0 0 0 0 0 0
3 1428 3277 1445 3284 0 0 0 0 0 0 0
3 1428 2658 3283 3707 0 0 0 0 0 0 0
3 1427 3283 1448 3303 0 0 0 0 0 0 0
3 1574 2747 2597 3640 0 0 0 0 0 0 0
3 2323 2747 2748 3521 0 0 0 0 0 0 0
3 637 2983 638 3639 0 0 0 0 0 0 0
3 284 3300 2504 3301 0 0 0 0 0 0 0
3 174 3565 215 3667 0 0 0 0 0 0 0
3 214 215 3302 3667 0 0 0 0 0 0 0
3 174 3667 184 3678 0 0 0 0 0 0 0
3 2780 3301 3302 3667 0 0 0 0 0 0 0
3 488 2783 645 3165 0 0 0 0 0 0 0
3 2540 3678 2780 3931 0 0 0 0 0 0 0
3 1046 1509 1506 3628 1 75 0 0 0 0 0 0
3 21 1506 1509 3628 1 75 0 0 0 0 0 0
3 1950 2007 2009 2275 0 0 0 0 0 0 0
3 2553 2558 3038 3040 0 0 0 0 0 0 0
3 687 777 2557 3046 0 0 0 0 0 0 0
3 777 3040 2557 3046 0 0 0 0 0 0 0
3 687 688 3046 3047 0 0 0 0 0 0 0
3 3044 3045 3136 3137 0 0 0 0 0 0 0
3 775 2553 776 3046 0 0 0 0 0 0 0
3 729 736 3049 3447 0 0 0 0 0 0 0
3 488 3159 2783 3165 0 0 0 0 0 0 0
3 2519 3880 3895 3942 0 0 0 0 0 0 0
3 1331 2528 3838 3880 0 0 0 0 0 0 0
3 2517 2525 2524 3434 0 0 0 0 0 0 0
3 2519 3895 2951 3935 0 0 0 0 0 0 0
3 593 3395 3647 3800 0 0 0 0 0 0 0
3 594 3624 619 3681 0 0 0 0 0 0 0
3 1681 3395 3626 3681 0 0 0 0 0 0 0
3 593 2690 3393 3800 0 0 0 0 0 0 0
3 593 2690 3800 3828 0 0 0 0 0 0 0
3 3156 3603 3549 3800 0 0 0 0 0 0 0
3 237 3249 3348 3642 0 0 0 0 0 0 0
3 557 3016 3009 3023 0 0 0 0 0 0 0
3 72 464 465 3141 1 145 0 0 0 0 0 0
3 3023 3131 3141 3348 0 0 0 0 0 0 0
3 1838 3641 3249 3810 0 0 0 0 0 0 0
3 501 3009 1838 3131 0 0 0 0 0 0 0
3 2509 3660 2510 3680 0 0 0 0 0 0 0
3 2510 3660 3420 3680 0 0 0 0 0 0 0
3 1207 1246 1800 3660 0 0 0 0 0 0 0
3 613 3112 3111 3966 0 0 0 0 0 0 0
3 1661 2443 1800 3197 0 0 0 0 0 0 0
3 2515 3682 2516 3683 0 0 0 0 0 0 0
3 1246 2509 1295 2516 0 0 0 0 0 0 0
3 585 3420 656 3687 0 0 0 0 0 0 0
3 1401 3873 3619 3885 0 0 0 0 0 0 0
3 1392 3873 1401 3885 0 0 0 0 0 0 0
3 1893 2836 1929 3185 0 0 0 0 0 0 0
3 261 360 2249 3366 0 0 0 0 0 0 0
3 261 2247 2246 2249 0 0 0 0 0 0 0
3 360 2249 3366 3808 0 0 0 0 0 0 0
3 261 2250 3083 3366 0 0 0 0 0 0 0
3 3294 3303 3615 3837 0 0 0 0 0 0 0
3 1458 1460 3294 3615 0 0 0 0 0 0 0
3 3280 3294 3615 3837 0 0 0 0 0 0 0
3 2660 3283 3294 3303 0 0 0 0 0 0 0
3 1427 3294 3283 3303 0 0 0 0 0 0 0
3 1460 3280 3294 3615 0 0 0 0 0 0 0
3 82 1427 3294 3595 0 0 0 0 0 0 0
3 1130 2901 3284 3739 0 0 0 0 0 0 0
3 1188 2902 1189 2903 0 0 0 0 0 0 0
3 1188 2901 2741 2902 0 0 0 0 0 0 0
3 1443 1444 2901 3940 0 0 0 0 0 0 0
3 1443 2901 2940 3940 0 0 0 0 0 0 0
3 2619 3284 2901 3739 0 0 0 0 0 0 0
3 1187 3739 2710 3907 0 0 0 0 0 0 0
3 1188 2741 2901 3739 0 0 0 0 0 0 0
3 2642 3611 3606 3746 0 0 0 0 0 0 0
3 1826 3606 3610 3747 0 0 0 0 0 0 0
3 1497 3606 3610 3611 0 0 0 0 0 0 0
3 1496 3606 3609 3809 0 0 0 0 0 0 0
3 2635 3606 3609 3746 0 0 0 0 0 0 0
3 1837 3449 3451 3481 0 0 0 0 0 0 0
3 1101 3606 1102 3746 0 0 0 0 0 0 0
3 1101 1496 3606 3609 0 0 0 0 0 0 0
3 663 3847 3850 3852 0 0 0 0 0 0 0
3 493 3847 663 3852 0 0 0 0 0 0 0
3 492 493 2201 3847 0 131 0 0 0 0 0
3 493 2251 2201 3847 0 0 0 0 0 0 0
3 492 2201 3787 3847 0 0 0 0 0 0 0
3 1356 2382 2693 3496 0 0 0 0 0 0 0
3 1379 2382 2494 3674 0 0 0 0 0 0 0
3 2382 2947 2693 3496 0 0 0 0 0 0 0
3 1378 2382 1379 3674 0 0 0 0 0 0 0
3 2379 3394 3446 3525 0 0 0 0 0 0 0
3 2597 2749 3457 3458 0 0 0 0 0 0 0
3 2147 2594 2151 2595 0 0 0 0 0 0 0
3 1577 2601 2600 2748 0 0 0 0 0 0 0
3 2750 3442 3640 3846 0 0 0 0 0 0 0
3 2464 2468 3033 3037 0 0 0 0 0 0 0
3 1748 1749 2088 2185 0 0 0 0 0 0 0
3 1854 3150 3140 3380 0 0 0 0 0 0 0
3 1574 1577 2600 2748 0 0 0 0 0 0 0
3 1986 3567 2827 3685 0 0 0 0 0 0 0
3 2743 2891 3098 3910 0 0 0 0 0 0 0
3 2315 2322 2323 2745 0 0 0 0 0 0 0
3 2454 2469 2862 2863 0 0 0 0 0 0 0
3 708 2467 3036 3250 0 0 0 0 0 0 0
3 3036 3250 3251 3879 0 0 0 0 0 0 0
3 2455 3842 3519 3866 0 0 0 0 0 0 0
3 740 3397 741 3879 0 0 0 0 0 0 0
3 711 2982 2906 2983 0 0 0 0 0 0 0
3 637 712 2983 3155 0 0 0 0 0 0 0
3 711 712 2982 2983 0 0 0 0 0 0 0
3 569 637 638 3639 1 141 0 0 0 0 0 0
3 569 1526 637 3639 0 0 0 0 0 0 0
3 639 1528 2906 3031 0 0 0 0 0 0 0
3 711 2906 2982 3052 0 0 0 0 0 0 0
3 570 638 2906 2907 0 0 0 0 0 0 0
3 1528 2369 2906 3031 0 0 0 0 0 0 0
3 638 2906 2907 2983 0 0 0 0 0 0 0
3 3328 3427 3849 3915 0 0 0 0 0 0 0
3 3423 3530 3427 3787 0 0 0 0 0 0 0
3 3322 3334 3328 3427 0 0 0 0 0 0 0
3 537 3145 3353 3969 0 0 0 0 0 0 0
3 539 3144 545 3969 0 0 0 0 0 0 0
3 458 3145 3144 3354 0 0 0 0 0 0 0
3 143 3353 3354 3962 0 0 0 0 0 0 0
3 140 239 3354 3813 0 0 0 0 0 0 0
3 539 3751 1588 3969 0 0 0 0 0 0 0
3 539 554 555 3751 1 143 0 0 0 0 0 0
3 539 1588 3144 3969 0 0 0 0 0 0 0
3 1588 3751 3752 3969 0 0 0 0 0 0 0
3 3261 3388 3389 3450 0 0 0 0 0 0 0
3 3132 3261 3330 3389 0 0 0 0 0 0 0
3 3061 3063 3255 3447 0 0 0 0 0 0 0
3 2605 3064 2608 3137 0 0 0 0 0 0 0
3 375 3119 3261 3330 0 0 0 0 0 0 0
3 335 375 3261 3330 0 0 0 0 0 0 0
3 335 3330 3261 3389 0 0 0 0 0 0 0
3 1837 3450 3449 3482 0 0 0 0 0 0 0
3 358 3261 3388 3389 0 0 0 0 0 0 0
3 2001 2541 2542 3345 0 0 0 0 0 0 0
3 3195 3735 3683 3737 0 0 0 0 0 0 0
3 670 2539 671 2543 0 0 0 0 0 0 0
3 588 3736 3735 3737 0 0 0 0 0 0 0
3 588 3195 669 3737 0 0 0 0 0 0 0
3 614 3449 615 3482 0 0 0 0 0 0 0
3 690 3502 2541 3690 0 0 0 0 0 0 0
3 2541 3345 3502 3737 0 0 0 0 0 0 0
3 1266 1308 2015 3703 0 0 0 0 0 0 0
3 2539 3351 3195 3735 0 0 0 0 0 0 0
3 614 1837 3449 3482 0 0 0 0 0 0 0
3 588 3735 3195 3737 0 0 0 0 0 0 0
3 3733 3778 3797 3956 0 0 0 0 0 0 0
3 505 3459 506 3956 0 0 0 131 0 0 0
3 506 3760 1639 3956 0 0 0 0 0 0 0
3 1639 3760 3778 3956 0 0 0 0 0 0 0
3 3760 3797 3778 3956 0 0 0 0 0 0 0
3 2326 2741 2902 3804 0 0 0 0 0 0 0
3 2616 3284 2619 3739 0 0 0 0 0 0 0
3 1103 2656 1104 2710 0 0 0 0 0 0 0
3 1216 2710 3293 3907 0 0 0 0 0 0 0
3 1187 2710 1216 3907 0 0 0 0 0 0 0
3 2710 2711 3293 3907 0 0 0 0 0 0 0
3 2657 2710 3739 3907 0 0 0 0 0 0 0
3 2616 3282 3283 3303 0 0 0 0 0 0 0
3 1837 3711 3112 3966 0 0 0 0 0 0 0
3 2660 3303 3294 3837 0 0 0 0 0 0 0
3 165 1104 2656 3293 0 0 0 0 0 0 0
3 2935 3148 3276 3955 0 0 0 0 0 0 0
3 213 3148 218 3955 0 0 0 0 0 0 0
3 50 175 1513 3149 0 0 0 0 0 0 0
3 2786 3148 2935 3955 0 0 0 0 0 0 0
3 50 1513 1514 3149 1 75 0 0 0 0 0 0
3 2553 2556 2558 3046 0 0 0 0 0 0 0
3 2549 2605 2555 3064 0 0 0 0 0 0 0
3 776 2553 3040 3046 0 0 0 0 0 0 0
3 2553 2558 3040 3046 0 0 0 0 0 0 0
3 2995 3331 3136 3359 0 0 0 0 0 0 0
3 2550 3136 2733 3359 0 0 0 0 0 0 0
3 819 3055 3043 3522 0 0 0 0 0 0 0
3 2074 2271 2270 3724 0 0 0 0 0 0 0
3 700 3173 701 3174 0 0 0 0 0 0 0
3 700 1920 3172 3453 0 0 0 0 0 0 0
3 652 700 3172 3453 0 0 0 0 0 0 0
3 606 651 1409 3347 0 0 0 0 0 0 0
3 1920 3172 3453 3614 0 0 0 0 0 0 0
3 606 652 651 3172 1 141 0 0 0 0 0 0
3 3172 3174 3347 3408 0 0 0 0 0 0 0
3 605 650 1440 3805 0 0 0 0 0 0 0
3 605 1440 1409 3805 1 1 0 0 0 0 0 0
3 2551 2941 3352 3901 0 0 0 0 0 0 0
3 173 215 3565 3586 0 0 0 0 0 0 0
3 217 3315 2419 3583 0 0 0 0 0 0 0
3 215 280 3302 3586 0 0 0 0 0 0 0
3 1220 1221 3129 3570 0 0 0 0 0 0 0
3 3015 3128 3129 3570 0 0 0 0 0 0 0
3 3338 3491 3543 3544 0 0 0 0 0 0 0
3 602 661 660 3340 1 141 0 0 0 0 0 0
3 693 694 3189 3342 0 0 0 0 0 0 0
3 602 1410 661 3337 0 0 0 0 0 0 0
3 661 3337 1410 3491 0 0 0 0 0 0 0
3 1468 3337 3529 3620 0 0 0 0 0 0 0
3 692 693 3491 3543 0 0 0 0 0 0 0
3 510 680 2972 2981 0 0 0 0 0 0 0
3 2965 2981 2972 2993 0 0 0 0 0 0 0
3 194 204 2964 3369 0 0 0 0 0 0 0
3 1264 3537 3220 3636 0 0 0 0 0 0 0
3 509 510 552 2962 1 143 131 0 0 0 0 0
3 1636 1650 2960 3370 0 0 0 0 0 0 0
3 1263 3220 1264 3537 0 0 0 0 0 0 0
3 1030 1689 1158 3439 0 0 0 0 0 0 0
3 1005 1094 2992 3439 0 0 0 0 0 0 0
3 1004 1005 1007 3439 1 137 128 0 0 0 0 0
3 1005 2992 1007 3439 0 0 0 0 0 0 0
3 2052 2055 3637 3721 0 0 0 0 0 0 0
3 259 2964 2993 3404 0 0 0 0 0 0 0
3 509 2981 510 3004 0 0 0 131 0 0 0
3 243 2993 3706 3708 0 0 0 0 0 0 0
3 3108 3708 3646 3738 0 0 0 0 0 0 0
3 244 3140 3150 3738 0 0 0 0 0 0 0
3 680 683 3470 3815 0 0 0 0 0 0 0
3 243 259 2993 3404 0 0 0 0 0 0 0
3 242 2993 2965 3706 0 0 0 0 0 0 0
3 679 3272 2981 3558 0 0 0 0 0 0 0
3 680 3470 2981 3815 0 0 0 0 0 0 0
3 2981 3474 3402 3815 0 0 0 0 0 0 0
3 751 806 2159 3598 0 0 0 0 0 0 0
3 1541 3442 2503 3846 0 0 0 0 0 0 0
3 2003 2935 2936 2937 0 0 0 0 0 0 0
3 805 2159 806 3464 0 0 0 0 0 0 0
3 1955 3783 2506 3784 0 0 0 0 0 0 0
3 751 3598 2626 3599 0 0 0 0 0 0 0
3 714 2626 2886 3597 0 0 0 0 0 0 0
3 714 2159 752 2886 0 0 0 0 0 0 0
3 1263 3537 3538 3539 0 0 0 0 0 0 0
3 1186 3636 3220 3645 0 0 0 0 0 0 0
3 1332 3582 3538 3584 0 0 0 0 0 0 0
3 1288 3538 1332 3582 0 0 0 0 0 0 0
3 1605 3014 2244 3710 0 0 0 0 0 0 0
3 1590 2244 1605 3014 0 0 0 0 0 0 0
3 1595 1605 3306 3716 0 0 0 0 0 0 0
3 497 3110 498 3306 0 0 0 131 0 0 0
3 499 3306 3110 3713 0 0 0 0 0 0 0
3 1592 1602 2245 3752 0 0 0 0 0 0 0
3 2242 3712 3768 3963 0 0 0 0 0 0 0
3 3025 3028 3029 3152 0 0 0 0 0 0 0
3 691 3819 3923 3948 0 0 0 0 0 0 0
3 691 718 3881 3948 0 0 0 0 0 0 0
3 771 3914 3947 3948 0 0 0 0 0 0 0
3 1457 3492 1467 3806 0 0 0 0 0 0 0
3 1410 3337 1467 3492 0 0 0 0 0 0 0
3 603 1426 662 3492 0 0 0 0 0 0 0
3 602 3337 661 3340 0 0 0 0 0 0 0
3 3078 3338 3491 3492 0 0 0 0 0 0 0
3 1440 1457 3805 3902 0 0 0 0 0 0 0
3 2920 2921 2930 3968 0 0 0 0 0 0 0
3 1271 2925 3560 3968 0 0 0 0 0 0 0
3 1270 2925 1271 3968 0 0 0 0 0 0 0
3 2811 3184 3086 3446 0 0 0 0 0 0 0
3 1270 2920 2925 3968 0 0 0 0 0 0 0
3 2731 3579 3233 3632 0 0 0 0 0 0 0
3 1753 3233 2921 3579 0 0 0 0 0 0 0
3 1942 2395 2532 3299 0 0 0 0 0 0 0
3 2502 2535 2533 2833 0 0 0 0 0 0 0
3 285 2504 2502 3301 0 0 0 0 0 0 0
3 2533 2834 2833 3476 0 0 0 0 0 0 0
3 1942 3473 2533 3476 0 0 0 0 0 0 0
3 2780 2833 3667 3678 0 0 0 0 0 0 0
3 284 2504 285 3301 0 0 0 0 0 0 0
3 2501 2875 3068 3656 0 0 0 0 0 0 0
3 2206 2532 2235 3668 0 0 0 0 0 0 0
3 2076 3644 2671 3662 0 0 0 0 0 0 0
3 2064 2647 3323 3954 0 0 0 0 0 0 0
3 1436 1456 2076 3662 0 0 0 0 0 0 0
3 2925 2930 3559 3968 0 0 0 0 0 0 0
3 2925 3559 3560 3968 0 0 0 0 0 0 0
3 2925 3560 3559 3928 0 0 0 0 0 0 0
3 2925 3559 3631 3897 0 0 0 0 0 0 0
3 1753 2921 3233 3968 0 0 0 0 0 0 0
3 579 1753 3559 3839 0 0 0 0 0 0 0
3 701 763 2074 3173 0 0 0 0 0 0 0
3 762 2074 799 3724 0 0 0 0 0 0 0
3 763 1919 797 2074 0 0 0 0 0 0 0
3 701 2074 762 3101 0 0 0 0 0 0 0
3 762 2074 2271 3101 0 0 0 0 0 0 0
3 797 2998 1919 3753 0 0 0 0 0 0 0
3 1098 3315 3565 3570 0 0 0 0 0 0 0
3 216 3315 3583 3586 0 0 0 0 0 0 0
3 2780 3302 3565 3667 0 0 0 0 0 0 0
3 101 1113 1098 3565 1 135 0 0 0 0 0 0
3 2408 2415 2418 3479 0 0 0 0 0 0 0
3 1210 1220 3128 3204 0 0 0 0 0 0 0
3 100 173 1098 3315 0 0 0 0 0 0 0
3 173 3565 3315 3586 0 0 0 0 0 0 0
3 3129 3587 3570 3912 0 0 0 0 0 0 0
3 2781 3015 3129 3587 0 0 0 0 0 0 0
3 1098 1221 3570 3912 0 0 0 0 0 0 0
3 1109 2819 1211 3607 0 0 0 0 0 0 0
3 1112 1209 2819 3865 0 0 0 0 0 0 0
3 1209 3675 2819 3865 0 0 0 0 0 0 0
3 611 3027 3028 3814 0 0 0 0 0 0 0
3 3756 3808 3757 3848 0 0 0 0 0 0 0
3 3028 3029 3080 3814 0 0 0 0 0 0 0
3 3028 3814 3080 3971 0 0 0 0 0 0 0
3 3071 3758 3366 3853 0 0 0 0 0 0 0
3 494 2250 3814 3971 0 0 0 0 0 0 0
3 176 184 2833 3476 0 0 0 0 0 0 0
3 184 214 2833 3667 0 0 0 0 0 0 0
3 214 3301 2833 3667 0 0 0 0 0 0 0
3 184 3667 2833 3678 0 0 0 0 0 0 0
3 1686 1696 2428 2429 0 0 0 0 0 0 0
3 595 945 1682 3681 0 0 0 0 0 0 0
3 1696 2428 2429 2999 0 0 0 0 0 0 0
3 1081 1095 1686 2430 0 0 0 0 0 0 0
3 1095 2427 2429 2430 0 0 0 0 0 0 0
3 2065 2811 2451 2968 0 0 0 0 0 0 0
3 1116 2875 1140 3867 0 0 0 0 0 0 0
3 1201 2824 1203 3867 0 0 0 0 0 0 0
3 1116 3473 2875 3867 0 0 0 0 0 0 0
3 1203 2824 3299 3867 0 0 0 0 0 0 0
3 1201 2687 2824 3909 0 0 0 0 0 0 0
3 106 182 3782 3909 0 0 0 0 0 0 0
3 182 2875 3782 3909 0 0 0 0 0 0 0
3 886 897 3550 3868 0 0 0 0 0 0 0
3 897 3540 3550 3868 0 0 0 0 0 0 0
3 898 3551 3550 3908 0 0 0 0 0 0 0
3 892 898 3551 3964 0 0 0 0 0 0 0
3 1410 3491 3337 3492 0 0 0 0 0 0 0
3 3337 3340 3338 3491 0 0 0 0 0 0 0
3 662 692 3491 3557 0 0 0 0 0 0 0
3 661 693 3340 3491 0 0 0 0 0 0 0
3 603 662 3491 3492 0 0 0 0 0 0 0
3 2941 3078 3352 3902 0 0 0 0 0 0 0
3 662 3491 3492 3557 0 0 0 0 0 0 0
3 106 3782 1118 3909 0 0 0 0 0 0 0
3 3563 3594 3782 3909 0 0 0 0 0 0 0
3 2687 3592 2978 3594 0 0 0 0 0 0 0
3 1201 2824 3867 3909 0 0 0 0 0 0 0
3 2824 3562 3867 3909 0 0 0 0 0 0 0
3 1146 1162 1178 2754 1 135 0 0 0 0 0 0
3 1091 1166 1713 2677 0 0 0 0 0 0 0
3 1166 1713 2677 3581 0 0 0 0 0 0 0
3 1344 3446 3184 3799 0 0 0 0 0 0 0
3 1091 1133 1166 2677 1 135 0 0 0 0 0 0
3 1091 1719 1712 2677 1 414 0 0 0 0 0 0
3 2357 2753 2677 2754 0 0 0 0 0 0 0
3 2307 2682 2308 2850 0 0 0 0 0 0 0
3 1865 2217 2444 3223 0 0 0 0 0 0 0
3 2133 2135 2302 3387 0 0 0 0 0 0 0
3 2293 3497 2988 3498 0 0 0 0 0 0 0
3 821 2490 2486 3534 0 0 0 0 0 0 0
3 1768 2096 2478 2491 0 0 0 0 0 0 0
3 1457 1469 3805 3901 0 0 0 0 0 0 0
3 1457 3901 3805 3902 0 0 0 0 0 0 0
3 605 1409 3174 3805 0 0 0 0 0 0 0
3 3352 3557 3805 3902 0 0 0 0 0 0 0
3 604 1426 1440 3557 1 1 0 0 0 0 0 0
3 605 3174 650 3805 0 0 0 0 0 0 0
3 221 2792 2791 3263 0 0 0 0 0 0 0
3 168 3263 3169 3435 0 0 0 0 0 0 0
3 219 2791 2786 3169 0 0 0 0 0 0 0
3 1548 3307 3263 3435 0 0 0 0 0 0 0
3 3263 3308 3307 3661 0 0 0 0 0 0 0
3 2002 2006 2005 2789 0 0 0 0 0 0 0
3 1529 1536 3033 3629 0 0 0 0 0 0 0
3 1535 3034 1536 3222 0 0 0 0 0 0 0
3 2464 2474 2985 3924 0 0 0 0 0 0 0
3 2455 3519 3520 3866 0 0 0 0 0 0 0
3 2467 2468 3036 3250 0 0 0 0 0 0 0
3 3032 3033 3034 3251 0 0 0 0 0 0 0
3 573 1531 641 3033 0 0 0 0 0 0 0
3 708 3036 2467 3037 0 0 0 0 0 0 0
3 643 2467 2464 3037 0 0 0 0 0 0 0
3 1535 3054 3034 3222 0 0 0 0 0 0 0
3 600 1422 1411 3409 1 1 0 0 0 0 0 0
3 694 3246 695 3409 0 0 0 0 0 0 0
3 660 693 3189 3340 0 0 0 0 0 0 0
3 693 3189 3340 3342 0 0 0 0 0 0 0
3 694 2772 2880 3246 0 0 0 0 0 0 0
3 725 3397 3323 3654 0 0 0 0 0 0 0
3 725 3323 726 3698 0 0 0 0 0 0 0
3 726 3698 3323 3954 0 0 0 0 0 0 0
3 739 740 3324 3397 0 0 0 0 0 0 0
3 2337 2530 2451 2968 0 0 0 0 0 0 0
3 2451 2863 2454 3088 0 0 0 0 0 0 0
3 3323 3654 3444 3698 0 0 0 0 0 0 0
3 1311 3799 3184 3802 0 0 0 0 0 0 0
3 1246 1800 3660 3680 0 0 0 0 0 0 0
3 3197 3420 3660 3680 0 0 0 0 0 0 0
3 1994 1995 1999 2161 0 0 0 0 0 0 0
3 2512 3691 3202 3784 0 0 0 0 0 0 0
3 1956 3767 2165 3941 0 0 0 0 0 0 0
3 2835 3138 3822 3948 0 0 0 0 0 0 0
3 1953 3691 3508 3885 0 0 0 0 0 0 0
3 770 2165 3914 3923 0 0 0 0 0 0 0
3 779 2165 3767 3941 0 0 0 0 0 0 0
3 1954 2512 2513 3202 0 0 0 0 0 0 0
3 1471 1971 1475 3406 0 0 0 0 0 0 0
3 1409 1469 3347 3805 0 0 0 0 0 0 0
3 651 3172 3174 3347 0 0 0 0 0 0 0
3 3174 3347 3408 3805 0 0 0 0 0 0 0
3 1971 2551 3352 3901 0 0 0 0 0 0 0
3 1919 2998 1921 3753 0 0 0 0 0 0 0
3 1971 3352 3805 3901 0 0 0 0 0 0 0
3 2721 3825 3229 3913 0 0 0 0 0 0 0
3 891 3825 2721 3913 0 0 0 0 0 0 0
3 890 3186 3536 3913 0 0 0 0 0 0 0
3 885 900 3123 3186 0 0 0 0 0 0 0
3 850 3825 891 3913 0 0 0 0 0 0 0
3 2388 2634 2909 2911 0 0 0 0 0 0 0
3 1517 3512 2909 3932 0 0 0 0 0 0 0
3 1547 2909 1548 3661 0 0 0 0 0 0 0
3 1516 1548 2909 3263 0 0 0 0 0 0 0
3 47 164 2909 2911 0 0 0 0 0 0 0
3 1902 3699 3698 3954 0 0 0 0 0 0 0
3 1703 3579 1718 3632 0 0 0 0 0 0 0
3 1718 3579 2861 3632 0 0 0 0 0 0 0
3 1086 1164 1124 2861 1 135 0 0 0 0 0 0
3 1703 1753 3579 3632 0 0 0 0 0 0 0
3 1709 1710 1720 3234 1 414 0 0 0 0 0 0
3 373 3151 2258 3487 0 0 0 0 0 0 0
3 343 3206 3151 3486 0 0 0 0 0 0 0
3 337 3151 338 3205 0 0 0 0 0 0 0
3 373 403 2258 3151 0 0 0 0 0 0 0
3 337 2495 3151 3205 0 0 0 0 0 0 0
3 1866 2217 2221 2362 0 0 0 0 0 0 0
3 233 264 3561 3951 0 0 0 0 0 0 0
3 264 2327 3561 3951 0 0 0 0 0 0 0
3 165 2656 233 3561 0 0 0 0 0 0 0
3 2656 3561 2660 3707 0 0 0 0 0 0 0
3 2327 2614 3561 3951 0 0 0 0 0 0 0
3 229 3295 3296 3556 0 0 0 0 0 0 0
3 2369 2745 3034 3054 0 0 0 0 0 0 0
3 572 1530 640 3032 0 0 0 0 0 0 0
3 3032 3036 3033 3251 0 0 0 0 0 0 0
3 2388 3809 3072 3932 0 0 0 0 0 0 0
3 1826 3072 2635 3747 0 0 0 0 0 0 0
3 1517 1547 1546 3932 1 75 0 0 0 0 0 0
3 1517 2909 1547 3932 0 0 0 0 0 0 0
3 46 47 1517 3512 1 75 101 0 0 0 0 0
3 149 1518 3109 3512 0 0 0 0 0 0 0
3 1518 3115 3109 3512 0 0 0 0 0 0 0
3 3109 3226 3115 3363 0 0 0 0 0 0 0
3 1495 3115 1518 3609 0 0 0 0 0 0 0
3 2636 3084 2640 3363 0 0 0 0 0 0 0
3 47 2909 1517 3512 0 0 0 0 0 0 0
3 1467 3337 1468 3620 0 0 0 0 0 0 0
3 1467 3492 3337 3620 0 0 0 0 0 0 0
3 602 1424 3337 3340 0 0 0 0 0 0 0
3 3337 3492 3338 3620 0 0 0 0 0 0 0
3 3121 3340 3342 3543 0 0 0 0 0 0 0
3 2420 2439 2440 2854 0 0 0 0 0 0 0
3 1465 1468 3035 3529 0 0 0 0 0 0 0
3 3035 3189 3339 3340 0 0 0 0 0 0 0
3 3035 3337 3339 3529 0 0 0 0 0 0 0
3 3174 3352 3557 3805 0 0 0 0 0 0 0
3 650 3174 3557 3805 0 0 0 0 0 0 0
3 604 1440 650 3557 0 0 0 0 0 0 0
3 3078 3491 3544 3557 0 0 0 0 0 0 0
3 1426 3492 1457 3902 0 0 0 0 0 0 0
3 3078 3806 3492 3902 0 0 0 0 0 0 0
3 2518 2948 2949 3874 0 0 0 0 0 0 0
3 1932 2586 2351 2653 0 0 0 0 0 0 0
3 1405 2524 2521 3092 0 0 0 0 0 0 0
3 2525 2831 2832 3092 0 0 0 0 0 0 0
3 2960 3004 3005 3761 0 0 0 0 0 0 0
3 1642 2960 1650 3761 0 0 0 0 0 0 0
3 678 3357 3558 3761 0 0 0 0 0 0 0
3 508 509 530 1640 1 143 131 0 0 0 0 0
3 1469 1971 1471 3347 0 0 0 0 0 0 0
3 606 1408 3172 3347 0 0 0 0 0 0 0
3 1469 1971 3347 3805 0 0 0 0 0 0 0
3 1971 2673 2674 3347 0 0 0 0 0 0 0
3 606 3172 651 3347 0 0 0 0 0 0 0
3 652 3172 3403 3453 0 0 0 0 0 0 0
3 1470 1471 2674 3403 0 0 0 0 0 0 0
3 3172 3403 3453 3614 0 0 0 0 0 0 0
3 2619 2901 3284 3940 0 0 0 0 0 0 0
3 1131 2710 1187 3739 0 0 0 0 0 0 0
3 1103 1131 2658 2710 0 0 0 0 0 0 0
3 1428 3277 2658 3707 0 0 0 0 0 0 0
3 1069 1130 1444 3284 0 0 0 0 0 0 0
3 1069 1131 1130 3284 1 135 0 0 0 0 0 0
3 1428 1448 3283 3284 0 0 0 0 0 0 0
3 1428 2658 3277 3284 0 0 0 0 0 0 0
3 1448 3283 3282 3303 0 0 0 0 0 0 0
3 2616 2658 3283 3284 0 0 0 0 0 0 0
3 1444 3284 2901 3940 0 0 0 0 0 0 0
3 1131 3277 2658 3284 0 0 0 0 0 0 0
3 1449 2940 2738 3940 0 0 0 0 0 0 0
3 2619 2739 2901 3940 0 0 0 0 0 0 0
3 2739 2902 2901 2903 0 0 0 0 0 0 0
3 1450 2940 1451 3124 0 0 0 0 0 0 0
3 1488 2740 2738 3124 0 0 0 0 0 0 0
3 1486 3199 3124 3209 0 0 0 0 0 0 0
3 799 2074 2998 3724 0 0 0 0 0 0 0
3 2355 3147 3314 3484 0 0 0 0 0 0 0
3 2125 2998 2358 3753 0 0 0 0 0 0 0
3 1187 1235 1188 3739 1 135 0 0 0 0 0 0
3 2074 2268 2270 2271 0 0 0 0 0 0 0
3 2074 2270 2998 3724 0 0 0 0 0 0 0
3 1146 1185 3555 3952 0 0 0 0 0 0 0
3 1146 3555 2753 3952 0 0 0 0 0 0 0
3 2158 3843 3942 3952 0 0 0 0 0 0 0
3 3602 3798 3799 3802 0 0 0 0 0 0 0
3 1185 3489 3555 3952 0 0 0 0 0 0 0
3 1146 2753 1178 3952 0 0 0 0 0 0 0
3 1178 2722 1262 3952 0 0 0 0 0 0 0
3 2753 3555 3843 3952 0 0 0 0 0 0 0
3 3489 3926 3843 3942 0 0 0 0 0 0 0
3 1249 1293 2395 2823 0 0 0 0 0 0 0
3 2978 2980 3325 3563 0 0 0 0 0 0 0
3 1205 2395 1942 3299 0 0 0 0 0 0 0
3 1553 3222 3519 3866 0 0 0 0 0 0 0
3 1554 3728 1560 3866 0 0 0 0 0 0 0
3 1501 1553 3519 3866 0 0 0 0 0 0 0
3 1501 3842 1554 3866 0 0 0 0 0 0 0
3 1050 1097 1149 3519 1 135 0 0 0 0 0 0
3 1560 3727 3054 3866 0 0 0 0 0 0 0
3 2519 2528 2952 3880 0 0 0 0 0 0 0
3 1331 2952 3880 3911 0 0 0 0 0 0 0
3 2590 2837 2836 3437 0 0 0 0 0 0 0
3 1331 1345 2528 2952 0 0 0 0 0 0 0
3 1345 2521 2528 2952 0 0 0 0 0 0 0
3 1345 2521 2524 2528 0 0 0 0 0 0 0
3 1334 3894 2952 3911 0 0 0 0 0 0 0
3 658 3412 706 3613 0 0 0 0 0 0 0
3 706 3412 3114 3613 0 0 0 0 0 0 0
3 657 707 3245 3246 0 0 0 0 0 0 0
3 2779 3245 3244 3412 0 0 0 0 0 0 0
3 658 3165 3613 3741 0 0 0 0 0 0 0
3 2433 2769 2771 3216 0 0 0 0 0 0 0
3 393 2733 3136 3359 0 0 0 0 0 0 0
3 2545 3499 3497 3659 0 0 0 0 0 0 0
3 347 3358 3359 3823 0 0 0 0 0 0 0
3 1459 1462 2707 3890 0 0 0 0 0 0 0
3 1415 2894 2707 3877 0 0 0 0 0 0 0
3 589 2032 2539 3735 0 0 0 0 0 0 0
3 129 2892 2707 2894 0 0 0 0 0 0 0
3 1417 3280 1459 3889 0 0 0 0 0 0 0
3 2761 3313 2893 3833 0 0 0 0 0 0 0
3 1998 2032 2033 2044 0 0 0 0 0 0 0
3 1451 2905 2904 3869 0 0 0 0 0 0 0
3 2032 2033 3679 3766 0 0 0 0 0 0 0
3 1066 1442 1128 2904 0 0 0 0 0 0 0
3 2055 2904 3869 3937 0 0 0 0 0 0 0
3 2149 2264 2737 3517 0 0 0 0 0 0 0
3 2262 3227 3750 3780 0 0 0 0 0 0 0
3 1752 1757 2110 2237 0 0 0 0 0 0 0
3 2636 3362 3084 3363 0 0 0 0 0 0 0
3 2483 3227 3516 3788 0 0 0 0 0 0 0
3 2471 2858 3624 3655 0 0 0 0 0 0 0
3 2470 2864 2860 3657 0 0 0 0 0 0 0
3 3549 3657 3655 3802 0 0 0 0 0 0 0
3 1230 2864 2470 3657 0 0 0 0 0 0 0
3 1226 1229 2427 3657 0 0 0 0 0 0 0
3 1307 3549 1343 3802 0 0 0 0 0 0 0
3 1226 3549 1307 3657 0 0 0 0 0 0 0
3 64 142 141 2231 1 147 0 0 0 0 0 0
3 142 241 2231 2246 0 0 0 0 0 0 0
3 430 455 538 2209 0 0 0 0 0 0 0
3 455 538 2209 2232 0 0 0 0 0 0 0
3 1896 2202 1944 2232 0 0 0 0 0 0 0
3 2209 2231 2210 2246 0 0 0 0 0 0 0
3 1642 2962 2960 3004 0 0 0 0 0 0 0
3 509 531 530 1642 5 143 263 0 259 0 0 0 0
3 510 2972 2973 2981 0 0 0 0 0 0 0
3 510 2981 2973 3004 0 0 0 0 0 0 0
3 509 3558 3004 3761 0 0 0 0 0 0 0
3 1642 3004 2960 3761 0 0 0 0 0 0 0
3 193 1638 2961 3270 0 0 0 0 0 0 0
3 190 2965 2956 3706 0 0 0 0 0 0 0
3 213 3276 3148 3955 0 0 0 0 0 0 0
3 213 2936 3148 3276 0 0 0 0 0 0 0
3 213 283 3276 3955 0 0 0 0 0 0 0
3 245 3276 282 3633 0 0 0 0 0 0 0
3 192 2936 213 3276 0 0 0 0 0 0 0
3 2786 2789 3792 3955 0 0 0 0 0 0 0
3 1307 3657 3549 3802 0 0 0 0 0 0 0
3 1680 3393 1693 3626 0 0 0 0 0 0 0
3 1278 1343 3549 3802 0 0 0 0 0 0 0
3 1278 3602 3549 3603 0 0 0 0 0 0 0
3 2690 3603 3800 3828 0 0 0 0 0 0 0
3 1684 3392 3181 3684 0 0 0 0 0 0 0
3 3647 3800 3798 3828 0 0 0 0 0 0 0
3 548 3023 3009 3131 0 0 0 0 0 0 0
3 3009 3023 3019 3236 0 0 0 0 0 0 0
3 185 198 3236 3348 0 0 0 0 0 0 0
3 548 557 3009 3023 0 0 0 0 0 0 0
3 71 464 185 3023 0 0 0 0 0 0 0
3 154 228 2405 2408 0 0 0 0 0 0 0
3 2943 3485 3170 3673 0 0 0 0 0 0 0
3 1213 3170 3485 3673 0 0 0 0 0 0 0
3 3091 3591 3593 3594 0 0 0 0 0 0 0
3 209 3593 3764 3788 0 0 0 0 0 0 0
3 1199 1253 2485 3588 0 0 0 0 0 0 0
3 2262 2483 2484 3788 0 0 0 0 0 0 0
3 108 1120 1119 3593 1 135 0 0 0 0 0 0
3 178 209 3593 3765 0 0 0 0 0 0 0
3 208 3593 209 3788 0 0 0 0 0 0 0
3 111 1122 181 3363 0 0 0 0 0 0 0
3 1100 2633 1219 3363 0 0 0 0 0 0 0
3 1219 2633 2641 3363 0 0 0 0 0 0 0
3 1122 3363 3589 3790 0 0 0 0 0 0 0
3 111 133 1100 3226 0 0 0 0 0 0 0
3 665 3687 3819 3821 0 0 0 0 0 0 0
3 2511 3576 3577 3686 0 0 0 0 0 0 0
3 2510 3660 2511 3820 0 0 0 0 0 0 0
3 584 3687 665 3821 0 0 0 0 0 0 0
3 1282 3686 3831 3838 0 0 0 0 0 0 0
3 584 3821 3920 3921 0 0 0 0 0 0 0
3 664 3920 3821 3935 0 0 0 0 0 0 0
3 1217 2987 2638 3611 0 0 0 0 0 0 0
3 1054 1105 1102 3611 1 135 0 0 0 0 0 0
3 1102 3606 1497 3611 0 0 0 0 0 0 0
3 2363 3689 2986 3835 0 0 0 0 0 0 0
3 2444 2721 2802 3186 0 0 0 0 0 0 0
3 1313 3192 1322 3723 0 0 0 0 0 0 0
3 2306 2914 3346 3494 0 0 0 0 0 0 0
3 2101 2826 3336 3455 0 0 0 0 0 0 0
3 346 3835 3688 3841 0 0 0 0 0 0 0
3 2415 2419 2417 3583 0 0 0 0 0 0 0
3 717 748 3745 3834 0 0 0 0 0 0 0
3 3057 3059 3745 3834 0 0 0 0 0 0 0
3 631 717 3734 3834 0 0 0 0 0 0 0
3 3059 3379 3105 3651 0 0 0 0 0 0 0
3 2700 3379 3059 3474 0 0 0 0 0 0 0
3 850 3424 2724 3913 0 0 0 0 0 0 0
3 855 3536 3424 3913 0 0 0 0 0 0 0
3 841 3424 3425 3693 0 0 0 0 0 0 0
3 657 695 3246 3409 0 0 0 0 0 0 0
3 600 657 1422 3409 0 0 0 0 0 0 0
3 1422 3409 3245 3731 0 0 0 0 0 0 0
3 2432 3216 2773 3413 0 0 0 0 0 0 0
3 1411 3216 3035 3731 0 0 0 0 0 0 0
3 1266 2044 2033 3679 0 0 0 0 0 0 0
3 2772 2774 2867 2879 0 0 0 0 0 0 0
3 2772 2880 3120 3189 0 0 0 0 0 0 0
3 1186 3636 3645 3721 0 0 0 0 0 0 0
3 1263 2143 3220 3539 0 0 0 0 0 0 0
3 1174 3233 1195 3968 0 0 0 0 0 0 0
3 2731 3233 2861 3632 0 0 0 0 0 0 0
3 1753 2727 2921 2930 0 0 0 0 0 0 0
3 1087 1708 1167 1709 2 414 0 0 0 0 0 0
3 1123 1197 1977 1978 0 0 0 0 0 0 0
3 2731 2921 3233 3579 0 0 0 0 0 0 0
3 1195 3233 2921 3968 0 0 0 0 0 0 0
3 1195 2731 1255 2921 0 0 0 0 0 0 0
3 1195 2921 1270 3968 0 0 0 0 0 0 0
3 2729 2921 2731 3579 0 0 0 0 0 0 0
3 3939 3963 3965 3969 0 0 0 0 0 0 0
3 495 3963 496 3969 0 0 0 131 0 0 0
3 495 3028 3963 3971 0 0 0 0 0 0 0
3 3751 3963 3939 3969 0 0 0 0 0 0 0
3 497 667 3110 3152 0 0 0 0 0 0 0
3 2242 3110 3306 3710 0 0 0 0 0 0 0
3 587 3736 588 3737 0 0 0 130 0 0 0
3 3683 3735 3736 3737 0 0 0 0 0 0 0
3 586 3568 587 3572 0 0 0 130 0 0 0
3 1996 1997 1998 2029 0 0 0 0 0 0 0
3 3676 3680 3683 3736 0 0 0 0 0 0 0
3 1206 3676 3196 3680 0 0 0 0 0 0 0
3 3256 3386 3374 3775 0 0 0 0 0 0 0
3 505 3310 3775 3956 0 0 0 0 0 0 0
3 505 3775 3459 3956 0 0 0 0 0 0 0
3 960 1997 961 1998 0 0 0 0 0 0 0
3 1637 1647 3143 3817 0 0 0 0 0 0 0
3 3355 3775 3818 3904 0 0 0 0 0 0 0
3 3775 3817 3818 3956 0 0 0 0 0 0 0
3 505 3256 3374 3775 0 0 0 0 0 0 0
3 505 3775 3374 3904 0 0 0 0 0 0 0
3 1573 2597 3457 3458 0 0 0 0 0 0 0
3 1580 3458 3457 3462 0 0 0 0 0 0 0
3 1844 3457 2856 3461 0 0 0 0 0 0 0
3 1573 2597 1579 3457 0 0 0 0 0 0 0
3 2323 2597 2747 2890 0 0 0 0 0 0 0
3 1564 2599 2601 2603 0 0 0 0 0 0 0
3 2684 2685 2838 3126 0 0 0 0 0 0 0
3 92 200 161 2458 1 147 0 0 0 0 0 0
3 92 161 1418 2458 0 0 0 0 0 0 0
3 449 472 2459 3959 0 0 0 0 0 0 0
3 535 561 2087 3959 0 0 0 0 0 0 0
3 1182 2030 1268 2033 0 0 0 0 0 0 0
3 449 2459 2458 3959 0 0 0 0 0 0 0
3 139 2931 1879 3755 0 0 0 0 0 0 0
3 161 2457 1418 2458 0 0 0 0 0 0 0
3 1996 2033 2032 3766 0 0 0 0 0 0 0
3 2456 2461 2475 3159 0 0 0 0 0 0 0
3 449 1418 561 2458 0 0 0 0 0 0 0
3 3084 3590 3750 3788 0 0 0 0 0 0 0
3 20 487 561 2944 1 143 131 0 0 0 0 0
3 344 3455 3486 3696 0 0 0 0 0 0 0
3 1768 2561 2565 3868 0 0 0 0 0 0 0
3 344 3336 3455 3696 0 0 0 0 0 0 0
3 2103 2986 3696 3835 0 0 0 0 0 0 0
3 345 3336 3696 3835 0 0 0 0 0 0 0
3 371 3486 3168 3696 0 0 0 0 0 0 0
3 2118 3488 3253 3527 0 0 0 0 0 0 0
3 2198 2876 3089 3312 0 0 0 0 0 0 0
3 879 880 2855 3230 0 0 0 0 0 0 0
3 3222 3520 3519 3866 0 0 0 0 0 0 0
3 2455 3519 2955 3730 0 0 0 0 0 0 0
3 2337 3093 3085 3094 0 0 0 0 0 0 0
3 3278 3728 3842 3866 0 0 0 0 0 0 0
3 1536 2463 1553 3222 0 0 0 0 0 0 0
3 2542 3351 3349 3682 0 0 0 0 0 0 0
3 2505 3502 2515 3572 0 0 0 0 0 0 0
3 2000 2001 2542 3345 0 0 0 0 0 0 0
3 669 690 2541 3195 0 0 0 0 0 0 0
3 669 3195 2541 3737 0 0 0 0 0 0 0
3 668 3502 2505 3572 0 0 0 0 0 0 0
3 2509 2510 2515 3680 0 0 0 0 0 0 0
3 1553 3222 2463 3519 0 0 0 0 0 0 0
3 1503 2463 1534 2465 0 0 0 0 0 0 0
3 1502 1553 2463 3519 0 0 0 0 0 0 0
3 2463 2464 3033 3629 0 0 0 0 0 0 0
3 2242 2243 3751 3963 0 0 0 0 0 0 0
3 2463 3033 2468 3222 0 0 0 0 0 0 0
3 1097 2463 2473 3519 0 0 0 0 0 0 0
3 2475 3159 3157 3164 0 0 0 0 0 0 0
3 3157 3164 3159 3165 0 0 0 0 0 0 0
3 249 2610 2611 3164 0 0 0 0 0 0 0
3 254 2610 3164 3616 0 0 0 0 0 0 0
3 2456 2461 3159 3240 0 0 0 0 0 0 0
3 225 254 3164 3616 0 0 0 0 0 0 0
3 3164 3247 3165 3616 0 0 0 0 0 0 0
3 3165 3247 3412 3613 0 0 0 0 0 0 0
3 489 3165 658 3741 0 0 0 0 0 0 0
3 658 3165 3412 3613 0 0 0 0 0 0 0
3 161 2456 2457 2458 0 0 0 0 0 0 0
3 3165 3247 3244 3412 0 0 0 0 0 0 0
3 2610 2611 3164 3244 0 0 0 0 0 0 0
3 169 2406 228 3170 0 0 0 0 0 0 0
3 267 268 2406 3312 0 0 0 0 0 0 0
3 267 2406 3295 3312 0 0 0 0 0 0 0
3 169 2406 3170 3296 0 0 0 0 0 0 0
3 1915 2408 3466 3479 0 0 0 0 0 0 0
3 3170 3296 3297 3673 0 0 0 0 0 0 0
3 268 2416 2406 3312 0 0 0 0 0 0 0
3 2406 2416 2407 3312 0 0 0 0 0 0 0
3 755 802 3180 3515 0 0 0 0 0 0 0
3 755 3511 3052 3515 0 0 0 0 0 0 0
3 802 3099 3180 3515 0 0 0 0 0 0 0
3 754 2982 2888 3515 0 0 0 0 0 0 0
3 2321 3099 2888 3515 0 0 0 0 0 0 0
3 2322 2369 2745 3251 0 0 0 0 0 0 0
3 1273 1278 3549 3603 0 0 0 0 0 0 0
3 3549 3627 3626 3800 0 0 0 0 0 0 0
3 1686 2429 2428 2430 0 0 0 0 0 0 0
3 945 1681 1697 3681 1 432 0 0 0 0 0 0
3 2427 3432 2428 3624 0 0 0 0 0 0 0
3 2427 3655 3627 3657 0 0 0 0 0 0 0
3 1226 3627 3549 3657 0 0 0 0 0 0 0
3 2394 2696 3630 3931 0 0 0 0 0 0 0
3 1937 2481 2480 3518 0 0 0 0 0 0 0
3 2781 3587 3129 3930 0 0 0 0 0 0 0
3 1934 2235 2540 2695 0 0 0 0 0 0 0
3 1247 1942 2394 3931 0 0 0 0 0 0 0
3 2540 3476 2833 3678 0 0 0 0 0 0 0
3 3110 3153 3111 3712 0 0 0 0 0 0 0
3 847 2724 2163 2725 0 0 0 0 0 0 0
3 844 2723 2725 3526 0 0 0 0 0 0 0
3 790 844 2725 3526 0 0 0 0 0 0 0
3 2163 2724 2410 2725 0 0 0 0 0 0 0
3 785 790 2725 3248 0 0 0 0 0 0 0
3 785 2725 2163 3941 0 0 0 0 0 0 0
3 3050 3449 3450 3482 0 0 0 0 0 0 0
3 1838 1840 3482 3810 0 0 0 0 0 0 0
3 294 3079 3080 3768 0 0 0 0 0 0 0
3 501 1838 1837 3482 0 0 0 0 0 0 0
3 1837 3388 3450 3482 0 0 0 0 0 0 0
3 3062 3261 3450 3451 0 0 0 0 0 0 0
3 246 3080 2243 3768 0 0 0 0 0 0 0
3 501 1837 614 3482 0 0 0 0 0 0 0
3 643 2464 3432 3924 0 0 0 0 0 0 0
3 621 3432 2858 3624 0 0 0 0 0 0 0
3 2427 2471 3655 3657 0 0 0 0 0 0 0
3 2471 2858 3432 3624 0 0 0 0 0 0 0
3 596 643 3432 3924 0 0 0 0 0 0 0
3 595 3432 621 3624 0 0 0 0 0 0 0
3 2464 2466 2471 2985 0 0 0 0 0 0 0
3 2427 2471 3624 3655 0 0 0 0 0 0 0
3 295 3372 2054 3733 0 0 0 0 0 0 0
3 202 295 2054 3733 0 0 0 0 0 0 0
3 2054 3818 3775 3904 0 0 0 0 0 0 0
3 202 2054 263 3818 0 0 0 0 0 0 0
3 263 3818 2054 3904 0 0 0 0 0 0 0
3 2054 3459 3775 3956 0 0 0 0 0 0 0
3 2054 3818 3733 3956 0 0 0 0 0 0 0
3 2114 2116 2115 3527 0 0 0 0 0 0 0
3 2879 2977 2881 3916 0 0 0 0 0 0 0
3 757 2879 3114 3246 0 0 0 0 0 0 0
3 1080 2430 1685 3684 0 0 0 0 0 0 0
3 270 3414 3321 3903 0 0 0 0 0 0 0
3 329 3322 3333 3334 0 0 0 0 0 0 0
3 2254 2460 2873 3553 0 0 0 0 0 0 0
3 1220 3129 3128 3570 0 0 0 0 0 0 0
3 3003 3326 3586 3917 0 0 0 0 0 0 0
3 3003 3586 3302 3917 0 0 0 0 0 0 0
3 1780 2696 2780 2781 0 0 0 0 0 0 0
3 1582 3462 3461 3612 0 0 0 0 0 0 0
3 1830 2239 2638 2642 0 0 0 0 0 0 0
3 2428 3626 3627 3681 0 0 0 0 0 0 0
3 3626 3627 3681 3800 0 0 0 0 0 0 0
3 595 2428 3432 3624 0 0 0 0 0 0 0
3 2428 3626 2430 3627 0 0 0 0 0 0 0
3 2427 2428 2430 3627 0 0 0 0 0 0 0
3 1159 2430 3156 3549 0 0 0 0 0 0 0
